time,alt,pos_x_est,pos_y_est,vel_x_cmd,vel_y_cmd,target_visible,setpoint_x,raw_x,filtered_x,cmd_y
9.363011121749878,4.502000331878662,-100.69458342855395,-102.49494743527474,0.14002761720630524,-0.13352117684933598,1,320.0,,219.30541657144605,-0.13352117684933598
9.373507261276245,4.51800012588501,-100.73519744128038,-102.56862013504805,0.1406288675467085,-0.13407358965181407,1,320.0,,219.26480255871962,-0.13407358965181407
9.38308048248291,4.51800012588501,-100.7758114540068,-102.62369082020405,0.1412080708229967,-0.1346262055243558,1,320.0,,219.2241885459932,-0.1346262055243558
9.39459753036499,4.5410003662109375,-100.81642546673322,-102.70526447425146,0.14181948553022486,-0.1351790244669612,1,320.0,,219.18357453326678,-0.1351790244669612
9.403270721435547,4.5410003662109375,-100.85703947945964,-102.76033515940746,0.1423993720282091,-0.13573204647963022,1,320.0,226.0,219.14296052054036,-0.13573204647963022
9.413549423217773,4.556000232696533,-100.08342582574734,-102.1459644516284,0.1407879029185776,-0.133661675971433,1,320.0,226.0,219.91657417425267,-0.133661675971433
9.423116207122803,4.556000232696533,-100.1185650009642,-102.19641862317589,0.1413594300175505,-0.13420443580669802,1,320.0,226.0,219.8814349990358,-0.13420443580669802
9.433741092681885,4.576000213623047,-100.15370417618105,-102.26953830337746,0.14195852132530923,-0.13474737133783918,1,320.0,226.0,219.84629582381893,-0.13474737133783918
9.44377589225769,4.576000213623047,-100.1888433513979,-102.31999247492494,0.14253066629354086,-0.1352904825648564,1,320.0,226.0,219.8111566486021,-0.1352904825648564
9.453529119491577,4.587000370025635,-99.50726124565492,-101.65301410298602,0.1407691795743691,-0.1335270979399964,1,320.0,226.0,220.49273875434508,-0.1335270979399964
9.462997198104858,4.587000370025635,-99.53759034619112,-101.69857034872228,0.14133233992099625,-0.1340611808123708,1,320.0,226.0,220.4624096538089,-0.1340611808123708
9.473581075668335,4.600000381469727,-99.56791944672733,-101.75867695818143,0.14191326123713813,-0.13459541533024788,1,320.0,226.0,220.43208055327267,-0.13459541533024788
9.48385238647461,4.600000381469727,-99.59824854726354,-101.8042332039177,0.14247694989804124,-0.13512980149362766,1,320.0,225.0,220.40175145273645,-0.13512980149362766
9.493419885635376,4.6060004234313965,-99.10728233666656,-101.4303038744557,0.14167829716296573,-0.13398778480997678,1,320.0,225.0,220.89271766333343,-0.13398778480997678
9.503821611404419,4.6060004234313965,-99.13411679172737,-101.47300315666168,0.14223690131739622,-0.1345156567400084,1,320.0,225.0,220.86588320827263,-0.1345156567400084
9.513232469558716,4.611000061035156,-99.16095124678817,-101.5212606380592,0.14280241659826354,-0.1350436628423153,1,320.0,225.0,220.83904875321184,-0.1350436628423153
9.523692846298218,4.611000061035156,-99.18778570184898,-101.56395992026518,0.14336147553651202,-0.13557180311689754,1,320.0,,220.81221429815102,-0.13557180311689754
9.533631563186646,4.611999988555908,-99.21462015690979,-101.60776934425115,0.14392208569201648,-0.13610007756375506,1,320.0,,220.7853798430902,-0.13610007756375506
9.543104887008667,4.611999988555908,-99.2414546119706,-101.65046862645713,0.14448157717379592,-0.13662848618288786,1,320.0,,220.7585453880294,-0.13662848618288786
9.554280281066895,4.611000061035156,-99.2682890670314,-101.6920577668831,0.14503994443114152,-0.137157028974296,1,320.0,,220.7317109329686,-0.137157028974296
9.563279628753662,4.611000061035156,-99.29512352209221,-101.73475704908907,0.1455998573550341,-0.1376857059379794,1,320.0,222.0,220.7048764779078,-0.1376857059379794
9.574023246765137,4.6080002784729,-99.16515742181004,-101.69210206975231,0.14589270428440845,-0.13771123351907147,1,320.0,222.0,220.83484257818998,-0.13771123351907147
9.583730220794678,4.6080002784729,-99.19094408058525,-101.73425325993904,0.1464519569789322,-0.13823813223000467,1,320.0,222.0,220.80905591941473,-0.13823813223000467
9.593294143676758,4.600000381469727,-99.21673073936047,-101.76749277669778,0.14700068186292617,-0.1387651598742317,1,320.0,222.0,220.78326926063954,-0.1387651598742317
9.603707313537598,4.600000381469727,-99.24251739813569,-101.80964396688451,0.1475603115109847,-0.1392923164517527,1,320.0,,220.7574826018643,-0.1392923164517527
9.613125801086426,4.593000411987305,-99.2683040569109,-101.84397099120883,0.1481107237951299,-0.13981960196256749,1,320.0,,220.7316959430891,-0.13981960196256749
9.623695135116577,4.593000411987305,-99.29409071568612,-101.88612218139556,0.148670735834261,-0.14034701640667618,1,320.0,,220.70590928431386,-0.14034701640667618
9.63323450088501,4.581000328063965,-99.31987737446134,-101.91480271869494,0.14921472649261372,-0.14087455978407873,1,320.0,,220.68012262553867,-0.14087455978407873
9.644629001617432,4.581000328063965,-99.34566403323656,-101.95695390888167,0.1497750926903822,-0.1414022320947752,1,320.0,218.0,220.65433596676343,-0.1414022320947752
9.652995347976685,4.571000099182129,-99.71016162742129,-102.37916706276035,0.15157395866894285,-0.14301354804351393,1,320.0,218.0,220.2898383725787,-0.14301354804351393
9.663496255874634,4.571000099182129,-99.7381995129551,-102.42391930080906,0.15213978095110534,-0.14354588450371927,1,320.0,218.0,220.2618004870449,-0.14354588450371927
9.67304539680481,4.554000377655029,-99.76623739848893,-102.4493755370737,0.15268257531230833,-0.14407836115335232,1,320.0,218.0,220.23376260151107,-0.14407836115335232
9.684178590774536,4.554000377655029,-99.79427528402275,-102.49412777512242,0.1532487486368424,-0.14461097799241301,1,320.0,216.0,220.20572471597725,-0.14461097799241301
9.693669319152832,4.5410003662109375,-100.33964394607038,-103.07743399696658,0.1555649443018585,-0.14679618903273545,1,320.0,216.0,219.6603560539296,-0.14679618903273545
9.70321536064148,4.5410003662109375,-100.37111206635798,-103.12585570511135,0.15613867963015776,-0.14733580633741236,1,320.0,216.0,219.62888793364203,-0.14733580633741236
9.714147567749023,4.521000385284424,-100.40258018664558,-103.15124747106655,0.15668490598665935,-0.1478755809826907,1,320.0,216.0,219.5974198133544,-0.1478755809826907
9.723607301712036,4.521000385284424,-100.43404830693318,-103.19966917921133,0.15725901038232912,-0.1484155129685705,1,320.0,214.0,219.56595169306684,-0.1484155129685705
9.733205795288086,4.50700044631958,-101.12920905153022,-103.79891093551707,0.15962364034255083,-0.15107385527637035,1,320.0,214.0,218.8707909484698,-0.15107385527637035
9.743774890899658,4.50700044631958,-101.16507218304791,-103.8510877946551,0.16020550801248973,-0.1516227163951068,1,320.0,214.0,218.83492781695207,-0.1516227163951068
9.753352880477905,4.485000133514404,-101.2009353145656,-103.87752067158613,0.1607566150681649,-0.15217175682950088,1,320.0,214.0,218.79906468543442,-0.15217175682950088
9.763946771621704,4.485000133514404,-101.23679844608328,-103.92969753072416,0.16133887578678416,-0.1527209765795525,1,320.0,213.0,218.7632015539167,-0.1527209765795525
9.773876428604126,4.469000339508057,-101.94200391909926,-104.65792616755776,0.16411605955638126,-0.1554061222056694,1,320.0,213.0,218.05799608090075,-0.1554061222056694
9.783607721328735,4.469000339508057,-101.98229768074663,-104.71470309261099,0.16470776538190818,-0.15596438620804998,1,320.0,213.0,218.01770231925337,-0.15596438620804998
9.79318118095398,4.445000171661377,-102.02259144239399,-104.74288373456659,0.16526529657092773,-0.15652285167923877,1,320.0,213.0,217.977408557606,-0.15652285167923877
9.803640842437744,4.445000171661377,-102.06288520404135,-104.79966065961982,0.1658574271842897,-0.1570815186192358,1,320.0,210.0,217.93711479595865,-0.1570815186192358
9.813403129577637,4.429000377655029,-103.00463006082802,-105.63972721340895,0.16898787937949694,-0.16051730501416744,1,320.0,210.0,216.99536993917198,-0.16051730501416744
9.823887348175049,4.429000377655029,-103.05089272053033,-105.70181805077748,0.16959089747459305,-0.16108807466941286,1,320.0,210.0,216.94910727946967,-0.16108807466941286
9.834208726882935,4.404000282287598,-103.09715538023264,-105.73355161566053,0.170157645510531,-0.16165907563795678,1,320.0,210.0,216.90284461976736,-0.16165907563795678
9.844430923461914,4.404000282287598,-103.14341803993494,-105.79564245302905,0.17076113272763838,-0.1622303079197992,1,320.0,209.0,216.85658196006506,-0.1622303079197992
9.85316777229309,4.388000011444092,-104.06523314006363,-106.73194344206642,0.1741954274016814,-0.16559755225785594,1,320.0,209.0,215.93476685993636,-0.16559755225785594
9.863574743270874,4.388000011444092,-104.1172982666066,-106.79995785866825,0.1748110444908969,-0.16618061690104058,1,320.0,209.0,215.8827017333934,-0.16618061690104058
9.873892068862915,4.361999988555908,-104.16936339314957,-106.83577601834341,0.17538820516259881,-0.16676394186985785,1,320.0,209.0,215.83063660685042,-0.16676394186985785
9.884195327758789,4.361999988555908,-104.22142851969254,-106.90379043494524,0.17600434141469576,-0.16734752716430787,1,320.0,206.0,215.77857148030745,-0.16734752716430787
9.893825769424438,4.345000267028809,-105.34586734371206,-107.81257638975876,0.179350049078893,-0.17135840824330834,1,320.0,206.0,214.65413265628794,-0.17135840824330834
9.903403520584106,4.345000267028809,-105.40504855409989,-107.88631114514882,0.17997796234108682,-0.1719564509385442,1,320.0,206.0,214.5949514459001,-0.1719564509385442
9.91396427154541,4.320000171661377,-105.46422976448773,-107.92845401788252,0.18056817605845665,-0.17255478953983205,1,320.0,206.0,214.53577023551227,-0.17255478953983205
9.9240243434906,4.320000171661377,-105.52341097487556,-108.00218877327258,0.1811966687087911,-0.17315342404717182,1,320.0,204.0,214.47658902512444,-0.17315342404717182
9.933001041412354,4.302000045776367,-106.7159843547762,-108.99514753731852,0.18481191982273557,-0.17737803432299656,1,320.0,204.0,213.2840156452238,-0.17737803432299656
9.943565368652344,4.302000045776367,-106.78269870615793,-109.07514470890659,0.18545329215218576,-0.17799200503818544,1,320.0,204.0,213.21730129384207,-0.17799200503818544
9.953799724578857,4.277000427246094,-106.84941305753966,-109.12288925667337,0.18605620005578927,-0.17860630932513122,1,320.0,204.0,213.15058694246034,-0.17860630932513122
9.964075803756714,4.277000427246094,-106.9161274089214,-109.20288642826145,0.18669821109383627,-0.17922094718383388,1,320.0,201.0,213.0838725910786,-0.17922094718383388
9.973104238510132,4.260000228881836,-108.27514962283541,-110.37866562532112,0.19089425896717158,-0.18397469200116218,1,320.0,201.0,211.72485037716459,-0.18397469200116218
9.983899116516113,4.260000228881836,-108.3504691155922,-110.46610686193833,0.19155151898542191,-0.18460682773804826,1,320.0,201.0,211.6495308844078,-0.18460682773804826
9.994122982025146,4.234000205993652,-108.425788608349,-110.51930354698602,0.19216795152521407,-0.18523934007239817,1,320.0,201.0,211.574211391651,-0.18523934007239817
10.004093885421753,4.234000205993652,-108.50110810110579,-110.60674478360323,0.19282591473307276,-0.18587222900421183,1,320.0,200.0,211.49889189889421,-0.18587222900421183
10.013105154037476,4.2170000076293945,-109.79427142459512,-111.83583943620957,0.19719039571421693,-0.19041059287055376,1,320.0,200.0,210.20572857540486,-0.19041059287055376
10.023658275604248,4.2170000076293945,-109.87771623908868,-111.93104863349622,0.19786430199412838,-0.19106011522914146,1,320.0,200.0,210.12228376091133,-0.19106011522914146
10.03366231918335,4.192000389099121,-109.96116105358225,-111.99263529311796,0.19849816916214005,-0.19171005481180167,1,320.0,200.0,210.03883894641774,-0.19171005481180167
10.044272422790527,4.192000389099121,-110.0446058680758,-112.0878444904046,0.19917285942133606,-0.19236041161853432,1,320.0,197.0,209.9553941319242,-0.19236041161853432
10.053152084350586,4.175000190734863,-111.48894409887193,-113.36332053105176,0.2036838127545047,-0.1973805680939787,1,320.0,197.0,208.5110559011281,-0.1973805680939787
10.063849449157715,4.175000190734863,-111.58148726629214,-113.46657494661086,0.20437505092790872,-0.19804952733121442,1,320.0,197.0,208.41851273370787,-0.19804952733121442
10.073387384414673,4.150000095367432,-111.67403043371236,-113.53549682729546,0.2050254346688667,-0.19871894928428724,1,320.0,197.0,208.32596956628765,-0.19871894928428724
10.085251569747925,4.150000095367432,-111.76657360113258,-113.63875124285457,0.20571753372375184,-0.19938883395319718,1,320.0,195.0,208.23342639886744,-0.19938883395319718
10.093731164932251,4.134000301361084,-113.23965436050212,-114.85143576447676,0.21002139735675948,-0.20449737818665153,1,320.0,195.0,206.76034563949787,-0.20449737818665153
10.103182077407837,4.134000301361084,-113.34144635809037,-114.96227146346334,0.2107292115528607,-0.20518623581554787,1,320.0,195.0,206.65855364190963,-0.20518623581554787
10.113753318786621,4.110000133514404,-113.44323835567862,-115.03947057305302,0.2113970478372336,-0.20587560240443217,1,320.0,195.0,206.5567616443214,-0.20587560240443217
10.123346090316772,4.110000133514404,-113.54503035326687,-115.1503062720396,0.21210580220737765,-0.2065654779533044,1,320.0,195.0,206.45496964673313,-0.2065654779533044
10.134214401245117,4.093000411987305,-113.64682235085512,-115.23706824099897,0.21278610191133393,-0.20725586246216457,1,320.0,193.0,206.35317764914487,-0.20725586246216457
10.143699407577515,4.093000411987305,-115.16494155219969,-116.63865459352742,0.21765084669132692,-0.21250599666826014,1,320.0,193.0,204.8350584478003,-0.21250599666826014
10.153908014297485,4.069000244140625,-115.27624210464367,-116.72381207055231,0.21833665472410954,-0.2132159385417161,1,320.0,193.0,204.72375789535633,-0.2132159385417161
10.163537740707397,4.069000244140625,-115.38754265708765,-116.84331326248552,0.2190642727207418,-0.21392643691793434,1,320.0,190.0,204.61245734291236,-0.21392643691793434
10.173114776611328,4.052999973297119,-117.00195356995746,-118.12557761323853,0.22358527076767695,-0.2194801379827777,1,320.0,190.0,202.99804643004254,-0.2194801379827777
10.183915615081787,4.052999973297119,-117.12335878307327,-118.25305098163163,0.22432950406465682,-0.22021144103243206,1,320.0,190.0,202.8766412169267,-0.22021144103243206
10.193554639816284,4.03000020980835,-117.24476399618908,-118.34693893946596,0.22503390430875536,-0.22094335110815197,1,320.0,190.0,202.75523600381092,-0.22094335110815197
10.203526258468628,4.03000020980835,-117.36616920930489,-118.47441230785905,0.22577924441236635,-0.22167586820993745,1,320.0,188.0,202.63383079069513,-0.22167586820993745
10.21358346939087,4.014000415802002,-118.98750561105042,-119.89443898225261,0.23074264919997306,-0.22724771849542513,1,320.0,188.0,201.01249438894956,-0.22724771849542513
10.223090410232544,4.014000415802002,-119.11901518775069,-120.03077868592378,0.23150641073780806,-0.2280011250634042,1,320.0,188.0,200.88098481224932,-0.2280011250634042
10.233566999435425,3.991000175476074,-119.25052476445096,-120.13284704642807,0.23222955700564535,-0.22875518917926674,1,320.0,188.0,200.74947523554903,-0.22875518917926674
10.2442045211792,3.991000175476074,-119.38203434115123,-120.26918675009924,0.23299451058380125,-0.22950991084301287,1,320.0,185.0,200.6179656588488,-0.22950991084301287
10.253880023956299,3.9750001430511475,-121.109613572487,-121.70876288713042,0.23801830399972707,-0.2354205150015123,1,320.0,185.0,198.890386427513,-0.2354205150015123
10.263359069824219,3.9750001430511475,-121.25189635256406,-121.8540617849251,0.2388019329860053,-0.23619751381936754,1,320.0,185.0,198.74810364743593,-0.23619751381936754
10.273960828781128,3.953000068664551,-121.39417913264111,-121.96591273921933,0.2395459836948545,-0.23697522405112323,1,320.0,185.0,198.6058208673589,-0.23697522405112323
10.284058570861816,3.953000068664551,-121.53646191271817,-122.11121163701401,0.24033089843039318,-0.2377536456967793,1,320.0,183.0,198.46353808728185,-0.2377536456967793
10.293693542480469,3.937000274658203,-123.25518319150929,-123.66821322045668,0.24573138846713838,-0.24363048645858668,1,320.0,183.0,196.74481680849073,-0.24363048645858668
10.30312728881836,3.937000274658203,-123.40812630262401,-123.8232246084864,0.24653651825581646,-0.24443105882343746,1,320.0,183.0,196.591873697376,-0.24443105882343746
10.314008235931396,3.9150002002716064,-123.56106941373874,-123.94410964584185,0.24730130084887225,-0.24523239590384383,1,320.0,183.0,196.43893058626128,-0.24523239590384383
10.32389760017395,3.9150002002716064,-123.71401252485346,-124.09912103387157,0.24810781011967725,-0.24603449769980576,1,320.0,183.0,196.28598747514656,-0.24603449769980576
10.333480596542358,3.9000000953674316,-123.86695563596818,-124.23063417842725,0.2488867790640362,-0.2468373642113233,1,320.0,180.0,196.13304436403183,-0.2468373642113233
10.343883037567139,3.9000000953674316,-125.6990935013825,-125.83106398268062,0.25437365951827395,-0.25307668727596255,1,320.0,180.0,194.3009064986175,-0.25307668727596255
10.353894472122192,3.878000259399414,-125.86341081969267,-125.96105950930617,0.25515945944777113,-0.25390318511203325,1,320.0,180.0,194.13658918030734,-0.25390318511203325
10.363561391830444,3.878000259399414,-126.02772813800284,-126.12586159523327,0.25598785125885987,-0.2547305045346954,1,320.0,178.0,193.97227186199717,-0.2547305045346954
10.373926162719727,3.8630001544952393,-127.8089240115216,-127.67956423856815,0.2613646826356612,-0.26079595924243004,1,320.0,178.0,192.19107598847842,-0.26079595924243004
10.383527755737305,3.8630001544952393,-127.98420457996329,-127.85394629244063,0.26221321083177035,-0.2616462169474599,1,320.0,178.0,192.0157954200367,-0.2616462169474599
10.393221616744995,3.8420002460479736,-128.15948514840497,-127.99444373261542,0.2630217799786432,-0.2624973510553319,1,320.0,178.0,191.84051485159503,-0.2624973510553319
10.403937578201294,3.8420002460479736,-128.33476571684665,-128.1688257864879,0.2638718825722226,-0.26334936156604616,1,320.0,178.0,191.66523428315335,-0.26334936156604616
10.413607597351074,3.827000141143799,-128.51004628528833,-128.31876665654295,0.2646934054495714,-0.2642022484796026,1,320.0,174.0,191.48995371471167,-0.2642022484796026
10.423170566558838,3.827000141143799,-130.49526915994412,-129.90900326342953,0.27013573115845596,-0.2709243574176423,1,320.0,174.0,189.50473084005588,-0.2709243574176423
10.433804035186768,3.806000232696533,-130.68284094552797,-130.05844518190332,0.270965353686534,-0.2718028577650706,1,320.0,174.0,189.31715905447203,-0.2718028577650706
10.443404912948608,3.806000232696533,-130.87041273111183,-130.24244222499016,0.2718373623493632,-0.2726822959714268,1,320.0,174.0,189.12958726888817,-0.2726822959714268
10.453874349594116,3.7920002937316895,-131.05798451669568,-130.4031805242103,0.2726822642110484,-0.27356267203671086,1,320.0,172.0,188.94201548330432,-0.27356267203671086
10.463387727737427,3.7920002937316895,-132.99180675909625,-131.98272862005234,0.27808320669718023,-0.28010887566236525,1,320.0,172.0,187.00819324090375,-0.28010887566236525
10.474007844924927,3.7700002193450928,-133.19124740435004,-132.13929667762878,0.2789317848496601,-0.28101416067369156,1,320.0,172.0,186.80875259564996,-0.28101416067369156
10.484034538269043,3.7700002193450928,-133.39068804960382,-132.332778957809,0.2798256274806654,-0.28192044288824414,1,320.0,172.0,186.60931195039618,-0.28192044288824414
10.493772983551025,3.756000280380249,-133.5901286948576,-132.5025353826608,0.28069184786740087,-0.28282772230602293,1,320.0,170.0,186.4098713051424,-0.28282772230602293
10.503234386444092,3.756000280380249,-135.4752788748968,-134.0704370728532,0.28604858195276917,-0.2892074562186003,1,320.0,170.0,184.5247211251032,-0.2892074562186003
10.513199806213379,3.7350001335144043,-135.68618677782442,-134.23733140578045,0.28692004180931074,-0.2901389766360026,1,320.0,170.0,184.31381322217558,-0.2901389766360026
10.524008989334106,3.7350001335144043,-135.89709468075205,-134.44016335219993,0.2878356409617751,-0.2910715515929195,1,320.0,170.0,184.10290531924795,-0.2910715515929195
10.533461570739746,3.7210001945495605,-136.10800258367968,-134.61880168372795,0.2887231009680274,-0.29200518108935103,1,320.0,167.0,183.89199741632032,-0.29200518108935103
10.543857336044312,3.7210001945495605,-138.0492275546383,-136.27652185009683,0.29436539056230693,-0.29855910976004424,1,320.0,167.0,181.9507724453617,-0.29855910976004424
10.553347110748291,3.700000286102295,-138.27191616612518,-136.452610048113,0.2952589594501669,-0.29951769567465913,1,320.0,167.0,181.72808383387482,-0.29951769567465913
10.564311265945435,3.700000286102295,-138.49460477761207,-136.66534747048377,0.2961975710943643,-0.30047739503233145,1,320.0,167.0,181.50539522238793,-0.30047739503233145
10.573418855667114,3.686000108718872,-138.71729338909896,-136.85340912927376,0.29710751213055864,-0.3014382078330612,1,320.0,165.0,181.28270661090104,-0.3014382078330612
10.58405089378357,3.686000108718872,-140.60391277303006,-138.48732685206429,0.30266583534348535,-0.30780658794278815,1,320.0,165.0,179.39608722696994,-0.30780658794278815
10.593680381774902,3.6650002002716064,-140.8379394421341,-138.67236560739966,0.30358124367792483,-0.3087916096429237,1,320.0,165.0,179.1620605578659,-0.3087916096429237
10.603352069854736,3.6650002002716064,-141.0719661112381,-138.89478698080814,0.304542623260919,-0.30977780147640466,1,320.0,165.0,178.9280338887619,-0.30977780147640466
10.613790273666382,3.6510002613067627,-141.30599278034214,-139.0920367499917,0.3054747831676893,-0.31076516344323124,1,320.0,162.0,178.69400721965786,-0.31076516344323124
10.623502492904663,3.6510002613067627,-143.2425727572899,-140.70208278216612,0.31094917572445585,-0.31728838574644996,1,320.0,162.0,176.7574272427101,-0.31728838574644996
10.63450288772583,3.631000280380249,-143.48820980461758,-140.89765511572438,0.3118883508003044,-0.3183005912522663,1,320.0,162.0,176.51179019538242,-0.3183005912522663
10.6445152759552,3.631000280380249,-143.73384685194526,-141.12953924548034,0.31287225945223895,-0.31931402494331923,1,320.0,159.0,176.26615314805474,-0.31931402494331923
10.653772592544556,3.617000102996826,-145.697173307516,-142.68198217779957,0.31820504455665594,-0.3259155265722769,1,320.0,159.0,174.302826692484,-0.3259155265722769
10.663364887237549,3.617000102996826,-145.95453376822948,-142.92305445313804,0.3192089465593278,-0.32695413179397426,1,320.0,159.0,174.04546623177052,-0.32695413179397426
10.67389702796936,3.5960001945495605,-146.21189422894295,-143.1252322896385,0.3201671861245765,-0.32799402381797516,1,320.0,159.0,173.78810577105705,-0.32799402381797516
10.68480920791626,3.5960001945495605,-146.46925468965642,-143.36630456497696,0.32117330437780756,-0.3290352026442796,1,320.0,159.0,173.53074531034358,-0.3290352026442796
10.692988872528076,3.582000255584717,-146.7266151503699,-143.5811820090225,0.32214906322070735,-0.3300776682728876,1,320.0,157.0,173.2733848496301,-0.3300776682728876
10.703734397888184,3.582000255584717,-148.6441142467428,-145.24943472651407,0.32780279003121476,-0.3365250050039008,1,320.0,157.0,171.3558857532572,-0.3365250050039008
10.713884830474854,3.562000274658203,-148.91281843160334,-145.46246361584497,0.32878573701649105,-0.3375920141178915,1,320.0,157.0,171.08718156839666,-0.3375920141178915
10.724412679672241,3.562000274658203,-149.1815226164639,-145.71328781243636,0.32981529249146296,-0.3386603667528065,1,320.0,157.0,170.8184773835361,-0.3386603667528065
10.73316216468811,3.5480000972747803,-149.45022680132445,-145.93738942443053,0.33081390137297806,-0.3397300629086457,1,320.0,154.0,170.54977319867555,-0.3397300629086457
10.743794441223145,3.5480000972747803,-151.40452709423047,-147.67207839414525,0.3366771994918689,-0.3462892948182292,1,320.0,154.0,168.59547290576953,-0.3462892948182292
10.753722667694092,3.5270001888275146,-151.68475477549978,-147.89254710011443,0.33768122467453243,-0.34738399180962987,1,320.0,154.0,168.31524522450022,-0.34738399180962987
10.764544486999512,3.5270001888275146,-151.9649824567691,-148.15351566658336,0.33873515453262815,-0.34848008993943685,1,320.0,154.0,168.0350175432309,-0.34848008993943685
10.773420572280884,3.513000249862671,-152.2452101380384,-148.3872024911122,0.33975751473451826,-0.34957758920765025,1,320.0,152.0,167.7547898619616,-0.34957758920765025
10.784304857254028,3.513000249862671,-154.1278779605306,-149.9756570519261,0.34513743446294926,-0.3558955100559089,1,320.0,152.0,165.8721220394694,-0.3558955100559089
10.793193578720093,3.4930002689361572,-154.41906590870482,-150.2063336477301,0.3461652780461527,-0.3570170309232615,1,320.0,152.0,165.58093409129518,-0.3570170309232615
10.804089784622192,3.4930002689361572,-154.71025385687904,-150.47638186743302,0.3472417178191334,-0.3581400077303549,1,320.0,152.0,165.28974614312096,-0.3581400077303549
10.81339144706726,3.4800002574920654,-155.00144180505325,-150.7205841103836,0.34828836343122604,-0.3592644404771893,1,320.0,149.0,164.99855819494675,-0.3592644404771893
10.824049234390259,3.4800002574920654,-156.91800457268465,-152.2761057879457,0.3535552497247404,-0.36568555090978894,1,320.0,149.0,163.08199542731535,-0.36568555090978894
10.833990097045898,3.4640002250671387,-157.2203146711541,-152.52286059558017,0.35461396979687965,-0.36683442460130805,1,320.0,149.0,162.7796853288459,-0.36683442460130805
10.844345808029175,3.4640002250671387,-157.52262476962358,-152.80170508112144,0.35571259170493474,-0.3679848098433195,1,320.0,149.0,162.47737523037642,-0.3679848098433195
10.853954076766968,3.454000234603882,-157.82493486809304,-153.06033527290526,0.35678824961143984,-0.3691367066358234,1,320.0,147.0,162.17506513190696,-0.3691367066358234
10.863311767578125,3.454000234603882,-159.66748329201795,-154.48213372110894,0.3616141117873025,-0.3753093014907679,1,320.0,147.0,160.33251670798205,-0.3753093014907679
10.874085187911987,3.442000150680542,-159.98033738825333,-154.7443825694933,0.36270253231821126,-0.3764846280931916,1,320.0,147.0,160.01966261174667,-0.3764846280931916
10.884622573852539,3.442000150680542,-160.29319148448872,-155.03105136626593,0.3638216901311697,-0.3776615189660965,1,320.0,147.0,159.70680851551128,-0.3776615189660965
10.894038677215576,3.436000108718872,-160.6060455807241,-155.3054431006072,0.3649274874278823,-0.3788399741094826,1,320.0,146.0,159.3939544192759,-0.3788399741094826
10.903414249420166,3.436000108718872,-162.27727436778758,-156.70557426517706,0.3696787824595723,-0.384447617448499,1,320.0,146.0,157.72272563221242,-0.384447617448499
10.913932800292969,3.4280002117156982,-162.59943107209864,-156.98342921216351,0.37079712554201694,-0.3856472026490328,1,320.0,146.0,157.40056892790136,-0.3856472026490328
10.924061298370361,3.4280002117156982,-162.9215877764097,-157.2777233748124,0.37193666715406964,-0.38684839863308806,1,320.0,146.0,157.0784122235903,-0.38684839863308806
10.93420934677124,3.4240002632141113,-163.24374448072075,-157.56376771087514,0.3730677391958993,-0.38805120540066496,1,320.0,145.0,156.75625551927925,-0.38805120540066496
10.943616151809692,3.4240002632141113,-164.75739344881887,-158.73940206737112,0.3770835506396665,-0.3931401569067506,1,320.0,145.0,155.24260655118113,-0.3931401569067506
10.953706741333008,3.4190001487731934,-165.087712772387,-159.0293929425598,0.37822668665460574,-0.39436197865889433,1,320.0,145.0,154.912287227613,-0.39436197865889433
10.963457107543945,3.4190001487731934,-165.4180320959551,-159.3297249492275,0.3793837336873531,-0.3955854520076558,1,320.0,145.0,154.5819679040449,-0.3955854520076558
10.973824262619019,3.4160001277923584,-165.74835141952323,-159.62383713069983,0.3805347874907734,-0.3968105769530351,1,320.0,,154.25164858047677,-0.3968105769530351
10.984609603881836,3.4160001277923584,-166.07867074309135,-159.92416913736753,0.3816948067444615,-0.39803735349503233,1,320.0,,153.92132925690865,-0.39803735349503233
10.994067430496216,3.4140002727508545,-166.40899006665947,-160.22034855263962,0.38285132378555115,-0.3992657816336474,1,320.0,,153.59100993334053,-0.3992657816336474
11.00359559059143,3.4140002727508545,-166.7393093902276,-160.52068055930732,0.38401432559634896,-0.40049586136888027,1,320.0,,153.2606906097724,-0.40049586136888027
11.01306939125061,3.4120001792907715,-167.0696287137957,-160.8168543712347,0.38517381844251797,-0.401727592700731,1,320.0,144.0,152.9303712862043,-0.401727592700731
11.023615837097168,3.4120001792907715,-168.38962979458893,-161.82845076511788,0.38865578377406396,-0.40618352434486704,1,320.0,144.0,151.61037020541107,-0.40618352434486704
11.032853841781616,3.4110002517700195,-168.72671572548444,-162.13156502857404,0.38983017871535425,-0.4074316610405691,1,320.0,144.0,151.27328427451556,-0.4074316610405691
11.043572187423706,3.4110002517700195,-169.06380165637995,-162.43676005992526,0.39100859655327536,-0.40868148316592556,1,320.0,144.0,150.93619834362005,-0.40868148316592556
11.053101062774658,3.4110002517700195,-169.40088758727546,-162.74195509127648,0.3921885403663532,-0.4099329907209366,1,320.0,143.0,150.59911241272454,-0.4099329907209366
11.063415288925171,3.4110002517700195,-170.56856697893997,-163.64731271801628,0.3953221146535557,-0.41388779364270717,1,320.0,143.0,149.43143302106003,-0.41388779364270717
11.073044776916504,3.4110002517700195,-170.91132205922506,-163.95660411127258,0.39651304734601966,-0.41515365634934537,1,320.0,143.0,149.08867794077494,-0.41515365634934537
11.084867477416992,3.4110002517700195,-171.25407713951014,-164.26589550452888,0.3977055264954499,-0.41642123283138505,1,320.0,143.0,148.74592286048986,-0.41642123283138505
11.09346342086792,3.4110002517700195,-171.59683221979523,-164.5751868977852,0.39889955210184636,-0.41769052308882615,1,320.0,143.0,148.40316778020477,-0.41769052308882615
11.103856325149536,3.4110002517700195,-172.52321226441362,-165.1715468658063,0.401028128961399,-0.4208583731674094,1,320.0,143.0,147.47678773558638,-0.4208583731674094
11.11340594291687,3.4110002517700195,-172.8699459379111,-165.4827952162746,0.40222904095804235,-0.42213880330529596,1,320.0,143.0,147.1300540620889,-0.42213880330529596
11.123996496200562,3.4120001792907715,-173.21667961140858,-165.79612433463797,0.40343401652175154,-0.42342096711155,1,320.0,143.0,146.78332038859142,-0.42342096711155
11.134127140045166,3.4120001792907715,-173.56341328490606,-166.10737268510627,0.40463805140573905,-0.4247048645861715,1,320.0,142.0,146.43658671509394,-0.4247048645861715
11.144062280654907,3.4120001792907715,-174.38453395304055,-166.53918665316894,0.4062352903643993,-0.42753150420340325,1,320.0,142.0,145.61546604695945,-0.42753150420340325
11.153770208358765,3.4120001792907715,-174.73449886702372,-166.8512562245163,0.4074440301311388,-0.4288251345945182,1,320.0,142.0,145.26550113297628,-0.4288251345945182
11.16329288482666,3.4130001068115234,-175.0844637810069,-167.16540528455982,0.4086568360296138,-0.430120514810203,1,320.0,142.0,144.9155362189931,-0.430120514810203
11.173881769180298,3.4130001068115234,-175.43442869499006,-167.4774748559072,0.40986870688951016,-0.4314176448504578,1,320.0,142.0,144.56557130500994,-0.4314176448504578
11.183378458023071,3.4130001068115234,-176.0563511252612,-167.76405473474713,0.4109993629075973,-0.43359967915056175,1,320.0,142.0,143.9436488747388,-0.43359967915056175
11.193832874298096,3.4140002727508545,-176.40816752467154,-168.078029478438,0.4122165227474185,-0.4349038996674775,1,320.0,142.0,143.59183247532846,-0.4349038996674775
11.203425884246826,3.4140002727508545,-176.7599839240819,-168.3899255160847,0.413432747620175,-0.4362098792663903,1,320.0,142.0,143.2400160759181,-0.4362098792663903
11.213447093963623,3.4140002727508545,-177.11180032349225,-168.7018215537314,0.4146505319731197,-0.43751761794730026,1,320.0,142.0,142.88819967650775,-0.43751761794730026
11.223894596099854,3.4150002002716064,-177.55707258953333,-168.86188683622652,0.41537265373770854,-0.43913055871672213,1,320.0,142.0,142.44292741046667,-0.43913055871672213
11.233561038970947,3.4150002002716064,-177.90952508456778,-169.1727353205113,0.4165915355954528,-0.4404430493361863,1,320.0,142.0,142.09047491543222,-0.4404430493361863
11.243999004364014,3.4160001277923584,-178.26197757960222,-169.4856594626613,0.41781447286334616,-0.44175730221812565,1,320.0,142.0,141.73802242039778,-0.44175730221812565
11.253948450088501,3.4160001277923584,-178.61443007463666,-169.79650794694606,0.4190364735842226,-0.4430733173625402,1,320.0,142.0,141.38556992536334,-0.4430733173625402
11.263484716415405,3.4160001277923584,-178.9026409050668,-169.84040016643218,0.4193932617150252,-0.444182511748592,1,320.0,142.0,141.0973590949332,-0.444182511748592
11.274240732192993,3.4160001277923584,-179.25465616071793,-170.14943170227224,0.4206148467165447,-0.44550120333617693,1,320.0,142.0,140.74534383928207,-0.44550120333617693
11.284040927886963,3.4170000553131104,-179.60667141636907,-170.46053762148725,0.4218404765077101,-0.4468216550000401,1,320.0,142.0,140.39332858363093,-0.4468216550000401
11.294029235839844,3.4170000553131104,-179.9586866720202,-170.7695691573273,0.42306516219650486,-0.4481438667401816,1,320.0,142.0,140.0413133279798,-0.4481438667401816
11.303511381149292,3.4180002212524414,-180.10701588435052,-170.50620115746347,0.4224285111067745,-0.4488064464509206,1,320.0,142.0,139.89298411564948,-0.4488064464509206
11.313021898269653,3.4180002212524414,-180.45764463859004,-170.8113222249846,0.4236487129989247,-0.4501294891792009,1,320.0,142.0,139.54235536140996,-0.4501294891792009
11.32366132736206,3.4190001487731934,-180.80827339282956,-171.11851513011598,0.424872937060733,-0.4514542850512525,1,320.0,142.0,139.19172660717044,-0.4514542850512525
11.333877563476562,3.4190001487731934,-181.15890214706909,-171.4236361976371,0.4260962005227465,-0.4527808340670753,1,320.0,142.0,138.84109785293091,-0.4527808340670753
11.343366384506226,3.4200000762939453,-181.18254319600652,-171.09172015357373,0.4252478987900393,-0.4530472008568234,1,320.0,142.0,138.81745680399348,-0.4530472008568234
11.3539719581604,3.4200000762939453,-181.5309455662962,-171.39248968415953,0.4264657846751631,-0.4543729384290025,1,320.0,142.0,138.4690544337038,-0.4543729384290025
11.363342523574829,3.4200000762939453,-181.87934793658587,-171.69325921474532,0.4276851744079398,-0.45570041801303307,1,320.0,142.0,138.12065206341413,-0.45570041801303307
11.373979568481445,3.4200000762939453,-182.22775030687555,-171.99402874533112,0.4289060679883694,-0.457029639608915,1,320.0,,137.77224969312445,-0.457029639608915
11.383538007736206,3.4210002422332764,-182.57615267716523,-172.29686806599184,0.43013095951349223,-0.4583606032166484,1,320.0,,137.42384732283477,-0.4583606032166484
11.393152952194214,3.4210002422332764,-182.9245550474549,-172.59763759657764,0.43135487113817805,-0.4596933088362333,1,320.0,,137.0754449525451,-0.4596933088362333
11.403762102127075,3.4220001697540283,-183.27295741774458,-172.9004751550558,0.43258277858412714,-0.4610277564676697,1,320.0,,136.72704258225542,-0.4610277564676697
11.414442777633667,3.4220001697540283,-183.62135978803425,-173.2012446856416,0.4338097082442583,-0.4623639461109575,1,320.0,143.0,136.37864021196575,-0.4623639461109575
11.423760652542114,3.4220001697540283,-183.2237626953336,-172.60682148292375,0.43213433901735343,-0.46128202425286097,1,320.0,143.0,136.7762373046664,-0.46128202425286097
11.43329930305481,3.4220001697540283,-183.56709531842216,-172.9015073618727,0.4333524696089015,-0.4626118588771594,1,320.0,143.0,136.43290468157784,-0.4626118588771594
11.443890810012817,3.4230000972747803,-183.91042794151073,-173.1982600012436,0.4345745640761528,-0.4639434101645732,1,320.0,143.0,136.08957205848927,-0.4639434101645732
11.453424215316772,3.4230000972747803,-184.2537605645993,-173.49294588019254,0.43579565186029245,-0.4652766781151025,1,320.0,143.0,135.7462394354007,-0.4652766781151025
11.463741779327393,3.4240002632141113,-183.79327337989153,-172.65549123671016,0.4333452128096744,-0.4640068183167036,1,320.0,143.0,136.20672662010847,-0.4640068183167036
11.47325348854065,3.4240002632141113,-184.13115186450128,-172.94248121254367,0.43455431318673743,-0.4653329282575578,1,320.0,143.0,135.86884813549872,-0.4653329282575578
11.484387874603271,3.4250001907348633,-184.46903034911102,-173.23153541705003,0.43576733590923034,-0.46666072759083504,1,320.0,143.0,135.53096965088898,-0.46666072759083504
11.49347710609436,3.4250001907348633,-184.80690883372077,-173.51852539288353,0.4369793165071949,-0.46799021631653537,1,320.0,143.0,135.19309116627923,-0.46799021631653537
11.503920078277588,3.4250001907348633,-184.2918328851693,-172.5756540447829,0.43420981035653694,-0.46655909054432754,1,320.0,143.0,135.7081671148307,-0.46655909054432754
11.513299703598022,3.4250001907348633,-184.62392972378447,-172.85430755793922,0.4354084661101142,-0.4678807263992847,1,320.0,143.0,135.37607027621553,-0.4678807263992847
11.52387523651123,3.4260001182556152,-184.95602656239964,-173.1350240357886,0.4366110010037124,-0.46920402273843487,1,320.0,143.0,135.04397343760036,-0.46920402273843487
11.533210277557373,3.4260001182556152,-185.28812340101481,-173.41367754894492,0.43781245360724474,-0.4705289795617782,1,320.0,144.0,134.71187659898519,-0.4705289795617782
11.543640851974487,3.4260001182556152,-184.6176323851816,-172.38085110662507,0.4347695740328368,-0.4686098646358841,1,320.0,144.0,135.3823676148184,-0.4686098646358841
11.553135871887207,3.4260001182556152,-184.94293717756736,-172.65061997945085,0.435956549780125,-0.4699249450726349,1,320.0,144.0,135.05706282243264,-0.4699249450726349
11.563613653182983,3.427000045776367,-185.26824196995312,-172.92245055415052,0.43714735872253535,-0.47124165203334756,1,320.0,144.0,134.73175803004688,-0.47124165203334756
11.574051141738892,3.427000045776367,-185.5935467623389,-173.1922194269763,0.4383370424670611,-0.47255998551802214,1,320.0,145.0,134.4064532376611,-0.47255998551802214
11.58361005783081,3.427000045776367,-184.78709743385093,-172.08102402537605,0.4350579949896968,-0.47021654044855016,1,320.0,145.0,135.21290256614907,-0.47021654044855016
11.593131065368652,3.427000045776367,-185.1047367550285,-172.34143950448328,0.43623220076214786,-0.47152323131773843,1,320.0,145.0,134.8952632449715,-0.47152323131773843
11.603585720062256,3.427000045776367,-185.4223760762061,-172.6018549835905,0.4374077086119945,-0.47283151038353255,1,320.0,145.0,134.5776239237939,-0.47283151038353255
11.613470077514648,3.427000045776367,-185.74001539738367,-172.86227046269772,0.43858451853923663,-0.47414137764593256,1,320.0,146.0,134.25998460261633,-0.47414137764593256
11.623856544494629,3.4280002117156982,-184.81441510310142,-171.5790359590145,0.4347615309093572,-0.47142837250331415,1,320.0,146.0,135.18558489689858,-0.47142837250331415
11.633305549621582,3.4280002117156982,-185.12363323472903,-171.82898143343755,0.4359206103858321,-0.4727250524274409,1,320.0,146.0,134.87636676527097,-0.4727250524274409
11.643768072128296,3.4280002117156982,-185.43285136635663,-172.0789269078606,0.437080939589679,-0.4740232784422258,1,320.0,146.0,134.56714863364337,-0.4740232784422258
11.653286457061768,3.4280002117156982,-185.74206949798423,-172.32887238228363,0.43824251852089807,-0.4753230505476689,1,320.0,147.0,134.25793050201577,-0.4753230505476689
11.663724899291992,3.4280002117156982,-184.7120200968112,-171.10094197819885,0.43462047131691195,-0.47228826110142774,1,320.0,147.0,135.2879799031888,-0.47228826110142774
11.673328876495361,3.4280002117156982,-185.01216392755438,-171.34087400119196,0.4357650941145097,-0.47357349451795727,1,320.0,147.0,134.98783607244562,-0.47357349451795727
11.684267282485962,3.4280002117156982,-185.31230775829758,-171.58080602418508,0.4369109165722223,-0.4748602286536407,1,320.0,147.0,134.68769224170242,-0.4748602286536407
11.694006443023682,3.4280002117156982,-185.61245158904077,-171.8207380471782,0.43805793869005,-0.4761484635084777,1,320.0,148.0,134.38754841095923,-0.4761484635084777
11.704203367233276,3.4280002117156982,-184.4909529409444,-170.54083264246137,0.4342840095836562,-0.47283406270784706,1,320.0,148.0,135.5090470590556,-0.47283406270784706
11.7137131690979,3.4280002117156982,-184.78145991439553,-170.77046217617468,0.43541341733499306,-0.47410657837556036,1,320.0,148.0,135.21854008560447,-0.47410657837556036
11.723872184753418,3.42900013923645,-185.07196688784666,-171.00215088929917,0.4365464545451889,-0.475380546578141,1,320.0,148.0,134.92803311215334,-0.475380546578141
11.734018564224243,3.42900013923645,-185.3624738612978,-171.23178042301248,0.43767816888775996,-0.4766559673155888,1,320.0,149.0,134.6375261387022,-0.4766559673155888
11.743498802185059,3.42900013923645,-184.1611263204098,-169.8034445443224,0.4334395845830983,-0.47309955692012845,1,320.0,149.0,135.8388736795902,-0.47309955692012845
11.753934621810913,3.42900013923645,-184.44151463060095,-170.0218287497925,0.43455175477341135,-0.47435823046551084,1,320.0,149.0,135.55848536939905,-0.47435823046551084
11.763202428817749,3.42900013923645,-184.7219029407921,-170.2402129552626,0.43566501688475184,-0.4756183059524442,1,320.0,149.0,135.2780970592079,-0.4756183059524442
11.773683071136475,3.42900013923645,-185.00229125098323,-170.4585971607327,0.43677937091711966,-0.4768797833809285,1,320.0,150.0,134.99770874901677,-0.4768797833809285
11.783124446868896,3.42900013923645,-183.73152474107468,-168.89978621118794,0.43213469333712734,-0.47311516570992607,1,320.0,150.0,136.26847525892532,-0.47311516570992607
11.793493747711182,3.42900013923645,-184.00138519965643,-169.1061084054194,0.43322781051223225,-0.4743590051862224,1,320.0,150.0,135.99861480034357,-0.4743590051862224
11.80504584312439,3.42900013923645,-184.27124565823817,-169.31243059965087,0.4343219592983082,-0.4756041939648118,1,320.0,150.0,135.72875434176183,-0.4756041939648118
11.813212871551514,3.42900013923645,-184.54110611681992,-169.51875279388233,0.43541713969535534,-0.47685073204569395,1,320.0,152.0,135.45889388318008,-0.47685073204569395
11.82396125793457,3.42900013923645,-183.10736326429858,-167.94860134392235,0.4307529750093131,-0.4725745313900233,1,320.0,152.0,136.89263673570142,-0.4725745313900233
11.833745956420898,3.42900013923645,-183.36565290271713,-168.1428577849778,0.4318267970275045,-0.4738013072206392,1,320.0,152.0,136.63434709728287,-0.4738013072206392
11.843249082565308,3.42900013923645,-183.62394254113568,-168.33711422603324,0.4329015903279012,-0.47502937449944704,1,320.0,152.0,136.37605745886432,-0.47502937449944704
11.853736639022827,3.42900013923645,-183.88223217955422,-168.53137066708868,0.43397735491050315,-0.4762587332264471,1,320.0,153.0,136.11776782044578,-0.4762587332264471
11.863176107406616,3.42900013923645,-182.4075074185063,-166.85105143968923,0.4289727628444021,-0.4718672956676037,1,320.0,153.0,137.5924925814937,-0.4718672956676037
11.873874425888062,3.42900013923645,-182.65401770564924,-167.03256633324327,0.43002574354833323,-0.47307637810070347,1,320.0,153.0,137.34598229435076,-0.47307637810070347
11.88334059715271,3.42900013923645,-182.90052799279218,-167.2140812267973,0.43107963182673203,-0.47428669308523896,1,320.0,153.0,137.09947200720782,-0.47428669308523896
11.894042491912842,3.42900013923645,-183.14703827993512,-167.39559612035134,0.43213442767959864,-0.4754982406212102,1,320.0,155.0,136.85296172006488,-0.4754982406212102
11.903417587280273,3.430000066757202,-181.5358703651241,-165.7236973414176,0.4271704043192972,-0.47068165225120134,1,320.0,155.0,138.4641296348759,-0.47068165225120134
11.913844347000122,3.430000066757202,-181.7697444315202,-165.89259102393066,0.4282025396934326,-0.47187114985303424,1,320.0,155.0,138.2302555684798,-0.47187114985303424
11.923210859298706,3.430000066757202,-182.00361849791628,-166.06148470644374,0.42923551953598044,-0.47306181682519916,1,320.0,155.0,137.99638150208372,-0.47306181682519916
11.934109687805176,3.430000066757202,-182.23749256431236,-166.2303783889568,0.43026934384694093,-0.4742536531676961,1,320.0,155.0,137.76250743568764,-0.4742536531676961
11.94396424293518,3.430000066757202,-180.71092104614044,-164.4630918714752,0.425016898011897,-0.46973018519555815,1,320.0,155.0,139.28907895385956,-0.46973018519555815
11.953389883041382,3.430000066757202,-180.9328113233513,-164.61880549574352,0.4260268483884977,-0.47090111758482794,1,320.0,155.0,139.0671886766487,-0.47090111758482794
11.963060140609741,3.430000066757202,-181.15470160056216,-164.77451912001183,0.4270375773332198,-0.4720731594254838,1,320.0,155.0,138.84529839943784,-0.4720731594254838
11.973533153533936,3.430000066757202,-181.37659187777302,-164.93023274428015,0.4280490848460631,-0.47324631071752565,1,320.0,158.0,138.62340812222698,-0.47324631071752565
11.983309268951416,3.430000066757202,-179.62345583888364,-163.18415876770243,0.42288309898563015,-0.4680043714253367,1,320.0,158.0,140.37654416111636,-0.4680043714253367
11.993768692016602,3.430000066757202,-179.83189180501213,-163.3269169990295,0.4238710434482178,-0.469153654043716,1,320.0,158.0,140.16810819498787,-0.469153654043716
12.003346920013428,3.430000066757202,-180.04032777114062,-163.46967523035656,0.4248597017019621,-0.4703039788419259,1,320.0,158.0,139.95967222885938,-0.4703039788419259
12.01401424407959,3.430000066757202,-180.24876373726912,-163.61243346168362,0.425849073746863,-0.4714553458199664,1,320.0,158.0,139.75123626273088,-0.4714553458199664
12.02369213104248,3.430000066757202,-178.6001869650702,-161.7871069753494,0.4204426814924274,-0.4665722722631539,1,320.0,158.0,141.3998130349298,-0.4665722722631539
12.033370971679688,3.430000066757202,-178.7959636566487,-161.9164487533241,0.4214074738697636,-0.4677011841113313,1,320.0,158.0,141.2040363433513,-0.4677011841113313
12.043388366699219,3.430000066757202,-178.99174034822718,-162.0457905312988,0.4223729129559898,-0.4688310748429666,1,320.0,158.0,141.00825965177282,-0.4688310748429666
12.053924798965454,3.430000066757202,-179.18751703980567,-162.1751323092735,0.4233389987511058,-0.46996194445805983,1,320.0,161.0,140.81248296019433,-0.46996194445805983
12.063387393951416,3.430000066757202,-177.3318085178105,-160.38352735864444,0.41805982421614607,-0.4644234435164122,1,320.0,161.0,142.6681914821895,-0.4644234435164122
12.073867559432983,3.430000066757202,-177.5135908435295,-160.49976524918247,0.41900180851103763,-0.46552915026149266,1,320.0,161.0,142.4864091564705,-0.46552915026149266
12.083801507949829,3.431000232696533,-177.6953731692485,-160.61806029182736,0.4199468528636706,-0.46663576591820166,1,320.0,161.0,142.3046268307515,-0.46663576591820166
12.093971729278564,3.431000232696533,-177.87715549496752,-160.7342981823654,0.4208900098232281,-0.46774329048653934,1,320.0,162.0,142.12284450503248,-0.46774329048653934
12.103605270385742,3.431000232696533,-176.04129648363983,-158.8752312595175,0.41540854114893067,-0.46228880628517904,1,320.0,162.0,143.95870351636017,-0.46228880628517904
12.11347246170044,3.431000232696533,-176.20930660979155,-158.97798593497828,0.41632673668915854,-0.4633714649696101,1,320.0,162.0,143.79069339020845,-0.4633714649696101
12.123956680297852,3.431000232696533,-176.37731673594328,-159.08074061043905,0.4172454460027636,-0.4644549637046719,1,320.0,162.0,143.62268326405672,-0.4644549637046719
12.134174585342407,3.431000232696533,-176.545326862095,-159.18349528589982,0.41816466908974603,-0.4655393024903644,1,320.0,164.0,143.454673137905,-0.4655393024903644
12.144177913665771,3.431000232696533,-174.62984490892043,-157.36866998083443,0.4128446411073074,-0.45984484201106346,1,320.0,164.0,145.37015509107957,-0.45984484201106346
12.153923511505127,3.431000232696533,-174.7836249305387,-157.458327719741,0.41373952203259395,-0.46090329616165804,1,320.0,164.0,145.2163750694613,-0.46090329616165804
12.163132429122925,3.431000232696533,-174.93740495215698,-157.54798545864756,0.41463485124657506,-0.46196251921236076,1,320.0,164.0,145.06259504784302,-0.46196251921236076
12.17399287223816,3.431000232696533,-175.09118497377526,-157.63764319755413,0.41553062874925073,-0.4630225111631716,1,320.0,166.0,144.90881502622474,-0.4630225111631716
12.183447360992432,3.431000232696533,-173.10778803637047,-155.7651995325527,0.4100400082889226,-0.4571265364331641,1,320.0,166.0,146.89221196362953,-0.4571265364331641
12.193032026290894,3.431000232696533,-173.24696326683772,-155.84144889125932,0.4109107147638269,-0.45815978152605896,1,320.0,166.0,146.75303673316228,-0.45815978152605896
12.203555583953857,3.431000232696533,-173.38613849730498,-155.91769824996592,0.4117818024855246,-0.45919372249510626,1,320.0,166.0,146.61386150269502,-0.45919372249510626
12.213218927383423,3.431000232696533,-173.52531372777224,-155.99394760867253,0.41265327145401587,-0.4602283593403058,1,320.0,166.0,146.47468627222776,-0.4602283593403058
12.223419189453125,3.431000232696533,-171.68725263946902,-154.1745394158884,0.4073525865073515,-0.4548255246344787,1,320.0,166.0,148.31274736053098,-0.4548255246344787
12.233181238174438,3.431000232696533,-171.8129092110594,-154.237827881887,0.4081997218059593,-0.4558353770664424,1,320.0,166.0,148.1870907889406,-0.4558353770664424
12.243873834609985,3.430000066757202,-171.9385657826498,-154.29905919577874,0.40904469467860827,-0.4568458577812641,1,320.0,166.0,148.0614342173502,-0.4568458577812641
12.25342869758606,3.430000066757202,-172.06422235424017,-154.36234766177733,0.4098924525761155,-0.4578569667789437,1,320.0,169.0,147.93577764575983,-0.4578569667789437
12.263121366500854,3.430000066757202,-170.05792532216978,-152.4934798197865,0.4044473041625661,-0.45192472190221805,1,320.0,169.0,149.94207467783022,-0.45192472190221805
12.273714303970337,3.430000066757202,-170.168998633544,-152.54355170444424,0.4052701081826776,-0.4529088548690348,1,320.0,169.0,149.831001366456,-0.4529088548690348
12.282933950424194,3.430000066757202,-170.2800719449182,-152.59362358910198,0.4060931625622124,-0.45389354320240843,1,320.0,169.0,149.7199280550818,-0.45389354320240843
12.293474674224854,3.430000066757202,-170.39114525629242,-152.64369547375972,0.4069164673011705,-0.45487878690233896,1,320.0,170.0,149.60885474370758,-0.45487878690233896
12.303059577941895,3.430000066757202,-168.4392710975695,-150.83514251652394,0.4016846829900954,-0.44914357006838707,1,320.0,170.0,151.5607289024305,-0.44914357006838707
12.313400268554688,3.430000066757202,-168.53622719494714,-150.87249541293176,0.4024838689428495,-0.450102598521215,1,320.0,170.0,151.46377280505286,-0.450102598521215
12.32397723197937,3.430000066757202,-168.6331832923248,-150.90984830933957,0.40328324166008556,-0.4510621117545298,1,320.0,170.0,151.3668167076752,-0.4510621117545298
12.334431409835815,3.430000066757202,-168.73013938970243,-150.94720120574738,0.4040828011418036,-0.45202210976833146,1,320.0,172.0,151.26986061029757,-0.45202210976833146
12.343404769897461,3.430000066757202,-166.73057811324597,-149.09587772969545,0.3987278125880882,-0.44615055472515863,1,320.0,172.0,153.26942188675403,-0.44615055472515863
12.353801488876343,3.430000066757202,-166.81318176261698,-149.12030102686626,0.3995027220498275,-0.4470837450132169,1,320.0,172.0,153.18681823738302,-0.4470837450132169
12.363080263137817,3.430000066757202,-166.895785411988,-149.14472432403707,0.4002777536280526,-0.448017348319522,1,320.0,172.0,153.104214588012,-0.448017348319522
12.373668670654297,3.430000066757202,-166.978389061359,-149.16914762120788,0.40105290732276366,-0.44895136464407404,1,320.0,172.0,153.021610938641,-0.44895136464407404
12.38357925415039,3.42900013923645,-167.06099271073,-149.19151299831313,0.40182570334028145,-0.4498857939868729,1,320.0,174.0,152.93900728927,-0.4498857939868729
12.393126487731934,3.42900013923645,-164.96470846974734,-147.2584023432799,0.39622197934277525,-0.44372018780737166,1,320.0,174.0,155.03529153025266,-0.44372018780737166
12.403540849685669,3.42900013923645,-165.0323958236761,-147.26942469637342,0.39697155328996936,-0.4446265746112045,1,320.0,174.0,154.9676041763239,-0.4446265746112045
12.413191318511963,3.42900013923645,-165.10008317760486,-147.28044704946694,0.39772118234892895,-0.445533299851807,1,320.0,174.0,154.89991682239514,-0.445533299851807
12.423415660858154,3.42900013923645,-163.24366046720004,-145.47713886913317,0.3925581260003743,-0.44016986136249403,1,320.0,174.0,156.75633953279996,-0.44016986136249403
12.434180736541748,3.42900013923645,-163.29817465599825,-145.47573964813836,0.39328382563342124,-0.4410517692623319,1,320.0,174.0,156.70182534400175,-0.4410517692623319
12.443994045257568,3.42900013923645,-163.35268884479646,-145.47434042714355,0.3940095182703631,-0.44193394973311373,1,320.0,174.0,156.64731115520354,-0.44193394973311373
12.454073190689087,3.42900013923645,-163.40720303359467,-145.47294120614873,0.3947352039112001,-0.4428164027748396,1,320.0,174.0,156.59279696640533,-0.4428164027748396
12.463943719863892,3.4280002117156982,-163.46171722239288,-145.46948280574273,0.39545840124474163,-0.4436991283875094,1,320.0,177.0,156.53828277760712,-0.4436991283875094
12.47355318069458,3.4280002117156982,-161.4063069573786,-143.591230400887,0.39006721585846504,-0.43770567793580495,1,320.0,177.0,158.5936930426214,-0.43770567793580495
12.483874559402466,3.4280002117156982,-161.44637451394857,-143.57698038438403,0.3907680007405834,-0.4385609908762586,1,320.0,177.0,158.55362548605143,-0.4385609908762586
12.493391036987305,3.4280002117156982,-161.48644207051854,-143.56273036788104,0.3914687143726192,-0.4394165041544952,1,320.0,178.0,158.51355792948146,-0.4394165041544952
12.503834962844849,3.4280002117156982,-159.56906446119163,-141.71075004035535,0.3861795662199644,-0.43389223564997226,1,320.0,178.0,160.43093553880837,-0.43389223564997226
12.513249397277832,3.4280002117156982,-159.5957278154428,-141.68391560548628,0.3868557844761489,-0.4347222103141508,1,320.0,178.0,160.4042721845572,-0.4347222103141508
12.523829936981201,3.427000045776367,-159.622391169694,-141.65502023927084,0.38752938513788676,-0.4355523182951007,1,320.0,178.0,160.377608830306,-0.4355523182951007
12.533777952194214,3.427000045776367,-159.64905452394518,-141.62818580440177,0.38820532474506586,-0.4363825595928219,1,320.0,180.0,160.35094547605482,-0.4363825595928219
12.54303789138794,3.427000045776367,-157.70052121941154,-139.8560386643905,0.3831909044278363,-0.4307732200744656,1,320.0,180.0,162.29947878058846,-0.4307732200744656
12.55346393585205,3.427000045776367,-157.713652566466,-139.81724714971295,0.38384344084597183,-0.4315775459537633,1,320.0,180.0,162.286347433534,-0.4315775459537633
12.563748121261597,3.427000045776367,-157.72678391352048,-139.7784556350354,0.384495783306534,-0.4323819374897963,1,320.0,180.0,162.27321608647952,-0.4323819374897963
12.57368278503418,3.427000045776367,-157.73991526057495,-139.73966412035787,0.3851479318095227,-0.4331863946825645,1,320.0,180.0,162.26008473942505,-0.4331863946825645
12.584171056747437,3.427000045776367,-157.75304660762941,-139.70087260568033,0.38579988635493806,-0.433990917532068,1,320.0,181.0,162.24695339237059,-0.433990917532068
12.593610525131226,3.427000045776367,-155.8358414408389,-137.86742954846088,0.38060038479236136,-0.4285018580998138,1,320.0,181.0,164.1641585591611,-0.4285018580998138
12.603889465332031,3.427000045776367,-155.83574747976235,-137.8163423436445,0.3812281618582999,-0.4292809240839207,1,320.0,181.0,164.16425252023765,-0.4292809240839207
12.613343954086304,3.427000045776367,-155.8356535186858,-137.7652551388281,0.3818556834882144,-0.43005998959822234,1,320.0,182.0,164.1643464813142,-0.43005998959822234
12.623652458190918,3.427000045776367,-154.04662724240663,-136.05927692922813,0.3770870570453741,-0.42500611055195414,1,320.0,182.0,165.95337275759337,-0.42500611055195414
12.633273124694824,3.427000045776367,-154.03427567916026,-135.99685056115854,0.37769212965649634,-0.4257614600544543,1,320.0,182.0,165.96572432083974,-0.4257614600544543
12.643537521362305,3.4260001182556152,-154.0219241159139,-135.93236249121506,0.37829440578502027,-0.4265167477991383,1,320.0,182.0,165.9780758840861,-0.4265167477991383
12.653849601745605,3.4260001182556152,-154.00957255266752,-135.86993612314546,0.37889884382395245,-0.4272719737860059,1,320.0,182.0,165.99042744733248,-0.4272719737860059
12.663101434707642,3.4260001182556152,-153.99722098942115,-135.80750975507587,0.37950296973104436,-0.4280271380150574,1,320.0,183.0,166.00277901057885,-0.4280271380150574
12.673476696014404,3.4260001182556152,-152.2385224109065,-134.14808813510697,0.3748993896018219,-0.4230878486015398,1,320.0,183.0,167.7614775890935,-0.4230878486015398
12.683145523071289,3.4260001182556152,-152.21420403522228,-134.07471838495093,0.3754817194935594,-0.4238197375708948,1,320.0,183.0,167.78579596477772,-0.4238197375708948
12.69382095336914,3.4260001182556152,-152.18988565953805,-134.00134863479488,0.3760636825365461,-0.4245515049483714,1,320.0,185.0,167.81011434046195,-0.4245515049483714
12.704279899597168,3.4260001182556152,-150.4441757078678,-132.35203722060655,0.37150620258820466,-0.4196697688543709,1,320.0,185.0,169.5558242921322,-0.4196697688543709
12.713775157928467,3.4260001182556152,-150.40806031541513,-132.26786724899245,0.3720665379585127,-0.4203784706850048,1,320.0,185.0,169.59193968458487,-0.4203784706850048
12.723934650421143,3.4260001182556152,-150.37194492296246,-132.18369727737834,0.37262645247896264,-0.4210869919386764,1,320.0,185.0,169.62805507703754,-0.4210869919386764
12.73419976234436,3.4260001182556152,-150.33582953050978,-132.09952730576424,0.3731859461495546,-0.4217953326153857,1,320.0,185.0,169.66417046949022,-0.4217953326153857
12.744736433029175,3.4260001182556152,-150.2997141380571,-132.01535733415014,0.37374501897028833,-0.42250349271513277,1,320.0,186.0,169.7002858619429,-0.42250349271513277
12.75308895111084,3.4260001182556152,-148.5911650294822,-130.4176159310427,0.3693676851821924,-0.4177574124995814,1,320.0,186.0,171.4088349705178,-0.4177574124995814
12.763842582702637,3.4240002632141113,-148.5435870466615,-130.31894499211592,0.3699008747804408,-0.41844303685542994,1,320.0,186.0,171.4564129533385,-0.41844303685542994
12.774133682250977,3.4240002632141113,-148.49600906384077,-130.22440124655506,0.3704385442920005,-0.41912842332136424,1,320.0,186.0,171.50399093615923,-0.41912842332136424
12.783175230026245,3.4220001697540283,-148.44843108102006,-130.12572475411883,0.3709707611248477,-0.41981357189738455,1,320.0,188.0,171.55156891897994,-0.41981357189738455
12.793700456619263,3.4220001697540283,-146.71708957772765,-128.61135627185226,0.36687780708165285,-0.4150081934435237,1,320.0,188.0,173.28291042227235,-0.4150081934435237
12.803071022033691,3.4180002212524414,-146.65797374791427,-128.49880307525805,0.3673852372611161,-0.4156705443164872,1,320.0,188.0,173.34202625208573,-0.4156705443164872
12.81407356262207,3.4180002212524414,-146.5988579181009,-128.39453010087774,0.3679020823423641,-0.41633259961030167,1,320.0,188.0,173.4011420818991,-0.41633259961030167
12.823379516601562,3.4130001068115234,-146.5397420882875,-128.27987784147254,0.3684058990202852,-0.4169943593249671,1,320.0,189.0,173.4602579117125,-0.4169943593249671
12.834120273590088,3.4130001068115234,-144.89306093624884,-126.84312450417828,0.36457716312853133,-0.41247964521495184,1,320.0,189.0,175.10693906375116,-0.41247964521495184
12.84330677986145,3.4040000438690186,-144.8230678996613,-126.71095899403136,0.3650521193113252,-0.41311976891054514,1,320.0,189.0,175.1769321003387,-0.41311976891054514
12.853964567184448,3.4040000438690186,-144.75307486307378,-126.59755652795266,0.3655490241346705,-0.41375954264095544,1,320.0,189.0,175.24692513692622,-0.41375954264095544
12.863621473312378,3.3970000743865967,-144.68308182648624,-126.46948861615941,0.36602769008359937,-0.4143989664061828,1,320.0,189.0,175.31691817351376,-0.4143989664061828
12.873278141021729,3.3970000743865967,-143.21759830004834,-125.20711522819188,0.3627773998075473,-0.41048832517240386,1,320.0,189.0,176.78240169995166,-0.41048832517240386
12.88461184501648,3.385000228881836,-143.13804476681563,-125.06055250606677,0.3632268273035275,-0.4111085511563587,1,320.0,189.0,176.86195523318437,-0.4111085511563587
12.894521236419678,3.385000228881836,-143.0584912335829,-124.93927844736596,0.36370599482532334,-0.4117283793726473,1,320.0,189.0,176.9415087664171,-0.4117283793726473
12.903700828552246,3.376000165939331,-142.9789377003502,-124.798913663949,0.3641615516535427,-0.41234780982126984,1,320.0,189.0,177.0210622996498,-0.41234780982126984
12.913468360900879,3.376000165939331,-141.67948632950964,-123.5941246283622,0.3611068908302314,-0.40898968133204106,1,320.0,189.0,178.32051367049036,-0.40898968133204106
12.923043489456177,3.3610000610351562,-141.59157551535736,-123.43337118528231,0.36153115355446186,-0.4095921462326352,1,320.0,189.0,178.40842448464264,-0.4095921462326352
12.934984922409058,3.3610000610351562,-141.50366470120508,-123.30467417790234,0.36199324051649545,-0.41019417157915844,1,320.0,189.0,178.49633529879492,-0.41019417157915844
12.943114757537842,3.3500001430511475,-141.4157538870528,-123.15227785827946,0.3624261263222394,-0.410795757371611,1,320.0,190.0,178.5842461129472,-0.410795757371611
12.953704357147217,3.3500001430511475,-140.16675735036418,-122.00152376096048,0.3595546380257346,-0.40761146460807085,1,320.0,190.0,179.83324264963582,-0.40761146460807085
12.963213682174683,3.3330001831054688,-140.07089210052436,-121.8288751803549,0.35995660410490965,-0.4081967807687657,1,320.0,190.0,179.92910789947564,-0.4081967807687657
12.974491596221924,3.3330001831054688,-139.97502685068454,-121.69317620297984,0.36040223121307446,-0.40878161760321136,1,320.0,190.0,180.02497314931546,-0.40878161760321136
12.983237743377686,3.320000171661377,-139.87916160084472,-121.52895330545083,0.3608128085025669,-0.40936597511140776,1,320.0,190.0,180.12083839915528,-0.40936597511140776
12.99400782585144,3.320000171661377,-138.77957332925124,-120.53057076394725,0.3584443024142302,-0.4066773844524667,1,320.0,190.0,181.22042667074876,-0.4066773844524667
13.003472805023193,3.302000045776367,-138.67683147074584,-120.34907688215355,0.35882825514048855,-0.40724747837961395,1,320.0,190.0,181.32316852925416,-0.40724747837961395
13.015167236328125,3.302000045776367,-138.57408961224044,-120.20746757180397,0.35925936130592806,-0.4078170585974687,1,320.0,190.0,181.42591038775956,-0.4078170585974687
13.02397108078003,3.2880001068115234,-138.47134775373505,-120.03451992947682,0.3596519967347829,-0.4083861251060309,1,320.0,190.0,181.52865224626495,-0.4083861251060309
13.033456802368164,3.2880001068115234,-137.50870395962428,-119.17548201585151,0.35774239425218,-0.4061510157049178,1,320.0,190.0,182.49129604037572,-0.4061510157049178
13.043061017990112,3.2680001258850098,-137.40007049989228,-118.98369830738946,0.3581071722935624,-0.4067076559057389,1,320.0,190.0,182.59992950010772,-0.4067076559057389
13.053757667541504,3.2680001258850098,-137.29143704016028,-118.83717354905211,0.3585255284513028,-0.40726375293926126,1,320.0,190.0,182.70856295983972,-0.40726375293926126
13.064103603363037,3.254000186920166,-137.18280358042827,-118.65861948979021,0.35890455667763754,-0.407819306805485,1,320.0,190.0,182.81719641957173,-0.407819306805485
13.073631763458252,3.254000186920166,-136.34563255417513,-117.92694068653071,0.35741334202532205,-0.40599885770460753,1,320.0,190.0,183.65436744582487,-0.40599885770460753
13.08384394645691,3.2330000400543213,-136.2320071876693,-117.72781477687103,0.3577630300076148,-0.4065436673007389,1,320.0,190.0,183.7679928123307,-0.4065436673007389
13.09385371208191,3.2330000400543213,-136.11838182116347,-117.57728056922755,0.35817027536128876,-0.40708790877003775,1,320.0,190.0,183.88161817883653,-0.40708790877003775
13.103686332702637,3.2190001010894775,-136.00475645465764,-117.39398161857794,0.3585372865286022,-0.40763158211250405,1,320.0,189.0,183.99524354534236,-0.40763158211250405
13.113158226013184,3.2190001010894775,-135.38384486127987,-116.77861943803524,0.3574271757687252,-0.4065205547077358,1,320.0,189.0,184.61615513872013,-0.4065205547077358
13.124110460281372,3.198000192642212,-135.26674331905065,-116.57518667658893,0.3577659323883725,-0.40705636657365596,1,320.0,189.0,184.73325668094935,-0.40705636657365596
13.13445258140564,3.198000192642212,-135.14964177682143,-116.42146723814407,0.35816357639842944,-0.407591592931865,1,320.0,189.0,184.85035822317857,-0.407591592931865
13.144482135772705,3.183000087738037,-135.0325402345922,-116.23181500299619,0.35851715279126695,-0.40812623378236285,1,320.0,189.0,184.9674597654078,-0.40812623378236285
13.153892278671265,3.183000087738037,-134.50692706173754,-115.72258471955742,0.3577537871655203,-0.4073281649732391,1,320.0,189.0,185.49307293826246,-0.4073281649732391
13.163907289505005,3.1610002517700195,-134.3870259607183,-115.51307850946453,0.3580799451059562,-0.4078562187818196,1,320.0,189.0,185.6129740392817,-0.4078562187818196
13.173694849014282,3.1610002517700195,-134.26712485969904,-115.35692273032228,0.3584693427846371,-0.408383673084895,1,320.0,189.0,185.73287514030096,-0.408383673084895
13.182976722717285,3.1470000743865967,-134.1472237586798,-115.16640680887674,0.35881655571294685,-0.4089105278824653,1,320.0,189.0,185.8527762413202,-0.4089105278824653
13.193361759185791,3.1470000743865967,-133.70864901279555,-114.85516246589542,0.35869846088858764,-0.40839755690262636,1,320.0,189.0,186.29135098720445,-0.40839755690262636
13.203282594680786,3.124000072479248,-133.58656383001016,-114.6407910149677,0.3590144191025493,-0.408918987502434,1,320.0,189.0,186.41343616998984,-0.408918987502434
13.214121341705322,3.124000072479248,-133.46447864722478,-114.48357231107508,0.35939817451943346,-0.40943980767632765,1,320.0,189.0,186.53552135277522,-0.40943980767632765
13.223355293273926,3.1100001335144043,-133.3423934644394,-114.29112880380688,0.3597386979547307,-0.40996001742430743,1,320.0,188.0,186.6576065355606,-0.40996001742430743
13.234692096710205,3.1100001335144043,-133.08443845761542,-114.05812509926679,0.359873549182015,-0.4100365076160573,1,320.0,188.0,186.91556154238458,-0.4100365076160573
13.243233919143677,3.1100001335144043,-132.96142198818887,-113.90038694553161,0.36025376533226044,-0.41055369496268646,1,320.0,188.0,187.03857801181113,-0.41055369496268646
13.256347179412842,3.0870001316070557,-132.83840551876233,-113.68404769084745,0.36056257846509365,-0.4110702672269684,1,320.0,188.0,187.16159448123767,-0.4110702672269684
13.263503074645996,3.0870001316070557,-132.71538904933578,-113.52630953711228,0.36094092422829704,-0.41158622440890325,1,320.0,188.0,187.28461095066422,-0.41158622440890325
13.274091720581055,3.073000192642212,-132.51998945266783,-113.32814429742884,0.3612609158185557,-0.411865492448156,1,320.0,188.0,187.48001054733217,-0.411865492448156
13.283605337142944,3.0500001907348633,-132.39647680860125,-113.11027142406883,0.361565019727644,-0.4123792596593191,1,320.0,188.0,187.60352319139875,-0.4123792596593191
13.293406009674072,3.0500001907348633,-132.27296416453467,-112.95250376752163,0.361940461058625,-0.4128924093072619,1,320.0,188.0,187.72703583546533,-0.4128924093072619
13.303922653198242,3.0360002517700195,-132.1494515204681,-112.75767981282672,0.36227046071205526,-0.4134049413919843,1,320.0,188.0,187.8505484795319,-0.4134049413919843
13.313350677490234,3.0360002517700195,-132.0108217069624,-112.76102622834324,0.3631696319145307,-0.41386754945600823,1,320.0,188.0,187.9891782930376,-0.41386754945600823
13.323800802230835,3.013000249862671,-131.88720542866812,-112.54269507876081,0.36347034801042566,-0.4143786459491984,1,320.0,188.0,188.11279457133188,-0.4143786459491984
13.333364009857178,3.013000249862671,-131.76358915037386,-112.386031923456,0.3638442823836772,-0.4148891243609972,1,320.0,188.0,188.23641084962614,-0.4148891243609972
13.343566179275513,3.013000249862671,-131.6399728720796,-112.22936876815119,0.36421743344115215,-0.41539898469140435,1,320.0,187.0,188.3600271279204,-0.41539898469140435
13.353093385696411,2.999000072479248,-131.6538913874699,-112.24294393698285,0.36522301306490107,-0.41635650599360624,1,320.0,187.0,188.3461086125301,-0.41635650599360624
13.36349368095398,2.999000072479248,-131.5312180383012,-112.08770863263966,0.3655968890438909,-0.4168666252605834,1,320.0,187.0,188.4687819616988,-0.4168666252605834
13.374330520629883,2.9760000705718994,-131.4085446891325,-111.86918079366787,0.3658872894099825,-0.41736857547552964,1,320.0,187.0,188.5914553108675,-0.41736857547552964
13.384086608886719,2.9620001316070557,-131.2858713399638,-111.67491104418384,0.3662019311860164,-0.4178653246986451,1,320.0,186.0,188.7141286600362,-0.4178653246986451
13.393475532531738,2.9620001316070557,-131.43761253406805,-111.87087277126489,0.36770819942421373,-0.41925656700521907,1,320.0,186.0,188.56238746593195,-0.41925656700521907
13.403810024261475,2.940000057220459,-131.3168206893691,-111.65591077273767,0.3679917762092014,-0.4197485033907088,1,320.0,186.0,188.6831793106309,-0.4197485033907088
13.413374423980713,2.940000057220459,-131.19602884467017,-111.50308342672098,0.3683491733645516,-0.42023985393573443,1,320.0,186.0,188.80397115532983,-0.42023985393573443
13.423308610916138,2.940000057220459,-131.07523699997122,-111.35025608070428,0.36870582930725176,-0.42073061864029604,1,320.0,185.0,188.92476300002878,-0.42073061864029604
13.433918952941895,2.9250001907348633,-131.35119438224018,-111.53217282604653,0.37023778142953984,-0.4225100355664596,1,320.0,185.0,188.64880561775982,-0.4225100355664596
13.444054365158081,2.9250001907348633,-131.2331230054807,-111.3819351580064,0.37059352184395056,-0.42299990938138887,1,320.0,185.0,188.7668769945193,-0.42299990938138887
13.453844785690308,2.9040000438690186,-131.11505162872123,-111.17080471957621,0.37086933836049196,-0.42348233138940994,1,320.0,185.0,188.88494837127877,-0.42348233138940994
13.46429967880249,2.9040000438690186,-130.99698025196176,-111.02056705153608,0.37121751107018497,-0.42396419137766467,1,320.0,184.0,189.00301974803824,-0.42396419137766467
13.473828792572021,2.889000177383423,-131.38458555231676,-111.42886037857008,0.37347335031108453,-0.42609005784182796,1,320.0,184.0,188.61541444768324,-0.42609005784182796
13.483495950698853,2.889000177383423,-131.26998176335798,-111.28275492521631,0.37382355662654365,-0.42657245584216763,1,320.0,184.0,188.73001823664202,-0.42657245584216763
13.494340896606445,2.868000030517578,-131.1553779743992,-111.07413324132537,0.37409192681658576,-0.42704742692056386,1,320.0,184.0,188.8446220256008,-0.42704742692056386
13.504170417785645,2.868000030517578,-131.0407741854404,-110.9280277879716,0.37443463417079426,-0.4275218627992569,1,320.0,184.0,188.9592258145596,-0.4275218627992569
13.513763189315796,2.8530001640319824,-131.42736094200342,-111.33777939611855,0.3766787752687608,-0.4296257101235321,1,320.0,184.0,188.57263905799658,-0.4296257101235321
13.523235321044922,2.8530001640319824,-131.31619417275442,-111.19579616562972,0.3770235099635106,-0.43010063232378876,1,320.0,184.0,188.68380582724558,-0.43010063232378876
13.534371137619019,2.8320000171661377,-131.20502740350543,-110.989607443422,0.3772844159037154,-0.4305681512318287,1,320.0,184.0,188.79497259649457,-0.4305681512318287
13.544470310211182,2.8320000171661377,-131.09386063425643,-110.84762421293317,0.37762171815078105,-0.43103516099606076,1,320.0,183.0,188.90613936574357,-0.43103516099606076
13.553996801376343,2.818000078201294,-131.57952240590126,-111.36143867221021,0.3801829071601094,-0.4334439101088292,1,320.0,183.0,188.42047759409874,-0.4334439101088292
13.56346869468689,2.818000078201294,-131.47244872342472,-111.22425035471358,0.38052379541872033,-0.4339129639950086,1,320.0,183.0,188.52755127657528,-0.4339129639950086
13.57416558265686,2.7970001697540283,-131.36537504094818,-111.0211484519518,0.38077883569194226,-0.4343746345791577,1,320.0,183.0,188.63462495905182,-0.4343746345791577
13.584388256072998,2.7970001697540283,-131.25830135847164,-110.88396013445517,0.3811123559489079,-0.43483582413474287,1,320.0,181.0,188.74169864152836,-0.43483582413474287
13.593857288360596,2.7830002307891846,-131.93347902965144,-111.4876801452731,0.3839498230005869,-0.43784362290589385,1,320.0,181.0,188.06652097034856,-0.43784362290589385
13.603212356567383,2.7830002307891846,-131.83177032053104,-111.35587864991021,0.38428803009948276,-0.43830921264721645,1,320.0,181.0,188.16822967946896,-0.43830921264721645
13.613774538040161,2.76200008392334,-131.73006161141063,-111.15638483782195,0.384538281423509,-0.4387674331453083,1,320.0,181.0,188.26993838858937,-0.4387674331453083
13.623174667358398,2.76200008392334,-131.62835290229023,-111.02458334245904,0.3848691829419909,-0.4392252056165151,1,320.0,180.0,188.37164709770977,-0.4392252056165151
13.63390064239502,2.748000144958496,-132.3724900799404,-111.70791748745376,0.38794867781115183,-0.4424370472564951,1,320.0,180.0,187.6275099200596,-0.4424370472564951
13.643341302871704,2.748000144958496,-132.27658273481057,-111.58202042627508,0.3882852148074371,-0.4429000071568269,1,320.0,180.0,187.72341726518943,-0.4429000071568269
13.653892278671265,2.7280001640319824,-132.18067538968074,-111.38991804055259,0.3885358964361841,-0.4433559389145592,1,320.0,180.0,187.81932461031926,-0.4433559389145592
13.664454221725464,2.7280001640319824,-132.0847680445509,-111.26402097937391,0.3888654805790277,-0.44381145635252117,1,320.0,179.0,187.9152319554491,-0.44381145635252117
13.673113107681274,2.7140002250671387,-132.88957768288876,-111.91648778274536,0.3918262477315472,-0.4472000376695824,1,320.0,179.0,187.11042231711124,-0.4472000376695824
13.683816909790039,2.7140002250671387,-132.79984826387866,-111.79625153748454,0.3921610112379765,-0.4476614097913032,1,320.0,179.0,187.20015173612134,-0.4476614097913032
13.693263530731201,2.693000078201294,-132.71011884486856,-111.60460038465408,0.3924033963475271,-0.4481154300924472,1,320.0,179.0,187.28988115513144,-0.4481154300924472
13.70322585105896,2.693000078201294,-132.62038942585846,-111.48436413939325,0.3927309704462296,-0.44856907061380774,1,320.0,178.0,187.37961057414154,-0.44856907061380774
13.71351146697998,2.680000066757202,-133.4782493203436,-112.21141510843172,0.3959104082977144,-0.4521089972240851,1,320.0,178.0,186.5217506796564,-0.4521089972240851
13.723116874694824,2.680000066757202,-133.3950195215584,-112.0972978255924,0.39624427622788294,-0.4525693805697961,1,320.0,178.0,186.6049804784416,-0.4525693805697961
13.73390507698059,2.6590001583099365,-133.3117897227732,-111.90981819077518,0.39648344668133956,-0.4530224155118905,1,320.0,178.0,186.6882102772268,-0.4530224155118905
13.744340181350708,2.6590001583099365,-133.228559923988,-111.79570090793587,0.39681017865569396,-0.4534751052583615,1,320.0,177.0,186.771440076012,-0.4534751052583615
13.753746271133423,2.6450002193450928,-134.1324664091977,-112.68270020696849,0.40050013162929854,-0.4571427302543458,1,320.0,177.0,185.8675335908023,-0.4571427302543458
13.763098955154419,2.6450002193450928,-134.05600766831938,-112.5757900779571,0.4008348074729128,-0.4576022851703392,1,320.0,177.0,185.94399233168062,-0.4576022851703392
13.773568868637085,2.625000238418579,-133.97954892744107,-112.39704945294933,0.40107693180329995,-0.45805482667866093,1,320.0,177.0,186.02045107255893,-0.45805482667866093
13.783238649368286,2.625000238418579,-133.90309018656276,-112.29013932393794,0.40140481840641995,-0.45850705757330235,1,320.0,176.0,186.09690981343724,-0.45850705757330235
13.793741941452026,2.6110000610351562,-134.84661499122413,-113.12071539847388,0.404891202611475,-0.46228133974382374,1,320.0,176.0,185.15338500877587,-0.46228133974382374
13.803277492523193,2.6110000610351562,-134.77715277582075,-113.02058560018608,0.40522623727928,-0.4627408000887097,1,320.0,176.0,185.22284722417925,-0.4627408000887097
13.813700199127197,2.5910000801086426,-134.70769056041738,-112.8466103135136,0.405466314350395,-0.4631932452964078,1,320.0,176.0,185.29230943958262,-0.4631932452964078
13.823414325714111,2.5910000801086426,-134.638228345014,-112.7464805152258,0.40579460774127885,-0.46364541421813027,1,320.0,175.0,185.361771654986,-0.46364541421813027
13.83398699760437,2.578000068664551,-135.61547834780555,-113.6284449666028,0.4094223806990423,-0.4675071190037581,1,320.0,175.0,184.38452165219445,-0.4675071190037581
13.843358278274536,2.578000068664551,-135.55319613805855,-113.53538567291905,0.4097586066625911,-0.4679671377340956,1,320.0,175.0,184.44680386194145,-0.4679671377340956
13.854037523269653,2.557000160217285,-135.49091392831156,-113.3626158467631,0.40999254689879416,-0.4684197975191351,1,320.0,175.0,184.50908607168844,-0.4684197975191351
13.8642098903656,2.557000160217285,-135.42863171856456,-113.26955655307935,0.4103217775406258,-0.46887221487064823,1,320.0,173.0,184.57136828143544,-0.46887221487064823
13.873737812042236,2.5440001487731934,-136.53522591681207,-114.19238481742681,0.41406355050134097,-0.4731325916465645,1,320.0,173.0,183.46477408318793,-0.4731325916465645
13.883275985717773,2.5440001487731934,-136.4809618327824,-114.1066375117285,0.4144011053977383,-0.4735942913091652,1,320.0,173.0,183.5190381672176,-0.4735942913091652
13.893665313720703,2.5240001678466797,-136.42669774875276,-113.9428176350684,0.4146386437287481,-0.4740489601839992,1,320.0,173.0,183.57330225124724,-0.4740489601839992
13.90342092514038,2.5240001678466797,-136.3724336647231,-113.85707032937007,0.41496954244764134,-0.4745034223126504,1,320.0,172.0,183.6275663352769,-0.4745034223126504
13.913807392120361,2.511000156402588,-137.49270186099218,-114.81450509514913,0.4188048738394028,-0.4787842301771166,1,320.0,172.0,182.50729813900782,-0.4787842301771166
13.923360347747803,2.511000156402588,-137.44649480127552,-114.73626678223394,0.41914440415653703,-0.47924798589331086,1,320.0,172.0,182.55350519872448,-0.47924798589331086
13.934226989746094,2.491000175476074,-137.40028774155886,-114.57773923836287,0.4193812596771669,-0.4797046970544837,1,320.0,172.0,182.59971225844114,-0.4797046970544837
13.943912982940674,2.491000175476074,-137.3540806818422,-114.49950092544768,0.4197141706415981,-0.4801612359788211,1,320.0,171.0,182.6459193181578,-0.4801612359788211
13.953485012054443,2.4770002365112305,-138.48424247040123,-115.38066033516645,0.4232893582813307,-0.4844496938085837,1,320.0,171.0,181.51575752959877,-0.4844496938085837
13.963961839675903,2.4770002365112305,-138.4461051124722,-115.3093945328898,0.42362961932609133,-0.4849151413040569,1,320.0,171.0,181.5538948875278,-0.4849151413040569
13.97429895401001,2.4570000171661377,-138.40796775454317,-115.15545446174362,0.42386434498853476,-0.48537352750302776,1,320.0,171.0,181.59203224545683,-0.48537352750302776
13.983381748199463,2.4570000171661377,-138.36983039661413,-115.08418865946696,0.4241980201879338,-0.4858317747866708,1,320.0,170.0,181.63016960338587,-0.4858317747866708
13.994131565093994,2.444000005722046,-139.50645667484736,-116.10367051552272,0.42819744370807183,-0.49011696944180017,1,320.0,170.0,180.49354332515264,-0.49011696944180017
14.003642082214355,2.444000005722046,-139.4763780662872,-116.04026108338157,0.42854025773367344,-0.4905843848383425,1,320.0,170.0,180.5236219337128,-0.4905843848383425
14.01309609413147,2.4240000247955322,-139.44629945772704,-115.89176141402754,0.42877463280826655,-0.49104471934278393,1,320.0,170.0,180.55370054227296,-0.49104471934278393
14.02357530593872,2.4240000247955322,-139.41622084916688,-115.82835198188639,0.42911089042993267,-0.491504946767377,1,320.0,169.0,180.58377915083312,-0.491504946767377
14.033252954483032,2.4110000133514404,-140.55620812512768,-116.76480468842017,0.4328197082662006,-0.4957767128994697,1,320.0,169.0,179.44379187487232,-0.4957767128994697
14.043718338012695,2.4110000133514404,-140.53415608114113,-116.70863921206565,0.4331639994232912,-0.4962459846869528,1,320.0,169.0,179.46584391885887,-0.4962459846869528
14.053170919418335,2.3910000324249268,-140.5121040371546,-116.5648589933657,0.43339681746744974,-0.4967081530873484,1,320.0,169.0,179.4878959628454,-0.4967081530873484
14.063745260238647,2.3910000324249268,-140.49005199316804,-116.50869351701118,0.4337345778869741,-0.49717024480175925,1,320.0,168.0,179.50994800683196,-0.49717024480175925
14.073120594024658,2.378000020980835,-141.630598375632,-117.4684735939359,0.43750073807725826,-0.5014194270632191,1,320.0,168.0,178.369401624368,-0.5014194270632191
14.083684206008911,2.378000020980835,-141.61652169559102,-117.41967393491565,0.43784668926929865,-0.5018904039718393,1,320.0,168.0,178.38347830440898,-0.5018904039718393
14.09358835220337,2.3580000400543213,-141.60244501555005,-117.28062099042582,0.43807799345591736,-0.5023542522707973,1,320.0,168.0,178.39755498444995,-0.5023542522707973
14.1032395362854,2.3580000400543213,-141.58836833550907,-117.23182133140557,0.4384174359102523,-0.5028180527794253,1,320.0,167.0,178.41163166449093,-0.5028180527794253
14.114054918289185,2.3450000286102295,-142.72695109907258,-118.10921035170678,0.4418960842023737,-0.5070364299779753,1,320.0,167.0,177.27304890092742,-0.5070364299779753
14.123563766479492,2.3450000286102295,-142.72078161402825,-118.06717282348488,0.44224264004557123,-0.5075089252343075,1,320.0,167.0,177.27921838597175,-0.5075089252343075
14.133174657821655,2.326000213623047,-142.71461212898393,-117.9368146749377,0.44247717087094707,-0.5079746208676796,1,320.0,167.0,177.28538787101607,-0.5079746208676796
14.143643617630005,2.326000213623047,-142.7084426439396,-117.8947771467158,0.4428175470862848,-0.5084402960492056,1,320.0,166.0,177.2915573560604,-0.5084402960492056
14.153301000595093,2.31600022315979,-143.84279726986315,-118.70946379268256,0.44604580500101626,-0.51262194870656,1,320.0,166.0,176.15720273013685,-0.51262194870656
14.163633108139038,2.31600022315979,-143.84445173222875,-118.67362653025222,0.4463932365835923,-0.5130971823878485,1,320.0,166.0,176.15554826777125,-0.5130971823878485
14.173251152038574,2.302000045776367,-143.84610619459434,-118.57109508712523,0.44665614777991797,-0.5135673868348125,1,320.0,166.0,176.15389380540566,-0.5135673868348125
14.184102773666382,2.302000045776367,-143.84776065695993,-118.5352578246949,0.4469989753427862,-0.5140375966670516,1,320.0,166.0,176.15223934304007,-0.5140375966670516
14.193545579910278,2.2940001487731934,-144.87485498400846,-119.28855980249295,0.4499921111698377,-0.5178491197564805,1,320.0,166.0,175.12514501599154,-0.5178491197564805
14.203281164169312,2.2940001487731934,-144.8835439119981,-119.25840012312383,0.4503417205233492,-0.5183282447885105,1,320.0,166.0,175.1164560880019,-0.5183282447885105
14.213235139846802,2.2850000858306885,-144.8922328399877,-119.18457731724635,0.45063601363650213,-0.5188041378311868,1,320.0,166.0,175.1077671600123,-0.5188041378311868
14.223678827285767,2.2850000858306885,-144.90092176797734,-119.15441763787723,0.4509826056134886,-0.5192800587870464,1,320.0,167.0,175.09907823202266,-0.5192800587870464
14.233195066452026,2.2800002098083496,-145.72766465942618,-119.85664159339146,0.45376629567710275,-0.5224220175958881,1,320.0,167.0,174.27233534057382,-0.5224220175958881
14.243806838989258,2.2800002098083496,-145.74196538320166,-119.83167351402577,0.45411979539996306,-0.5229055528300897,1,320.0,167.0,174.25803461679834,-0.5229055528300897
14.253580570220947,2.2750000953674316,-145.75626610697714,-119.78217211429487,0.45444219942245856,-0.5233873118315873,1,320.0,167.0,174.24373389302286,-0.5233873118315873
14.263516426086426,2.2750000953674316,-145.7705668307526,-119.75720403492917,0.4547939638436334,-0.5238691164166454,1,320.0,168.0,174.2294331692474,-0.5238691164166454
14.273523807525635,2.2730000019073486,-146.4140739444529,-120.31235284689168,0.4570571645559037,-0.526402177742127,1,320.0,168.0,173.5859260555471,-0.526402177742127
14.284032583236694,2.2730000019073486,-146.43269096822178,-120.29143186110736,0.4574148868554341,-0.5268905402103543,1,320.0,168.0,173.56730903177822,-0.5268905402103543
14.293567895889282,2.2700002193450928,-146.45130799199066,-120.25570853246926,0.45775383080160276,-0.52737786362206,1,320.0,168.0,173.54869200800934,-0.52737786362206
14.303173780441284,2.2700002193450928,-146.46992501575954,-120.23478754668493,0.45811047113505454,-0.5278652461428263,1,320.0,168.0,173.53007498424046,-0.5278652461428263
14.313766956329346,2.2690000534057617,-147.04710742916535,-120.54614470186394,0.4595605251264978,-0.5301738800982811,1,320.0,168.0,172.95289257083465,-0.5301738800982811
14.32349157333374,2.2690000534057617,-147.06955614657227,-120.52753702522983,0.4599205695418417,-0.5306673967456803,1,320.0,168.0,172.93044385342773,-0.5306673967456803
14.334099292755127,2.2680001258850098,-147.09200486397918,-120.50398118580515,0.4602743001928151,-0.5311606169082792,1,320.0,168.0,172.90799513602082,-0.5311606169082792
14.344305992126465,2.2680001258850098,-147.1144535813861,-120.48537350917104,0.4606339096527966,-0.5316539082333192,1,320.0,169.0,172.8855464186139,-0.5316539082333192
14.353287696838379,2.2690000534057617,-147.52936071443204,-120.58061669533646,0.46135486041766427,-0.5334274956949963,1,320.0,169.0,172.47063928556796,-0.5334274956949963
14.363906145095825,2.2690000534057617,-147.55450163845717,-120.56275607509869,0.4617159130331241,-0.5339257814799752,1,320.0,169.0,172.44549836154283,-0.5339257814799752
14.373260021209717,2.2690000534057617,-147.5796425624823,-120.54489545486092,0.4620769089857638,-0.5344241470245388,1,320.0,169.0,172.4203574375177,-0.5344241470245388
14.38463544845581,2.2690000534057617,-147.60478348650742,-120.52703483462315,0.46243784827558343,-0.5349225923286871,1,320.0,171.0,172.39521651349258,-0.5349225923286871
14.393255233764648,2.2700002193450928,-147.77084738398668,-120.41730428359124,0.46248925753792414,-0.5358810532541084,1,320.0,171.0,172.22915261601332,-0.5358810532541084
14.40450644493103,2.2700002193450928,-147.79695501376835,-120.39877953307494,0.46284929402834435,-0.5363816378230616,1,320.0,171.0,172.20304498623165,-0.5363816378230616
14.413558006286621,2.2720000743865967,-147.82306264355003,-120.39012768324571,0.4632217524369705,-0.5368830443454962,1,320.0,171.0,172.17693735644997,-0.5368830443454962
14.423132419586182,2.2720000743865967,-147.8491702733317,-120.37160293272942,0.4635823044560621,-0.5373845338901984,1,320.0,174.0,172.1508297266683,-0.5373845338901984
14.433903455734253,2.2730000019073486,-147.6885041619991,-120.1773851368282,0.4633599985470833,-0.5372773852678572,1,320.0,174.0,172.3114958380009,-0.5372773852678572
14.443474531173706,2.2730000019073486,-147.71333056526765,-120.15762135603637,0.46371868364067165,-0.5377772746270078,1,320.0,174.0,172.28666943473235,-0.5377772746270078
14.453805208206177,2.2750000953674316,-147.7381569685362,-120.14770364893627,0.4640897532261779,-0.5382779817214907,1,320.0,174.0,172.2618430314638,-0.5382779817214907
14.463415384292603,2.2750000953674316,-147.76298337180475,-120.12793986814444,0.4644489445261982,-0.53877876795014,1,320.0,175.0,172.23701662819525,-0.53877876795014
14.473686695098877,2.2770001888275146,-147.50873796436576,-119.76147725886743,0.4636578248150454,-0.538370287282006,1,320.0,175.0,172.49126203563424,-0.538370287282006
14.483342170715332,2.2770001888275146,-147.531650007985,-119.7392678008999,0.4640134411344639,-0.5388687765966446,1,320.0,175.0,172.468349992015,-0.5388687765966446
14.493939399719238,2.2790000438690186,-147.55456205160425,-119.72686609176753,0.46438138575096427,-0.5393680767773303,1,320.0,175.0,172.44543794839575,-0.5393680767773303
14.503489017486572,2.2790000438690186,-147.5774740952235,-119.7046566338,0.4647374900541181,-0.5398674502192782,1,320.0,177.0,172.4225259047765,-0.5398674502192782
14.513899803161621,2.2810001373291016,-147.1380451211715,-119.1784415336597,0.4634303553495936,-0.5388598893090906,1,320.0,177.0,172.8619548788285,-0.5388598893090906
14.52343225479126,2.2810001373291016,-147.1577856455196,-119.15270759041123,0.46378106120466156,-0.5393548507973607,1,320.0,177.0,172.8422143544804,-0.5393548507973607
14.534058332443237,2.2829999923706055,-147.1775261698677,-119.13674445582524,0.46414403654872816,-0.5398506113389612,1,320.0,177.0,172.8224738301323,-0.5398506113389612
14.543648958206177,2.2829999923706055,-147.19726669421578,-119.11101051257677,0.4644952043807772,-0.540346435198293,1,320.0,179.0,172.80273330578422,-0.540346435198293
14.553903818130493,2.2850000858306885,-146.59106307333494,-118.34016158735474,0.46239691222438867,-0.5388017865168697,1,320.0,179.0,173.40893692666506,-0.5388017865168697
14.563334941864014,2.2850000858306885,-146.60650983715655,-118.30924950663754,0.4627398862169545,-0.5392912960777659,1,320.0,179.0,173.39349016284345,-0.5392912960777659
14.573811054229736,2.2880001068115234,-146.62195660097817,-118.2929328384811,0.46310120949049427,-0.5397819549337592,1,320.0,179.0,173.37804339902183,-0.5397819549337592
14.583625555038452,2.2880001068115234,-146.63740336479978,-118.26202075776389,0.46344491873205307,-0.5402726635283364,1,320.0,181.0,173.36259663520022,-0.5402726635283364
14.593916177749634,2.2890000343322754,-145.88144944673846,-117.36730147692599,0.4609618649433725,-0.538248169141807,1,320.0,181.0,174.11855055326154,-0.538248169141807
14.60337209701538,2.2890000343322754,-145.891604701666,-117.33043070690627,0.46129571734237235,-0.538730491156393,1,320.0,181.0,174.108395298334,-0.538730491156393
14.614060640335083,2.2920000553131104,-145.90175995659357,-117.30810059598839,0.46164782639041757,-0.5392139401671416,1,320.0,181.0,174.09824004340643,-0.5392139401671416
14.623625040054321,2.2920000553131104,-145.91191521152112,-117.27122982596867,0.4619823675549485,-0.539697421979365,1,320.0,182.0,174.08808478847888,-0.539697421979365
14.634069204330444,2.2940001487731934,-145.12294525405184,-116.17439328327143,0.4588408130806478,-0.537575634645495,1,320.0,182.0,174.87705474594816,-0.537575634645495
14.643781423568726,2.2940001487731934,-145.12761885509013,-116.13018526382325,0.4591634446498311,-0.5380507308677149,1,320.0,182.0,174.87238114490987,-0.5380507308677149
14.653083086013794,2.2960000038146973,-145.13229245612843,-116.09562942640193,0.4594981274853742,-0.5385265678179028,1,320.0,182.0,174.86770754387157,-0.5385265678179028
14.66366171836853,2.2960000038146973,-145.13696605716672,-116.05142140695374,0.4598210844685017,-0.5390024199105581,1,320.0,185.0,174.86303394283328,-0.5390024199105581
14.672905445098877,2.2980000972747803,-144.11778068877234,-114.87036448798096,0.456417269404729,-0.536140103780425,1,320.0,185.0,175.88221931122766,-0.536140103780425
14.683332681655884,2.2980000972747803,-144.11543110340583,-114.81829213146042,0.45672736796279323,-0.5366049388869627,1,320.0,185.0,175.88456889659417,-0.5366049388869627
14.693249225616455,2.3000001907348633,-144.1130815180393,-114.77583703672659,0.4570494433742114,-0.5370704869681749,1,320.0,185.0,175.8869184819607,-0.5370704869681749
14.703766822814941,2.3000001907348633,-144.1107319326728,-114.72376468020605,0.45735980883630195,-0.5375360274132337,1,320.0,187.0,175.8892680673272,-0.5375360274132337
14.71353816986084,2.302000045776367,-142.98617327940113,-113.26684089460623,0.45306946613711413,-0.5343426449382808,1,320.0,187.0,177.01382672059887,-0.5343426449382808
14.724089622497559,2.302000045776367,-142.97612592036322,-113.20506614563055,0.45336381894160266,-0.5347959754136684,1,320.0,187.0,177.02387407963678,-0.5347959754136684
14.733876705169678,2.30400013923645,-142.9660785613253,-113.1528727903525,0.453670065319953,-0.535249988048698,1,320.0,187.0,177.0339214386747,-0.535249988048698
14.74342393875122,2.30400013923645,-142.9560312022874,-113.09109804137682,0.45396461264016313,-0.5357039679293337,1,320.0,190.0,177.0439687977126,-0.5357039679293337
14.753946542739868,2.305000066757202,-141.63739846159774,-111.58449622974004,0.44953767967022457,-0.5318908514587688,1,320.0,190.0,178.36260153840226,-0.5318908514587688
14.763415575027466,2.305000066757202,-141.61837493850032,-111.5127779633192,0.4498154282072356,-0.5323300532029238,1,320.0,190.0,178.38162506149968,-0.5323300532029238
14.773930788040161,2.307000160217285,-141.5993514154029,-111.45061432051666,0.45010499676280563,-0.5327699009126735,1,320.0,190.0,178.4006485845971,-0.5327699009126735
14.784454107284546,2.307000160217285,-141.5803278923055,-111.37889605409582,0.45038286543056943,-0.5332096864630538,1,320.0,192.0,178.4196721076945,-0.5332096864630538
14.793603420257568,2.308000087738037,-140.18966693826772,-109.73371899451719,0.445519771335466,-0.529176730632282,1,320.0,192.0,179.81033306173228,-0.529176730632282
14.80304503440857,2.308000087738037,-140.16123480541174,-109.65117502506705,0.44577927793850924,-0.5296009393414122,1,320.0,192.0,179.83876519458826,-0.5296009393414122
14.813671350479126,2.31000018119812,-140.13280267255575,-109.5781590211914,0.44605052725429123,-0.5300257557742172,1,320.0,192.0,179.86719732744425,-0.5300257557742172
14.823782205581665,2.31000018119812,-140.10437053969977,-109.49561505174125,0.44631007267984646,-0.5304504790917741,1,320.0,192.0,179.89562946030023,-0.5304504790917741
14.834160327911377,2.311000108718872,-140.0759384068438,-109.41782785361232,0.44657534500262147,-0.5308754594585475,1,320.0,195.0,179.9240615931562,-0.5308754594585475
14.843710899353027,2.311000108718872,-138.48936144639646,-107.61490674873275,0.4412258508010326,-0.526220469898872,1,320.0,195.0,181.51063855360354,-0.526220469898872
14.853161573410034,2.312000036239624,-138.45024599311742,-107.52531947426029,0.4414710291292829,-0.526627648174338,1,320.0,195.0,181.54975400688258,-0.526627648174338
14.863702297210693,2.312000036239624,-138.41113053983838,-107.4309798489373,0.44171019520253296,-0.5270346981511138,1,320.0,198.0,181.58886946016162,-0.5270346981511138
14.873970031738281,2.311000108718872,-136.72012588713528,-105.55489279523326,0.43615025048414513,-0.522056291119916,1,320.0,198.0,183.27987411286472,-0.522056291119916
14.883458375930786,2.311000108718872,-136.6696860948639,-105.44837118176439,0.4363680316131913,-0.5224436983025127,1,320.0,198.0,183.3303139051361,-0.5224436983025127
14.893115043640137,2.307000160217285,-136.6192463025925,-105.32279476053822,0.43656148218178625,-0.5228295739938027,1,320.0,198.0,183.3807536974075,-0.5228295739938027
14.904185771942139,2.307000160217285,-136.5688065103211,-105.21627314706934,0.4367774504602754,-0.5232152848730511,1,320.0,198.0,183.4311934896789,-0.5232152848730511
14.91369366645813,2.3030002117156982,-136.51836671804972,-105.09062559355927,0.4369690061645577,-0.5235994657741673,1,320.0,199.0,183.48163328195028,-0.5235994657741673
14.923129796981812,2.3030002117156982,-134.868725436159,-103.19546784143807,0.4313533726296179,-0.5187711230482059,1,320.0,199.0,185.131274563841,-0.5187711230482059
14.933963775634766,2.2960000038146973,-134.80732528344697,-103.0430433534176,0.4315043227054411,-0.5191342186001554,1,320.0,199.0,185.19267471655303,-0.5191342186001554
14.943592548370361,2.2960000038146973,-134.74592513073495,-102.92426306153703,0.4316952609684854,-0.5194971152156096,1,320.0,201.0,185.25407486926505,-0.5194971152156096
14.954060077667236,2.2890000343322754,-133.10361545415765,-101.04231968774812,0.42620716911939993,-0.5147049837010924,1,320.0,201.0,186.89638454584235,-0.5147049837010924
14.96340823173523,2.2890000343322754,-133.03138101372946,-100.91168816691953,0.4263755992181848,-0.5150469960093136,1,320.0,201.0,186.96861898627054,-0.5150469960093136
14.973855257034302,2.2780001163482666,-132.95914657330127,-100.72738925547411,0.42647626456242016,-0.5153851191927753,1,320.0,201.0,187.04085342669873,-0.5153851191927753
14.984252691268921,2.2780001163482666,-132.88691213287308,-100.59675773464552,0.42664091340764865,-0.5157230115871789,1,320.0,201.0,187.11308786712692,-0.5157230115871789
14.993230819702148,2.2700002193450928,-132.8146776924449,-100.42674413868886,0.4267557520602113,-0.5160580169331692,1,320.0,204.0,187.1853223075551,-0.5160580169331692
15.003589630126953,2.2700002193450928,-131.01338946949784,-98.4602589873252,0.420934646870607,-0.5107580509715475,1,320.0,204.0,188.98661053050216,-0.5107580509715475
15.013027429580688,2.255000114440918,-130.92930707014466,-98.24239414189785,0.42098144459582176,-0.5110679428307154,1,320.0,204.0,189.07069292985534,-0.5110679428307154
15.02431607246399,2.255000114440918,-130.84522467079148,-98.09918283978844,0.4211173772475167,-0.5113775708813313,1,320.0,204.0,189.15477532920852,-0.5113775708813313
15.033765077590942,2.245000123977661,-130.7611422714383,-97.90560615588214,0.4211898164563346,-0.511683666097956,1,320.0,205.0,189.2388577285617,-0.511683666097956
15.043327331542969,2.245000123977661,-129.06065459722933,-95.97205174648911,0.41548917807354174,-0.5067231316306231,1,320.0,205.0,190.93934540277067,-0.5067231316306231
15.053615808486938,2.2280001640319824,-128.9655000292571,-95.72983792100271,0.4154924121246324,-0.5070048702870324,1,320.0,205.0,191.0344999707429,-0.5070048702870324
15.064287900924683,2.2280001640319824,-128.87034546128487,-95.57436299845222,0.4155992555511702,-0.507286316818879,1,320.0,205.0,191.12965453871513,-0.507286316818879
15.074023962020874,2.2160000801086426,-128.77519089331264,-95.35679641628616,0.41562806033277366,-0.507563607943418,1,320.0,206.0,191.22480910668736,-0.507563607943418
15.083728313446045,2.2160000801086426,-127.16821582385538,-93.45600379701736,0.4100455447659503,-0.5029158672485965,1,320.0,206.0,192.83178417614462,-0.5029158672485965
15.09377408027649,2.197000026702881,-127.062708049173,-93.18876910132802,0.41000373052887984,-0.5031694930812971,1,320.0,206.0,192.937291950827,-0.5031694930812971
15.10410451889038,2.197000026702881,-126.95720027449062,-93.02134194313099,0.41008118431101803,-0.503422803181975,1,320.0,206.0,193.04279972550938,-0.503422803181975
15.113277673721313,2.184000015258789,-126.85169249980824,-92.78454587511524,0.4100716712887289,-0.5036716748669945,1,320.0,208.0,193.14830750019178,-0.5036716748669945
15.123861074447632,2.184000015258789,-125.2295258045703,-90.9163963225906,0.40460552587034065,-0.49898036318813077,1,320.0,208.0,194.7704741954297,-0.49898036318813077
15.133358240127563,2.1640000343322754,-125.1136333930688,-90.62884564743236,0.4045241950087636,-0.49920537297824136,1,320.0,208.0,194.8863666069312,-0.49920537297824136
15.14526891708374,2.1640000343322754,-124.99774098156729,-90.44977356092885,0.404572517353785,-0.49943004552142456,1,320.0,208.0,195.0022590184327,-0.49943004552142456
15.153898239135742,2.1500000953674316,-124.88184857006578,-90.19346934642263,0.4045242585422523,-0.4996500099720358,1,320.0,209.0,195.11815142993422,-0.4996500099720358
15.163215398788452,2.1500000953674316,-123.35073092867526,-88.3578719028727,0.3991732053136523,-0.4952605473601453,1,320.0,209.0,196.64926907132474,-0.4952605473601453
15.173625707626343,2.129000186920166,-123.22514933443026,-88.04955115428807,0.3990517403146293,-0.4954576524886309,1,320.0,209.0,196.77485066556974,-0.4954576524886309
15.183781623840332,2.129000186920166,-123.09956774018525,-87.85913785045415,0.3990712268076681,-0.495654403163008,1,320.0,209.0,196.90043225981475,-0.495654403163008
15.193891763687134,2.115000009536743,-122.97398614594024,-87.58871096742308,0.39899086808194084,-0.49584649523922775,1,320.0,211.0,197.02601385405976,-0.49584649523922775
15.203290939331055,2.115000009536743,-121.42584683227328,-85.88738514706156,0.3940855303418431,-0.4914055105257035,1,320.0,211.0,198.5741531677267,-0.4914055105257035
15.213750839233398,2.0940001010894775,-121.2905262644014,-85.5644376570761,0.39393201211247686,-0.49157485546424334,1,320.0,211.0,198.7094737355986,-0.49157485546424334
15.223561763763428,2.0940001010894775,-121.1552056965295,-85.36368049376281,0.3939245732042248,-0.4917438303009959,1,320.0,211.0,198.8447943034705,-0.4917438303009959
15.234155893325806,2.0789999961853027,-121.01988512865762,-85.07400618521469,0.3938064511648403,-0.49190789675853,1,320.0,212.0,198.98011487134238,-0.49190789675853
15.243499994277954,2.0789999961853027,-119.56077529978684,-83.39507473950921,0.38898077101742246,-0.4877606403192837,1,320.0,212.0,200.43922470021317,-0.4877606403192837
15.25383186340332,2.057000160217285,-119.41639193246552,-83.05124433848792,0.38878763748262696,-0.4879029381420111,1,320.0,212.0,200.5836080675345,-0.4879029381420111
15.263717412948608,2.057000160217285,-119.27200856514419,-82.84036743975501,0.3887534909082882,-0.4880448544316325,1,320.0,212.0,200.72799143485582,-0.4880448544316325
15.274033069610596,2.0429999828338623,-119.12762519782287,-82.5432644823153,0.3886121989179558,-0.4881822196684378,1,320.0,213.0,200.87237480217715,-0.4881822196684378
15.283604383468628,2.0429999828338623,-117.7514765268007,-80.88742084302109,0.38386828307065624,-0.48430795527297454,1,320.0,213.0,202.2485234731993,-0.48430795527297454
15.293731451034546,2.0210001468658447,-117.59866008294529,-80.52853477179139,0.38364316889975275,-0.4844247461633878,1,320.0,213.0,202.4013399170547,-0.4844247461633878
15.30342173576355,2.0210001468658447,-117.44584363908987,-80.3077651483034,0.3835832309515944,-0.48454114698977213,1,320.0,213.0,202.55415636091013,-0.48454114698977213
15.31411600112915,2.00600004196167,-117.29302719523446,-79.99093634742925,0.3834042136038507,-0.4846527592328461,1,320.0,214.0,202.70697280476554,-0.4846527592328461
15.323498964309692,2.00600004196167,-115.99424751556012,-78.46026318341869,0.3790741647944714,-0.4810321173079997,1,320.0,214.0,204.00575248443988,-0.4810321173079997
15.333747863769531,1.9840000867843628,-115.83358496552502,-78.08678159716953,0.37881808039064324,-0.48112427289210413,1,320.0,214.0,204.166415034475,-0.48112427289210413
15.343743801116943,1.9840000867843628,-115.67292241548992,-77.8570434117392,0.3787339229118116,-0.4812160332463006,1,320.0,214.0,204.32707758451008,-0.4812160332463006
15.35318922996521,1.9690001010894775,-115.51225986545482,-77.5272936943168,0.37852603313947225,-0.4813030666649752,1,320.0,216.0,204.48774013454516,-0.4813030666649752
15.363596200942993,1.9690001010894775,-114.18428448091177,-76.01095391519314,0.3742476527348422,-0.47758823883126694,1,320.0,216.0,205.81571551908823,-0.47758823883126694
15.373055219650269,1.9470001459121704,-114.01562903477577,-75.62268552237592,0.3739607673990215,-0.4776557843392343,1,320.0,216.0,205.98437096522423,-0.4776557843392343
15.384310722351074,1.9470001459121704,-113.84697358863977,-75.38413763952974,0.3738529819129663,-0.47772293055537135,1,320.0,216.0,206.15302641136023,-0.47772293055537135
15.392982244491577,1.933000087738037,-113.67831814250377,-75.04837791385417,0.37362512060010117,-0.47778569872201027,1,320.0,217.0,206.32168185749623,-0.47778569872201027
15.4033944606781,1.933000087738037,-112.42761593655607,-73.64890639953781,0.36973258220764843,-0.47432417658235304,1,320.0,217.0,207.57238406344393,-0.47432417658235304
15.412930488586426,1.91100013256073,-112.25155076731555,-73.24650742478057,0.3694165223828737,-0.4743685513233374,1,320.0,217.0,207.74844923268444,-0.4743685513233374
15.423564195632935,1.91100013256073,-112.07548559807503,-73.00000967971572,0.36928698263503373,-0.4744125250758404,1,320.0,217.0,207.92451440192497,-0.4744125250758404
15.433515548706055,1.91100013256073,-111.89942042883452,-72.75351193465086,0.3691568814884978,-0.4744560978398621,1,320.0,218.0,208.1005795711655,-0.4744560978398621
15.443938255310059,1.8960001468658447,-110.72079029056596,-71.2522447767747,0.3651600077977658,-0.4712299210428094,1,320.0,218.0,209.27920970943404,-0.4712299210428094
15.45340633392334,1.8750001192092896,-110.537859003852,-70.84271971245533,0.36482354619106633,-0.47125220509826643,1,320.0,218.0,209.46214099614798,-0.47125220509826643
15.464334487915039,1.8750001192092896,-110.35492771713805,-70.58837210687135,0.3646727411493863,-0.47127408899147927,1,320.0,218.0,209.64507228286195,-0.47127408899147927
15.473512649536133,1.8750001192092896,-110.1719964304241,-70.33402450128736,0.3645213797222433,-0.47129557272244793,1,320.0,219.0,209.8280035695759,-0.47129557272244793
15.48414158821106,1.8600001335144043,-109.06060514385038,-68.93781190549977,0.3608804382690699,-0.4682886044932215,1,320.0,219.0,210.93939485614962,-0.4682886044932215
15.493626356124878,1.8390001058578491,-108.87131459372709,-68.51455738239622,0.3605162421435872,-0.46828981344424614,1,320.0,219.0,211.1286854062729,-0.46828981344424614
15.503408193588257,1.8390001058578491,-108.6820240436038,-68.25316410128944,0.36034573123602437,-0.46829062535829175,1,320.0,219.0,211.3179759563962,-0.46829062535829175
15.513470649719238,1.8390001058578491,-108.49273349348051,-67.99177082018267,0.3601746720559852,-0.46829104023535845,1,320.0,221.0,211.5072665065195,-0.46829104023535845
15.524004220962524,1.8250000476837158,-107.34289539432552,-66.59873138613514,0.35654126917964357,-0.46515870914623403,1,320.0,221.0,212.65710460567448,-0.46515870914623403
15.53373670578003,1.8250000476837158,-107.14702511051995,-66.33034105353867,0.3563560071168579,-0.46514465555773066,1,320.0,221.0,212.85297488948004,-0.46514465555773066
15.543669700622559,1.8030000925064087,-106.95115482671437,-65.88502432182655,0.35595389124036636,-0.4651243156852128,1,320.0,221.0,213.04884517328563,-0.4651243156852128
15.553741693496704,1.8030000925064087,-106.7552845429088,-65.61663398923008,0.3557635482491589,-0.46510358260305484,1,320.0,222.0,213.24471545709122,-0.46510358260305484
15.563168048858643,1.7890000343322754,-105.6737824132238,-64.32209432417432,0.3524645327478526,-0.4621940610366002,1,320.0,222.0,214.32621758677618,-0.4621940610366002
15.573826789855957,1.7680001258850098,-105.47184492756585,-63.87108918587323,0.35204595909322917,-0.4621542420292649,1,320.0,222.0,214.52815507243415,-0.4621542420292649
15.583425045013428,1.7680001258850098,-105.2699074419079,-63.596457375810715,0.3518385061393303,-0.4621140353018936,1,320.0,222.0,214.7300925580921,-0.4621140353018936
15.593526840209961,1.7680001258850098,-105.06796995624995,-63.3218255657482,0.35163052589226973,-0.4620734408544862,1,320.0,224.0,214.93203004375005,-0.4620734408544862
15.603919267654419,1.7540000677108765,-103.94902772986664,-62.11767768465478,0.3486390807041464,-0.45904182054947035,1,320.0,224.0,216.05097227013334,-0.45904182054947035
15.613492727279663,1.7540000677108765,-103.74080746564795,-61.83750067604639,0.34841943199305836,-0.4589875076720416,1,320.0,224.0,216.25919253435205,-0.4589875076720416
15.624262571334839,1.7340000867843628,-103.53258720142925,-61.381952103555314,0.3479854096014966,-0.4589276256749564,1,320.0,224.0,216.46741279857076,-0.4589276256749564
15.634135246276855,1.7340000867843628,-103.32436693721056,-61.10177509494692,0.34776131896172247,-0.45886736159364105,1,320.0,225.0,216.67563306278944,-0.45886736159364105
15.643625020980835,1.7200000286102295,-102.27453639600908,-60.08157249492513,0.34538185434139695,-0.4560616196367521,1,320.0,225.0,217.72546360399093,-0.4560616196367521
15.653326511383057,1.7200000286102295,-102.0605493335228,-59.797184258533115,0.34514822339366885,-0.4559885441578688,1,320.0,225.0,217.9394506664772,-0.4559885441578688
15.6638503074646,1.6990001201629639,-101.84656227103652,-59.320364231061845,0.3446914769947618,-0.45586139259425484,1,320.0,225.0,218.15343772896347,-0.45586139259425484
15.673763513565063,1.6990001201629639,-101.63257520855024,-59.035975994669826,0.34445366085094037,-0.45578242503632854,1,320.0,226.0,218.36742479144976,-0.45578242503632854
15.683195114135742,1.6850000619888306,-100.64707020617696,-57.98040556096367,0.34217177766811757,-0.45254677383263936,1,320.0,226.0,219.35292979382302,-0.45254677383263936
15.69416618347168,1.6850000619888306,-100.42779611711954,-57.69163190886166,0.3419283778010605,-0.4524589166399278,1,320.0,226.0,219.57220388288044,-0.4524589166399278
15.70426058769226,1.665000081062317,-100.20852202806212,-57.21114776656903,0.34175376262682977,-0.4514578743894532,1,320.0,226.0,219.79147797193787,-0.4514578743894532
15.714362621307373,1.665000081062317,-99.9892479390047,-56.92237411446702,0.3415119747572232,-0.45136865220288835,1,320.0,227.0,220.0107520609953,-0.45136865220288835
15.723893404006958,1.6510000228881836,-99.06359971353316,-56.03747169700236,0.3398935276134155,-0.44843905118943606,1,320.0,227.0,220.93640028646684,-0.44843905118943606
15.733278751373291,1.6510000228881836,-98.8394845711863,-55.74555322875932,0.33964825534085585,-0.44834195592226045,1,320.0,227.0,221.1605154288137,-0.44834195592226045
15.744216442108154,1.63100004196167,-98.61536942883944,-55.25302044189323,0.33952304333171257,-0.4473878342793409,1,320.0,227.0,221.38463057116056,-0.4473878342793409
15.753825902938843,1.63100004196167,-98.39125428649258,-54.96110197365019,0.3392795846760094,-0.44728957225790095,1,320.0,229.0,221.6087457135074,-0.44728957225790095
15.763206005096436,1.6170001029968262,-97.42023649954416,-54.0286118972614,0.33762260461099375,-0.444332593306739,1,320.0,229.0,222.57976350045584,-0.444332593306739
15.774024724960327,1.6170001029968262,-97.1910021070093,-53.733287929554876,0.33737561131911536,-0.4442264556124431,1,320.0,229.0,222.8089978929907,-0.4442264556124431
15.783895492553711,1.5970001220703125,-96.96176771447443,-53.22781082600083,0.3373028982876601,-0.44332278078865206,1,320.0,229.0,223.03823228552557,-0.44332278078865206
15.794447422027588,1.5970001220703125,-96.73253332193957,-52.932486858294304,0.3370583265893232,-0.44321640943204155,1,320.0,230.0,223.26746667806043,-0.44321640943204155
15.804112195968628,1.5840001106262207,-95.82303708691498,-52.06876561786264,0.3356756204028871,-0.4405981004624402,1,320.0,230.0,224.17696291308502,-0.4405981004624402
15.813657760620117,1.5840001106262207,-95.58913982438648,-51.77050358322445,0.33542996007971865,-0.44048793951372067,1,320.0,230.0,224.41086017561352,-0.44048793951372067
15.823142766952515,1.564000129699707,-95.35524256185798,-51.2521643286276,0.33541122495883824,-0.43963980988396056,1,320.0,230.0,224.64475743814202,-0.43963980988396056
15.834378004074097,1.564000129699707,-95.12134529932948,-50.953902293989415,0.33517030496873973,-0.43953362518424277,1,320.0,231.0,224.87865470067052,-0.43953362518424277
15.843761205673218,1.5500000715255737,-94.2689976641491,-50.23276874266769,0.3343420873193723,-0.4371541348685215,1,320.0,231.0,225.73100233585092,-0.4371541348685215
15.853283643722534,1.5500000715255737,-94.03086090405391,-49.93268979240196,0.33410190343481855,-0.4370451375447448,1,320.0,231.0,225.9691390959461,-0.4370451375447448
15.863932132720947,1.53000009059906,-93.79272414395872,-49.401555058570274,0.33413067742042263,-0.43625061298685436,1,320.0,231.0,226.2072758560413,-0.43625061298685436
15.874107360839844,1.53000009059906,-93.55458738386353,-49.101476108304546,0.3338952482886245,-0.4361456639834571,1,320.0,233.0,226.44541261613648,-0.4361456639834571
15.883502006530762,1.5170000791549683,-92.65427838119238,-48.42935917952132,0.3332409633136157,-0.4337725913786894,1,320.0,233.0,227.3457216188076,-0.4337725913786894
15.893196821212769,1.5170000791549683,-92.41160209680805,-48.12778436412298,0.3330064533790307,-0.4336644069814067,1,320.0,233.0,227.58839790319195,-0.4336644069814067
15.90372633934021,1.4970000982284546,-92.16892581242372,-47.58369323954506,0.33308068788389367,-0.43292586207618255,1,320.0,233.0,227.8310741875763,-0.43292586207618255
15.913630247116089,1.4970000982284546,-91.92624952803939,-47.28211842414672,0.3328509409409545,-0.43282180317110575,1,320.0,234.0,228.0737504719606,-0.43282180317110575
15.923298358917236,1.4840000867843628,-91.08491458170363,-46.84555996789598,0.3329019175192341,-0.4307145392268284,1,320.0,234.0,228.91508541829637,-0.4307145392268284
15.933865547180176,1.4840000867843628,-90.83813393191456,-46.54416739176986,0.3326751634492575,-0.4306079642469171,1,320.0,234.0,229.16186606808543,-0.4306079642469171
15.943504810333252,1.4640001058578491,-90.59135328212548,-45.98792365130642,0.33278400529344787,-0.42992309583048516,1,320.0,234.0,229.40864671787452,-0.42992309583048516
15.953254699707031,1.4640001058578491,-90.34457263233641,-45.6865310751803,0.33256199261477026,-0.4298207161169133,1,320.0,235.0,229.6554273676636,-0.4298207161169133
15.963652610778809,1.4500000476837158,-89.55791957806402,-45.14570524412193,0.3324394568712281,-0.4279275225189605,1,320.0,235.0,230.442080421936,-0.4279275225189605
15.973229169845581,1.4500000476837158,-89.30743738475967,-44.84392641941292,0.33222003286299373,-0.4278235255794546,1,320.0,235.0,230.69256261524032,-0.4278235255794546
15.98390507698059,1.4300000667572021,-89.05695519145532,-44.27357679510026,0.33236803305099394,-0.4271904252835858,1,320.0,235.0,230.9430448085447,-0.4271904252835858
15.993603944778442,1.4300000667572021,-88.80647299815097,-43.97179797039125,0.33215333642082423,-0.4270906865365885,1,320.0,237.0,231.19352700184902,-0.4270906865365885
16.00340986251831,1.4170000553131104,-87.96948326511873,-43.56211351790073,0.3323641426784581,-0.4251927750078983,1,320.0,237.0,232.03051673488127,-0.4251927750078983
16.013901472091675,1.4170000553131104,-87.71497957237673,-43.26082322352684,0.3321527506966872,-0.4250909675769351,1,320.0,237.0,232.28502042762327,-0.4250909675769351
16.023549795150757,1.3970000743865967,-87.46047587963474,-42.67655846919273,0.3323339144021613,-0.424512087791158,1,320.0,237.0,232.53952412036526,-0.424512087791158
16.03439712524414,1.3970000743865967,-87.20597218689275,-42.37526817481884,0.33212721988795824,-0.42441460691811717,1,320.0,238.0,232.79402781310725,-0.42441460691811717
16.04372811317444,1.3840000629425049,-86.42563337711933,-42.070913126894126,0.3326311953957376,-0.4227510345023654,1,320.0,238.0,233.5743666228807,-0.4227510345023654
16.05322003364563,1.3840000629425049,-86.1675240267065,-41.770897057190226,0.33242863751682133,-0.4226521171063945,1,320.0,238.0,233.8324759732935,-0.4226521171063945
16.063661575317383,1.3640000820159912,-85.90941467629368,-41.1723122678967,0.3326378804516843,-0.42212517141276695,1,320.0,238.0,234.0905853237063,-0.42212517141276695
16.073403120040894,1.3640000820159912,-85.65130532588086,-40.8722961981928,0.33243997498715133,-0.42203064187083,1,320.0,240.0,234.34869467411914,-0.42203064187083
16.084065437316895,1.3510000705718994,-84.82239334345208,-40.56022293740685,0.33295233548617975,-0.42034512049317596,1,320.0,240.0,235.17760665654794,-0.42034512049317596
16.093589782714844,1.3510000705718994,-84.56036982654841,-40.26149185826622,0.3327585075545365,-0.42024897901653924,1,320.0,240.0,235.43963017345158,-0.42024897901653924
16.10304594039917,1.3310000896453857,-84.29834630964474,-39.64727226928165,0.33299598683143633,-0.41977659552139057,1,320.0,240.0,235.70165369035527,-0.41977659552139057
16.11359167098999,1.3310000896453857,-84.03632279274107,-39.34854119014102,0.3328067640896758,-0.41968490843954354,1,320.0,241.0,235.9636772072589,-0.41968490843954354
16.12310528755188,1.318000078201294,-83.26562170879426,-39.12817740029361,0.33355022097795134,-0.41822512228471576,1,320.0,241.0,236.73437829120576,-0.41822512228471576
16.133860111236572,1.318000078201294,-83.00010990341224,-38.83143007080881,0.333365728784333,-0.418132433772005,1,320.0,241.0,236.99989009658776,-0.418132433772005
16.14337468147278,1.2990000247955322,-82.73459809803022,-38.21776600103969,0.3336044923582625,-0.41772856982974904,1,320.0,241.0,237.26540190196977,-0.41772856982974904
16.15388798713684,1.2990000247955322,-82.4690862926482,-37.92101867155489,0.33342427276265346,-0.41764012952010426,1,320.0,241.0,237.5309137073518,-0.41764012952010426
16.163411617279053,1.2860000133514404,-81.85319561772369,-37.78141598193524,0.3343549392116791,-0.4165974789118987,1,320.0,241.0,238.14680438227631,-0.4165974789118987
16.173927545547485,1.2860000133514404,-81.58528098599848,-37.487275604303534,0.3341799757843399,-0.41650927592926457,1,320.0,241.0,238.41471901400152,-0.41650927592926457
16.18345618247986,1.2670000791549683,-81.31736635427328,-36.857792624470235,0.33443735516311296,-0.41614823655818406,1,320.0,241.0,238.68263364572672,-0.41614823655818406
16.193182706832886,1.2670000791549683,-81.04945172254807,-36.56365224683853,0.334266594948557,-0.4160643201920279,1,320.0,243.0,238.95054827745193,-0.4160643201920279
16.204033136367798,1.2540000677108765,-80.37254549619307,-36.393196409935086,0.3351384696799362,-0.41496285422666357,1,320.0,243.0,239.62745450380692,-0.41496285422666357
16.213497638702393,1.2540000677108765,-80.10182600019566,-36.10152382772172,0.33497270081893954,-0.41487888444735116,1,320.0,243.0,239.89817399980433,-0.41487888444735116
16.222999095916748,1.2350000143051147,-79.83110650419825,-35.454423208015854,0.33524978126801736,-0.41456363452225686,1,320.0,243.0,240.16889349580174,-0.41456363452225686
16.233951091766357,1.2350000143051147,-79.56038700820083,-35.16275062580249,0.3350881460418569,-0.4144839962693384,1,320.0,245.0,240.43961299179915,-0.4144839962693384
16.243356466293335,1.2230000495910645,-78.82907541840169,-35.0816307891122,0.3360825704414361,-0.41335997840670197,1,320.0,245.0,241.1709245815983,-0.41335997840670197
16.253849983215332,1.2230000495910645,-78.55519709870292,-34.7929866337586,0.3359260701827519,-0.4132797971636259,1,320.0,245.0,241.44480290129707,-0.4132797971636259
16.263192892074585,1.2040001153945923,-78.28131877900415,-34.12768989875798,0.33621888327232646,-0.4130127827104853,1,320.0,245.0,241.71868122099585,-0.4130127827104853
16.273975372314453,1.2040001153945923,-78.00744045930539,-33.839045743404384,0.33606643632226463,-0.4129369835025023,1,320.0,246.0,241.99255954069463,-0.4129369835025023
16.28346061706543,1.1920000314712524,-77.32881900354715,-33.81926090895831,0.3371730721267962,-0.411988690780404,1,320.0,246.0,242.67118099645285,-0.411988690780404
16.294047355651855,1.1920000314712524,-77.05216481833881,-33.53414120943273,0.33702607049756556,-0.4119128243227607,1,320.0,246.0,242.9478351816612,-0.4119128243227607
16.303455352783203,1.1730000972747803,-76.77551063313047,-32.8491821163677,0.3373315341404396,-0.4116919160624439,1,320.0,246.0,243.22448936686953,-0.4116919160624439
16.31408429145813,1.1730000972747803,-76.49885644792212,-32.56406241684213,0.3371884946485492,-0.411620476053559,1,320.0,247.0,243.50114355207788,-0.411620476053559
16.323713064193726,1.1610000133514404,-75.86882632623522,-32.495122891133676,0.33819634763820844,-0.4108293017379272,1,320.0,247.0,244.13117367376478,-0.4108293017379272
16.3331515789032,1.1610000133514404,-75.58974852050748,-32.21327148645281,0.3380583637631809,-0.41075821592739586,1,320.0,247.0,244.4102514794925,-0.41075821592739586
16.343989610671997,1.1430000066757202,-75.31067071477975,-31.90944176664882,0.33859935810361985,-0.4105869695160731,1,320.0,247.0,244.68932928522025,-0.4105869695160731
16.353460788726807,1.1430000066757202,-75.03159290905201,-31.627590361967954,0.33846556903407143,-0.4105200698744907,1,320.0,248.0,244.968407090948,-0.4105200698744907
16.36305594444275,1.13100004196167,-74.44633230539566,-31.888338001400072,0.33973101658188176,-0.4098680219067628,1,320.0,248.0,245.55366769460434,-0.4098680219067628
16.37346363067627,1.13100004196167,-74.16515451572722,-31.61020806404717,0.3396029318918373,-0.4098018464414569,1,320.0,248.0,245.83484548427276,-0.4098018464414569
16.383188009262085,1.1130000352859497,-73.88397672605879,-31.33207812669427,0.34016203757370966,-0.40967063765794276,1,320.0,248.0,246.1160232739412,-0.40967063765794276
16.39352035522461,1.1130000352859497,-73.60279893639036,-31.05394818934137,0.34003812483458223,-0.40960867986135896,1,320.0,250.0,246.39720106360966,-0.40960867986135896
16.403342962265015,1.1019999980926514,-72.95774845375274,-31.376352981535796,0.3413224347314083,-0.4089178023467165,1,320.0,250.0,247.04225154624726,-0.4089178023467165
16.413761854171753,1.1019999980926514,-72.67407497133058,-31.10234193027093,0.3412041335919649,-0.4088560420232964,1,320.0,250.0,247.32592502866942,-0.4088560420232964
16.423306465148926,1.0840001106262207,-72.39040148890842,-30.828330879006067,0.341763556971176,-0.40876735979940493,1,320.0,250.0,247.60959851109158,-0.40876735979940493
16.434468507766724,1.0840001106262207,-72.10672800648626,-30.554319827741203,0.3416493659666661,-0.4087098545462984,1,320.0,251.0,247.89327199351374,-0.4087098545462984
16.443947792053223,1.0720000267028809,-71.50928369568807,-30.83030722344472,0.34284830262390686,-0.4081533715412756,1,320.0,251.0,248.49071630431195,-0.4081533715412756
16.45341157913208,1.0720000267028809,-71.2234581267909,-30.560068492969293,0.34273956616559825,-0.4080967144954243,1,320.0,251.0,248.7765418732091,-0.4080967144954243
16.46346950531006,1.0550000667572021,-70.93763255789374,-30.289829762493866,0.3432640103549334,-0.40804844760476977,1,320.0,251.0,249.06236744210628,-0.40804844760476977
16.474131107330322,1.0550000667572021,-70.65180698899657,-30.01959103201844,0.3431590572280272,-0.40799579210543446,1,320.0,252.0,249.34819301100345,-0.40799579210543446
16.48410964012146,1.0440000295639038,-70.09815624534167,-30.353357073993806,0.344362516885358,-0.40755877520870515,1,320.0,252.0,249.90184375465833,-0.40755877520870515
16.493557929992676,1.0440000295639038,-69.81049370170834,-30.087261126244137,0.34426289157360473,-0.40750700251701677,1,320.0,252.0,250.18950629829166,-0.40750700251701677
16.503756999969482,1.027000069618225,-69.52283115807501,-29.821165178494468,0.3447868136177249,-0.4074954759164251,1,320.0,252.0,250.477168841925,-0.4074954759164251
16.513530015945435,1.027000069618225,-69.23516861444168,-29.5550692307448,0.3446909136385818,-0.40744773048882543,1,320.0,253.0,250.76483138555832,-0.40744773048882543
16.523855447769165,1.0160000324249268,-68.72176004447766,-29.93989397941835,0.34591698751728756,-0.4071156393235577,1,320.0,253.0,251.27823995552234,-0.4071156393235577
16.533421277999878,1.0160000324249268,-68.43254912724773,-29.678262643676298,0.3458265031335268,-0.40706905530458026,1,320.0,253.0,251.56745087275226,-0.40706905530458026
16.544006824493408,0.999000072479248,-68.14333821001779,-29.416631307934246,0.34634747530582805,-0.40709274695128234,1,320.0,253.0,251.8566617899822,-0.40709274695128234
16.553678274154663,0.999000072479248,-67.85412729278785,-29.154999972192194,0.34626065375028825,-0.407050211873562,1,320.0,255.0,252.14587270721216,-0.407050211873562
16.563907623291016,0.9880000352859497,-67.27665688077592,-29.4836985629654,0.34735805141081033,-0.40667704218771805,1,320.0,255.0,252.72334311922407,-0.40667704218771805
16.573466062545776,0.9880000352859497,-66.98546880075988,-29.226116281576665,0.347276190422826,-0.4066354205975965,1,320.0,255.0,253.01453119924014,-0.4066354205975965
16.584555625915527,0.9720000624656677,-66.69428072074383,-28.96853400018793,0.34747736060227213,-0.4066421843549621,1,320.0,255.0,253.30571927925615,-0.4066421843549621
16.59360647201538,0.9720000624656677,-66.40309264072779,-28.710951718799194,0.34739678753478376,-0.4066020187155155,1,320.0,256.0,253.59690735927222,-0.4066020187155155
16.60336923599243,0.9610000252723694,-65.86919810609143,-28.987550323694194,0.3480127103550281,-0.4062447860527034,1,320.0,256.0,254.13080189390857,-0.4062447860527034
16.6136794090271,0.9610000252723694,-65.57634530038084,-28.73363199367553,0.3479339300046097,-0.40620258122391295,1,320.0,256.0,254.42365469961916,-0.40620258122391295
16.623165369033813,0.9450000524520874,-65.28349249467024,-28.479713663656867,0.3478547687766962,-0.4061599371159138,1,320.0,256.0,254.71650750532976,-0.4061599371159138
16.634380102157593,0.9450000524520874,-64.99063968895965,-28.225795333638203,0.34777522667128763,-0.4061168537287062,1,320.0,258.0,255.00936031104035,-0.4061168537287062
16.643115997314453,0.9340000152587891,-64.39573922816133,-28.454060574481296,0.34832435307205406,-0.4056792842661034,1,320.0,258.0,255.60426077183865,-0.4056792842661034
16.653904676437378,0.9340000152587891,-64.10081466536522,-28.203449561081804,0.3482463649599639,-0.40563387169795934,1,320.0,258.0,255.89918533463478,-0.40563387169795934
16.663361072540283,0.9180000424385071,-63.805890102569116,-27.952838547682312,0.3481680009313537,-0.40558801674297107,1,320.0,258.0,256.1941098974309,-0.40558801674297107
16.674440145492554,0.9180000424385071,-63.51096553977301,-27.70222753428282,0.3480892609862234,-0.4055417194011386,1,320.0,259.0,256.489034460227,-0.4055417194011386
16.6832857131958,0.9070000648498535,-62.96243896497522,-27.885682113248976,0.34857642178192805,-0.4051641335925592,1,320.0,259.0,257.0375610350248,-0.4051641335925592
16.69408631324768,0.9070000648498535,-62.66577492958641,-27.638048383804737,0.34849901466437055,-0.4051157335179669,1,320.0,259.0,257.3342250704136,-0.4051157335179669
16.70388889312744,0.8910000324249268,-62.369110894197604,-27.390414654360498,0.34842123609621883,-0.4050668884473216,1,320.0,259.0,257.6308891058024,-0.4050668884473216
16.713465452194214,0.8910000324249268,-62.072446858808796,-27.14278092491626,0.348343086077473,-0.4050175983806232,1,320.0,261.0,257.9275531411912,-0.4050175983806232
16.723800897598267,0.8810000419616699,-61.465472038724954,-27.284718352577066,0.34877279519281434,-0.40456303501202256,1,320.0,261.0,258.53452796127505,-0.40456303501202256
16.733241081237793,0.8810000419616699,-61.166679556144324,-27.03975672373729,0.3486957732460569,-0.40451136463971804,1,320.0,261.0,258.83332044385565,-0.40451136463971804
16.744001388549805,0.8650000691413879,-60.86788707356369,-26.794795094897516,0.3486183838568561,-0.4044592460786897,1,320.0,261.0,259.1321129264363,-0.4044592460786897
16.75354838371277,0.8650000691413879,-60.56909459098306,-26.54983346605774,0.34854062702521216,-0.40440667932893754,1,320.0,263.0,259.43090540901693,-0.40440667932893754
16.763781785964966,0.8550000190734863,-59.90983050400399,-26.552333886490878,0.3487853395861168,-0.4038833962737527,1,320.0,263.0,260.090169495996,-0.4038833962737527
16.773215770721436,0.8550000190734863,-59.60856551276344,-26.309069623136658,0.3487080363441415,-0.40382820192622637,1,320.0,263.0,260.39143448723655,-0.40382820192622637
16.78394651412964,0.8390000462532043,-59.30730052152289,-26.065805359782438,0.3486303682057712,-0.4037725556812132,1,320.0,263.0,260.6926994784771,-0.4037725556812132
16.793917179107666,0.8390000462532043,-59.00603553028234,-25.822541096428218,0.34855233517100576,-0.40371645753871316,1,320.0,265.0,260.99396446971764,-0.40371645753871316
16.803334951400757,0.8290000557899475,-58.3001683171497,-25.799196178223134,0.3487608422855778,-0.40313206662644346,1,320.0,265.0,261.6998316828503,-0.40313206662644346
16.813743352890015,0.8290000557899475,-57.996128118388796,-25.55744036387761,0.34868313565523773,-0.40307312152321584,1,320.0,265.0,262.0038718816112,-0.40307312152321584
16.823423147201538,0.8140000104904175,-57.692087919627895,-25.315684549532087,0.3486050663911762,-0.40301372035969,1,320.0,265.0,262.3079120803721,-0.40301372035969
16.834460258483887,0.8140000104904175,-57.38804772086699,-25.073928735186563,0.34852663449339316,-0.40295386313586606,1,320.0,267.0,262.611952279133,-0.40295386313586606
16.843402862548828,0.8040000200271606,-56.64082235200283,-24.925704504162788,0.3485698605588961,-0.40231537382691557,1,320.0,267.0,263.35917764799717,-0.40231537382691557
16.853816747665405,0.8040000200271606,-56.33374230019673,-24.68459023264758,0.3484911525939178,-0.40225247601549896,1,320.0,267.0,263.6662576998033,-0.40225247601549896
16.86357307434082,0.7890000343322754,-56.026662248390636,-24.44347596113237,0.3483754177435905,-0.402105077590632,1,320.0,267.0,263.9733377516094,-0.402105077590632
16.8736355304718,0.7890000343322754,-55.71958219658454,-24.202361689617163,0.3482596828932632,-0.4019576791657651,1,320.0,267.0,264.28041780341545,-0.4019576791657651
16.88406467437744,0.7790000438690186,-55.41250214477844,-23.961247418101955,0.3481439480429359,-0.4018102807408982,1,320.0,269.0,264.58749785522156,-0.4018102807408982
16.893671989440918,0.7790000438690186,-54.64939090463875,-23.724138217948557,0.3480334307692888,-0.40106879110547916,1,320.0,269.0,265.3506090953613,-0.40106879110547916
16.903774738311768,0.7640000581741333,-54.33918421749805,-23.483051405953574,0.3479177090995312,-0.40091989189565164,1,320.0,269.0,265.66081578250197,-0.40091989189565164
16.913357973098755,0.7640000581741333,-54.02897753035735,-23.241964593958592,0.3478019874297736,-0.4007709926858241,1,320.0,271.0,265.97102246964266,-0.4007709926858241
16.92371702194214,0.7540000081062317,-53.21258552200276,-22.875869419302553,0.3475234274145211,-0.39996272654673154,1,320.0,271.0,266.78741447799723,-0.39996272654673154
16.933123111724854,0.7540000081062317,-52.89890885173638,-22.633925654545756,0.34740729440743784,-0.39981216174500367,1,320.0,271.0,267.1010911482636,-0.39981216174500367
16.944316387176514,0.7390000224113464,-52.58523218147,-22.39198188978896,0.34729116140035454,-0.3996615969432758,1,320.0,271.0,267.41476781853,-0.3996615969432758
16.954747915267944,0.7390000224113464,-52.271555511203616,-22.15003812503216,0.3471750283932713,-0.39951103214154793,1,320.0,271.0,267.7284444887964,-0.39951103214154793
16.964463472366333,0.7300000190734863,-51.957878840937234,-21.908094360275363,0.34705889538618806,-0.39936046733982006,1,320.0,274.0,268.0421211590628,-0.39936046733982006
16.973186492919922,0.7300000190734863,-51.03024585611511,-21.36647298483151,0.3465524576870784,-0.398410276467526,1,320.0,274.0,268.96975414388487,-0.398410276467526
16.983100414276123,0.7150000333786011,-50.7123614605189,-21.12247539141724,0.34643533884223954,-0.3982576919576398,1,320.0,274.0,269.2876385394811,-0.3982576919576398
16.993780851364136,0.7150000333786011,-50.39447706492269,-20.87847779800297,0.34631821999740064,-0.3981051074477537,1,320.0,277.0,269.6055229350773,-0.3981051074477537
17.004114151000977,0.706000030040741,-49.334195975396554,-20.14468684167077,0.3455632118708192,-0.3969856521517102,1,320.0,277.0,270.66580402460346,-0.3969856521517102
17.01355767250061,0.706000030040741,-49.01122391002475,-19.897332677693647,0.3454444818721102,-0.3968306255603318,1,320.0,277.0,270.98877608997526,-0.3968306255603318
17.02323627471924,0.6910000443458557,-48.68825184465295,-19.649978513716526,0.34532575187340114,-0.3966755989689533,1,320.0,277.0,271.31174815534706,-0.3966755989689533
17.03417992591858,0.6910000443458557,-48.36527977928115,-19.402624349739405,0.34520702187469215,-0.3965205723775749,1,320.0,280.0,271.63472022071886,-0.3965205723775749
17.04330325126648,0.6820000410079956,-47.20175091518463,-18.51192416879065,0.34425029281220243,-0.3952706671488785,1,320.0,280.0,272.7982490848154,-0.3952706671488785
17.05363893508911,0.6820000410079956,-46.87301708836341,-18.260160063349907,0.34412944604159085,-0.39511287491200425,1,320.0,280.0,273.12698291163656,-0.39511287491200425
17.063401699066162,0.6680000424385071,-46.54428326154219,-18.008395957909165,0.3440085992709793,-0.3949550826751301,1,320.0,280.0,273.4557167384578,-0.3949550826751301
17.07427215576172,0.6680000424385071,-46.21554943472097,-17.756631852468423,0.34388775250036774,-0.3947972904382559,1,320.0,280.0,273.78445056527903,-0.3947972904382559
17.08355140686035,0.659000039100647,-45.88681560789975,-17.50486774702768,0.3437669057297562,-0.3946394982013817,1,320.0,283.0,274.11318439210027,-0.3946394982013817
17.09300708770752,0.659000039100647,-44.64362242814889,-16.48084766075295,0.34264026404477566,-0.39329070377171066,1,320.0,283.0,275.3563775718511,-0.39329070377171066
17.103824138641357,0.6450000405311584,-44.30862142046608,-16.223790954949138,0.34251687682598986,-0.39312990328802294,1,320.0,283.0,275.69137857953393,-0.39312990328802294
17.11349892616272,0.6450000405311584,-43.973620412783276,-15.966734249145325,0.342393489607204,-0.39296910280433517,1,320.0,283.0,276.02637958721675,-0.39296910280433517
17.124247789382935,0.6360000371932983,-43.63861940510047,-15.709677543341513,0.3422701023884182,-0.39280830232064745,1,320.0,286.0,276.3613805948995,-0.39280830232064745
17.134019136428833,0.6360000371932983,-42.3145291162598,-14.45623976074819,0.3408493324228766,-0.3913596137003142,1,320.0,286.0,277.6854708837402,-0.3913596137003142
17.143859148025513,0.6220000386238098,-41.97275206456291,-14.192357056361907,0.3407226687247712,-0.3911955607154997,1,320.0,286.0,278.0272479354371,-0.3911955607154997
17.154128313064575,0.6220000386238098,-41.630975012866024,-13.928474351975623,0.34059600502666576,-0.3910315077306852,1,320.0,286.0,278.36902498713397,-0.3910315077306852
17.1632399559021,0.6130000352859497,-41.28919796116914,-13.66459164758934,0.3404693413285603,-0.3908674547458707,1,320.0,290.0,278.7108020388309,-0.3908674547458707
17.17379117012024,0.6130000352859497,-39.791698999678296,-12.206556428357587,0.33878804879659125,-0.3891988044985146,1,320.0,290.0,280.2083010003217,-0.3891988044985146
17.184338331222534,0.6000000238418579,-39.4420065250994,-11.934495093748488,0.3386574593559789,-0.3890309521107167,1,320.0,290.0,280.5579934749006,-0.3890309521107167
17.193939685821533,0.6000000238418579,-39.09231405052051,-11.66243375913939,0.3385268699153665,-0.3888630997229188,1,320.0,290.0,280.9076859494795,-0.3888630997229188
17.203166007995605,0.5910000205039978,-38.74262157594161,-11.390372424530291,0.3383962804747542,-0.38869524733512095,1,320.0,294.0,281.2573784240584,-0.38869524733512095
17.21370244026184,0.5910000205039978,-37.091071508020406,-9.750275641747084,0.3364849004047051,-0.38683274894514585,1,320.0,294.0,282.9089284919796,-0.38683274894514585
17.223137855529785,0.578000009059906,-36.73246441379674,-9.468846527018705,0.33634981442963546,-0.3866606175399185,1,320.0,294.0,283.2675355862033,-0.3866606175399185
17.23430848121643,0.578000009059906,-36.37385731957308,-9.187417412290326,0.3362147284545658,-0.3864884861346911,1,320.0,294.0,283.62614268042694,-0.3864884861346911
17.24345898628235,0.5700000524520874,-36.01525022534941,-8.905988297561947,0.3360796424794962,-0.38631635472946374,1,320.0,299.0,283.9847497746506,-0.38631635472946374
17.254072427749634,0.5700000524520874,-34.12528375478316,-7.002356158980859,0.33383306669639523,-0.3841509773075318,1,320.0,299.0,285.87471624521686,-0.3841509773075318
17.263428211212158,0.5570000410079956,-33.756191714592326,-6.709820107947632,0.3336926493918993,-0.3839738131282402,1,320.0,299.0,286.2438082854077,-0.3839738131282402
17.274287939071655,0.5570000410079956,-33.38709967440149,-6.417284056914404,0.33355223208740337,-0.3837966489489486,1,320.0,299.0,286.6129003255985,-0.3837966489489486
17.283517122268677,0.5480000376701355,-33.018007634210655,-6.124748005881177,0.3334118147829074,-0.38361948476965696,1,320.0,304.0,286.9819923657893,-0.38361948476965696
17.293978214263916,0.5480000376701355,-30.915903352460276,-3.884661858307471,0.33073652299661915,-0.3811866823320395,1,320.0,304.0,289.0840966475397,-0.3811866823320395
17.303680896759033,0.5360000133514404,-30.53494637574963,-3.5787920536454685,0.33058970549038136,-0.3810038229832184,1,320.0,304.0,289.46505362425034,-0.3810038229832184
17.314165115356445,0.5360000133514404,-30.153989399038984,-3.272922248983466,0.3304428879841436,-0.38082096363439727,1,320.0,304.0,289.846010600961,-0.38082096363439727
17.323938131332397,0.5270000100135803,-29.77303242232834,-2.967052444321464,0.3302960704779059,-0.38063810428557615,1,320.0,309.0,290.22696757767164,-0.38063810428557615
17.333786010742188,0.5270000100135803,-27.482795865129052,-0.42706064317359704,0.32724140819972136,-0.3779702021973517,1,320.0,309.0,292.51720413487095,-0.3779702021973517
17.343855142593384,0.51500004529953,-27.08876731724533,-0.10589528673131454,0.32708724882862905,-0.37778106849436754,1,320.0,309.0,292.91123268275464,-0.37778106849436754
17.353736400604248,0.51500004529953,-26.69473876936161,0.21527006971096796,0.3269330894575368,-0.3775919347913833,1,320.0,309.0,293.3052612306384,-0.3775919347913833
17.364574193954468,0.5070000290870667,-26.30071022147789,0.5364354261532505,0.3267789300864445,-0.37740280108839913,1,320.0,314.0,293.6992897785221,-0.37740280108839913
17.373863220214844,0.5070000290870667,-23.844297632156284,3.342896352225793,0.3233899619534801,-0.37452931142827584,1,320.0,314.0,296.15570236784373,-0.37452931142827584
17.38404870033264,0.5070000290870667,-23.436148987462158,3.6810772660718207,0.323227635114834,-0.37433340007882265,1,320.0,314.0,296.56385101253784,-0.37433340007882265
17.393948316574097,0.49500003457069397,-23.02800034276803,4.019258179917848,0.3230653082761879,-0.37413748872936947,1,320.0,314.0,296.97199965723195,-0.37413748872936947
17.404728651046753,0.49500003457069397,-22.619851698073905,4.357439093763876,0.3229029814375418,-0.3739415773799163,1,320.0,320.0,297.3801483019261,-0.3739415773799163
17.41383695602417,0.4870000183582306,-19.91586533359146,7.501245563744153,0.3190887962239667,-0.370757357706084,1,320.0,320.0,300.08413466640854,-0.370757357706084
17.42354917526245,0.4870000183582306,-19.49199747040666,7.858636128490051,0.3189172487528887,-0.37055390113175524,1,320.0,320.0,300.50800252959334,-0.37055390113175524
17.4330894947052,0.4740000367164612,-19.06812960722186,8.21602669323595,0.3187457012818107,-0.37035044455742655,1,320.0,320.0,300.93187039277814,-0.37035044455742655
17.443800926208496,0.4740000367164612,-18.64426174403706,8.573417257981848,0.3185741538107326,-0.37014698798309786,1,320.0,327.0,301.35573825596293,-0.37014698798309786
17.45335865020752,0.4660000205039978,-15.619665340570261,12.117953995095336,0.31425396994456356,-0.36655822163869645,1,320.0,327.0,304.38033465942976,-0.36655822163869645
17.463631629943848,0.4660000205039978,-15.177989476795982,12.497167945110856,0.3140719472485561,-0.3663462172240848,1,320.0,327.0,304.822010523204,-0.3663462172240848
17.47334313392639,0.45500001311302185,-14.736313613021704,12.876381895126377,0.31388992455254866,-0.3640000104904175,1,320.0,327.0,305.2636863869783,-0.3640000104904175
17.483210802078247,0.45500001311302185,-14.294637749247425,13.255595845141897,0.3137079018565412,-0.3640000104904175,1,320.0,334.0,305.70536225075256,-0.3640000104904175
17.49360203742981,0.44700002670288086,-10.985390542979035,17.156044403264545,0.3089421232603191,-0.35760002136230473,1,320.0,334.0,309.014609457021,-0.35760002136230473
17.503504991531372,0.44700002670288086,-10.524077865968415,17.55937138068276,0.30874852631115834,-0.35760002136230473,1,320.0,334.0,309.4759221340316,-0.35760002136230473
17.514255046844482,0.4350000321865082,-10.062765188957796,17.962698358100972,0.3085549293619976,-0.3480000257492066,1,320.0,334.0,309.93723481104223,-0.3480000257492066
17.523963689804077,0.4270000159740448,-9.601452511947176,18.366025335519186,0.30836133241283686,-0.34160001277923585,1,320.0,342.0,310.3985474880528,-0.34160001277923585
17.533377647399902,0.4270000159740448,-5.939277327519678,22.885105093025356,0.3028097490532636,-0.34160001277923585,1,320.0,342.0,314.0607226724803,-0.34160001277923585
17.543782472610474,0.4150000214576721,-5.456043432633275,23.316618946076655,0.3026026224037989,-0.3320000171661377,1,320.0,342.0,314.5439565673667,-0.3320000171661377
17.55360198020935,0.4150000214576721,-4.972809537746873,23.748132799127955,0.30239549575433433,-0.3320000171661377,1,320.0,342.0,315.02719046225315,-0.3320000171661377
17.56361436843872,0.4150000214576721,-4.48957564286047,24.179646652179255,0.3021883691048697,-0.3320000171661377,1,320.0,352.0,315.5104243571395,-0.3320000171661377
17.573153257369995,0.40800002217292786,-0.31217090741611087,29.249970638247284,0.29594194564704923,-0.3264000177383423,1,320.0,352.0,319.6878290925839,-0.3264000177383423
17.58381676673889,0.40800002217292786,0.19636517765386796,29.713256724169483,0.2957195683258066,-0.3264000177383423,1,320.0,352.0,320.1963651776539,-0.3264000177383423
17.59345507621765,0.3960000276565552,0.7049012627238468,30.176542810091682,0.2954971910045639,-0.31680002212524416,1,320.0,352.0,320.70490126272387,-0.31680002212524416
17.604031801223755,0.3960000276565552,1.2134373477938256,30.63982889601388,0.29527481368332126,-0.31680002212524416,1,320.0,362.0,321.21343734779384,-0.31680002212524416
17.61347246170044,0.3890000283718109,5.84946605065226,36.30062890061851,0.28828531915371414,-0.31120002269744873,1,320.0,362.0,325.84946605065227,-0.31120002269744873
17.623796939849854,0.37700000405311584,6.386275156308974,36.79951757426902,0.2880458525903619,-0.3016000032424927,1,320.0,362.0,326.38627515630895,-0.3016000032424927
17.633302211761475,0.37700000405311584,6.9230842619656885,37.29840624791952,0.2878063860270097,-0.3016000032424927,1,320.0,362.0,326.9230842619657,-0.3016000032424927
17.64328956604004,0.37700000405311584,7.459893367622403,37.79729492157003,0.2875669194636574,-0.3016000032424927,1,320.0,374.0,327.4598933676224,-0.3016000032424927
17.653705596923828,0.3700000047683716,12.704803051961942,44.18409854189635,0.27966093808666154,-0.29600000381469727,1,320.0,374.0,332.70480305196196,-0.29600000381469727
17.663818359375,0.3700000047683716,13.273865642183363,44.72332317920718,0.27940211026075235,-0.29600000381469727,1,320.0,374.0,333.27386564218335,-0.29600000381469727
17.673447132110596,0.359000027179718,13.842928232404784,45.26254781651801,0.2791432824348431,-0.2872000217437744,1,320.0,374.0,333.8429282324048,-0.2872000217437744
17.684316635131836,0.359000027179718,14.411990822626205,45.801772453828846,0.2788844546089339,-0.2872000217437744,1,320.0,389.0,334.4119908226262,-0.2872000217437744
17.693846702575684,0.35100001096725464,20.501685581362015,53.136934555228564,0.2697762257267658,-0.28080000877380373,1,320.0,389.0,340.50168558136204,-0.28080000877380373
17.70382595062256,0.35100001096725464,21.108571883955868,53.722720451485195,0.2694950484965626,-0.28080000877380373,1,320.0,389.0,341.10857188395585,-0.28080000877380373
17.71350407600403,0.3400000035762787,21.71545818654972,54.30850634774183,0.26921387126635943,-0.27200000286102294,1,320.0,389.0,341.7154581865497,-0.27200000286102294
17.72354531288147,0.3400000035762787,22.322344489143575,54.89429224399847,0.2689326940361562,-0.27200000286102294,1,320.0,405.0,342.3223444891436,-0.27200000286102294
17.7330322265625,0.3330000042915344,29.266439476640095,63.174969537053734,0.25863090365497166,-0.26640000343322756,1,320.0,405.0,349.2664394766401,-0.26640000343322756
17.7437481880188,0.3330000042915344,29.916748455156235,63.81348097731469,0.2583244181636464,-0.26640000343322756,1,320.0,405.0,349.9167484551562,-0.26640000343322756
17.753450870513916,0.32200002670288086,30.567057433672375,64.45199241757564,0.2576000213623047,-0.2576000213623047,1,320.0,405.0,350.5670574336724,-0.2576000213623047
17.763224124908447,0.32200002670288086,31.217366412188515,65.09050385783661,0.2576000213623047,-0.2576000213623047,1,320.0,424.0,351.21736641218854,-0.2576000213623047
17.773728370666504,0.3150000274181366,39.22507274251675,74.51445854524545,0.24596349428042635,-0.25200002193450927,1,320.0,424.0,359.2250727425168,-0.25200002193450927
17.78325605392456,0.3150000274181366,39.92579957514625,75.2131737742615,0.24562811097049864,-0.25200002193450927,1,320.0,424.0,359.92579957514624,-0.25200002193450927
17.793828010559082,0.30400002002716064,40.62652640777575,75.91188900327757,0.24320001602172853,-0.24320001602172853,1,320.0,424.0,360.62652640777577,-0.24320001602172853
17.80395770072937,0.30400002002716064,41.32725324040525,76.61060423229364,0.24320001602172853,-0.24320001602172853,1,320.0,,361.32725324040524,-0.24320001602172853
17.81333351135254,0.2970000207424164,42.02798007303475,77.30931946130971,0.23760001659393312,-0.23760001659393312,1,320.0,,362.02798007303477,-0.23760001659393312
17.824158668518066,0.2970000207424164,42.72870690566425,78.00803469032577,0.23760001659393312,-0.23760001659393312,1,320.0,,362.72870690566424,-0.23760001659393312
17.833999633789062,0.28600001335144043,43.429433738293746,78.70674991934183,0.22880001068115235,-0.22880001068115235,1,320.0,,363.42943373829377,-0.22880001068115235
17.844077825546265,0.28600001335144043,44.130160570923245,79.4054651483579,0.22880001068115235,-0.22880001068115235,1,320.0,,364.13016057092324,-0.22880001068115235
17.853532791137695,0.27900001406669617,44.830887403552744,80.10418037737398,0.22320001125335695,-0.22320001125335695,1,320.0,,364.83088740355277,-0.22320001125335695
17.86306118965149,0.27900001406669617,45.53161423618224,80.80289560639004,0.22320001125335695,-0.22320001125335695,1,320.0,,365.53161423618224,-0.22320001125335695
17.87378239631653,0.2680000066757202,46.23234106881174,81.5016108354061,0.21440000534057618,-0.21440000534057618,1,320.0,,366.23234106881176,-0.21440000534057618
17.885504007339478,0.2680000066757202,46.93306790144124,82.20032606442217,0.21440000534057618,-0.21440000534057618,1,320.0,,366.93306790144123,-0.21440000534057618
17.89307737350464,0.26100000739097595,47.63379473407074,82.89904129343824,0.20880000591278078,-0.20880000591278078,1,320.0,,367.63379473407076,-0.20880000591278078
17.90341830253601,0.26100000739097595,48.33452156670024,83.5977565224543,0.20880000591278078,-0.20880000591278078,1,320.0,,368.33452156670023,-0.20880000591278078
17.91404366493225,0.2510000169277191,49.03524839932974,84.29647175147036,0.2008000135421753,-0.2008000135421753,1,320.0,,369.03524839932976,-0.2008000135421753
17.923349618911743,0.2510000169277191,49.73597523195924,84.99518698048644,0.2008000135421753,-0.2008000135421753,1,320.0,,369.73597523195923,-0.2008000135421753
17.93398880958557,0.24400001764297485,50.43670206458874,85.69390220950251,0.1952000141143799,-0.1952000141143799,1,320.0,,370.43670206458876,-0.1952000141143799
17.944048166275024,0.24400001764297485,51.137428897218236,86.39261743851857,0.1952000141143799,-0.1952000141143799,1,320.0,,371.13742889721823,-0.1952000141143799
17.953787088394165,0.2330000102519989,51.838155729847735,87.09133266753463,0.18640000820159913,-0.18640000820159913,1,320.0,,371.83815572984776,-0.18640000820159913
17.963921070098877,0.2330000102519989,52.538882562477234,87.79004789655069,0.18640000820159913,-0.18640000820159913,1,320.0,,372.5388825624772,-0.18640000820159913
17.973554611206055,0.22600001096725464,53.23960939510673,88.48876312556675,0.18080000877380373,-0.18080000877380373,1,320.0,,373.23960939510675,-0.18080000877380373
17.98304271697998,0.22600001096725464,53.94033622773623,89.18747835458281,0.18080000877380373,-0.18080000877380373,1,320.0,,373.9403362277362,-0.18080000877380373
17.993736028671265,0.2160000056028366,54.64106306036573,89.88619358359887,0.1728000044822693,-0.1728000044822693,1,320.0,,374.64106306036575,-0.1728000044822693
18.003843784332275,0.2160000056028366,55.34178989299523,90.58490881261493,0.1728000044822693,-0.1728000044822693,1,320.0,,375.3417898929952,-0.1728000044822693
18.013280868530273,0.20900000631809235,56.04251672562473,91.28362404163099,0.16720000505447388,-0.16720000505447388,1,320.0,,376.04251672562475,-0.16720000505447388
18.023672342300415,0.20900000631809235,56.74324355825423,91.98233927064705,0.16720000505447388,-0.16720000505447388,1,320.0,,376.7432435582542,-0.16720000505447388
18.033283948898315,0.1980000138282776,57.44397039088373,92.6810544996631,0.15840001106262208,-0.15840001106262208,1,320.0,,377.44397039088375,-0.15840001106262208
