time,alt,pos_x_est,pos_y_est,vel_x_cmd,vel_y_cmd,target_visible,setpoint_x,raw_x,filtered_x,cmd_y
9.483425378799438,4.50700044631958,-105.32768502492762,-105.6813229844,0.13972048819880092,-0.141201106123786,1,320.0,221.0,214.67231497507237,-0.141201106123786
9.493732929229736,4.53000020980835,-104.55537209095931,-104.61641611990477,0.13669087092990492,-0.13915059402026295,1,320.0,221.0,215.4446279090407,-0.13915059402026295
9.503627300262451,4.53000020980835,-104.59748786504441,-104.65008172953976,0.13725452007011463,-0.1397241203884903,1,320.0,221.0,215.4025121349556,-0.1397241203884903
9.513605117797852,4.546000003814697,-104.63960363912952,-104.70211217230482,0.13784046716229423,-0.14029785733558808,1,320.0,221.0,215.36039636087048,-0.14029785733558808
9.523185729980469,4.546000003814697,-104.68171941321462,-104.73577778193982,0.13840454478276593,-0.14087180486155626,1,320.0,,215.31828058678536,-0.14087180486155626
9.53362226486206,4.569000244140625,-104.72383518729973,-104.79560993184242,0.13900032141230825,-0.1414459629663949,1,320.0,,215.27616481270027,-0.1414459629663949
9.543291330337524,4.569000244140625,-104.76595096138483,-104.82927554147741,0.13956486652157762,-0.14202033165010394,1,320.0,,215.23404903861518,-0.14202033165010394
9.554133653640747,4.583000183105469,-104.80806673546994,-104.878735136901,0.14014861171177045,-0.14259491091268342,1,320.0,,215.19193326453006,-0.14259491091268342
9.563752889633179,4.583000183105469,-104.85018250955504,-104.912400746536,0.14071357244706512,-0.14316970075413332,1,320.0,223.0,215.14981749044495,-0.14316970075413332
9.573328018188477,4.600000381469727,-103.83435285532835,-103.49798385168683,0.1366126421712427,-0.14036345751756096,1,320.0,223.0,216.16564714467165,-0.14036345751756096
9.583655595779419,4.600000381469727,-103.86944723136087,-103.5219123949176,0.13715896598509425,-0.1409249180049568,1,320.0,223.0,216.13055276863912,-0.1409249180049568
9.593047380447388,4.610000133514404,-103.90454160739338,-103.55697539100198,0.1377188264573505,-0.1414865539642328,1,320.0,223.0,216.09545839260662,-0.1414865539642328
9.603718996047974,4.610000133514404,-103.9396359834259,-103.58090393423277,0.13826544522889858,-0.14204836539538893,1,320.0,222.0,216.0603640165741,-0.14204836539538893
9.613041400909424,4.62000036239624,-103.2098518470909,-102.5181434836118,0.13532467970649506,-0.14017111292161918,1,320.0,222.0,216.7901481529091,-0.14017111292161918
9.623420715332031,4.62000036239624,-103.2398876872254,-102.534811881179,0.13585735584298161,-0.14072335536821673,1,320.0,222.0,216.7601123127746,-0.14072335536821673
9.634257555007935,4.624000072479248,-103.26992352735991,-102.55589997177863,0.13639544105156007,-0.1412757479940149,1,320.0,222.0,216.7300764726401,-0.1412757479940149
9.643888473510742,4.624000072479248,-103.29995936749441,-102.57256836934583,0.13692830597048744,-0.1418282907990138,1,320.0,222.0,216.7000406325056,-0.1418282907990138
9.653796195983887,4.627000331878662,-102.6731873321442,-101.91083905013078,0.1352941808020477,-0.1402892215233046,1,320.0,222.0,217.3268126678558,-0.1402892215233046
9.6632719039917,4.627000331878662,-102.6988888097122,-101.92300876709587,0.1358183995062413,-0.14083355774043482,1,320.0,222.0,217.3011111902878,-0.14083355774043482
9.673914909362793,4.62600040435791,-102.72459028728021,-101.93407578638426,0.1363413503083193,-0.14137802246495282,1,320.0,222.0,217.2754097127198,-0.14137802246495282
9.683576345443726,4.62600040435791,-102.75029176484821,-101.94624550334935,0.13686568519619413,-0.14192261569685866,1,320.0,,217.2497082351518,-0.14192261569685866
9.693407535552979,4.621000289916992,-102.77599324241622,-101.95289378974071,0.1373834276088125,-0.14246733743615234,1,320.0,,217.22400675758377,-0.14246733743615234
9.70395302772522,4.621000289916992,-102.80169471998423,-101.9650635067058,0.13790785658670413,-0.14301218768283386,1,320.0,,217.19830528001577,-0.14301218768283386
9.713311433792114,4.616000175476074,-102.82739619755223,-101.97169940181186,0.13842567815784046,-0.14355716643690322,1,320.0,,217.17260380244778,-0.14355716643690322
9.723851680755615,4.616000175476074,-102.85309767512024,-101.98386911877695,0.13895020116379245,-0.14410227369836046,1,320.0,218.0,217.14690232487976,-0.14410227369836046
9.733233213424683,4.6060004234313965,-102.7679942864543,-101.73542048283532,0.13866880922528568,-0.1442955315807793,1,320.0,218.0,217.2320057135457,-0.1442955315807793
9.743627309799194,4.6060004234313965,-102.79296757061358,-101.74595043087444,0.139190174915087,-0.1448394643596235,1,320.0,218.0,217.2070324293864,-0.1448394643596235
9.753309965133667,4.5980000495910645,-102.81794085477287,-101.74756014671463,0.1397008443748288,-0.14538352200488852,1,320.0,218.0,217.18205914522713,-0.14538352200488852
9.763914585113525,4.5980000495910645,-102.84291413893216,-101.75809009475375,0.1402222707629495,-0.14592770451657433,1,320.0,,217.15708586106786,-0.14592770451657433
9.773304224014282,4.582000255584717,-102.86788742309145,-101.75068381933289,0.14072213665154112,-0.14647201189468093,1,320.0,,217.13211257690855,-0.14647201189468093
9.783944606781006,4.582000255584717,-102.89286070725073,-101.76121376737201,0.14124357865802492,-0.1470164441392083,1,320.0,,217.10713929274925,-0.1470164441392083
9.793586015701294,4.571000099182129,-102.91783399141002,-101.75933674604187,0.14175012291615896,-0.14756100125015653,1,320.0,,217.08216600858998,-0.14756100125015653
9.803426265716553,4.571000099182129,-102.94280727556931,-101.76986669408099,0.14227160818727633,-0.14810568322752551,1,320.0,213.0,217.0571927244307,-0.14810568322752551
9.812974691390991,4.552000045776367,-103.51478524873029,-102.19599908279922,0.1441513113554303,-0.15038237784308017,1,320.0,213.0,216.48521475126972,-0.15038237784308017
9.82338547706604,4.552000045776367,-103.54333435662798,-102.20938691185927,0.14467842368486167,-0.15093435344434056,1,320.0,213.0,216.45666564337202,-0.15093435344434056
9.832895755767822,4.539000034332275,-103.57188346452567,-102.20790411903738,0.14518768385407058,-0.15148647179114041,1,320.0,213.0,216.42811653547432,-0.15148647179114041
9.843477964401245,4.539000034332275,-103.60043257242336,-102.22129194809743,0.14571485570868314,-0.15203873288347974,1,320.0,,216.39956742757664,-0.15203873288347974
9.853370666503906,4.517000198364258,-103.62898168032105,-102.2093121646474,0.14621152652936634,-0.1525911367213586,1,320.0,,216.37101831967897,-0.1525911367213586
9.86380934715271,4.517000198364258,-103.65753078821874,-102.22269999370745,0.14673870542420692,-0.1531436833047769,1,320.0,,216.34246921178126,-0.1531436833047769
9.87326717376709,4.502000331878662,-103.68607989611642,-102.21864436242547,0.14724493188848067,-0.1536963726337347,1,320.0,,216.31392010388356,-0.1536963726337347
9.883899927139282,4.502000331878662,-103.71462900401411,-102.23203219148552,0.14777215744431016,-0.154249204708232,1,320.0,206.0,216.2853709959859,-0.154249204708232
9.893556356430054,4.479000091552734,-105.17130470380948,-103.42659858831175,0.15207831322860632,-0.1593074804462511,1,320.0,206.0,214.82869529619052,-0.1593074804462511
9.903813362121582,4.479000091552734,-105.20913517295632,-103.44783822775565,0.15262103998707777,-0.1598789226850921,1,320.0,206.0,214.79086482704366,-0.1598789226850921
9.913347721099854,4.463000297546387,-105.24696564210316,-103.45013775782128,0.15314105011194562,-0.1604505540762788,1,320.0,206.0,214.75303435789684,-0.1604505540762788
9.923786878585815,4.463000297546387,-105.28479611125,-103.4713773972652,0.15368389456626466,-0.16102237461981128,1,320.0,203.0,214.71520388875,-0.16102237461981128
9.933512687683105,4.438000202178955,-106.86804411019158,-104.57292848187258,0.15768854119685638,-0.1664632877168629,1,320.0,203.0,213.1319558898084,-0.1664632877168629
9.943312406539917,4.438000202178955,-106.91589683026432,-104.60136785693868,0.15824567528622038,-0.1670552904651015,1,320.0,203.0,213.08410316973567,-0.1670552904651015
9.954006671905518,4.422000408172607,-106.96374955033706,-104.61050165508885,0.15877968835227602,-0.16764753247694048,1,320.0,203.0,213.03625044966293,-0.16764753247694048
9.963811159133911,4.422000408172607,-107.0116022704098,-104.63894103015495,0.15933701030750613,-0.1682400137523798,1,320.0,201.0,212.9883977295902,-0.1682400137523798
9.973092794418335,4.396000385284424,-108.57426484972929,-105.7980698538062,0.16351675010932468,-0.1736030565497987,1,320.0,201.0,211.42573515027073,-0.1736030565497987
9.98365306854248,4.396000385284424,-108.63193415772865,-105.83404187841953,0.1640890867482528,-0.17421541939018656,1,320.0,201.0,211.36806584227133,-0.17421541939018656
9.993847131729126,4.379000186920166,-108.68960346572801,-105.84908670258402,0.16463638597076308,-0.17482807057711444,1,320.0,201.0,211.310396534272,-0.17482807057711444
10.00384521484375,4.379000186920166,-108.74727277372737,-105.88505872719735,0.16520897769393508,-0.17544101011058233,1,320.0,198.0,211.2527272262726,-0.17544101011058233
10.013938426971436,4.354000091552734,-110.41984819072793,-107.21821601209876,0.1699282450121733,-0.1811410770389225,1,320.0,198.0,209.58015180927208,-0.1811410770389225
10.023895025253296,4.354000091552734,-110.48798708935058,-107.26279932836641,0.17051805898833627,-0.1817752836527164,1,320.0,198.0,209.51201291064942,-0.1817752836527164
10.033015966415405,4.336000442504883,-110.55612598797323,-107.28477279122372,0.1710808510077212,-0.18240983096100344,1,320.0,198.0,209.44387401202675,-0.18240983096100344
10.044366836547852,4.336000442504883,-110.62426488659588,-107.32935610749136,0.1716709977677798,-0.1830447189637836,1,320.0,194.0,209.37573511340412,-0.1830447189637836
10.053776025772095,4.311000347137451,-112.50952145053068,-108.6897616453488,0.1764713000009758,-0.18940842665661234,1,320.0,194.0,207.49047854946932,-0.18940842665661234
10.06317949295044,4.311000347137451,-112.58945652318285,-108.74309285088158,0.17707901291186956,-0.19006729602641084,1,320.0,194.0,207.41054347681717,-0.19006729602641084
10.073573350906372,4.293000221252441,-112.66939159583501,-108.77334170625586,0.17765917824684996,-0.1907265650715726,1,320.0,194.0,207.330608404165,-0.1907265650715726
10.083220481872559,4.293000221252441,-112.74932666848717,-108.82667291178865,0.17826730905804825,-0.19138623379209763,1,320.0,,207.25067333151281,-0.19138623379209763
10.09396243095398,4.26800012588501,-112.82926174113933,-108.84760982704789,0.17883667140549458,-0.19204630218798593,1,320.0,,207.17073825886067,-0.19204630218798593
10.103341102600098,4.26800012588501,-112.9091968137915,-108.90094103258068,0.17944517355729683,-0.1927067702592375,1,320.0,,207.09080318620852,-0.1927067702592375
10.113780736923218,4.25100040435791,-112.98913188644366,-108.93201842085615,0.18002712651533168,-0.19336763800585227,1,320.0,,207.01086811355634,-0.19336763800585227
10.123376846313477,4.25100040435791,-113.06906695909582,-108.98534962638894,0.18063605071010297,-0.19402890542783036,1,320.0,,206.93093304090416,-0.19402890542783036
10.134116172790527,4.225000381469727,-113.14900203174798,-109.00428496198943,0.1812037945376335,-0.1946905725251717,1,320.0,,206.85099796825202,-0.1946905725251717
10.143527507781982,4.225000381469727,-113.22893710440015,-109.05761616752221,0.18181308006511043,-0.19535263929787627,1,320.0,,206.77106289559987,-0.19535263929787627
10.154017210006714,4.209000110626221,-113.30887217705231,-109.08956077852395,0.18239686140220512,-0.19601510574594413,1,320.0,,206.6911278229477,-0.19601510574594413
10.163971662521362,4.209000110626221,-113.38880724970447,-109.14289198405673,0.18300657330876477,-0.19667797186937525,1,320.0,187.0,206.61119275029552,-0.19667797186937525
10.173153638839722,4.184000015258789,-116.11327385229038,-111.24231846398236,0.19012846326044197,-0.20567285304473454,1,320.0,187.0,203.88672614770962,-0.20567285304473454
10.183626890182495,4.184000015258789,-116.21035877455252,-111.30913755812664,0.19076519186120572,-0.2063704067453219,1,320.0,187.0,203.7896412254475,-0.2063704067453219
10.193138837814331,4.1670002937316895,-116.30744369681466,-111.35276203877133,0.19137430504817327,-0.2070684458705205,1,320.0,187.0,203.69255630318534,-0.2070684458705205
10.203906536102295,4.1670002937316895,-116.4045286190768,-111.41958113291561,0.19201158586681094,-0.2077669704203305,1,320.0,184.0,203.5954713809232,-0.2077669704203305
10.213183879852295,4.142000198364258,-119.02377253693875,-113.52289871496482,0.19912806639019243,-0.21640694599344076,1,320.0,184.0,200.97622746306126,-0.21640694599344076
10.223554372787476,4.142000198364258,-119.1371966725642,-113.6031340922136,0.19979236451335197,-0.21713874093955413,1,320.0,184.0,200.8628033274358,-0.21713874093955413
10.233347654342651,4.12600040435791,-119.25062080818965,-113.66108085661499,0.20043020603491676,-0.21787110300634563,1,320.0,184.0,200.74937919181036,-0.21787110300634563
10.244072198867798,4.12600040435791,-119.3640449438151,-113.74131623386376,0.2010951950687846,-0.21860403219381525,1,320.0,182.0,200.6359550561849,-0.21860403219381525
10.25371527671814,4.1020002365112305,-121.78393978648539,-115.73230975006437,0.20784292746813315,-0.22660026126825594,1,320.0,182.0,198.2160602135146,-0.22660026126825594
10.263189554214478,4.1020002365112305,-121.9123087073252,-115.82514472275032,0.20853345515897004,-0.22736386551680032,1,320.0,182.0,198.0876912926748,-0.22736386551680032
10.27392053604126,4.085999965667725,-122.040677628165,-115.89523484540916,0.2091970394803877,-0.22812811160994892,1,320.0,182.0,197.95932237183501,-0.22812811160994892
10.283586502075195,4.085999965667725,-122.1690465490048,-115.98806981809511,0.20988838179670133,-0.2288929995477017,1,320.0,179.0,197.8309534509952,-0.2288929995477017
10.293733596801758,4.062000274658203,-124.55227267886836,-117.89145590976169,0.21635257179803064,-0.23676390962962665,1,320.0,179.0,195.44772732113165,-0.23676390962962665
10.303233861923218,4.062000274658203,-124.69526919091714,-117.99625978048691,0.21706831774180335,-0.2375589817900398,1,320.0,179.0,195.30473080908286,-0.2375589817900398
10.314024925231934,4.046000003814697,-124.83826570296593,-118.07784911975168,0.21775661419451983,-0.23835476893301316,1,320.0,179.0,195.16173429703406,-0.23835476893301316
10.323580503463745,4.046000003814697,-124.98126221501471,-118.1826529904769,0.21847329210434246,-0.23915127105854678,1,320.0,179.0,195.0187377849853,-0.23915127105854678
10.33381724357605,4.023000240325928,-125.12425872706349,-118.25374998398361,0.21914987724647045,-0.23994848816664063,1,320.0,176.0,194.87574127293652,-0.23994848816664063
10.3432457447052,4.023000240325928,-127.5107400172876,-120.14747041942329,0.22551160137009968,-0.24782478397082855,1,320.0,176.0,192.48925998271238,-0.24782478397082855
10.354230165481567,4.006999969482422,-127.66831974452249,-120.24021607741582,0.2262240972400778,-0.24865222124223302,1,320.0,176.0,192.33168025547752,-0.24865222124223302
10.36381983757019,4.006999969482422,-127.82589947175738,-120.35664835563773,0.22696559921572224,-0.24948044641227368,1,320.0,174.0,192.1741005282426,-0.24948044641227368
10.373602628707886,3.9840002059936523,-130.04340651750186,-122.13030145340662,0.23300918772367263,-0.2568157157233837,1,320.0,174.0,189.95659348249814,-0.2568157157233837
10.383222341537476,3.9840002059936523,-130.21439972414885,-122.25774890923972,0.23377341341521857,-0.2576719795699808,1,320.0,174.0,189.78560027585115,-0.2576719795699808
10.393937587738037,3.9690001010894775,-130.38539293079583,-122.36254011206184,0.2345109755591654,-0.2585290983826112,1,320.0,174.0,189.61460706920417,-0.2585290983826112
10.404083967208862,3.9690001010894775,-130.55638613744281,-122.48998756789494,0.23527636244400463,-0.25938707216127477,1,320.0,172.0,189.44361386255719,-0.25938707216127477
10.4136061668396,3.946000099182129,-132.6665762635409,-124.33151136825245,0.2415354149060357,-0.2663825768729853,1,320.0,172.0,187.3334237364591,-0.2663825768729853
10.423139810562134,3.946000099182129,-132.85023594911812,-124.47038404523477,0.24232441403864063,-0.26726721967542355,1,320.0,172.0,187.14976405088188,-0.26726721967542355
10.432998180389404,3.931000232696533,-133.03389563469534,-124.58614284009957,0.2430862553066789,-0.26815278077628973,1,320.0,172.0,186.96610436530466,-0.26815278077628973
10.443577766418457,3.931000232696533,-133.21755532027257,-124.72501551708189,0.24387652759664308,-0.2690392601755837,1,320.0,169.0,186.78244467972743,-0.2690392601755837
10.453486204147339,3.9090001583099365,-135.34606109334408,-126.51841649068291,0.2499814796310129,-0.276093959959851,1,320.0,169.0,184.65393890665592,-0.276093959959851
10.46399712562561,3.9090001583099365,-135.5424666540917,-126.66835676361055,0.2507947497423441,-0.2770073589660186,1,320.0,169.0,184.4575333459083,-0.2770073589660186
10.47355580329895,3.894000291824341,-135.73887221483932,-126.79472374279516,0.2515803637360796,-0.2779217399999899,1,320.0,169.0,184.26112778516068,-0.2779217399999899
10.483646869659424,3.894000291824341,-135.93527777558694,-126.9446640157228,0.25239501538367143,-0.278837103061765,1,320.0,166.0,184.06472222441306,-0.278837103061765
10.493702173233032,3.872000217437744,-138.0804309079816,-128.80334003648693,0.258709566863524,-0.2859464475776281,1,320.0,166.0,181.9195690920184,-0.2859464475776281
10.503242015838623,3.872000217437744,-138.28965233073737,-128.9647473879304,0.25954807942219577,-0.2868889615465887,1,320.0,166.0,181.71034766926263,-0.2868889615465887
10.513643503189087,3.8570001125335693,-138.49887375349314,-129.10210781595126,0.26035842247490054,-0.2878325216226631,1,320.0,166.0,181.50112624650686,-0.2878325216226631
10.52362322807312,3.8570001125335693,-138.70809517624892,-129.26351516739473,0.2611984288724697,-0.2887771278058513,1,320.0,166.0,181.29190482375108,-0.2887771278058513
10.533942222595215,3.8350002765655518,-138.9173165990047,-129.3892991257108,0.2619963161180775,-0.28972278009615327,1,320.0,164.0,181.0826834009953,-0.28972278009615327
10.543549060821533,3.8350002765655518,-140.9883243460205,-131.25354905650616,0.26826240692630493,-0.2966004649677404,1,320.0,164.0,179.0116756539795,-0.2966004649677404
10.553845167160034,3.821000099182129,-141.2098375486211,-131.40330600851578,0.26909913179875905,-0.2975723299986043,1,320.0,164.0,178.7901624513789,-0.2975723299986043
10.563382625579834,3.821000099182129,-141.4313507512217,-131.5759557704459,0.2699641912919274,-0.29854530259548107,1,320.0,162.0,178.5686492487783,-0.29854530259548107
10.573885679244995,3.7990002632141113,-143.39668423892562,-133.43989939705313,0.27629825839639904,-0.3050829797249895,1,320.0,162.0,176.60331576107438,-0.3050829797249895
10.583362340927124,3.7990002632141113,-143.62973841993642,-133.62398294316841,0.2771872785664532,-0.3060807934343021,1,320.0,162.0,176.37026158006358,-0.3060807934343021
10.593064546585083,3.7850000858306885,-143.86279260094722,-133.78471760617907,0.2780490837500969,-0.30707977241451984,1,320.0,162.0,176.13720739905278,-0.30707977241451984
10.604167461395264,3.7850000858306885,-144.09584678195802,-133.96880115229436,0.2789398280111967,-0.30807991666564255,1,320.0,159.0,175.90415321804198,-0.30807991666564255
10.614120244979858,3.763000249862671,-146.0945137895859,-135.78305849342382,0.28511788845433933,-0.3147268569242708,1,320.0,159.0,173.9054862104141,-0.3147268569242708
10.623619794845581,3.763000249862671,-146.3392948615318,-135.9782154940102,0.28603196793251306,-0.3157522906849136,1,320.0,159.0,173.6607051384682,-0.3157522906849136
10.633019924163818,3.749000072479248,-146.58407593347772,-136.14955377236865,0.28691832163540504,-0.3167789483509161,1,320.0,159.0,173.41592406652228,-0.3167789483509161
10.643865823745728,3.749000072479248,-146.82885700542363,-136.344710772955,0.28783423358997345,-0.31780682992227827,1,320.0,156.0,173.17114299457637,-0.31780682992227827
10.653218746185303,3.7280001640319824,-148.85579009994314,-138.1151391094989,0.2938709620553931,-0.3245465605051272,1,320.0,156.0,171.14420990005686,-0.3245465605051272
10.663690567016602,3.7280001640319824,-149.11244827828546,-138.321034905972,0.2948096421856906,-0.32560011256052945,1,320.0,156.0,170.88755172171454,-0.32560011256052945
10.673442363739014,3.7130000591278076,-149.36910645662778,-138.500899340138,0.29571798400339055,-0.32665494790682337,1,320.0,156.0,170.63089354337222,-0.32665494790682337
10.68427062034607,3.7130000591278076,-149.6257646349701,-138.7067951366111,0.2966585929348413,-0.32771106654400906,1,320.0,156.0,170.3742353650299,-0.32771106654400906
10.693106651306152,3.692000150680542,-149.88242281331242,-138.87587598825093,0.2975558693367504,-0.32876846847208635,1,320.0,154.0,170.11757718668758,-0.32876846847208635
10.703897476196289,3.692000150680542,-151.8407963617124,-140.7600250301423,0.3038878911640461,-0.3352920379083793,1,320.0,154.0,168.1592036382876,-0.3352920379083793
10.713050365447998,3.6780002117156982,-152.10883559737604,-140.95235749678156,0.3048234519114971,-0.33637422916916254,1,320.0,154.0,167.89116440262396,-0.33637422916916254
10.723882675170898,3.6780002117156982,-152.3768748330397,-141.16947743609424,0.30578984322585273,-0.33745776062612415,1,320.0,154.0,167.6231251669603,-0.33745776062612415
10.734092235565186,3.6570000648498535,-152.64491406870334,-141.34904360807664,0.30671206785027205,-0.33854263227926407,1,320.0,152.0,167.35508593129666,-0.33854263227926407
10.743622779846191,3.6570000648498535,-154.52185675510913,-143.17556616032513,0.31285655600750784,-0.3448033521501199,1,320.0,152.0,165.47814324489087,-0.3448033521501199
10.753985404968262,3.6430001258850098,-154.8006819219841,-143.3781882383709,0.31381659344235463,-0.34591194575997986,1,320.0,152.0,165.1993180780159,-0.34591194575997986
10.764322757720947,3.6430001258850098,-155.0795070888591,-143.60609745522936,0.31480811498986094,-0.3470219334956742,1,320.0,152.0,164.9204929111409,-0.3470219334956742
10.773981094360352,3.622000217437744,-155.35833225573407,-143.79569249508873,0.31575460750016765,-0.3481333153572028,1,320.0,149.0,164.64166774426593,-0.3481333153572028
10.783527135848999,3.622000217437744,-157.26564548021474,-145.67373801188063,0.32206305583372924,-0.35449120489738184,1,320.0,149.0,162.73435451978526,-0.35449120489738184
10.794006824493408,3.6090002059936523,-157.5554132652344,-145.88878307382151,0.3230505538234274,-0.3556267033057316,1,320.0,149.0,162.4445867347656,-0.3556267033057316
10.805420875549316,3.6090002059936523,-157.84518105025404,-146.12778037409115,0.32406798948562143,-0.3567636505530064,1,320.0,149.0,162.15481894974596,-0.3567636505530064
10.814040899276733,3.5910000801086426,-158.1349488352737,-146.33331317943134,0.3250462954179268,-0.35790204663920633,1,320.0,147.0,161.8650511647263,-0.35790204663920633
10.823874711990356,3.5910000801086426,-159.96409277874025,-148.15202313167686,0.331161107884948,-0.3640069456954923,1,320.0,147.0,160.03590722125975,-0.3640069456954923
10.833704471588135,3.580000162124634,-160.264227583294,-148.3810354621662,0.3321778278588461,-0.3651684285988733,1,320.0,147.0,159.735772416706,-0.3651684285988733
10.844967365264893,3.580000162124634,-160.56436238784775,-148.63067143046476,0.3332205443779567,-0.366331412176277,1,320.0,147.0,159.43563761215225,-0.366331412176277
10.853426694869995,3.567000150680542,-160.8644971924015,-148.85576211054834,0.33423493200460974,-0.36749589642770353,1,320.0,145.0,159.1355028075985,-0.36749589642770353
10.863887310028076,3.567000150680542,-162.62193829541826,-150.516460034402,0.33983730178787125,-0.3733685154480166,1,320.0,145.0,157.37806170458174,-0.3733685154480166
10.87333083152771,3.56000018119812,-162.93190836665607,-150.76232480011177,0.3408861511307235,-0.3745551390753352,1,320.0,145.0,157.06809163334393,-0.3745551390753352
10.884871006011963,3.56000018119812,-163.2418784378939,-151.02148393499186,0.34195224951225456,-0.3757433125530101,1,320.0,145.0,156.7581215621061,-0.3757433125530101
10.895994663238525,3.5510001182556152,-163.5518485091317,-151.26346946436968,0.3429989494948298,-0.3769330358810411,1,320.0,144.0,156.4481514908683,-0.3769330358810411
10.904283285140991,3.5510001182556152,-165.1404086791857,-152.88345272868432,0.3484681249629251,-0.38225895574335683,1,320.0,144.0,154.8595913208143,-0.38225895574335683
10.913911581039429,3.5460002422332764,-165.45902523580637,-153.1422344221726,0.34954437416722195,-0.3834685907374807,1,320.0,144.0,154.54097476419363,-0.3834685907374807
10.923301935195923,3.5460002422332764,-165.77764179242703,-153.4105961513436,0.35063346122298383,-0.3846798188143876,1,320.0,144.0,154.22235820757297,-0.3846798188143876
10.93404483795166,3.5400002002716064,-166.0962583490477,-153.66742405817166,0.35170999183146834,-0.3858926399740777,1,320.0,143.0,153.9037416509523,-0.3858926399740777
10.943552494049072,3.5400002002716064,-167.5313892232944,-155.14650146790925,0.35672147882503313,-0.3907218449155728,1,320.0,143.0,152.4686107767056,-0.3907218449155728
10.953129529953003,3.5370001792907715,-167.85757041640267,-155.41728378846184,0.3578235040286386,-0.39195255019938474,1,320.0,143.0,152.14242958359733,-0.39195255019938474
10.965320587158203,3.5370001792907715,-168.18375160951092,-155.69384838961466,0.35893385079197004,-0.39318488638916216,1,320.0,143.0,151.81624839048908,-0.39318488638916216
10.97313141822815,3.5340001583099365,-168.50993280261918,-155.96462042743917,0.36003860033949664,-0.3944188534849052,1,320.0,142.0,151.49006719738082,-0.3944188534849052
10.983497619628906,3.5340001583099365,-169.8054016470628,-157.11087496051573,0.36397044234521625,-0.3987960169609643,1,320.0,142.0,150.1945983529372,-0.3987960169609643
10.993029832839966,3.5330002307891846,-170.13816141968604,-157.39140917841394,0.36509404045258614,-0.40004601949521057,1,320.0,142.0,149.86183858031396,-0.40004601949521057
11.005927085876465,3.5330002307891846,-170.47092119230928,-157.67387638687083,0.3662213704846688,-0.40129768582832,1,320.0,142.0,149.52907880769072,-0.40129768582832
11.013258695602417,3.5310001373291016,-170.8036809649325,-157.95247371237667,0.3673454496438377,-0.4025510159602925,1,320.0,142.0,149.1963190350675,-0.4025510159602925
11.023565769195557,3.5310001373291016,-171.86991364754329,-159.1034575933478,0.37129337364924914,-0.4061856667321946,1,320.0,142.0,148.13008635245671,-0.4061856667321946
11.033207654953003,3.5310001373291016,-172.2076594934483,-159.3918288886723,0.3724363783480819,-0.40745200004474785,1,320.0,142.0,147.7923405065517,-0.40745200004474785
11.044120073318481,3.5310001373291016,-172.5454053393533,-159.68020018399676,0.3735808249033913,-0.4087200220865306,1,320.0,142.0,147.4545946606467,-0.4087200220865306
11.053825855255127,3.5310001373291016,-172.8831511852583,-159.96857147932127,0.37472671331517726,-0.40998973285754287,1,320.0,141.0,147.1168488147417,-0.40998973285754287
11.063397645950317,3.5310001373291016,-173.84327749953334,-160.91883491315696,0.37802344131619486,-0.4132822217314016,1,320.0,141.0,146.15672250046666,-0.4132822217314016
11.07371711730957,3.5310001373291016,-174.1852604151358,-161.2117122675009,0.3791809527027451,-0.41456352753220016,1,320.0,141.0,145.8147395848642,-0.41456352753220016
11.083436965942383,3.5310001373291016,-174.52724333073823,-161.5045896218449,0.3803399284760671,-0.41584654324757686,1,320.0,141.0,145.47275666926177,-0.41584654324757686
11.093748807907104,3.5310001373291016,-174.86922624634067,-161.79746697618884,0.38150036863616077,-0.4171312688775315,1,320.0,142.0,145.13077375365933,-0.4171312688775315
11.103414535522461,3.5310001373291016,-175.5293152329112,-162.66708965148086,0.3845367336426858,-0.4194515702036315,1,320.0,142.0,144.4706847670888,-0.4194515702036315
11.113722562789917,3.5320000648498535,-175.8734666417338,-162.9658338983274,0.3857100559083933,-0.4207439192274273,1,320.0,142.0,144.1265333582662,-0.4207439192274273
11.12337613105774,3.5320000648498535,-176.21761805055644,-163.26264286049775,0.3868825398773002,-0.4220379890082673,1,320.0,142.0,143.78238194944356,-0.4220379890082673
11.133409976959229,3.5320000648498535,-176.56176945937906,-163.5594518226681,0.38805650789101803,-0.4233337795461513,1,320.0,,143.43823054062094,-0.4233337795461513
11.143995523452759,3.5320000648498535,-176.9059208682017,-163.85626078483847,0.38923195994954657,-0.4246312908410794,1,320.0,,143.0940791317983,-0.4246312908410794
11.153825759887695,3.5320000648498535,-177.25007227702432,-164.15306974700883,0.3904088960528861,-0.4259305228930518,1,320.0,,142.74992772297568,-0.4259305228930518
11.163309335708618,3.5330002307891846,-177.59422368584694,-164.45181330745407,0.3915896473919577,-0.42723147570206815,1,320.0,,142.40577631415306,-0.42723147570206815
11.173946142196655,3.5340001583099365,-177.93837509466957,-164.75055526018312,0.3927718905115334,-0.4285341492681286,1,320.0,141.0,142.06162490533043,-0.4285341492681286
11.183266401290894,3.5340001583099365,-178.40037381940093,-165.23929393779397,0.3945769288225389,-0.4302214608904298,1,320.0,141.0,141.59962618059907,-0.4302214608904298
11.193784713745117,3.5340001583099365,-178.7453282658353,-165.53741075139163,0.3957623560526131,-0.43152913286748024,1,320.0,141.0,141.2546717341647,-0.43152913286748024
11.203626155853271,3.5350000858306885,-179.09028271226967,-165.83745941015516,0.39695160174018007,-0.43283852961676283,1,320.0,141.0,140.90971728773033,-0.43283852961676283
11.213754177093506,3.5350000858306885,-179.43523715870404,-166.13557622375282,0.39814001979761604,-0.4341496511382776,1,320.0,142.0,140.56476284129596,-0.4341496511382776
11.223241567611694,3.5360002517700195,-179.62311856675015,-166.69236120547876,0.4001659048951509,-0.4349524663820498,1,320.0,142.0,140.37688143324985,-0.4349524663820498
11.233563899993896,3.5360002517700195,-179.96700381972212,-166.99222562345454,0.40136070332483914,-0.43626496370471485,1,320.0,142.0,140.03299618027788,-0.43626496370471485
11.243411540985107,3.5370001792907715,-180.3108890726941,-167.29401959859007,0.40255932619299467,-0.4375791804536447,1,320.0,142.0,139.6891109273059,-0.4375791804536447
11.253816604614258,3.5370001792907715,-180.65477432566607,-167.59388401656585,0.4037571329146485,-0.4388951166288394,1,320.0,142.0,139.34522567433393,-0.4388951166288394
11.263286352157593,3.5380001068115234,-180.71162514846182,-167.9920614032977,0.40527160733161327,-0.43928111692452515,1,320.0,142.0,139.28837485153818,-0.43928111692452515
11.27407717704773,3.5380001068115234,-181.05355780537576,-168.29258149209303,0.40647369434562813,-0.4405967039018488,1,320.0,142.0,138.94644219462424,-0.4405967039018488
11.28362488746643,3.5390002727508545,-181.3954904622897,-168.59502931377145,0.40767960687821103,-0.44191400054245694,1,320.0,142.0,138.6045095377103,-0.44191400054245694
11.293652534484863,3.5390002727508545,-181.73742311920364,-168.8955494025668,0.4088847087317783,-0.4432330068463497,1,320.0,142.0,138.26257688079636,-0.4432330068463497
11.30338430404663,3.5400002002716064,-181.67943201315666,-169.15451396012983,0.4099525277017425,-0.44325589226212825,1,320.0,142.0,138.32056798684334,-0.44325589226212825
11.314059495925903,3.5400002002716064,-182.0186449286805,-169.45473834536213,0.411160070655748,-0.4445730409854003,1,320.0,142.0,137.9813550713195,-0.4445730409854003
11.323665857315063,3.5410001277923584,-182.35785784420432,-169.75688772419088,0.41237143434896345,-0.4458918857732499,1,320.0,142.0,137.64214215579568,-0.4458918857732499
11.334278345108032,3.5410001277923584,-182.69707075972815,-170.05711210942317,0.4135819891717894,-0.4472124266256771,1,320.0,142.0,137.30292924027185,-0.4472124266256771
11.34399676322937,3.5420000553131104,-182.53809846586844,-170.1933712610202,0.41425802983996207,-0.44691798217923917,1,320.0,142.0,137.46190153413156,-0.44691798217923917
11.35370421409607,3.5420000553131104,-182.8739234874385,-170.4924675223523,0.4154694076911723,-0.4482353418225604,1,320.0,142.0,137.1260765125615,-0.4482353418225604
11.363303184509277,3.5420000553131104,-183.20974850900856,-170.79156378368444,0.4166822810236893,-0.4495543805909895,1,320.0,142.0,136.79025149099144,-0.4495543805909895
11.373398542404175,3.5420000553131104,-183.54557353057862,-171.09066004501656,0.41789664983751296,-0.4508750984845265,1,320.0,143.0,136.45442646942138,-0.4508750984845265
11.383735656738281,3.5430002212524414,-183.1923712653066,-171.11844156811532,0.4182280352466493,-0.4499612507315358,1,320.0,143.0,136.8076287346934,-0.4499612507315358
11.393414974212646,3.5430002212524414,-183.52350973057335,-171.41567934735937,0.419441798978479,-0.4512762344385087,1,320.0,143.0,136.47649026942665,-0.4512762344385087
11.40422010421753,3.5440001487731934,-183.8546481958401,-171.7148387080759,0.42065936440487917,-0.4525928738378081,1,320.0,143.0,136.1453518041599,-0.4525928738378081
11.413973569869995,3.5440001487731934,-184.18578666110685,-172.01207648731994,0.42187611012240867,-0.45391116892943373,1,320.0,,135.81421333889315,-0.45391116892943373
11.4234619140625,3.5440001487731934,-184.5169251263736,-172.309314266564,0.42309434202883434,-0.4552311197133857,1,320.0,,135.4830748736264,-0.4552311197133857
11.434207201004028,3.5440001487731934,-184.84806359164034,-172.60655204580806,0.42431406012415623,-0.45655272618966397,1,320.0,,135.15193640835966,-0.45655272618966397
11.443824529647827,3.5450000762939453,-185.1792020569071,-172.90571027125597,0.42553757854605,-0.4578759883582686,1,320.0,,134.8207979430929,-0.4578759883582686
11.454339742660522,3.5450000762939453,-185.51034052217383,-173.20294805050003,0.4267602786213954,-0.4592009062191995,1,320.0,144.0,134.48965947782617,-0.4592009062191995
11.46371865272522,3.5460002422332764,-184.75544987047422,-172.85094433188505,0.42587594273478036,-0.45700695590231033,1,320.0,144.0,135.24455012952578,-0.45700695590231033
11.473149538040161,3.5460002422332764,-185.07921547312696,-173.14376149064265,0.4270930421327427,-0.4583208707028592,1,320.0,144.0,134.92078452687304,-0.4583208707028592
11.483681678771973,3.5460002422332764,-185.4029810757797,-173.43657864940025,0.42831160561649884,-0.45963640433142144,1,320.0,144.0,134.5970189242203,-0.45963640433142144
11.493896007537842,3.5460002422332764,-185.72674667843245,-173.72939580815785,0.4295316331860488,-0.4609535567879969,1,320.0,,134.27325332156755,-0.4609535567879969
11.503555297851562,3.5460002422332764,-186.0505122810852,-174.02221296691545,0.4307531248413925,-0.4622723280725856,1,320.0,,133.9494877189148,-0.4622723280725856
11.51370906829834,3.5460002422332764,-186.37427788373793,-174.31503012567305,0.4319760805825299,-0.4635927181851876,1,320.0,,133.62572211626207,-0.4635927181851876
11.523317575454712,3.5470001697540283,-186.69804348639067,-174.60976546284328,0.4332028118144485,-0.46491472712580284,1,320.0,,133.30195651360933,-0.46491472712580284
11.533535718917847,3.5470001697540283,-187.02180908904342,-174.90258262160089,0.43442870531806554,-0.46623835489443133,1,320.0,146.0,132.97819091095658,-0.46623835489443133
11.543107271194458,3.5470001697540283,-185.7580606950261,-174.17158258737155,0.43234799568431925,-0.46243416719883756,1,320.0,146.0,134.2419393049739,-0.46243416719883756
11.553498029708862,3.5470001697540283,-186.07110469792468,-174.4574851877771,0.4335633662307449,-0.4637401755258055,1,320.0,146.0,133.92889530207532,-0.4637401755258055
11.564638376235962,3.5470001697540283,-186.38414870082326,-174.74338778818267,0.4347801662901724,-0.4650477490727879,1,320.0,146.0,133.61585129917674,-0.4650477490727879
11.57342004776001,3.5470001697540283,-186.69719270372184,-175.02929038858824,0.43599839586260203,-0.4663568878397848,1,320.0,147.0,133.30280729627816,-0.4663568878397848
11.58373761177063,3.5480000972747803,-185.38789877716883,-174.1889734377661,0.4335811314903921,-0.4624341240428037,1,320.0,147.0,134.61210122283117,-0.4624341240428037
11.593448400497437,3.5480000972747803,-185.6900142781374,-174.4672766085103,0.4347874316783278,-0.46372511271535666,1,320.0,147.0,134.3099857218626,-0.46372511271535666
11.603983640670776,3.5480000972747803,-185.99212977910597,-174.7455797792545,0.4359951233821171,-0.4650176119654146,1,320.0,147.0,134.00787022089403,-0.4650176119654146
11.613707065582275,3.5480000972747803,-186.29424528007453,-175.02388294999872,0.43720420660176007,-0.46631162179297725,1,320.0,148.0,133.70575471992547,-0.46631162179297725
11.62373948097229,3.5480000972747803,-184.94435601402478,-174.0866775822487,0.43449772763270966,-0.46228358749877596,1,320.0,148.0,135.05564398597522,-0.46228358749877596
11.633167743682861,3.5480000972747803,-185.2353618851433,-174.35680653327404,0.43569366640660645,-0.46355897135354396,1,320.0,148.0,134.7646381148567,-0.46355897135354396
11.643731117248535,3.5490002632141113,-185.52636775626183,-174.62885185589298,0.4368932650530286,-0.4648358102376675,1,320.0,148.0,134.47363224373817,-0.4648358102376675
11.653873920440674,3.5490002632141113,-185.81737362738036,-174.8989808069183,0.43809191469829356,-0.4661141041511466,1,320.0,149.0,134.18262637261964,-0.4661141041511466
11.663446426391602,3.5490002632141113,-184.43130849145308,-173.87989370480506,0.43513988734086273,-0.4619927062722047,1,320.0,149.0,135.56869150854692,-0.4619927062722047
11.673903465270996,3.5490002632141113,-184.711046775044,-174.141360914819,0.43632435479745346,-0.463251947446389,1,320.0,149.0,135.288953224956,-0.463251947446389
11.683473348617554,3.5490002632141113,-184.9907850586349,-174.40282812483292,0.4375101295900944,-0.4645125873119913,1,320.0,149.0,135.0092149413651,-0.4645125873119913
11.69407057762146,3.5490002632141113,-185.27052334222583,-174.66429533484686,0.4386972117187853,-0.4657746258690115,1,320.0,150.0,134.72947665777417,-0.4657746258690115
11.704054594039917,3.5490002632141113,-183.85234797486183,-173.68535123318114,0.43589160523147596,-0.46157095701724643,1,320.0,150.0,136.14765202513817,-0.46157095701724643
11.713515281677246,3.5490002632141113,-184.12068252461674,-173.9384874421235,0.43706506111941745,-0.4628135618895754,1,320.0,150.0,135.87931747538326,-0.4628135618895754
11.724110841751099,3.5500001907348633,-184.38901707437165,-174.1935384354507,0.4382420900035873,-0.4640575084346531,1,320.0,150.0,135.61098292562835,-0.4640575084346531
11.734065055847168,3.5500001907348633,-184.65735162412656,-174.44667464439306,0.43941808682754013,-0.4653027966524797,1,320.0,151.0,135.34264837587344,-0.4653027966524797
11.743952512741089,3.5500001907348633,-183.21088875886807,-173.3925385722142,0.4363857088934697,-0.461027485439203,1,320.0,151.0,136.78911124113193,-0.461027485439203
11.75388240814209,3.5500001907348633,-183.46770460789378,-173.6368935233555,0.43754711930245616,-0.4622530029810734,1,320.0,151.0,136.53229539210622,-0.4622530029810734
11.763436317443848,3.5500001907348633,-183.7245204569195,-173.8812484744968,0.4387097514861982,-0.4634798046021888,1,320.0,151.0,136.2754795430805,-0.4634798046021888
11.77396535873413,3.5500001907348633,-183.9813363059452,-174.1256034256381,0.4398736054446959,-0.4647078903025494,1,320.0,152.0,136.0186636940548,-0.4647078903025494
11.783250093460083,3.5500001907348633,-182.51023408934464,-173.00598183950282,0.43664504870536147,-0.4603713014929659,1,320.0,152.0,137.48976591065536,-0.4603713014929659
11.793896198272705,3.5500001907348633,-182.75543721396997,-173.2411699881602,0.43779348033369103,-0.4615793224285862,1,320.0,152.0,137.24456278603003,-0.4615793224285862
11.803277492523193,3.5500001907348633,-183.0006403385953,-173.4763581368176,0.43894308790276404,-0.46278856937982954,1,320.0,152.0,136.9993596614047,-0.46278856937982954
11.814202070236206,3.5500001907348633,-183.24584346322064,-173.71154628547498,0.4400938714125802,-0.46399904234669603,1,320.0,153.0,136.75415653677936,-0.46399904234669603
11.823875427246094,3.5510001182556152,-181.75361577371575,-172.42988177971532,0.43635348307801236,-0.4596113794140987,1,320.0,153.0,138.24638422628425,-0.4596113794140987
11.833372592926025,3.5510001182556152,-181.9871330390609,-172.65485479391754,0.4374867249690246,-0.4608015357977081,1,320.0,153.0,138.0128669609391,-0.4608015357977081
11.843364000320435,3.5510001182556152,-182.22065030440604,-172.87982780811976,0.43862109172510777,-0.4619928597676443,1,320.0,153.0,137.77934969559396,-0.4619928597676443
11.854086875915527,3.5510001182556152,-182.45416756975118,-173.10480082232198,0.4397565833462621,-0.46318535132390726,1,320.0,155.0,137.54583243024882,-0.46318535132390726
11.863447189331055,3.5510001182556152,-180.83825666971623,-171.78355883379567,0.4359069869286526,-0.4584149999203176,1,320.0,155.0,139.16174333028377,-0.4584149999203176
11.873931407928467,3.5510001182556152,-181.0593224363717,-171.99812176857938,0.43702445305923604,-0.4595855754524861,1,320.0,155.0,138.9406775636283,-0.4595855754524861
11.883212566375732,3.5510001182556152,-181.28038820302717,-172.2126847033631,0.43814299200449325,-0.46075725631348774,1,320.0,155.0,138.71961179697283,-0.46075725631348774
11.894002914428711,3.5510001182556152,-181.50145396968264,-172.4272476381468,0.43926260376442444,-0.46193004250332276,1,320.0,156.0,138.49854603031736,-0.46193004250332276
11.903411149978638,3.5510001182556152,-179.8825978776738,-171.07380077354176,0.4353231984707809,-0.45716636273957545,1,320.0,156.0,140.1174021223262,-0.45716636273957545
11.91399598121643,3.5510001182556152,-180.09126209285353,-171.2777949147922,0.4364243804148554,-0.45831721610825543,1,320.0,156.0,139.90873790714647,-0.45831721610825543
11.923297882080078,3.5520002841949463,-180.29992630803326,-171.48370203880415,0.43752888747386365,-0.4594691127980113,1,320.0,156.0,139.70007369196674,-0.4594691127980113
11.934255123138428,3.5520002841949463,-180.508590523213,-171.6876961800546,0.43863211892426446,-0.460622052808843,1,320.0,158.0,139.491409476787,-0.460622052808843
11.943802118301392,3.5520002841949463,-178.78435054160235,-170.30707434630773,0.43461876776849406,-0.45553361800637043,1,320.0,158.0,141.21564945839765,-0.45553361800637043
11.95328688621521,3.5520002841949463,-178.97997052819125,-170.50037468646815,0.4357032300501189,-0.45666326184291806,1,320.0,158.0,141.02002947180875,-0.45666326184291806
11.963884353637695,3.5520002841949463,-179.17559051478014,-170.69367502662857,0.43678865883344453,-0.45779388377939867,1,320.0,158.0,140.82440948521986,-0.45779388377939867
11.973344326019287,3.5520002841949463,-179.37121050136903,-170.886975366789,0.437875054118471,-0.45892548381581216,1,320.0,159.0,140.62878949863097,-0.45892548381581216
11.98303508758545,3.5520002841949463,-177.65902123029275,-169.3799944451335,0.4334668868560303,-0.4538917755669444,1,320.0,159.0,142.34097876970725,-0.4538917755669444
11.993616104125977,3.5520002841949463,-177.84174996278256,-169.5618058181983,0.4345328695327991,-0.455000258795746,1,320.0,159.0,142.15825003721744,-0.455000258795746
12.00312328338623,3.5520002841949463,-178.02447869527236,-169.74361719126313,0.4355997612664332,-0.45610965566821016,1,320.0,159.0,141.97552130472764,-0.45610965566821016
12.013735294342041,3.5520002841949463,-178.20720742776217,-169.92542856432794,0.43666756205693263,-0.4572199661843367,1,320.0,160.0,141.79279257223783,-0.4572199661843367
12.02342963218689,3.5520002841949463,-176.5080920370749,-168.41101796350156,0.4322494399053703,-0.4522439195087209,1,320.0,160.0,143.4919079629251,-0.4522439195087209
12.033721923828125,3.5520002841949463,-176.67808860734146,-168.58135305483177,0.4332967487802407,-0.4533313058360775,1,320.0,160.0,143.32191139265854,-0.4533313058360775
12.043415546417236,3.5520002841949463,-176.84808517760803,-168.75168814616197,0.4343449093305678,-0.4544195421462854,1,320.0,160.0,143.15191482239197,-0.4544195421462854
12.054169654846191,3.5520002841949463,-177.0180817478746,-168.92202323749217,0.4353939215563515,-0.45550862843934464,1,320.0,162.0,142.9819182521254,-0.45550862843934464
12.063735485076904,3.5520002841949463,-175.23024014268324,-167.4032312066771,0.430975534882999,-0.45026040958912683,1,320.0,162.0,144.76975985731676,-0.45026040958912683
12.073618412017822,3.5520002841949463,-175.38697351253413,-167.56212345669928,0.43200401620030915,-0.4513254245005106,1,320.0,162.0,144.61302648746587,-0.4513254245005106
12.083889961242676,3.5510001182556152,-175.543706882385,-167.71910272395994,0.4330309868346417,-0.4523912230787436,1,320.0,162.0,144.456293117615,-0.4523912230787436
12.093820571899414,3.5510001182556152,-175.7004402522359,-167.8779949739821,0.4340610475095382,-0.4534578053238258,1,320.0,164.0,144.2995597477641,-0.4534578053238258
12.1032874584198,3.5510001182556152,-173.8358582356815,-166.25511634478403,0.42931923766635577,-0.4479764187113098,1,320.0,164.0,146.1641417643185,-0.4479764187113098
12.113780975341797,3.5510001182556152,-173.9788813805863,-166.40192315790662,0.43032741545789244,-0.4490179408920985,1,320.0,164.0,146.0211186194137,-0.4490179408920985
12.123785257339478,3.5510001182556152,-174.1219045254911,-166.54872997102922,0.4313363272834947,-0.45006017818861166,1,320.0,164.0,145.8780954745089,-0.45006017818861166
12.13363528251648,3.5510001182556152,-174.26492767039588,-166.6955367841518,0.43234597314316253,-0.4511031306008494,1,320.0,165.0,145.73507232960412,-0.4511031306008494
12.144033432006836,3.5510001182556152,-172.43684311132864,-165.08421960122035,0.42765602815969767,-0.4457559210883941,1,320.0,165.0,147.56315688867136,-0.4457559210883941
12.154033660888672,3.5510001182556152,-172.56648061537632,-165.21908712946978,0.4286439646292443,-0.4467743184963282,1,320.0,165.0,147.43351938462368,-0.4467743184963282
12.163964986801147,3.5510001182556152,-172.696118119424,-165.3539546577192,0.42963257543643224,-0.4477933640917825,1,320.0,165.0,147.303881880576,-0.4477933640917825
12.173624515533447,3.5510001182556152,-172.82575562347168,-165.48882218596864,0.4306218605812614,-0.4488130578747571,1,320.0,167.0,147.17424437652832,-0.4488130578747571
12.18310022354126,3.5510001182556152,-170.93163488819047,-163.7886898265866,0.42565799678613353,-0.4432671330052577,1,320.0,167.0,149.06836511180953,-0.4432671330052577
12.19361662864685,3.5510001182556152,-171.04751359836615,-163.91108186012602,0.42662442263568146,-0.4442614250254603,1,320.0,167.0,148.95248640163385,-0.4442614250254603
12.203176975250244,3.5500001907348633,-171.16339230854183,-164.03156023853185,0.4275891544909611,-0.44525629643921383,1,320.0,167.0,148.83660769145817,-0.44525629643921383
12.213852167129517,3.5500001907348633,-171.2792710187175,-164.15395227207128,0.4285567946925688,-0.4462517472465182,1,320.0,168.0,148.7207289812825,-0.4462517472465182
12.223074436187744,3.5500001907348633,-169.43099418938496,-162.4788267279712,0.4236889168910114,-0.4408706119946588,1,320.0,168.0,150.56900581061504,-0.4408706119946588
12.233449697494507,3.5500001907348633,-169.53350503946862,-162.58898502390304,0.42463405177124913,-0.4418412925399565,1,320.0,168.0,150.46649496053138,-0.4418412925399565
12.244102478027344,3.5500001907348633,-169.63601588955228,-162.69914331983486,0.4255797374429665,-0.4428124856395047,1,320.0,168.0,150.36398411044772,-0.4428124856395047
12.254093408584595,3.5500001907348633,-169.73852673963594,-162.80930161576669,0.4265259739061635,-0.44378419129330327,1,320.0,170.0,150.26147326036406,-0.44378419129330327
12.262982845306396,3.5500001907348633,-167.83332925548405,-161.05817570100686,0.42142579920683676,-0.4382337431389989,1,320.0,170.0,152.16667074451595,-0.4382337431389989
12.273996114730835,3.5500001907348633,-167.92216217950235,-161.15565361533828,0.42234855097211116,-0.4391799534587183,1,320.0,170.0,152.07783782049765,-0.4391799534587183
12.283270597457886,3.5500001907348633,-168.01099510352066,-161.2531315296697,0.42327179012695715,-0.4401266079430579,1,320.0,170.0,151.98900489647934,-0.4401266079430579
12.294804096221924,3.5500001907348633,-168.09982802753896,-161.35060944400112,0.42419551667137495,-0.44107370659201756,1,320.0,171.0,151.90017197246104,-0.44107370659201756
12.303412914276123,3.5490002632141113,-166.24850018053542,-159.63395624061977,0.41922644446593066,-0.43571436109014916,1,320.0,171.0,153.75149981946458,-0.43571436109014916
12.313167572021484,3.5490002632141113,-166.32410312259918,-159.71907662780922,0.42012718431369706,-0.4366367051362387,1,320.0,171.0,153.67589687740082,-0.4366367051362387
12.323674440383911,3.5490002632141113,-166.39970606466295,-159.80419701499866,0.4210283497633994,-0.43755942719703855,1,320.0,171.0,153.60029393533705,-0.43755942719703855
12.333416938781738,3.5490002632141113,-166.47530900672672,-159.8893174021881,0.42192994081503765,-0.4384825272725487,1,320.0,173.0,153.52469099327328,-0.4384825272725487
12.343248128890991,3.5490002632141113,-164.57477280810897,-158.10934643608255,0.4167658463283418,-0.43297871715791314,1,320.0,173.0,155.42522719189103,-0.43297871715791314
12.353911876678467,3.5490002632141113,-164.63688894837162,-158.1817379030735,0.4176436247782463,-0.43387644097097017,1,320.0,173.0,155.36311105162838,-0.43387644097097017
12.363872289657593,3.5480000972747803,-164.69900508863427,-158.25221299847084,0.41851945595771545,-0.4347744753647286,1,320.0,173.0,155.30099491136573,-0.4347744753647286
12.373462677001953,3.5480000972747803,-164.7611212288969,-158.3246044654618,0.4193979487404319,-0.4356728203391882,1,320.0,174.0,155.2388787711031,-0.4356728203391882
12.384008169174194,3.5480000972747803,-162.92127047156612,-156.5906296469023,0.414398810608766,-0.4303823945570113,1,320.0,174.0,157.07872952843388,-0.4303823945570113
12.393499374389648,3.5480000972747803,-162.97039590774298,-156.65068337556784,0.4152541285000425,-0.43125619705996227,1,320.0,174.0,157.02960409225702,-0.43125619705996227
12.403979063034058,3.5480000972747803,-163.01952134391985,-156.71073710423337,0.41610974665996225,-0.43213024519009413,1,320.0,174.0,156.98047865608015,-0.43213024519009413
12.41372013092041,3.5480000972747803,-163.0686467800967,-156.7707908328989,0.4169656650885254,-0.4330045389474068,1,320.0,175.0,156.9313532199033,-0.4330045389474068
12.424072504043579,3.5470001697540283,-161.28734322404605,-154.97867832881659,0.4117960992252875,-0.42792012832941434,1,320.0,175.0,158.71265677595395,-0.42792012832941434
12.433561563491821,3.5470001697540283,-161.32395771666674,-155.0260856433155,0.41262811843090275,-0.4287706855091425,1,320.0,175.0,158.67604228333326,-0.4287706855091425
12.443793296813965,3.5470001697540283,-161.36057220928743,-155.0734929578144,0.41346037467309055,-0.4296214257613338,1,320.0,175.0,158.63942779071257,-0.4296214257613338
12.453919649124146,3.5470001697540283,-161.3971867019081,-155.12090027231332,0.41429286795185083,-0.4304723490859881,1,320.0,176.0,158.6028132980919,-0.4304723490859881
12.4629807472229,3.5460002422332764,-159.67243546375445,-153.48408160157067,0.4096443375582361,-0.4255870298982799,1,320.0,176.0,160.32756453624555,-0.4255870298982799
12.473347663879395,3.5460002422332764,-159.69700335677766,-153.51998302141382,0.41045501917715493,-0.42641499638669167,1,320.0,176.0,160.30299664322234,-0.42641499638669167
12.483099699020386,3.5460002422332764,-159.72157124980086,-153.55588444125698,0.411265880303173,-0.4272430857145685,1,320.0,176.0,160.27842875019914,-0.4272430857145685
12.49350380897522,3.5460002422332764,-159.74613914282406,-153.59178586110013,0.4120769209362903,-0.42807129788191045,1,320.0,178.0,160.25386085717594,-0.42807129788191045
12.504045963287354,3.5450000762939453,-157.97486681138153,-151.89641431947197,0.407251621999401,-0.4230488134180397,1,320.0,178.0,162.02513318861847,-0.4230488134180397
12.513770580291748,3.5450000762939453,-157.9871452644041,-151.92048128878668,0.40804010476902264,-0.4238534832879888,1,320.0,178.0,162.0128547355959,-0.4238534832879888
12.523843765258789,3.5450000762939453,-157.99942371742665,-151.94454825810138,0.4088287078734908,-0.42465821455020303,1,320.0,178.0,162.00057628257335,-0.42465821455020303
12.533324003219604,3.5450000762939453,-158.0117021704492,-151.96861522741608,0.4096174313128055,-0.42546300720468233,1,320.0,179.0,161.9882978295508,-0.42546300720468233
12.543579578399658,3.5440001487731934,-156.30311752822377,-150.22375314850422,0.40464521338672677,-0.4206595036328378,1,320.0,179.0,163.69688247177623,-0.4206595036328378
12.553326845169067,3.5440001487731934,-156.3036135892836,-150.23572177716184,0.40541075435000173,-0.421441616974056,1,320.0,179.0,163.6963864107164,-0.421441616974056
12.563836812973022,3.5440001487731934,-156.30410965034343,-150.24769040581947,0.40617635515642003,-0.4222237327955795,1,320.0,179.0,163.69589034965657,-0.4222237327955795
12.573467493057251,3.5440001487731934,-156.30460571140327,-150.2596590344771,0.40694201580598155,-0.42300585109740835,1,320.0,179.0,163.69539428859673,-0.42300585109740835
12.583850383758545,3.5430002212524414,-156.3051017724631,-150.26970608166226,0.40770542079301203,-0.4237879718795424,1,320.0,181.0,163.6948982275369,-0.4237879718795424
12.593409538269043,3.5430002212524414,-154.5148996708468,-148.54605712256657,0.4028142890582347,-0.4187336684326052,1,320.0,181.0,165.4851003291532,-0.4187336684326052
12.60368275642395,3.5430002212524414,-154.5031336138288,-148.5461408069926,0.40355712018358086,-0.4194920648322527,1,320.0,181.0,165.4968663861712,-0.4194920648322527
12.613259315490723,3.5430002212524414,-154.4913675568108,-148.54622449141866,0.4042999517273492,-0.42025040240161515,1,320.0,182.0,165.5086324431892,-0.42025040240161515
12.623319387435913,3.5420000553131104,-152.81796353848137,-146.82652805264698,0.3994409387077601,-0.4155924050260849,1,320.0,182.0,167.18203646151863,-0.4155924050260849
12.63372015953064,3.5420000553131104,-152.79481747355928,-146.81484670396193,0.4001609953228578,-0.41632860383554615,1,320.0,182.0,167.20518252644072,-0.41632860383554615
12.643768310546875,3.5420000553131104,-152.7716714086372,-146.8031653552769,0.40088099353121215,-0.41706468691468285,1,320.0,182.0,167.2283285913628,-0.41706468691468285
12.653737783432007,3.5420000553131104,-152.7485253437151,-146.79148400659184,0.40160093333282304,-0.4178006542634949,1,320.0,183.0,167.2514746562849,-0.4178006542634949
12.663684129714966,3.5410001277923584,-151.1381358487429,-145.13540570256075,0.39696300232414716,-0.41336109514522135,1,320.0,183.0,168.8618641512571,-0.41336109514522135
12.673187732696533,3.5410001277923584,-151.10411384247564,-145.11246997363452,0.39766104179930384,-0.414075789306913,1,320.0,183.0,168.89588615752436,-0.414075789306913
12.68327283859253,3.5400002002716064,-151.07009183620838,-145.08760925111184,0.39835664697853224,-0.4147903133585733,1,320.0,183.0,168.92990816379162,-0.4147903133585733
12.694040775299072,3.5400002002716064,-151.0360698299411,-145.06467352218561,0.3990544474714317,-0.4155046673002023,1,320.0,185.0,168.9639301700589,-0.4155046673002023
12.703797578811646,3.5390002727508545,-149.38539266165822,-143.46978493632037,0.39462915823675815,-0.41094611806918446,1,320.0,185.0,170.61460733834178,-0.41094611806918446
12.713314533233643,3.5390002727508545,-149.34028844341634,-143.43608663453975,0.3953059007077941,-0.4116386944495113,1,320.0,185.0,170.65971155658366,-0.4116386944495113
12.72434687614441,3.5380001068115234,-149.29518422517447,-143.40046059987606,0.3959801517691971,-0.4123310453087469,1,320.0,185.0,170.70481577482553,-0.4123310453087469
12.734078645706177,3.5380001068115234,-149.2500800069326,-143.36676229809544,0.39665654761855085,-0.4130231706468913,1,320.0,185.0,170.7499199930674,-0.4130231706468913
12.744437456130981,3.5350000858306885,-147.7680174177154,-141.7260088878239,0.39210206121098434,-0.4090273459005377,1,320.0,185.0,172.2319825822846,-0.4090273459005377
12.754167795181274,3.5350000858306885,-147.71305923371892,-141.68132987817768,0.3927568530487998,-0.40969996137591047,1,320.0,185.0,172.28694076628108,-0.40969996137591047
12.763854503631592,3.5320000648498535,-147.65810104972243,-141.63085143453202,0.39340443317359763,-0.4103723020603633,1,320.0,185.0,172.34189895027757,-0.4103723020603633
12.773993968963623,3.5320000648498535,-147.60314286572594,-141.5861724248858,0.39405874922414663,-0.4110443679538962,1,320.0,185.0,172.39685713427406,-0.4110443679538962
12.784359693527222,3.5250000953674316,-147.54818468172945,-141.5279213426968,0.3946964875322333,-0.411716159056509,1,320.0,187.0,172.45181531827055,-0.411716159056509
12.79410719871521,3.5250000953674316,-145.99167840929564,-140.03148100442363,0.39061443445177413,-0.40748940930878624,1,320.0,187.0,174.00832159070436,-0.40748940930878624
12.803256034851074,3.5190000534057617,-145.926423889923,-139.96516869402615,0.3912346855227673,-0.4081407360049887,1,320.0,187.0,174.073576110077,-0.4081407360049887
12.81379747390747,3.5190000534057617,-145.86116937055036,-139.91053474411476,0.39186867745659426,-0.40879173642859423,1,320.0,187.0,174.13883062944964,-0.40879173642859423
12.82382583618164,3.508000135421753,-144.5028729748581,-138.4811243394007,0.38806184025500934,-0.4052242220933825,1,320.0,187.0,175.4971270251419,-0.4052242220933825
12.833284139633179,3.508000135421753,-144.42875154540124,-138.41721055503055,0.38867722976654034,-0.40585742013576126,1,320.0,187.0,175.57124845459876,-0.40585742013576126
12.844239711761475,3.500000238418579,-144.3546301159444,-138.3375578439987,0.3892733343025221,-0.4064902475709927,1,320.0,187.0,175.6453698840556,-0.4064902475709927
12.854158163070679,3.500000238418579,-144.28050868648754,-138.27364405962854,0.389888005981576,-0.40712270439907694,1,320.0,188.0,175.71949131351246,-0.40712270439907694
12.864092826843262,3.4860000610351562,-142.97090971335913,-136.98878461034437,0.3865755210213887,-0.4037234776059246,1,320.0,188.0,177.02909028664087,-0.4037234776059246
12.873462200164795,3.4860000610351562,-142.8883130753224,-136.91668550082724,0.3871735855174723,-0.4043388032056572,1,320.0,188.0,177.1116869246776,-0.4043388032056572
12.883873701095581,3.4760000705718994,-142.80571643728567,-136.82463902869208,0.3877472529460536,-0.4049537158221994,1,320.0,188.0,177.19428356271433,-0.4049537158221994
12.893739223480225,3.4760000705718994,-142.72311979924893,-136.75253991917495,0.3883444967142289,-0.4055682154555516,1,320.0,188.0,177.27688020075107,-0.4055682154555516
12.903359413146973,3.4590001106262207,-142.6405231612122,-136.64625280789247,0.3889001834447294,-0.4061823021057136,1,320.0,188.0,177.3594768387878,-0.4061823021057136
12.913836240768433,3.4590001106262207,-141.46182202183806,-135.40857597723704,0.38569347120072656,-0.4032195899319634,1,320.0,188.0,178.53817797816194,-0.4032195899319634
12.92417049407959,3.44700026512146,-141.3717067840793,-135.3041363609684,0.3862446643430091,-0.4038183101805733,1,320.0,188.0,178.6282932159207,-0.4038183101805733
12.93379545211792,3.44700026512146,-141.28159154632053,-135.22404210836095,0.3868246714504219,-0.40441657985299434,1,320.0,188.0,178.71840845367947,-0.40441657985299434
12.943245887756348,3.4280002117156982,-140.25987480707778,-134.10964926141355,0.38410958222146213,-0.40197471176553623,1,320.0,188.0,179.74012519292222,-0.40197471176553623
12.953702688217163,3.4280002117156982,-140.16336921140436,-134.02272712194298,0.3846753892897071,-0.4025597218967851,1,320.0,188.0,179.83663078859564,-0.4025597218967851
12.963335990905762,3.4150002002716064,-140.06686361573094,-133.90891854134662,0.3852083635856982,-0.4031442495000558,1,320.0,188.0,179.93313638426906,-0.4031442495000558
12.974844932556152,3.4150002002716064,-139.97035802005752,-133.82199640187605,0.385773167000343,-0.403728294575348,1,320.0,188.0,180.02964197994248,-0.403728294575348
12.98382830619812,3.3950002193450928,-139.8738524243841,-133.69328863492214,0.3862871841231729,-0.40431185712266177,1,320.0,187.0,180.1261475756159,-0.40431185712266177
12.993613481521606,3.3950002193450928,-139.0706448023361,-132.7331064219901,0.38400161732538735,-0.40258909431718837,1,320.0,187.0,180.9293551976639,-0.40258909431718837
13.003800392150879,3.38100004196167,-138.9692916503859,-132.61063513915704,0.38451770496168347,-0.40316231699310007,1,320.0,187.0,181.0307083496141,-0.40316231699310007
13.014619588851929,3.38100004196167,-138.86793849843573,-132.5177229541052,0.3850687989543918,-0.403735032903252,1,320.0,187.0,181.13206150156427,-0.403735032903252
13.023117542266846,3.3600001335144043,-138.76658534648556,-132.3799879305963,0.38556541686583407,-0.4043072420476443,1,320.0,188.0,181.23341465351444,-0.4043072420476443
13.033459663391113,3.3600001335144043,-137.97135294414204,-131.5431132991871,0.38368837806238265,-0.4026153479690372,1,320.0,188.0,182.02864705585796,-0.4026153479690372
13.043138265609741,3.3460001945495605,-137.86524155232345,-131.41488927119858,0.3841915836751525,-0.4031773405066165,1,320.0,188.0,182.13475844767655,-0.4031773405066165
13.055201530456543,3.3460001945495605,-137.75913016050487,-131.3168754034392,0.38473055141085843,-0.40373880248723676,1,320.0,188.0,182.24086983949513,-0.40373880248723676
13.063975811004639,3.324000120162964,-137.65301876868628,-131.17084790574938,0.3852111726531594,-0.40429973391089785,1,320.0,188.0,182.34698123131372,-0.40429973391089785
13.07355523109436,3.324000120162964,-136.96850390554016,-130.44623357784644,0.38370506229640683,-0.4029734867919306,1,320.0,188.0,183.03149609445984,-0.4029734867919306
13.083768129348755,3.309000253677368,-136.85842694104585,-130.31080289038084,0.3841940994859,-0.40352568656924265,1,320.0,188.0,183.14157305895415,-0.40352568656924265
13.094220876693726,3.309000253677368,-136.74834997655154,-130.2084930081843,0.3847223700923051,-0.4040773359617323,1,320.0,188.0,183.25165002344846,-0.4040773359617323
13.10344648361206,3.2870001792907715,-136.63827301205723,-130.0570305562191,0.385190900302728,-0.4046284349693994,1,320.0,187.0,183.36172698794277,-0.4046284349693994
13.114027500152588,3.2870001792907715,-136.15664511163197,-129.43465708113175,0.38402169099469885,-0.40396715332224287,1,320.0,187.0,183.84335488836803,-0.40396715332224287
13.123427629470825,3.2720000743865967,-136.04402110916365,-129.29487039116194,0.3845004213186909,-0.40451222462482667,1,320.0,187.0,183.95597889083635,-0.40451222462482667
13.135103702545166,3.2720000743865967,-135.93139710669533,-129.18899539422094,0.38501931629933284,-0.4050567328073982,1,320.0,187.0,184.06860289330467,-0.4050567328073982
13.143765687942505,3.250000238418579,-135.818773104227,-129.03278841768085,0.3854770318695731,-0.40560067786995724,1,320.0,187.0,184.181226895773,-0.40560067786995724
13.15326189994812,3.250000238418579,-135.41875775894403,-128.6054936043643,0.3849463437366149,-0.40520676694936053,1,320.0,187.0,184.58124224105597,-0.40520676694936053
13.162815809249878,3.2350001335144043,-135.30416380215885,-128.46268471824467,0.38541728649686263,-0.4057457750202292,1,320.0,187.0,184.69583619784115,-0.4057457750202292
13.173275709152222,3.2350001335144043,-135.18956984537368,-128.35460651522035,0.3859293656858095,-0.4062842101213138,1,320.0,187.0,184.81043015462632,-0.4062842101213138
13.184142827987671,3.2130000591278076,-135.0749758885885,-128.1949728270018,0.3863787801240822,-0.4068220722526146,1,320.0,187.0,184.9250241114115,-0.4068220722526146
13.193552017211914,3.2130000591278076,-134.74912117395712,-127.84244022500214,0.3860922804928881,-0.40667037572860565,1,320.0,187.0,185.25087882604288,-0.40667037572860565
13.203920125961304,3.198000192642212,-134.6330791622642,-127.69710730479468,0.3865563665251631,-0.40720429071038555,1,320.0,187.0,185.3669208377358,-0.40720429071038555
13.214141607284546,3.198000192642212,-134.5170371505713,-127.58735352607064,0.3870625987583247,-0.4077376254821069,1,320.0,187.0,185.4829628494287,-0.4077376254821069
13.22398042678833,3.1760001182556152,-134.4009951388784,-127.42477618588498,0.3875046298310313,-0.4082703800437698,1,320.0,186.0,185.5990048611216,-0.4082703800437698
13.233313083648682,3.1760001182556152,-134.24417523043917,-127.14019338312642,0.38743933150213977,-0.40866956567154,1,320.0,186.0,185.75582476956083,-0.40866956567154
13.242979764938354,3.1610002517700195,-134.12785371421876,-126.992781605102,0.38789740127653594,-0.4092006191206466,1,320.0,186.0,185.87214628578124,-0.4092006191206466
13.25457239151001,3.1610002517700195,-134.01153219799835,-126.88182949326962,0.38839866788980343,-0.4097310909621721,1,320.0,186.0,185.98846780200165,-0.4097310909621721
13.263171672821045,3.139000177383423,-133.89521068177794,-126.71673837651565,0.3888341422415812,-0.41026098119611654,1,320.0,185.0,186.10478931822206,-0.41026098119611654
13.273456573486328,3.139000177383423,-133.89112219516812,-126.59544804088372,0.38930031223356043,-0.41115631926529483,1,320.0,185.0,186.10887780483188,-0.41115631926529483
13.28290605545044,3.124000072479248,-133.7755699744215,-126.44705118181633,0.38975447125858864,-0.41168653445027104,1,320.0,185.0,186.2244300255785,-0.41168653445027104
13.293577671051025,3.124000072479248,-133.66001775367488,-126.33602820716573,0.39025292383004373,-0.41221617187414344,1,320.0,185.0,186.33998224632512,-0.41221617187414344
13.303341627120972,3.124000072479248,-133.54446553292826,-126.22500523251512,0.39075082128662564,-0.4127452315369121,1,320.0,185.0,186.45553446707174,-0.4127452315369121
13.31372880935669,3.1030001640319824,-133.5766486063839,-126.09680719461423,0.39130106214996807,-0.4137555390124156,1,320.0,185.0,186.4233513936161,-0.4137555390124156
13.323106050491333,3.0880000591278076,-133.4621090674517,-125.94773334129873,0.3917519121926959,-0.41428540211103415,1,320.0,185.0,186.5378909325483,-0.41428540211103415
13.333867311477661,3.0880000591278076,-133.3475695285195,-125.83695568155763,0.3922481637794144,-0.4148146925119581,1,320.0,185.0,186.6524304714805,-0.4148146925119581
13.343490600585938,3.067000150680542,-133.2330299895873,-125.6719000080619,0.39267845647125976,-0.4153434102151874,1,320.0,184.0,186.7669700104127,-0.4153434102151874
13.354149580001831,3.067000150680542,-133.3991260030689,-125.73964388358544,0.3937555794393053,-0.416786852100379,1,320.0,184.0,186.6008739969311,-0.416786852100379
13.3636314868927,3.067000150680542,-133.28651023426667,-125.63008999750434,0.3942522652259955,-0.41731814572898773,1,320.0,184.0,186.71348976573333,-0.41731814572898773
13.373472213745117,3.052000045776367,-133.17389446546446,-125.48128304154955,0.3947011032940575,-0.4178488762787524,1,320.0,184.0,186.82610553453554,-0.4178488762787524
13.383423805236816,3.052000045776367,-133.06127869666224,-125.37172915546844,0.39519649727653755,-0.41837904374967305,1,320.0,183.0,186.93872130333776,-0.41837904374967305
13.394031286239624,3.0310001373291016,-133.3478881639824,-125.41138723478396,0.39629245515889433,-0.4202107749043887,1,320.0,183.0,186.6521118360176,-0.4202107749043887
13.404035568237305,3.0310001373291016,-133.23800926302388,-125.30323771953955,0.3967891919291987,-0.4207451102695536,1,320.0,183.0,186.76199073697612,-0.4207451102695536
13.413477420806885,3.017000198364258,-133.12813036206538,-125.15753860219355,0.39724014068139446,-0.42127889624021375,1,320.0,183.0,186.87186963793462,-0.42127889624021375
13.423256158828735,3.017000198364258,-133.01825146110687,-125.04938908694915,0.39773560820853593,-0.4218121328163691,1,320.0,182.0,186.98174853889313,-0.4218121328163691
13.43360185623169,2.995000123977661,-133.41304575109186,-125.21074563451253,0.3992309397793569,-0.423989277481958,1,320.0,182.0,186.58695424890814,-0.423989277481958
13.443270921707153,2.995000123977661,-133.30662682983524,-125.10485350287172,0.39972782971700904,-0.4245264416190815,1,320.0,182.0,186.69337317016476,-0.4245264416190815
13.454625368118286,2.9810001850128174,-133.20020790857862,-124.96044967687038,0.4001734118106304,-0.42505841300485014,1,320.0,182.0,186.79979209142138,-0.42505841300485014
13.463428020477295,2.9810001850128174,-133.093788987322,-124.85455754522957,0.4006646835066533,-0.4255898573508621,1,320.0,181.0,186.906211012678,-0.4255898573508621
13.47376012802124,2.9600000381469727,-133.5854213005723,-125.13032246258209,0.40251407870113576,-0.4280645157666134,1,320.0,181.0,186.4145786994277,-0.4280645157666134
13.48351526260376,2.9600000381469727,-133.4831028161915,-125.02744812661348,0.4030032640057174,-0.4285958008018857,1,320.0,181.0,186.5168971838085,-0.4285958008018857
13.493409633636475,2.946000099182129,-133.38078433181067,-124.88509083478577,0.4034400012534013,-0.4291219161694755,1,320.0,181.0,186.61921566818933,-0.4291219161694755
13.503809213638306,2.946000099182129,-133.27846584742986,-124.78221649881716,0.4039236175644461,-0.42964753375761333,1,320.0,180.0,186.72153415257014,-0.42964753375761333
13.5133798122406,2.9250001907348633,-133.85649212923659,-125.05674991304939,0.4057546026424488,-0.4323848419837213,1,320.0,180.0,186.14350787076341,-0.4323848419837213
13.523859739303589,2.9110002517700195,-133.75883861904157,-124.91638318625625,0.40618295066959487,-0.43290669070718096,1,320.0,180.0,186.24116138095843,-0.43290669070718096
13.53337287902832,2.9110002517700195,-133.66118510884655,-124.81650788132877,0.4066594112486476,-0.43342807289093416,1,320.0,180.0,186.33881489115345,-0.43342807289093416
13.543893337249756,2.9110002517700195,-133.56353159865154,-124.7166325764013,0.4071353946733681,-0.433948988534981,1,320.0,179.0,186.43646840134846,-0.433948988534981
13.553413391113281,2.890000104904175,-134.2183397811068,-125.09013448823501,0.4092750128511844,-0.4369168783290004,1,320.0,179.0,185.7816602188932,-0.4369168783290004
13.563841342926025,2.890000104904175,-134.12584606519314,-124.99392706652537,0.40975016028330313,-0.43743963052773793,1,320.0,179.0,185.87415393480686,-0.43743963052773793
13.57393741607666,2.876000165939331,-134.03335234927948,-124.8561806132495,0.41017044007824455,-0.43795725454676315,1,320.0,179.0,185.96664765072052,-0.43795725454676315
13.583868980407715,2.876000165939331,-133.94085863336582,-124.75997319153987,0.41064011549821783,-0.43847444477022235,1,320.0,178.0,186.05914136663418,-0.43847444477022235
13.593271493911743,2.8560001850128174,-134.66360491610797,-125.22476865918725,0.41305668235201176,-0.4416437659324153,1,320.0,178.0,185.33639508389203,-0.4416437659324153
13.603986978530884,2.8560001850128174,-134.57670182164034,-125.13282046850466,0.41352696086804447,-0.4421639181777526,1,320.0,178.0,185.42329817835966,-0.4421639181777526
13.613517999649048,2.8420002460479736,-134.4897987271727,-124.99827615289284,0.4139411248278833,-0.4426789600702574,1,320.0,178.0,185.5102012728273,-0.4426789600702574
13.623410701751709,2.8420002460479736,-134.40289563270508,-124.90632796221026,0.4144059807161625,-0.4431936017739587,1,320.0,177.0,185.59710436729492,-0.4431936017739587
13.633792400360107,2.821000099182129,-135.1854467620432,-125.44653829845737,0.4170591251476739,-0.4465369190464945,1,320.0,177.0,184.8145532379568,-0.4465369190464945
13.643337965011597,2.821000099182129,-135.10450641470032,-125.35936942987914,0.4175252210657931,-0.4470548539286358,1,320.0,177.0,184.89549358529968,-0.4470548539286358
13.654468774795532,2.808000087738037,-135.02356606735745,-125.23161201196943,0.4179379590780645,-0.44756803206006557,1,320.0,177.0,184.97643393264255,-0.44756803206006557
13.663138628005981,2.808000087738037,-134.94262572001458,-125.1444431433912,0.4183990093462286,-0.4480808443411076,1,320.0,176.0,185.05737427998542,-0.4480808443411076
13.67354130744934,2.7870001792907715,-135.77750642452898,-125.75400248050232,0.4212624681325575,-0.4515736079038614,1,320.0,176.0,184.22249357547102,-0.4515736079038614
13.683012247085571,2.7870001792907715,-135.70284714600785,-125.67206755032191,0.42172558623445167,-0.4520902693000865,1,320.0,176.0,184.29715285399215,-0.4520902693000865
13.693610906600952,2.7740001678466797,-135.62818786748673,-125.54848399189682,0.4221340935435278,-0.4526021892359653,1,320.0,176.0,184.37181213251327,-0.4526021892359653
13.70468282699585,2.7740001678466797,-135.5535285889656,-125.4665490617164,0.4225922158250479,-0.45311377805791253,1,320.0,174.0,184.4464714110344,-0.45311377805791253
13.713165998458862,2.753000020980835,-136.53496987907633,-126.13707576571068,0.4256381746631297,-0.45706292732524856,1,320.0,174.0,183.46503012092367,-0.45706292732524856
13.723658800125122,2.753000020980835,-136.46755411791034,-126.06076927237069,0.42609906819907,-0.4575800974749291,1,320.0,174.0,183.53244588208966,-0.4575800974749291
13.732935428619385,2.7400002479553223,-136.40013835674435,-125.94171277278832,0.4265040469282026,-0.4580925392479347,1,320.0,174.0,183.59986164325565,-0.4580925392479347
13.743531942367554,2.7400002479553223,-136.33272259557836,-125.86540627944834,0.4269599937315327,-0.4586046877623373,1,320.0,173.0,183.66727740442164,-0.4586046877623373
13.754045009613037,2.7200000286102295,-137.34357825700866,-126.5925417580525,0.4301672396462306,-0.462627064768067,1,320.0,173.0,182.65642174299134,-0.462627064768067
13.763441801071167,2.7200000286102295,-137.2835584052283,-126.52220304938507,0.43062687867799165,-0.46314536025689235,1,320.0,173.0,182.7164415947717,-0.46314536025689235
13.773876190185547,2.7060000896453857,-137.22353855344792,-126.40460905010556,0.4310248815647839,-0.46365859485744,1,320.0,173.0,182.77646144655208,-0.46365859485744
13.7843918800354,2.7060000896453857,-137.16351870166756,-126.33427034143813,0.43147929080570246,-0.4641715734733064,1,320.0,172.0,182.83648129833244,-0.4641715734733064
13.794050216674805,2.686000108718872,-138.19874409638754,-127.10764582632514,0.434820077272413,-0.468250140997538,1,320.0,172.0,181.80125590361246,-0.468250140997538
13.803368330001831,2.686000108718872,-138.1462368756293,-127.04356370806816,0.43527866738606424,-0.46876941875860656,1,320.0,172.0,181.8537631243707,-0.46876941875860656
13.81450867652893,2.6730000972747803,-138.09372965487108,-126.9344268438662,0.4356786064201651,-0.46928398715156083,1,320.0,172.0,181.90627034512892,-0.46928398715156083
13.823226690292358,2.6730000972747803,-138.04122243411285,-126.87034472560923,0.43613234312592475,-0.4697983359330515,1,320.0,171.0,181.95877756588715,-0.4697983359330515
13.833601951599121,2.6530001163482666,-139.09621082379462,-127.68348712020705,0.4395855054216558,-0.4739182147225349,1,320.0,171.0,180.90378917620538,-0.4739182147225349
13.843323707580566,2.6530001163482666,-139.05130052833698,-127.62590413319856,0.44004381992319874,-0.4744389519078651,1,320.0,171.0,180.94869947166302,-0.4744389519078651
13.853962659835815,2.640000104904175,-139.00639023287934,-127.52206255336814,0.440442050517315,-0.4749549857897266,1,320.0,171.0,180.99360976712066,-0.4749549857897266
13.863629817962646,2.640000104904175,-138.9614799374217,-127.46447956635966,0.44089555533255576,-0.475470835539365,1,320.0,170.0,181.0385200625783,-0.475470835539365
13.873087406158447,2.620000123977661,-140.03203092225323,-128.41244624337844,0.4447709562326754,-0.47961816605429886,1,320.0,170.0,179.96796907774677,-0.47961816605429886
13.883527755737305,2.620000123977661,-139.9947724253439,-128.36225582450533,0.445230594905902,-0.4801404347297209,1,320.0,170.0,180.0052275746561,-0.4801404347297209
13.893445253372192,2.6070001125335693,-139.9575139284346,-128.26455406368643,0.4456286556749554,-0.48065800388501195,1,320.0,170.0,180.0424860715654,-0.48065800388501195
13.90403151512146,2.6070001125335693,-139.92025543152528,-128.21436364481332,0.4460835284143218,-0.4811754233542812,1,320.0,169.0,180.07974456847472,-0.4811754233542812
13.913532972335815,2.5870001316070557,-141.00254561214967,-129.18086553250333,0.45000066229846897,-0.4853376102890304,1,320.0,169.0,178.99745438785033,-0.4853376102890304
13.923012733459473,2.5870001316070557,-140.97296715214668,-129.1381578019383,0.4504617687053588,-0.4858614264305855,1,320.0,169.0,179.02703284785332,-0.4858614264305855
13.933403491973877,2.574000120162964,-140.94338869214369,-129.04663439308248,0.4508597391598352,-0.4863805445554259,1,320.0,169.0,179.05661130785631,-0.4863805445554259
13.943196296691895,2.574000120162964,-140.9138102321407,-129.00392666251744,0.4513161203733279,-0.4868995462890173,1,320.0,167.0,179.0861897678593,-0.4868995462890173
13.953622102737427,2.55400013923645,-142.10540459159697,-129.78256598831126,0.4546017376289312,-0.4913947458626487,1,320.0,167.0,177.89459540840303,-0.4913947458626487
13.963090658187866,2.55400013923645,-142.08420348758057,-129.7460150735816,0.45506193984497995,-0.49192130171783655,1,320.0,167.0,177.91579651241943,-0.49192130171783655
13.97366452217102,2.5410001277923584,-142.06300238356417,-129.65928968518597,0.455457381833841,-0.4924431581550859,1,320.0,167.0,177.93699761643583,-0.4924431581550859
13.983566761016846,2.5410001277923584,-142.04180127954777,-129.6227387704563,0.4559128923786906,-0.49296493291507537,1,320.0,167.0,177.95819872045223,-0.49296493291507537
13.993467092514038,2.5210001468658447,-143.12774768800088,-130.53214145595695,0.45960844273767176,-0.4970908927307044,1,320.0,167.0,176.87225231199912,-0.4970908927307044
14.004005908966064,2.5210001468658447,-143.11414185335897,-130.50261693662915,0.46006924956329587,-0.4976187573060779,1,320.0,167.0,176.88585814664103,-0.4976187573060779
14.01358413696289,2.508000135421753,-143.10053601871707,-130.4215016147648,0.4604636002823011,-0.4981419193737455,1,320.0,167.0,176.89946398128293,-0.4981419193737455
14.023205280303955,2.508000135421753,-143.08693018407516,-130.391977095437,0.4609197486569023,-0.4986650301474119,1,320.0,165.0,176.91306981592484,-0.4986650301474119
14.033629417419434,2.489000082015991,-144.27689623923195,-131.32038991355523,0.46465152635551554,-0.5031071245743456,1,320.0,165.0,175.72310376076805,-0.5031071245743456
14.043177127838135,2.489000082015991,-144.27154728587308,-131.29796153468908,0.4651133689896103,-0.5036377566946681,1,320.0,165.0,175.72845271412692,-0.5036377566946681
14.054651260375977,2.4760000705718994,-144.26619833251422,-131.2225108825961,0.4655070392954071,-0.5041636802479372,1,320.0,165.0,175.73380166748578,-0.5041636802479372
14.063587427139282,2.4760000705718994,-144.26084937915536,-131.20008250372996,0.465964253568354,-0.5046895840635677,1,320.0,165.0,175.73915062084464,-0.5046895840635677
14.073244094848633,2.4590001106262207,-145.34043408065529,-132.0470336778141,0.46939608682493816,-0.5087481358925315,1,320.0,165.0,174.65956591934471,-0.5087481358925315
14.083725214004517,2.4590001106262207,-145.34252819700862,-132.03105146646737,0.46985849146806125,-0.5092807857439509,1,320.0,165.0,174.65747180299138,-0.5092807857439509
14.093754291534424,2.449000120162964,-145.34462231336195,-131.97326336651628,0.4702672189343109,-0.5098098096215676,1,320.0,165.0,174.65537768663805,-0.5098098096215676
14.103630065917969,2.449000120162964,-145.3467164297153,-131.95728115516954,0.47072605557132036,-0.5103388410851216,1,320.0,164.0,174.6532835702847,-0.5103388410851216
14.113464117050171,2.438000202178955,-146.42503788390653,-132.8476914365395,0.4742331314430823,-0.5143742456619435,1,320.0,164.0,173.57496211609347,-0.5143742456619435
14.123880386352539,2.438000202178955,-146.43451540274847,-132.83824587858027,0.47469935033460753,-0.5149120508414416,1,320.0,164.0,173.56548459725153,-0.5149120508414416
14.133573770523071,2.431000232696533,-146.44399292159042,-132.79903244170688,0.4751273828261744,-0.5154473273339215,1,320.0,164.0,173.55600707840958,-0.5154473273339215
14.143199443817139,2.431000232696533,-146.45347044043237,-132.78958688374766,0.47559110298094914,-0.5159826377322305,1,320.0,165.0,173.54652955956763,-0.5159826377322305
14.154104471206665,2.4230000972747803,-147.32632321378765,-133.6068981713753,0.4788192542818077,-0.5193311270727048,1,320.0,165.0,172.67367678621235,-0.5193311270727048
14.163540363311768,2.4230000972747803,-147.34172390790224,-133.6033595173593,0.4792903018809621,-0.5198737761242763,1,320.0,165.0,172.65827609209776,-0.5198737761242763
14.174495458602905,2.4200000762939453,-147.35712460201682,-133.58691598405917,0.4797448032182251,-0.5204153747776571,1,320.0,165.0,172.64287539798318,-0.5204153747776571
14.183895587921143,2.4200000762939453,-147.3725252961314,-133.5833773300432,0.4802147778484065,-0.520957028103505,1,320.0,165.0,172.6274747038686,-0.520957028103505
14.193888425827026,2.4160001277923584,-148.15844166957714,-134.13657704702612,0.48253483662206315,-0.5240104478950439,1,320.0,165.0,171.84155833042286,-0.5240104478950439
14.203450202941895,2.4160001277923584,-148.17912849440026,-134.13697631163572,0.48301016067859204,-0.5245598262470422,1,320.0,165.0,171.82087150559974,-0.5245598262470422
14.213744401931763,2.4140000343322754,-148.19981531922338,-134.12872231266996,0.4834744009247207,-0.5251085367967034,1,320.0,165.0,171.80018468077662,-0.5251085367967034
14.223145723342896,2.4140000343322754,-148.2205021440465,-134.12912157727956,0.48394902649854027,-0.5256573204742923,1,320.0,167.0,171.7794978559535,-0.5256573204742923
14.233593702316284,2.4130001068115234,-148.7239978369574,-134.54041312838382,0.48577243630377537,-0.5277805785994664,1,320.0,167.0,171.2760021630426,-0.5277805785994664
14.243168830871582,2.4130001068115234,-148.7479969808859,-134.54366104598878,0.48625160932347333,-0.5283348299112356,1,320.0,167.0,171.2520030191141,-0.5283348299112356
14.254418849945068,2.4120001792907715,-148.77199612481436,-134.54257324018445,0.4867252393003516,-0.5288887940969539,1,320.0,167.0,171.22800387518564,-0.5288887940969539
14.263304710388184,2.4120001792907715,-148.79599526874284,-134.54582115778942,0.4872040836104716,-0.5294428429996612,1,320.0,,171.20400473125716,-0.5294428429996612
14.273925065994263,2.4130001068115234,-148.81999441267132,-134.55340479880368,0.4876884939180702,-0.5299973486423772,1,320.0,,171.18000558732868,-0.5299973486423772
14.283335208892822,2.4130001068115234,-148.8439935565998,-134.55665271640865,0.48816771283084737,-0.5305519390620758,1,320.0,,171.1560064434002,-0.5305519390620758
14.293818950653076,2.4130001068115234,-148.86799270052828,-134.55990063401362,0.48864694321689434,-0.5311066142587566,1,320.0,,171.13200729947172,-0.5311066142587566
14.3037850856781,2.4130001068115234,-148.89199184445675,-134.56314855161858,0.4891261850762112,-0.5316613742324198,1,320.0,170.0,171.10800815554325,-0.5316613742324198
14.313540697097778,2.4150002002716064,-149.03846888020902,-134.64934985539338,0.4898584626073997,-0.5326158033303126,1,320.0,170.0,170.96153111979098,-0.5326158033303126
14.32405948638916,2.4150002002716064,-149.06330613412652,-134.6531061524121,0.49033930559425426,-0.5331729195550958,1,320.0,170.0,170.93669386587348,-0.5331729195550958
14.333906412124634,2.4160001277923584,-149.08814338804402,-134.66118664669472,0.49082570283114435,-0.5337304963350213,1,320.0,170.0,170.91185661195598,-0.5337304963350213
14.343671798706055,2.4160001277923584,-149.1129806419615,-134.66494294371344,0.49130692432861045,-0.5342881610388336,1,320.0,172.0,170.8870193580385,-0.5342881610388336
14.353265047073364,2.4180002212524414,-149.01642816221806,-134.63188716893328,0.4916514061229278,-0.5344518489654974,1,320.0,172.0,170.98357183778194,-0.5344518489654974
14.363790273666382,2.4180002212524414,-149.04043637474254,-134.63533306131723,0.49213282352396187,-0.5350090072499141,1,320.0,172.0,170.95956362525746,-0.5350090072499141
14.373145341873169,2.4200000762939453,-149.06444458726702,-134.64740057145295,0.4926253028338353,-0.53556699591166,1,320.0,172.0,170.93555541273298,-0.53556699591166
14.38407301902771,2.4200000762939453,-149.0884527997915,-134.6508464638369,0.4931074484353253,-0.5361250698025649,1,320.0,173.0,170.9115472002085,-0.5361250698025649
14.393859386444092,2.4220001697540283,-148.88728267348714,-134.40570875164747,0.4927649043346565,-0.5359522640286118,1,320.0,173.0,171.11271732651286,-0.5359522640286118
14.403198480606079,2.4220001697540283,-148.90975523276003,-134.40740067337245,0.49324475300716075,-0.5365086053427868,1,320.0,173.0,171.09024476723997,-0.5365086053427868
14.413106679916382,2.4240000247955322,-148.93222779203293,-134.41768376163003,0.49373561967559365,-0.537065771154086,1,320.0,173.0,171.06777220796707,-0.537065771154086
14.423541069030762,2.4240000247955322,-148.95470035130583,-134.419375683355,0.49421618296742886,-0.5376230169676978,1,320.0,175.0,171.04529964869417,-0.5376230169676978
14.433140516281128,2.4260001182556152,-148.55495651128027,-133.9879984284291,0.49327354973909776,-0.5368099861706115,1,320.0,175.0,171.44504348871973,-0.5368099861706115
14.443557262420654,2.4260001182556152,-148.57455261504336,-133.98668152423267,0.4937496320133077,-0.5373631698191244,1,320.0,175.0,171.42544738495664,-0.5373631698191244
14.453574895858765,2.4280002117156982,-148.59414871880645,-133.9939265161039,0.49423668439213714,-0.5379171663332154,1,320.0,175.0,171.40585128119355,-0.5379171663332154
14.463434219360352,2.4280002117156982,-148.61374482256954,-133.99260961190745,0.49471345779433673,-0.5384712328054073,1,320.0,177.0,171.38625517743046,-0.5384712328054073
14.473159551620483,2.431000232696533,-148.03903990949945,-133.4014381262191,0.49325037695845886,-0.537097368312718,1,320.0,177.0,171.96096009050055,-0.537097368312718
14.48346209526062,2.431000232696533,-148.05458991876787,-133.39601815943746,0.4937210973308882,-0.5376456937054042,1,320.0,177.0,171.94541008123213,-0.5376456937054042
14.49326467514038,2.433000087738037,-148.0701399280363,-133.39912142969607,0.49420272363698087,-0.5381948150252969,1,320.0,177.0,171.9298600719637,-0.5381948150252969
14.504237651824951,2.433000087738037,-148.08568993730472,-133.39370146291444,0.4946741026415931,-0.5387439920531012,1,320.0,179.0,171.91431006269528,-0.5387439920531012
14.513791799545288,2.43500018119812,-147.35651515655923,-132.65344810406324,0.492744050137245,-0.5368771592769397,1,320.0,179.0,172.64348484344077,-0.5368771592769397
14.523782968521118,2.43500018119812,-147.3669969504805,-132.64296932801864,0.4932073323185423,-0.5374184165979616,1,320.0,179.0,172.6330030495195,-0.5374184165979616
14.533966541290283,2.437000036239624,-147.3774787444018,-132.64098385706674,0.49368146249992373,-0.5379604483564087,1,320.0,179.0,172.6225212555982,-0.5379604483564087
14.54415774345398,2.437000036239624,-147.38796053832309,-132.63050508102214,0.49414536307018997,-0.5385025177707013,1,320.0,181.0,172.61203946167691,-0.5385025177707013
14.553149223327637,2.440000057220459,-146.52228066863265,-131.76656561284375,0.49181486729563595,-0.5362026656178425,1,320.0,181.0,173.47771933136735,-0.5362026656178425
14.563599586486816,2.440000057220459,-146.52680074075195,-131.75019307657317,0.49226952096603394,-0.5367355862080132,1,320.0,181.0,173.47319925924805,-0.5367355862080132
14.57415223121643,2.44100022315979,-146.53132081287126,-131.73805145779036,0.4927295374273679,-0.5372688894595344,1,320.0,181.0,173.46867918712874,-0.5372688894595344
14.58385944366455,2.44100022315979,-146.53584088499056,-131.72167892151978,0.49318441780564537,-0.5378022089946181,1,320.0,183.0,173.46415911500944,-0.5378022089946181
14.594016551971436,2.444000005722046,-145.54954654207546,-130.74474737918138,0.4904974045763479,-0.5351215028758988,1,320.0,183.0,174.45045345792454,-0.5351215028758988
14.603696823120117,2.444000005722046,-145.547324658287,-130.72175256318278,0.49094171632577266,-0.5356442624594511,1,320.0,183.0,174.452675341713,-0.5356442624594511
14.613107442855835,2.445000171661377,-145.54510277449856,-130.70297386175096,0.4913913464332217,-0.536167377945139,1,320.0,183.0,174.45489722550144,-0.536167377945139
14.623649597167969,2.445000171661377,-145.5428808907101,-130.67997904575236,0.49183583413440785,-0.5366904854042708,1,320.0,186.0,174.4571191092899,-0.5366904854042708
14.63335108757019,2.447000026702881,-144.34669891449573,-129.59917691551274,0.4888308342131287,-0.5333395913557457,1,320.0,186.0,175.65330108550427,-0.5333395913557457
14.644211530685425,2.447000026702881,-144.33635153114054,-129.56892589152704,0.48926324858240805,-0.533849311257019,1,320.0,186.0,175.66364846885946,-0.533849311257019
14.653408288955688,2.449000120162964,-144.32600414778534,-129.54708031785822,0.48970631823137384,-0.5343597153903746,1,320.0,186.0,175.67399585221466,-0.5343597153903746
14.663233518600464,2.449000120162964,-144.31565676443014,-129.51682929387252,0.4901391917556158,-0.534870082040331,1,320.0,188.0,175.68434323556986,-0.534870082040331
14.673876523971558,2.451000213623047,-143.03629870722736,-128.2452932954768,0.4865264948465001,-0.5312621676309376,1,320.0,188.0,176.96370129277264,-0.5312621676309376
14.683252573013306,2.451000213623047,-143.01731282723648,-128.2065353928879,0.48694505463900073,-0.5317581799536089,1,320.0,188.0,176.98268717276352,-0.5317581799536089
14.693176507949829,2.452000141143799,-142.9983269472456,-128.17196688648136,0.4873688367163376,-0.5322544808748966,1,320.0,188.0,177.0016730527544,-0.5322544808748966
14.704097270965576,2.452000141143799,-142.97934106725472,-128.13320898389247,0.48778745082705544,-0.5327507128774334,1,320.0,191.0,177.02065893274528,-0.5327507128774334
14.713744163513184,2.454000234603882,-141.52461545590296,-126.79520687346508,0.4839714661697133,-0.5285864553205891,1,320.0,191.0,178.47538454409704,-0.5285864553205891
14.723063945770264,2.454000234603882,-141.4958528129674,-126.74754469495556,0.4843749989548066,-0.5290662776570303,1,320.0,191.0,178.5041471870326,-0.5290662776570303
14.734143733978271,2.455000162124634,-141.46709017003184,-126.7040609646576,0.48478370455156267,-0.5295463490833393,1,320.0,191.0,178.53290982996816,-0.5295463490833393
14.744960308074951,2.455000162124634,-141.43832752709628,-126.65639878614809,0.48518722263927117,-0.5300263158855231,1,320.0,193.0,178.56167247290372,-0.5300263158855231
14.753144264221191,2.4570000171661377,-139.9307924455517,-125.15837142667291,0.4808643538465872,-0.5257048477297414,1,320.0,193.0,180.0692075544483,-0.5257048477297414
14.76360011100769,2.4570000171661377,-139.8919560560314,-125.10077216371471,0.4812509142990124,-0.5261678005182546,1,320.0,193.0,180.1080439439686,-0.5261678005182546
14.77395248413086,2.4580001831054688,-139.8531196665111,-125.0473414379804,0.48164259504491486,-0.5266309615360345,1,320.0,193.0,180.1468803334889,-0.5266309615360345
14.7835533618927,2.4580001831054688,-139.8142832769908,-124.9897421750222,0.4820290635968087,-0.5270939809951566,1,320.0,196.0,180.1857167230092,-0.5270939809951566
14.79299807548523,2.4570000171661377,-138.1595516651158,-123.43990564508957,0.477576464642391,-0.5223077771085773,1,320.0,196.0,181.8404483348842,-0.5223077771085773
14.803483963012695,2.4570000171661377,-138.10970270184484,-123.372164965531,0.4779445589431023,-0.5227510229506707,1,320.0,196.0,181.89029729815516,-0.5227510229506707
14.813002109527588,2.4560000896453857,-138.05985373857388,-123.30025311200646,0.47830707766783376,-0.5231937420932951,1,320.0,196.0,181.94014626142612,-0.5231937420932951
14.823473691940308,2.4560000896453857,-138.01000477530292,-123.23251243244789,0.47867435522523566,-0.523636279785682,1,320.0,198.0,181.98999522469708,-0.523636279785682
14.833213090896606,2.452000141143799,-136.32751015877562,-121.63732835880695,0.4741115516222554,-0.5187726370132117,1,320.0,198.0,183.67248984122438,-0.5187726370132117
14.843649625778198,2.452000141143799,-136.26652946836262,-121.55928725838349,0.4744591625573885,-0.5191941077347693,1,320.0,198.0,183.73347053163738,-0.5191941077347693
14.853714227676392,2.448000192642212,-136.20554877794962,-121.46446560050902,0.47478507799191094,-0.5196139950584472,1,320.0,198.0,183.79445122205038,-0.5196139950584472
14.863343000411987,2.448000192642212,-136.1445680875366,-121.38642450008555,0.47513084758655344,-0.5200336616319965,1,320.0,200.0,183.8554319124634,-0.5200336616319965
14.873589992523193,2.440000057220459,-134.43997799998408,-119.74737472716212,0.47046967294620007,-0.5151086548435426,1,320.0,200.0,185.56002200001592,-0.5151086548435426
14.883017301559448,2.440000057220459,-134.36778570082632,-119.65891560847534,0.47079429411708373,-0.5155057481322978,1,320.0,200.0,185.63221429917368,-0.5155057481322978
14.89352011680603,2.433000087738037,-134.29559340166855,-119.54074088887393,0.47108073918401716,-0.515900231366127,1,320.0,200.0,185.70440659833145,-0.515900231366127
14.904154539108276,2.433000087738037,-134.2234011025108,-119.45228177018714,0.471402526067236,-0.5162944559710286,1,320.0,202.0,185.7765988974892,-0.5162944559710286
14.913597345352173,2.4210000038146973,-132.50190309950287,-117.87585304191762,0.4669883649861396,-0.5113226909119833,1,320.0,202.0,187.49809690049713,-0.5113226909119833
14.923067569732666,2.4210000038146973,-132.41845519878692,-117.77758992131007,0.4672888541307292,-0.5116929699944808,1,320.0,202.0,187.58154480121308,-0.5116929699944808
14.933786392211914,2.4120001792907715,-132.33500729807096,-117.64044129612198,0.4675395465910084,-0.5120599751486998,1,320.0,202.0,187.66499270192904,-0.5120599751486998
14.943400859832764,2.4120001792907715,-132.251559397355,-117.54217817551442,0.4678365547879245,-0.5124266857317921,1,320.0,202.0,187.748440602645,-0.5124266857317921
14.953422546386719,2.3980000019073486,-132.16811149663906,-117.38280288341014,0.4680555573340366,-0.512788475801244,1,320.0,203.0,187.83188850336094,-0.512788475801244
14.963968515396118,2.3980000019073486,-130.50881664586112,-115.80792047713615,0.4635469345136098,-0.5080267599898379,1,320.0,203.0,189.49118335413888,-0.5080267599898379
14.973338842391968,2.38700008392334,-130.41461311079425,-115.65102422113179,0.46375967895715586,-0.5083659284460814,1,320.0,203.0,189.58538688920575,-0.5083659284460814
14.984052896499634,2.38700008392334,-130.32040957572738,-115.54268272513919,0.464030313438556,-0.5087047702515474,1,320.0,205.0,189.67959042427262,-0.5087047702515474
14.993715047836304,2.370000123977661,-128.67738902524079,-114.00150998340783,0.4597926281183964,-0.5040019764034094,1,320.0,205.0,191.32261097475921,-0.5040019764034094
15.00331425666809,2.370000123977661,-128.5726125258911,-113.88390604329152,0.4600415558037527,-0.5043166058419414,1,320.0,205.0,191.4273874741089,-0.5043166058419414
15.013261318206787,2.3570001125335693,-128.4678360265414,-113.70739820479537,0.4602154987779569,-0.5046267012125841,1,320.0,205.0,191.5321639734586,-0.5046267012125841
15.023855209350586,2.3570001125335693,-128.3630595271917,-113.58979426467906,0.4604597274588169,-0.5049364411289234,1,320.0,207.0,191.6369404728083,-0.5049364411289234
15.033808946609497,2.3380000591278076,-126.70570808917735,-112.0100844806355,0.4561217523354133,-0.5001900733321816,1,320.0,207.0,193.29429191082266,-0.5001900733321816
15.043330907821655,2.3380000591278076,-126.59032700088295,-111.88309055008021,0.45634360857317546,-0.5004750606887587,1,320.0,207.0,193.40967299911705,-0.5004750606887587
15.053786516189575,2.325000047683716,-126.47494591258855,-111.69544385257203,0.45648842370724246,-0.5007555516562179,1,320.0,207.0,193.52505408741143,-0.5007555516562179
15.063486814498901,2.325000047683716,-126.35956482429415,-111.56844992201675,0.4567056014942428,-0.5010356604238083,1,320.0,208.0,193.64043517570585,-0.5010356604238083
15.073501825332642,2.305000066757202,-124.79342522597415,-110.06057502961754,0.4526184533295585,-0.4965891542917733,1,320.0,208.0,195.20657477402585,-0.4965891542917733
15.083023071289062,2.305000066757202,-124.66812988039749,-109.92479186260155,0.45281414318093677,-0.4968455296716223,1,320.0,208.0,195.3318701196025,-0.4968455296716223
15.093875885009766,2.2910001277923584,-124.54283453482083,-109.72162760477912,0.45292447265969826,-0.4970971372951805,1,320.0,208.0,195.45716546517917,-0.4970971372951805
15.10378360748291,2.2910001277923584,-124.41753918924417,-109.58584443776313,0.45311522120721254,-0.49734834052797083,1,320.0,209.0,195.58246081075583,-0.49734834052797083
15.113914966583252,2.2700002193450928,-122.93694932811647,-108.04332151699275,0.44893259347051584,-0.49318209147629527,1,320.0,209.0,197.06305067188353,-0.49318209147629527
15.123331069946289,2.2700002193450928,-122.80238776220698,-107.89862289052064,0.4491015333055943,-0.4934105152456891,1,320.0,209.0,197.197612237793,-0.4934105152456891
15.133723974227905,2.25600004196167,-122.66782619629748,-107.6842804685431,0.44918245105118904,-0.49363421835372245,1,320.0,209.0,197.33217380370252,-0.49363421835372245
15.143518686294556,2.25600004196167,-122.53326463038799,-107.53958184207099,0.4493464869976879,-0.49385749893842473,1,320.0,209.0,197.46673536961202,-0.49385749893842473
15.153132200241089,2.2340002059936523,-122.3987030644785,-107.28354556792921,0.4493702132620441,-0.4940736251213207,1,320.0,211.0,197.6012969355215,-0.4940736251213207
15.163692712783813,2.2340002059936523,-120.87950867648502,-105.91001453231382,0.44552798908280095,-0.48978319046853536,1,320.0,211.0,199.12049132351498,-0.48978319046853536
15.173974752426147,2.2200000286102295,-120.73547939479649,-105.68482264937091,0.4455800975399092,-0.48997859855129894,1,320.0,211.0,199.26452060520353,-0.48997859855129894
15.18368148803711,2.2200000286102295,-120.59145011310795,-105.53172162494587,0.4457182480691035,-0.49017356734474304,1,320.0,212.0,199.40854988689205,-0.49017356734474304
15.193059206008911,2.198000192642212,-119.18025971892372,-104.03442874544135,0.44171186758784253,-0.48623739078532724,1,320.0,212.0,200.8197402810763,-0.48623739078532724
15.203994274139404,2.198000192642212,-119.02756479382968,-103.87292368038281,0.4418291609662208,-0.48641064448909616,1,320.0,212.0,200.9724352061703,-0.48641064448909616
15.213274955749512,2.183000087738037,-118.87486986873564,-103.63137681380766,0.4418457945459885,-0.48657898303269476,1,320.0,212.0,201.12513013126437,-0.48657898303269476
15.223981618881226,2.183000087738037,-118.7221749436416,-103.46987174874913,0.4419580006363108,-0.4867468699810189,1,320.0,212.0,201.27782505635838,-0.4867468699810189
15.233486652374268,2.1610000133514404,-118.56948001854757,-103.1888017473539,0.44192022213515253,-0.48690778399061757,1,320.0,213.0,201.43051998145245,-0.48690778399061757
15.244026899337769,2.1610000133514404,-117.22488448437191,-101.87518030960645,0.43827547911437537,-0.4831887891407404,1,320.0,213.0,202.7751155156281,-0.4831887891407404
15.253944635391235,2.1470000743865967,-117.06403714114455,-101.62833024363968,0.43827067829108834,-0.4833314534771398,1,320.0,213.0,202.93596285885545,-0.4833314534771398
15.264183282852173,2.1470000743865967,-116.9031897979172,-101.4589448785487,0.4383583493962864,-0.4834736565837526,1,320.0,213.0,203.0968102020828,-0.4834736565837526
15.273722410202026,2.125,-116.74234245468983,-101.165598136419,0.43829086155048946,-0.4836089776100335,1,320.0,214.0,203.25765754531017,-0.4836089776100335
15.283139944076538,2.125,-115.47814164603379,-99.93197313746853,0.43490806714918806,-0.4801529658914847,1,320.0,214.0,204.5218583539662,-0.4801529658914847
15.293846845626831,2.1100001335144043,-115.3097484594013,-99.66918767238678,0.434869306620149,-0.48027087865798934,1,320.0,214.0,204.6902515405987,-0.48027087865798934
15.304960250854492,2.1100001335144043,-115.14135527276882,-99.49252396370578,0.4349334019569403,-0.48038832413334487,1,320.0,214.0,204.8586447272312,-0.48038832413334487
15.313196420669556,2.0880000591278076,-114.97296208613633,-99.18712273280892,0.43483670946835906,-0.4804989787832554,1,320.0,216.0,205.02703791386367,-0.4804989787832554
15.323784112930298,2.0880000591278076,-113.68043510647873,-98.02719345296869,0.43169413210769286,-0.4769508516668074,1,320.0,216.0,206.31956489352126,-0.4769508516668074
15.332950592041016,2.073000192642212,-113.50435423470906,-97.75433324391814,0.4316289259028381,-0.4770440301055827,1,320.0,216.0,206.49564576529093,-0.4770440301055827
15.344318866729736,2.073000192642212,-113.32827336293938,-97.570945214552,0.43167059437512745,-0.47713673620733477,1,320.0,216.0,206.6717266370606,-0.47713673620733477
15.35337233543396,2.052000045776367,-113.15219249116971,-97.25991070125703,0.43155314653544824,-0.47722302944041217,1,320.0,217.0,206.84780750883027,-0.47722302944041217
15.364108324050903,2.052000045776367,-111.93835521306593,-96.0657906692246,0.42829914253959794,-0.4739316637833054,1,320.0,217.0,208.06164478693407,-0.4739316637833054
15.373440504074097,2.0370001792907715,-111.75517714526158,-95.78256696470247,0.4282075904419597,-0.47400157544878097,1,320.0,217.0,208.2448228547384,-0.47400157544878097
15.38494348526001,2.0370001792907715,-111.57199907745724,-95.59226655867678,0.4282270529486293,-0.4740710122250336,1,320.0,217.0,208.42800092254276,-0.4740710122250336
15.393490076065063,2.015000104904175,-111.38882100965289,-95.26295854232434,0.4280736131112912,-0.47413384770619327,1,320.0,218.0,208.61117899034713,-0.47413384770619327
15.404438495635986,2.015000104904175,-110.24772442890995,-94.14188149143895,0.4250573777724235,-0.4710787660657587,1,320.0,218.0,209.75227557109005,-0.4710787660657587
15.413625478744507,2.001000165939331,-110.05799462986162,-93.85502651452583,0.42494802404291593,-0.4711265104841193,1,320.0,218.0,209.94200537013836,-0.4711265104841193
15.423031091690063,2.001000165939331,-109.8682648308133,-93.65836001541088,0.4249464043287705,-0.47117378010357913,1,320.0,218.0,210.1317351691867,-0.47117378010357913
15.43411135673523,1.9790000915527344,-109.67853503176498,-93.31716275791534,0.4247653613969845,-0.4712145425843148,1,320.0,219.0,210.32146496823503,-0.4712145425843148
15.443453311920166,1.9790000915527344,-108.60477563962971,-92.26364553152287,0.4219686008393522,-0.4683777122225877,1,320.0,219.0,211.3952243603703,-0.4683777122225877
15.45391035079956,1.9650001525878906,-108.40899874290005,-91.96731006827747,0.4218348694540802,-0.4684043166973342,1,320.0,219.0,211.59100125709995,-0.4684043166973342
15.463713884353638,1.9650001525878906,-108.2132218461704,-91.76478238523079,0.42181321880693406,-0.4684304488602426,1,320.0,219.0,211.7867781538296,-0.4684304488602426
15.473761081695557,1.943000078201294,-108.01744494944074,-91.41186495650618,0.4216052213819708,-0.4684501677317531,1,320.0,221.0,211.98255505055926,-0.4684501677317531
15.483408689498901,1.943000078201294,-106.90436933051792,-90.42090626657583,0.419011047972797,-0.46548382330841864,1,320.0,221.0,213.0956306694821,-0.46548382330841864
15.493851661682129,1.9290001392364502,-106.70231683128085,-90.11533521261312,0.41885365560544136,-0.4654891764773169,1,320.0,221.0,213.29768316871915,-0.4654891764773169
15.503971099853516,1.9290001392364502,-106.50026433204378,-89.90741356194825,0.41881295962393705,-0.46549406037921537,1,320.0,221.0,213.4997356679562,-0.46549406037921537
15.513937711715698,1.908000111579895,-106.29821183280671,-89.55008412727965,0.41858744301828366,-0.4654928943506432,1,320.0,222.0,213.70178816719329,-0.4654928943506432
15.523300886154175,1.908000111579895,-105.25300302799002,-88.51549862624839,0.41584992781187735,-0.4627467702604826,1,320.0,222.0,214.74699697200998,-0.4627467702604826
15.534088850021362,1.8940000534057617,-105.04518120251757,-88.20030453155587,0.41566882259065036,-0.46273216006392837,1,320.0,222.0,214.95481879748243,-0.46273216006392837
15.544286966323853,1.8940000534057617,-104.83735937704512,-87.98672640485186,0.41560917918386786,-0.46271708538556644,1,320.0,222.0,215.16264062295488,-0.46271708538556644
15.553902864456177,1.873000144958496,-104.62953755157267,-87.61761132903048,0.4153574665613602,-0.46269605319862317,1,320.0,223.0,215.37046244842733,-0.46269605319862317
15.563220977783203,1.873000144958496,-103.64726324490994,-86.64673154411317,0.412826682340183,-0.46015348643372644,1,320.0,223.0,216.35273675509006,-0.46015348643372644
15.573786973953247,1.8590000867843628,-103.43414126014916,-86.32214235829788,0.4126225521366476,-0.46011986489281087,1,320.0,223.0,216.56585873985085,-0.46011986489281087
15.583615064620972,1.8590000867843628,-103.22101927538839,-86.10338144825296,0.41254494607493486,-0.4600857856723868,1,320.0,223.0,216.7789807246116,-0.4600857856723868
15.594096422195435,1.8380000591278076,-103.00789729062761,-85.72256750113237,0.41226755812997656,-0.4600458408507243,1,320.0,224.0,216.99210270937238,-0.4600458408507243
15.603588104248047,1.8380000591278076,-102.08401526228678,-84.81074319095576,0.4099278414310619,-0.45769150233119377,1,320.0,224.0,217.91598473771322,-0.45769150233119377
15.61395812034607,1.8240001201629639,-101.86602812381739,-84.47693115288882,0.4097012894889341,-0.45763976181356686,1,320.0,224.0,218.1339718761826,-0.45763976181356686
15.623406410217285,1.8240001201629639,-101.64804098534799,-84.25342622268982,0.40960664565602434,-0.45758757224236923,1,320.0,224.0,218.351959014652,-0.45758757224236923
15.634107828140259,1.8030000925064087,-101.4300538468786,-83.86093494998393,0.40930400697508357,-0.45752960853276087,1,320.0,225.0,218.5699461531214,-0.45752960853276087
15.644127130508423,1.8030000925064087,-100.56037100763284,-83.00387417905738,0.4071409182839511,-0.4553493609813582,1,320.0,225.0,219.43962899236715,-0.4553493609813582
15.65312385559082,1.7890000343322754,-100.33792219212224,-82.6609533554245,0.4068924620331801,-0.45528033896288156,1,320.0,225.0,219.66207780787778,-0.45528033896288156
15.664312362670898,1.7890000343322754,-100.11547337661163,-82.43311093835005,0.40678165045109194,-0.4552108781640971,1,320.0,225.0,219.88452662338835,-0.4552108781640971
15.674190282821655,1.7690000534057617,-99.89302456110103,-82.0373977405095,0.4064645115217925,-0.4551359839385402,1,320.0,227.0,220.10697543889898,-0.4551359839385402
15.683597087860107,1.7690000534057617,-98.97237049802277,-81.23113124138587,0.40446493168647774,-0.45278718626223635,1,320.0,227.0,221.02762950197723,-0.45278718626223635
15.693901062011719,1.755000114440918,-98.74514072519182,-80.87931403060634,0.40419541076191484,-0.4527008920162092,1,320.0,227.0,221.25485927480818,-0.4527008920162092
15.704058647155762,1.755000114440918,-98.51791095236086,-80.64751085720849,0.4040694691536539,-0.45261416887392086,1,320.0,227.0,221.48208904763914,-0.45261416887392086
15.71303677558899,1.7340000867843628,-98.29068117952991,-80.23168257762876,0.40371770037309523,-0.4525218565678134,1,320.0,228.0,221.7093188204701,-0.4525218565678134
15.723404169082642,1.7340000867843628,-97.42657523349916,-79.47253316369458,0.40186906306774817,-0.45035517595276303,1,320.0,228.0,222.57342476650084,-0.45035517595276303
15.732848882675171,1.721000075340271,-97.19498368977986,-79.12071681296938,0.40158949855383574,-0.45025246007670744,1,320.0,228.0,222.80501631022014,-0.45025246007670744
15.743754386901855,1.721000075340271,-96.96339214606056,-78.88530200582412,0.401449191556985,-0.4501493267568507,1,320.0,228.0,223.03660785393944,-0.4501493267568507
15.754043817520142,1.7000000476837158,-96.73180060234125,-78.45770246368504,0.40107337309508245,-0.450040697566973,1,320.0,229.0,223.26819939765875,-0.450040697566973
15.763400793075562,1.7000000476837158,-95.92015647281661,-77.64105957283631,0.3990348769657653,-0.448042603966193,1,320.0,229.0,224.07984352718339,-0.448042603966193
15.772844552993774,1.687000036239624,-95.6845916593286,-77.28004298615625,0.3985077830343494,-0.4474459517704945,1,320.0,229.0,224.3154083406714,-0.4474459517704945
15.783604383468628,1.687000036239624,-95.44902684584059,-77.04064685726496,0.39835593713863693,-0.4473302700406028,1,320.0,229.0,224.5509731541594,-0.4473302700406028
15.793318033218384,1.6660001277923584,-95.21346203235258,-76.60035253739065,0.3976090711834604,-0.4464464209366932,1,320.0,230.0,224.7865379676474,-0.4464464209366932
15.80440378189087,1.6660001277923584,-94.45048381516656,-75.9352001372522,0.39610968028331195,-0.44466077901160844,1,320.0,230.0,225.54951618483344,-0.44466077901160844
15.81294846534729,1.6530001163482666,-94.21130572827673,-75.5656888054641,0.395607354013791,-0.44408827872979,1,320.0,230.0,225.78869427172327,-0.44408827872979
15.82350492477417,1.6530001163482666,-93.97212764138689,-75.3233758492799,0.3954509325801012,-0.4439659158934864,1,320.0,230.0,226.0278723586131,-0.4439659158934864
15.833178520202637,1.6530001163482666,-93.73294955449705,-75.08106289309569,0.39529411557044003,-0.44384316259888634,1,320.0,232.0,226.26705044550295,-0.44384316259888634
15.843688488006592,1.6320000886917114,-92.91397320678917,-74.14141645287019,0.39309845712375036,-0.44122588903134785,1,320.0,232.0,227.08602679321083,-0.44122588903134785
15.853349924087524,1.6320000886917114,-92.6708223695234,-73.89576582081474,0.3929371359128581,-0.44109706218188927,1,320.0,232.0,227.32917763047658,-0.44109706218188927
15.863858222961426,1.6190000772476196,-92.42767153225765,-73.5169461501667,0.3924647236161567,-0.44055352738118836,1,320.0,232.0,227.57232846774235,-0.44055352738118836
15.874083280563354,1.6190000772476196,-92.18452069499189,-73.27129551811126,0.39230322788387506,-0.44042409713908326,1,320.0,233.0,227.81547930500813,-0.44042409713908326
15.883590936660767,1.599000096321106,-91.41716316364675,-72.37623145352458,0.3903627978915562,-0.43810296644429375,1,320.0,233.0,228.58283683635324,-0.43810296644429375
15.893618822097778,1.599000096321106,-91.17041998889802,-72.12756664039608,0.39019770658793695,-0.4379685513014616,1,320.0,233.0,228.829580011102,-0.4379685513014616
15.903467416763306,1.5850000381469727,-90.92367681414929,-71.7286994445362,0.38973306904787064,-0.4374244339792014,1,320.0,233.0,229.0763231858507,-0.4374244339792014
15.913681745529175,1.5850000381469727,-90.67693363940056,-71.4800346314077,0.38957048776808756,-0.43729273302564553,1,320.0,235.0,229.32306636059946,-0.43729273302564553
15.92312216758728,1.565000057220459,-89.85631066303975,-70.61547014637787,0.3878465015614656,-0.4349265049850116,1,320.0,235.0,230.14368933696025,-0.4349265049850116
15.933558464050293,1.565000057220459,-89.60563424251637,-70.36409032217844,0.38768432816979237,-0.4347939430341741,1,320.0,235.0,230.39436575748363,-0.4347939430341741
15.943647623062134,1.5520000457763672,-89.354957821993,-69.96647566818542,0.38727323841750283,-0.4343140886783256,1,320.0,235.0,230.645042178007,-0.4343140886783256
15.954182624816895,1.5520000457763672,-89.10428140146962,-69.71509584398599,0.38711335947470377,-0.4341840334945622,1,320.0,235.0,230.89571859853038,-0.4341840334945622
15.963625192642212,1.5320000648498535,-88.43877264904593,-68.87758234782903,0.3855858282007912,-0.4323675597307466,1,320.0,235.0,231.56122735095408,-0.4323675597307466
15.973851203918457,1.5320000648498535,-88.18525272549996,-68.62376403153382,0.38542682332796174,-0.43223820503229465,1,320.0,235.0,231.81474727450004,-0.43223820503229465
15.983560800552368,1.5190000534057617,-87.931732801954,-68.21655721195924,0.38504700492927885,-0.43178929699808394,1,320.0,235.0,232.068267198046,-0.43178929699808394
15.993720531463623,1.5190000534057617,-87.67821287840803,-67.96273889566402,0.38489030815976216,-0.4316624775017688,1,320.0,237.0,232.32178712159197,-0.4316624775017688
16.003223657608032,1.499000072479248,-86.95191573059955,-67.14867348167117,0.3835423945690679,-0.4297719211494295,1,320.0,237.0,233.04808426940045,-0.4297719211494295
16.013948678970337,1.499000072479248,-86.69515476966612,-66.89267209413141,0.38338698817250205,-0.42964545966300166,1,320.0,237.0,233.30484523033388,-0.42964545966300166
16.023507595062256,1.4850000143051147,-86.43839380873268,-66.46306818156806,0.38302303019356676,-0.4292071375908101,1,320.0,237.0,233.56160619126732,-0.4292071375908101
16.03376531600952,1.4850000143051147,-86.18163284779925,-66.20706679402831,0.382870179423369,-0.42908350048988936,1,320.0,238.0,233.81836715220075,-0.42908350048988936
16.043349504470825,1.4660000801086426,-85.50232563995296,-65.42548040465039,0.38170110339815,-0.42743809027841945,1,320.0,238.0,234.49767436004703,-0.42743809027841945
16.05441403388977,1.4660000801086426,-85.24266771085327,-65.16753171210436,0.3815496762380548,-0.4273151246996746,1,320.0,238.0,234.75733228914675,-0.4273151246996746
16.064075708389282,1.4530000686645508,-84.98300978175358,-64.74021763056952,0.3812307115461877,-0.4269308785467812,1,320.0,238.0,235.0169902182464,-0.4269308785467812
16.07426428794861,1.4530000686645508,-84.72335185265389,-64.4822689380235,0.38108160982788647,-0.42681050955029887,1,320.0,239.0,235.27664814734612,-0.42681050955029887
16.083810329437256,1.433000087738037,-84.08749015792638,-63.70471343393407,0.38004831820975904,-0.4253455434957863,1,320.0,239.0,235.91250984207363,-0.4253455434957863
16.093359231948853,1.433000087738037,-83.8252527595771,-63.445034891953206,0.37990120565964514,-0.42522661385925753,1,320.0,239.0,236.1747472404229,-0.42522661385925753
16.104023694992065,1.4200000762939453,-83.56301536122781,-63.00704975341833,0.37961193969812546,-0.424873243005535,1,320.0,239.0,236.43698463877217,-0.424873243005535
16.113747119903564,1.4200000762939453,-83.30077796287853,-62.74737121143747,0.37946715647650825,-0.4247569357459908,1,320.0,241.0,236.69922203712147,-0.4247569357459908
16.12312412261963,1.4000000953674316,-82.60402611563799,-61.98302875656152,0.3785715413208054,-0.4232285465284396,1,320.0,241.0,237.395973884362,-0.4232285465284396
16.133458852767944,1.4000000953674316,-82.33880920516603,-61.721820762916956,0.3784290368327589,-0.4231133594975295,1,320.0,241.0,237.66119079483397,-0.4231133594975295
16.14301300048828,1.3870000839233398,-82.07359229469407,-61.272637764532035,0.37816906278254014,-0.42279277271999055,1,320.0,241.0,237.92640770530593,-0.42279277271999055
16.153791904449463,1.3870000839233398,-81.8083753842221,-61.011429770887474,0.37802888841491233,-0.4226802378612204,1,320.0,242.0,238.1916246157779,-0.4226802378612204
16.16319751739502,1.3680000305175781,-81.15841500584874,-60.27208587452691,0.3772672145158179,-0.4213706954506633,1,320.0,242.0,238.84158499415128,-0.4213706954506633
16.173460006713867,1.3680000305175781,-80.89055968639472,-60.009532938364615,0.3771293328586241,-0.42125953286473256,1,320.0,242.0,239.10944031360526,-0.42125953286473256
16.184938669204712,1.3550000190734863,-80.62270436694071,-59.548858524757705,0.37689795269273474,-0.42097040297096444,1,320.0,242.0,239.3772956330593,-0.42097040297096444
16.193875789642334,1.3550000190734863,-80.3548490474867,-59.28630558859541,0.37676239938569106,-0.4208619189412936,1,320.0,243.0,239.6451509525133,-0.4208619189412936
16.203397035598755,1.3350000381469727,-79.74808411600789,-58.53902416828655,0.37610793707611406,-0.4197218868954109,1,320.0,243.0,240.25191588399213,-0.4197218868954109
16.213948249816895,1.3350000381469727,-79.47790455568828,-58.27529600209771,0.37597513699128915,-0.41961550380907103,1,320.0,243.0,240.52209544431173,-0.41961550380907103
16.22334361076355,1.3230000734329224,-79.20772499536868,-57.81837766487718,0.3757777014090669,-0.4193687618459393,1,320.0,243.0,240.79227500463134,-0.4193687618459393
16.23325538635254,1.3230000734329224,-78.93754543504907,-57.55464949868834,0.3756469850831752,-0.41926481036610874,1,320.0,244.0,241.06245456495094,-0.41926481036610874
16.24369215965271,1.3030000925064087,-78.3706238338503,-56.912319069643644,0.3753185684604914,-0.4182907160841112,1,320.0,244.0,241.6293761661497,-0.4182907160841112
16.253253698349,1.3030000925064087,-78.09840910948252,-56.64826442085963,0.3751915049497224,-0.41818927524892646,1,320.0,244.0,241.90159089051747,-0.41818927524892646
16.263622045516968,1.2910000085830688,-77.82619438511473,-56.17998985741147,0.3750177553100789,-0.41797015511199526,1,320.0,244.0,242.17380561488528,-0.41797015511199526
16.273026943206787,1.2910000085830688,-77.55397966074695,-55.91593520862746,0.37489276198343735,-0.4178711642321751,1,320.0,246.0,242.44602033925304,-0.4178711642321751
16.283470153808594,1.2720000743865967,-76.92276329421762,-55.28237397749125,0.37462925910177697,-0.41684352481545767,1,320.0,246.0,243.07723670578238,-0.41684352481545767
16.294050216674805,1.2720000743865967,-76.64808629323689,-55.01806454493202,0.37450773929699754,-0.41674644627970814,1,320.0,246.0,243.35191370676313,-0.41674644627970814
16.3039231300354,1.2590000629425049,-76.37340929225616,-54.51972923513789,0.37435505330264707,-0.4165488015726781,1,320.0,246.0,243.62659070774384,-0.4165488015726781
16.313555002212524,1.2590000629425049,-76.09873229127543,-54.25541980257866,0.37423582555640217,-0.4164544698100817,1,320.0,247.0,243.90126770872456,-0.4164544698100817
16.32303786277771,1.2410000562667847,-75.51104735108471,-53.6301437848391,0.37403061813143784,-0.415600816707413,1,320.0,247.0,244.4889526489153,-0.415600816707413
16.333552360534668,1.2410000562667847,-75.23422344406717,-53.3656447811995,0.37391467282203017,-0.4155085415119031,1,320.0,247.0,244.76577655593283,-0.4155085415119031
16.34321618080139,1.2280000448226929,-74.95739953704962,-52.853421010923014,0.3737869225515156,-0.4153410825185383,1,320.0,247.0,245.04260046295036,-0.4153410825185383
16.353841066360474,1.2280000448226929,-74.68057563003208,-52.588922007283415,0.37367325064802126,-0.41525157556526654,1,320.0,249.0,245.31942436996792,-0.41525157556526654
16.363632678985596,1.2100000381469727,-74.03197765480644,-52.05329542930707,0.3737145192313158,-0.41435093928810546,1,320.0,249.0,245.96802234519356,-0.41435093928810546
16.373168230056763,1.2100000381469727,-73.75260368122065,-51.78935889617438,0.3736048083210675,-0.4142632126617241,1,320.0,249.0,246.24739631877935,-0.4142632126617241
16.383668661117554,1.1970000267028809,-73.47322970763486,-51.26275970609632,0.37349919504055784,-0.41412788036079784,1,320.0,249.0,246.52677029236514,-0.41412788036079784
16.393457889556885,1.1970000267028809,-73.19385573404907,-50.998823172963625,0.373391729504676,-0.41404294747734954,1,320.0,251.0,246.80614426595093,-0.41404294747734954
16.404034852981567,1.1790000200271606,-72.49086737888418,-50.33853374613276,0.3732634832295501,-0.4131208001062506,1,320.0,251.0,247.50913262111584,-0.4131208001062506
16.4135000705719,1.1790000200271606,-72.20858767330462,-50.07444903495598,0.3731592813789247,-0.4130374450620188,1,320.0,251.0,247.79141232669537,-0.4130374450620188
16.42443823814392,1.1670000553131104,-71.92630796772507,-49.55308850863689,0.37307722369421015,-0.41293739006721575,1,320.0,251.0,248.07369203227495,-0.41293739006721575
16.43398380279541,1.1670000553131104,-71.64402826214551,-49.28900379746011,0.3729750126829441,-0.41285657553037364,1,320.0,252.0,248.35597173785447,-0.41285657553037364
16.443601608276367,1.1490000486373901,-70.993675314302,-48.959251265238024,0.3732327415692977,-0.4121120019381236,1,320.0,252.0,249.00632468569802,-0.4121120019381236
16.45318913459778,1.1490000486373901,-70.70887079430668,-48.69576513753111,0.37313478270730693,-0.4120332270969859,1,320.0,252.0,249.29112920569332,-0.4120332270969859
16.463844537734985,1.1370000839233398,-70.42406627431136,-48.4322790098242,0.3732456990357668,-0.411963349786343,1,320.0,252.0,249.57593372568863,-0.411963349786343
16.47370457649231,1.1370000839233398,-70.13926175431604,-48.16879288211729,0.37315011153962807,-0.4118871381758358,1,320.0,254.0,249.86073824568396,-0.4118871381758358
16.483246564865112,1.1200000047683716,-69.43636525405705,-47.989264003444575,0.3735010030422059,-0.41112901242568106,1,320.0,254.0,250.56363474594295,-0.41112901242568106
16.49426817893982,1.1200000047683716,-69.14869275789842,-47.72635379539251,0.3734095882426531,-0.4110543785158278,1,320.0,254.0,250.8513072421016,-0.4110543785158278
16.504284381866455,1.1080000400543213,-68.86102026173978,-47.46344358734045,0.37353694773442986,-0.4110159982346926,1,320.0,254.0,251.13897973826022,-0.4110159982346926
16.514434814453125,1.1080000400543213,-68.57334776558115,-47.20053337928839,0.3734478991174724,-0.41094395336715395,1,320.0,256.0,251.42665223441884,-0.41094395336715395
16.52493667602539,1.0910000801086426,-67.82374066876316,-47.01837392825469,0.3738075725920393,-0.41019134604117247,1,320.0,256.0,252.17625933123685,-0.41019134604117247
16.53396964073181,1.0910000801086426,-67.53289940047634,-46.756017653048985,0.3737226540388553,-0.4101207581774168,1,320.0,256.0,252.46710059952366,-0.4101207581774168
16.543903589248657,1.0789999961853027,-67.24205813218951,-46.49366137784328,0.3738664884428919,-0.4101153536179474,1,320.0,256.0,252.75794186781047,-0.4101153536179474
16.554377794265747,1.0789999961853027,-66.95121686390269,-46.23130510263758,0.3737839311182026,-0.41004738335001467,1,320.0,258.0,253.0487831360973,-0.41004738335001467
16.5642569065094,1.062000036239624,-66.16027633242585,-46.04659110454389,0.3741531054744937,-0.4093180181048411,1,320.0,258.0,253.83972366757416,-0.4093180181048411
16.573735237121582,1.062000036239624,-65.8660044485227,-45.78476744521657,0.37407463771963123,-0.40925143630209604,1,320.0,258.0,254.1339955514773,-0.40925143630209604
16.583239316940308,1.0509999990463257,-65.57173256461955,-45.522943785889254,0.37421504065215794,-0.4092723720114544,1,320.0,258.0,254.42826743538046,-0.4092723720114544
16.594120740890503,1.0509999990463257,-65.2774606807164,-45.261120126561934,0.37413866749630814,-0.40920814439472547,1,320.0,260.0,254.7225393192836,-0.40920814439472547
16.60341501235962,1.034000039100647,-64.45013899823599,-45.17493199014304,0.37466456333157494,-0.408515800545547,1,320.0,260.0,255.54986100176401,-0.408515800545547
16.613768577575684,1.034000039100647,-64.15221042853446,-44.914313178700525,0.3745927643458423,-0.40845293499331997,1,320.0,260.0,255.84778957146554,-0.40845293499331997
16.623215198516846,1.0230000019073486,-63.854281858832934,-44.65369436725801,0.3747460862878198,-0.4085065294097556,1,320.0,260.0,256.1457181411671,-0.4085065294097556
16.633872270584106,1.0230000019073486,-63.55635328913141,-44.3930755558155,0.37467637226227196,-0.4084460472971672,1,320.0,262.0,256.4436467108686,-0.4084460472971672
16.64341688156128,1.0070000886917114,-62.69720681443442,-44.19375897757007,0.37502709604951906,-0.407791337152743,1,320.0,262.0,257.3027931855656,-0.407791337152743
16.654191970825195,1.0070000886917114,-62.39542830226029,-43.933560698097665,0.3749610758397962,-0.40773192856275886,1,320.0,262.0,257.6045716977397,-0.40773192856275886
16.663501024246216,0.9960000514984131,-62.09364979008616,-43.67336241862526,0.3751298044096501,-0.40781892856236124,1,320.0,262.0,257.90635020991385,-0.40781892856236124
16.67428994178772,0.9960000514984131,-61.79187127791203,-43.413164139152855,0.3750658657958407,-0.40776193421169865,1,320.0,265.0,258.20812872208796,-0.40776193421169865
16.68374013900757,0.9800000190734863,-60.804083040400734,-43.11123441248104,0.37529743620132056,-0.4070327226925803,1,320.0,265.0,259.1959169595993,-0.4070327226925803
16.69318652153015,0.9800000190734863,-60.497598496565494,-42.85074985498002,0.37523667973353425,-0.4069763565034385,1,320.0,265.0,259.5024015034345,-0.4069763565034385
16.70326519012451,0.9690000414848328,-60.191113952730255,-42.59026529747901,0.37517553296865386,-0.4069195309008588,1,320.0,265.0,259.80888604726977,-0.4069195309008588
16.713937282562256,0.9690000414848328,-59.884629408895016,-42.32978073997799,0.37511399505216336,-0.40686224526393117,1,320.0,267.0,260.115370591105,-0.40686224526393117
16.723383903503418,0.9530000686645508,-58.882767197981565,-42.03598688607288,0.3750086076795949,-0.40589723877441364,1,320.0,267.0,261.1172328020184,-0.40589723877441364
16.734040021896362,0.9530000686645508,-58.57151234765403,-41.77527382604666,0.3749461283215213,-0.40583569371477785,1,320.0,267.0,261.42848765234595,-0.40583569371477785
16.74344277381897,0.9420000314712524,-58.26025749732649,-41.51456076602044,0.3748832578938578,-0.40577368177286666,1,320.0,267.0,261.7397425026735,-0.40577368177286666
16.75406813621521,0.9420000314712524,-57.949002646998956,-41.25384770599422,0.3748199963966042,-0.40571120294867996,1,320.0,270.0,262.05099735300104,-0.40571120294867996
16.76347041130066,0.9260000586509705,-56.83486477170938,-40.86649070285516,0.3745911110823429,-0.4046007332563976,1,320.0,270.0,263.16513522829064,-0.4046007332563976
16.773869276046753,0.9260000586509705,-56.518102122971,-40.60490886208887,0.37452645916206817,-0.40453346433818765,1,320.0,270.0,263.481897877029,-0.40453346433818765
16.783617734909058,0.9160000681877136,-56.201339474232626,-40.34332702132258,0.37446141486903234,-0.4044657202760046,1,320.0,270.0,263.7986605257674,-0.4044657202760046
16.79388737678528,0.9160000681877136,-55.88457682549425,-40.08174518055629,0.37439597820323534,-0.4043975010698484,1,320.0,273.0,264.11542317450574,-0.4043975010698484
16.803969860076904,0.9000000357627869,-54.67043515666038,-39.71090260073768,0.3741875964272016,-0.4031579942487675,1,320.0,273.0,265.3295648433396,-0.4031579942487675
16.813403129577637,0.9000000357627869,-54.34751647064888,-39.44857122920788,0.3741208502257111,-0.403084514554188,1,320.0,273.0,265.6524835293511,-0.403084514554188
16.823853492736816,0.89000004529953,-54.02459778463737,-39.186239857678075,0.37405371052716335,-0.4030105504815794,1,320.0,273.0,265.97540221536264,-0.4030105504815794
16.833693265914917,0.89000004529953,-53.70167909862587,-38.92390848614827,0.3739861773315582,-0.4029361020309418,1,320.0,276.0,266.29832090137415,-0.4029361020309418
16.84377384185791,0.8740000128746033,-52.39885167729526,-38.568258629538875,0.37379649797029907,-0.4015826818435853,1,320.0,276.0,267.6011483227047,-0.4015826818435853
16.853705167770386,0.8740000128746033,-52.069210813761806,-38.30528709285881,0.373727729563332,-0.4015025580453099,1,320.0,276.0,267.9307891862382,-0.4015025580453099
16.863075971603394,0.8640000224113464,-51.73956995022835,-38.04231555617875,0.37365856669905984,-0.4014219397857392,1,320.0,276.0,268.2604300497716,-0.4014219397857392
16.87441372871399,0.8640000224113464,-51.409929086694895,-37.77934401949869,0.37358900937748263,-0.4013408270648732,1,320.0,279.0,268.5900709133051,-0.4013408270648732
16.88340950012207,0.8490000367164612,-50.02884444959599,-37.33665173979031,0.37328457635691537,-0.39988740360022046,1,320.0,279.0,269.97115555040403,-0.39988740360022046
16.894025564193726,0.8490000367164612,-49.69199070184987,-37.07244732224427,0.37321336690747664,-0.399800251787355,1,320.0,279.0,270.3080092981501,-0.399800251787355
16.903321981430054,0.8390000462532043,-49.35513695410375,-36.80824290469823,0.37314176115141157,-0.39971259469386805,1,320.0,279.0,270.6448630458963,-0.39971259469386805
16.914604902267456,0.8390000462532043,-49.01828320635763,-36.54403848715219,0.3730697590887202,-0.39962443231975947,1,320.0,282.0,270.98171679364236,-0.39962443231975947
16.92339062690735,0.8240000605583191,-47.56854071015982,-36.0228764515313,0.3726621095914183,-0.39808378510888826,1,320.0,282.0,272.4314592898402,-0.39808378510888826
16.934104919433594,0.8240000605583191,-47.22405259888236,-35.75690931702792,0.37258808073083227,-0.39798926689437336,1,320.0,282.0,272.77594740111766,-0.39798926689437336
16.943632125854492,0.8140000104904175,-46.879564487604895,-35.490942182524535,0.3725136529195444,-0.3978942319476916,1,320.0,282.0,273.1204355123951,-0.3978942319476916
16.95348858833313,0.8140000104904175,-46.53507637632743,-35.22497504802115,0.37243882615755486,-0.39779868026884296,1,320.0,285.0,273.4649236236726,-0.39779868026884296
16.963658809661865,0.7990000247955322,-45.02550276077243,-34.63327347037033,0.37188666799528347,-0.39611499795122557,1,320.0,285.0,274.97449723922756,-0.39611499795122557
16.973169088363647,0.7990000247955322,-44.673022257977046,-34.36507182415862,0.37175793120510187,-0.39594580730988377,1,320.0,285.0,275.32697774202296,-0.39594580730988377
16.984033346176147,0.7890000343322754,-44.32054175518166,-34.09687017794691,0.3716291944149202,-0.39577661666854197,1,320.0,285.0,275.67945824481836,-0.39577661666854197
16.993738174438477,0.7890000343322754,-43.96806125238627,-33.828668531735204,0.3715004576247386,-0.39560742602720017,1,320.0,289.0,276.0319387476137,-0.39560742602720017
17.00396966934204,0.7740000486373901,-42.30576008265521,-33.07275405678552,0.37073614045209924,-0.3937312958276019,1,320.0,289.0,277.6942399173448,-0.3937312958276019
17.01342248916626,0.7740000486373901,-41.94429436620876,-32.80120675870162,0.370605797749019,-0.39355779228370763,1,320.0,289.0,278.05570563379126,-0.39355779228370763
17.02404761314392,0.76500004529953,-41.582828649762305,-32.529659460617715,0.3704754550459387,-0.39338428873981335,1,320.0,289.0,278.4171713502377,-0.39338428873981335
17.03362774848938,0.76500004529953,-41.22136293331585,-32.25811216253381,0.37034511234285844,-0.393210785195919,1,320.0,293.0,278.77863706668415,-0.393210785195919
17.044058799743652,0.7500000596046448,-39.423490526976735,-31.354473958781256,0.36939104089773644,-0.3911653840102228,1,320.0,293.0,280.5765094730233,-0.3911653840102228
17.053425312042236,0.7500000596046448,-39.05217129027484,-31.078590618136346,0.3692586168942269,-0.39098715077660595,1,320.0,293.0,280.9478287097252,-0.39098715077660595
17.063945293426514,0.7400000095367432,-38.68085205357295,-30.802707277491436,0.36912619289071735,-0.390808917542989,1,320.0,293.0,281.31914794642705,-0.390808917542989
17.073529481887817,0.7400000095367432,-38.309532816871055,-30.526823936846526,0.3689937688872078,-0.39063068430937214,1,320.0,297.0,281.69046718312893,-0.39063068430937214
17.08411478996277,0.7260000109672546,-36.39190024004383,-29.490706538014386,0.3678706263631658,-0.388437333168171,1,320.0,297.0,283.6080997599562,-0.388437333168171
17.09360432624817,0.7260000109672546,-36.00997360747257,-29.20960814593112,0.36773569913496584,-0.3882540083845367,1,320.0,297.0,283.99002639252745,-0.3882540083845367
17.104020357131958,0.7160000205039978,-35.6280469749013,-28.928509753847855,0.3676007719067659,-0.3880706836009025,1,320.0,297.0,284.3719530250987,-0.3880706836009025
17.113691568374634,0.7160000205039978,-35.24612034233004,-28.64741136176459,0.3674658446785659,-0.3878873588172683,1,320.0,302.0,284.75387965767,-0.3878873588172683
17.122989654541016,0.7020000219345093,-33.12228137386252,-27.49289725497966,0.36619270802306153,-0.3854340255956337,1,320.0,302.0,286.8777186261375,-0.3854340255956337
17.13337755203247,0.7020000219345093,-32.72840565365151,-27.20580744719433,0.36605490491532455,-0.38524496524993246,1,320.0,302.0,287.2715943463485,-0.38524496524993246
17.143898248672485,0.6930000185966492,-32.33452993344049,-26.918717639409003,0.36591710180758763,-0.38505590490423114,1,320.0,302.0,287.6654700665595,-0.38505590490423114
17.153660774230957,0.6930000185966492,-31.94065421322948,-26.631627831623675,0.36577929869985065,-0.3848668445585299,1,320.0,306.0,288.0593457867705,-0.3848668445585299
17.16298508644104,0.6790000200271606,-29.73471908521218,-25.27071200815255,0.3642421232907588,-0.38231637211566094,1,320.0,306.0,290.2652809147878,-0.38231637211566094
17.17339277267456,0.6790000200271606,-29.328413168489327,-24.976256068585343,0.3641007844397665,-0.382121345275634,1,320.0,306.0,290.6715868315107,-0.382121345275634
17.18309998512268,0.6690000295639038,-28.922107251766473,-24.681800129018136,0.36395944558877424,-0.38192631843560704,1,320.0,306.0,291.0778927482335,-0.38192631843560704
17.193692684173584,0.6690000295639038,-28.51580133504362,-24.38734418945093,0.363818106737782,-0.38173129159558006,1,320.0,312.0,291.48419866495635,-0.38173129159558006
17.203386068344116,0.6550000309944153,-26.03734215422799,-22.841731871616084,0.3620463118255175,-0.3788359189730354,1,320.0,312.0,293.962657845772,-0.3788359189730354
17.213853359222412,0.6550000309944153,-25.616821969040526,-22.53869342371801,0.3619008533705264,-0.37863406928414545,1,320.0,312.0,294.38317803095947,-0.37863406928414545
17.223328828811646,0.6460000276565552,-25.196301783853063,-22.235654975819934,0.3617553949155354,-0.37843221959525547,1,320.0,312.0,294.8036982161469,-0.37843221959525547
17.23396372795105,0.6460000276565552,-24.7757815986656,-21.93261652792186,0.3616099364605443,-0.3782303699063655,1,320.0,317.0,295.2242184013344,-0.3782303699063655
17.24341630935669,0.6330000162124634,-22.155850683323518,-20.121344868187748,0.3594990182575663,-0.3751623499027753,1,320.0,317.0,297.84414931667646,-0.3751623499027753
17.253947734832764,0.6330000162124634,-21.72024338843417,-19.807960521903794,0.35934859377135003,-0.3749532584012284,1,320.0,317.0,298.27975661156586,-0.3749532584012284
17.263713598251343,0.6240000128746033,-21.284636093544822,-19.49457617561984,0.3591981692851337,-0.37474416689968154,1,320.0,317.0,298.7153639064552,-0.37474416689968154
17.273552417755127,0.6240000128746033,-20.849028798655475,-19.181191829335887,0.35904774479891743,-0.37453507539813463,1,320.0,317.0,299.15097120134453,-0.37453507539813463
17.28369402885437,0.6100000143051147,-20.413421503766127,-18.867807483051934,0.3588973203127011,-0.3743259838965878,1,320.0,323.0,299.58657849623387,-0.3743259838965878
17.29330611228943,0.6100000143051147,-17.557943657980342,-16.811067917204603,0.35647565767299544,-0.3709642920184648,1,320.0,323.0,302.44205634201967,-0.3709642920184648
17.303595304489136,0.6010000109672546,-17.105744175489782,-16.48573000718649,0.35631949547618674,-0.37074723626686934,1,320.0,323.0,302.8942558245102,-0.37074723626686934
17.313236236572266,0.6010000109672546,-16.653544692999223,-16.160392097168376,0.35616333327937805,-0.37053018051527387,1,320.0,329.0,303.3464553070008,-0.37053018051527387
17.323314428329468,0.5879999995231628,-13.61912330220028,-13.906416845325573,0.35349479202195877,-0.36694934033848103,1,320.0,329.0,306.38087669779975,-0.36694934033848103
17.333760499954224,0.5879999995231628,-13.149221170466307,-13.567856992503003,0.3533322832926039,-0.36672378731524874,1,320.0,329.0,306.8507788295337,-0.36672378731524874
17.34383535385132,0.5790000557899475,-12.679319038732334,-13.229297139680433,0.3531697745632491,-0.36649823429201644,1,320.0,329.0,307.32068096126767,-0.36649823429201644
17.354315519332886,0.5790000557899475,-12.209416906998362,-12.890737286857863,0.35300726583389425,-0.36627268126878415,1,320.0,336.0,307.79058309300166,-0.36627268126878415
17.363237142562866,0.5660000443458557,-8.89869567817102,-10.347678676085714,0.34997276851073605,-0.36234615086260263,1,320.0,336.0,311.101304321829,-0.36234615086260263
17.373595714569092,0.5660000443458557,-8.409315344634178,-9.99400358001325,0.3498030044646213,-0.36211124830250496,1,320.0,336.0,311.5906846553658,-0.36211124830250496
17.38323736190796,0.5570000410079956,-7.919935011097337,-9.640328483940785,0.3496332404185065,-0.3618763457424073,1,320.0,336.0,312.0800649889027,-0.3618763457424073
17.39413595199585,0.5570000410079956,-7.430554677560496,-9.28665338786832,0.3494634763723917,-0.3616414431823096,1,320.0,343.0,312.5694453224395,-0.3616414431823096
17.403587341308594,0.5440000295639038,-3.875430112038131,-6.38545943808138,0.3459746043754599,-0.3574122478849009,1,320.0,343.0,316.12456988796185,-0.3574122478849009
17.413135528564453,0.5440000295639038,-3.365026982618306,-6.014315184500298,0.34579645513374097,-0.35716725438277935,1,320.0,343.0,316.6349730173817,-0.35716725438277935
17.4234356880188,0.5360000133514404,-2.8546238531984813,-5.643170930919215,0.345618305892022,-0.35692226088065787,1,320.0,343.0,317.14537614680154,-0.35692226088065787
17.434327840805054,0.5360000133514404,-2.3442207237786565,-5.272026677338133,0.34544015665030314,-0.35667726737853633,1,320.0,351.0,317.6557792762213,-0.35667726737853633
17.44405961036682,0.5230000019073486,1.5266510262674244,-1.9508141667657917,0.34141820438502674,-0.3520537380869727,1,320.0,351.0,321.5266510262674,-0.3520537380869727
17.45348048210144,0.5230000019073486,2.0601000794500948,-1.5594384943496955,0.341230344062267,-0.35179768254144506,1,320.0,351.0,322.0601000794501,-0.35179768254144506
17.464040756225586,0.51500004529953,2.593549132632765,-1.1680628219335993,0.3410424837395073,-0.3515416269959174,1,320.0,351.0,322.59354913263275,-0.3515416269959174
17.473997831344604,0.51500004529953,3.1269981858154354,-0.7766871495175032,0.34085462341674755,-0.3512855714503897,1,320.0,351.0,323.1269981858154,-0.3512855714503897
17.484260082244873,0.5020000338554382,3.6604472389981058,-0.385311477101407,0.3406667630939878,-0.35102951590486203,1,320.0,359.0,323.66044723899813,-0.35102951590486203
17.493765115737915,0.5020000338554382,7.839584870831203,3.3469882009629686,0.336126757581932,-0.3460243053404172,1,320.0,359.0,327.83958487083123,-0.3460243053404172
17.50348925590515,0.49400001764297485,8.398027461523581,3.7612680539339394,0.33592790325250593,-0.3457562528968849,1,320.0,359.0,328.39802746152355,-0.3457562528968849
17.514283418655396,0.49400001764297485,8.956470052215959,4.17554790690491,0.33572904892307986,-0.34548820045335255,1,320.0,368.0,328.95647005221593,-0.34548820045335255
17.524109363555908,0.48100003600120544,13.43858043631412,8.290489992023563,0.3307097525960589,-0.3401092214162934,1,320.0,368.0,333.4385804363141,-0.3401092214162934
17.533459663391113,0.48100003600120544,14.023919410778932,8.7301375460459,0.3304987217701282,-0.3398282587085503,1,320.0,368.0,334.02391941077894,-0.3398282587085503
17.54323649406433,0.47300001978874207,14.609258385243743,9.169785100068236,0.33028769094419747,-0.33954729600080724,1,320.0,368.0,334.6092583852437,-0.33954729600080724
17.554256677627563,0.47300001978874207,15.194597359708554,9.609432654090572,0.33007666011826675,-0.3392663332930641,1,320.0,368.0,335.19459735970855,-0.3392663332930641
17.56350302696228,0.4610000252723694,15.779936334173366,10.049080208112908,0.32986562929233604,-0.33898537058532097,1,320.0,378.0,335.7799363341734,-0.33898537058532097
17.573872566223145,0.4610000252723694,20.710232616186953,14.703074751493817,0.32416570603339084,-0.3330454046328533,1,320.0,378.0,340.71023261618694,-0.3330454046328533
17.58355689048767,0.453000009059906,21.325350121794273,15.17160568783384,0.32394081118394763,-0.3327501482301618,1,320.0,378.0,341.32535012179426,-0.3327501482301618
17.59410285949707,0.453000009059906,21.940467627401592,15.640136624173861,0.3237159163345044,-0.3324548918274703,1,320.0,378.0,341.9404676274016,-0.3324548918274703
17.604240655899048,0.4410000145435333,22.55558513300891,16.108667560513883,0.3234910214850612,-0.3321596354247788,1,320.0,388.0,342.5555851330089,-0.3321596354247788
17.61367917060852,0.4410000145435333,27.834535305295912,21.38952425031545,0.3169999520450389,-0.3257915586753683,1,320.0,388.0,347.8345353052959,-0.3257915586753683
17.623923778533936,0.43300002813339233,28.481604316459173,21.891024005229784,0.31675923216268004,-0.32548096555000994,1,320.0,388.0,348.4816043164592,-0.32548096555000994
17.634288549423218,0.43300002813339233,29.128673327622433,22.39252376014412,0.31651851228032113,-0.3251703724246515,1,320.0,388.0,349.12867332762244,-0.3251703724246515
17.643962383270264,0.42100003361701965,29.775742338785694,22.894023515058453,0.3162777923979623,-0.3248597792992932,1,320.0,401.0,349.7757423387857,-0.3248597792992932
17.65353751182556,0.42100003361701965,35.66728567602766,28.730270289985704,0.30909187869529053,-0.31772151645620883,1,320.0,401.0,355.66728567602763,-0.31772151645620883
17.663875102996826,0.4130000174045563,36.35027403753432,29.268307671989263,0.30883362075192883,-0.31739368204268564,1,320.0,401.0,356.3502740375343,-0.31739368204268564
17.67387580871582,0.4130000174045563,37.03326239904098,29.80634505399282,0.3085753628085671,-0.31706584762916246,1,320.0,401.0,357.03326239904095,-0.31706584762916246
17.684073448181152,0.4010000228881836,37.71625076054764,30.344382435996376,0.3083171048652054,-0.3167380132156392,1,320.0,414.0,357.7162507605476,-0.3167380132156392
17.693583011627197,0.4010000228881836,44.149913170753614,36.875434538833574,0.3002576098383375,-0.30892440182113956,1,320.0,414.0,364.1499131707536,-0.30892440182113956
17.703418493270874,0.39400002360343933,44.87228031090695,37.45451017098301,0.2999796535349058,-0.3085776655938659,1,320.0,414.0,364.87228031090694,-0.3085776655938659
17.71453547477722,0.39400002360343933,45.59464745106029,38.03358580313245,0.29970169723147405,-0.30823092936659235,1,320.0,414.0,365.59464745106027,-0.30823092936659235
17.723206043243408,0.38200002908706665,46.31701459121363,38.61266143528189,0.29942374092804236,-0.30560002326965335,1,320.0,429.0,366.31701459121365,-0.30560002326965335
17.733614206314087,0.38200002908706665,53.432620464196546,45.962794660070074,0.29033241284575584,-0.29921586326843785,1,320.0,429.0,373.43262046419653,-0.29921586326843785
17.74310541152954,0.3750000298023224,54.198761263115294,46.58823082667275,0.2900322034857865,-0.29884811568495684,1,320.0,429.0,374.1987612631153,-0.29884811568495684
17.754958868026733,0.3750000298023224,54.96490206203404,47.213666993275424,0.28973199412581724,-0.2984803681014758,1,320.0,429.0,374.96490206203407,-0.2984803681014758
17.76391911506653,0.3630000054836273,55.73104286095279,47.8391031598781,0.28943178476584797,-0.2904000043869019,1,320.0,446.0,375.7310428609528,-0.2904000043869019
17.773458003997803,0.3630000054836273,63.65333247258241,56.11888036957337,0.2791688821251064,-0.28843061383745694,1,320.0,446.0,383.6533324725824,-0.28843061383745694
17.78309178352356,0.35600000619888306,64.46846750205913,56.79672161601011,0.27884351832681675,-0.28480000495910646,1,320.0,446.0,384.4684675020591,-0.28480000495910646
17.794633388519287,0.35600000619888306,65.28360253153583,57.47456286244685,0.27851815452852713,-0.28480000495910646,1,320.0,446.0,385.28360253153585,-0.28480000495910646
17.80351495742798,0.3450000286102295,66.09873756101254,58.152404108883594,0.2760000228881836,-0.2760000228881836,1,320.0,464.0,386.0987375610125,-0.2760000228881836
17.814281702041626,0.3450000286102295,74.83704798176569,67.56162579600911,0.26650299232140373,-0.2760000228881836,1,320.0,464.0,394.8370479817657,-0.2760000228881836
17.82362723350525,0.3370000123977661,75.70642785534345,68.29924514243763,0.26614893503511805,-0.2696000099182129,1,320.0,464.0,395.70642785534346,-0.2696000099182129
17.833401441574097,0.3370000123977661,76.5758077289212,69.03686448886614,0.26579487774883237,-0.2696000099182129,1,320.0,464.0,396.5758077289212,-0.2696000099182129
17.843806505203247,0.32600000500679016,77.44518760249896,69.77448383529466,0.26080000400543213,-0.26080000400543213,1,320.0,487.0,397.44518760249895,-0.26080000400543213
17.85331654548645,0.32600000500679016,87.41294779369792,80.59298503619684,0.2519656934079354,-0.26080000400543213,1,320.0,487.0,407.4129477936979,-0.26080000400543213
17.862834215164185,0.3190000057220459,88.3446196947578,81.39962310327684,0.25157850713573704,-0.25520000457763675,1,320.0,487.0,408.3446196947578,-0.25520000457763675
17.8734188079834,0.3190000057220459,89.27629159581767,82.20626117035684,0.2511913208635386,-0.25520000457763675,1,320.0,487.0,409.27629159581767,-0.25520000457763675
17.884301900863647,0.3070000112056732,90.20796349687754,83.01289923743684,0.2456000089645386,-0.2456000089645386,1,320.0,,410.20796349687754,-0.2456000089645386
17.893743753433228,0.3070000112056732,91.13963539793741,83.81953730451684,0.2456000089645386,-0.2456000089645386,1,320.0,,411.1396353979374,-0.2456000089645386
17.903177738189697,0.30000001192092896,92.07130729899728,84.62617537159684,0.24000000953674316,-0.24000000953674316,1,320.0,,412.0713072989973,-0.24000000953674316
17.914581060409546,0.30000001192092896,93.00297920005715,85.43281343867685,0.24000000953674316,-0.24000000953674316,1,320.0,,413.00297920005715,-0.24000000953674316
17.92400288581848,0.289000004529953,93.93465110111703,86.23945150575685,0.23120000362396242,-0.23120000362396242,1,320.0,,413.934651101117,-0.23120000362396242
17.93333148956299,0.289000004529953,94.8663230021769,87.04608957283685,0.23120000362396242,-0.23120000362396242,1,320.0,,414.8663230021769,-0.23120000362396242
17.94290542602539,0.28200000524520874,95.79799490323677,87.85272763991685,0.225600004196167,-0.225600004196167,1,320.0,,415.79799490323677,-0.225600004196167
17.953911304473877,0.28200000524520874,96.72966680429664,88.65936570699685,0.225600004196167,-0.225600004196167,1,320.0,,416.72966680429664,-0.225600004196167
17.9631986618042,0.2710000276565552,97.66133870535651,89.46600377407685,0.21680002212524416,-0.21680002212524416,1,320.0,,417.6613387053565,-0.21680002212524416
17.973596811294556,0.2710000276565552,98.59301060641639,90.27264184115685,0.21680002212524416,-0.21680002212524416,1,320.0,,418.5930106064164,-0.21680002212524416
17.983210802078247,0.2710000276565552,99.52468250747626,91.07927990823686,0.21680002212524416,-0.21680002212524416,1,320.0,,419.52468250747626,-0.21680002212524416
17.99410343170166,0.2639999985694885,100.45635440853613,91.88591797531686,0.21119999885559082,-0.21119999885559082,1,320.0,,420.45635440853613,-0.21119999885559082
18.003875494003296,0.25300002098083496,101.388026309596,92.69255604239686,0.20240001678466799,-0.20240001678466799,1,320.0,,421.388026309596,-0.20240001678466799
18.013399600982666,0.25300002098083496,102.31969821065587,93.49919410947686,0.20240001678466799,-0.20240001678466799,1,320.0,,422.3196982106559,-0.20240001678466799
18.023849725723267,0.2460000067949295,103.25137011171574,94.30583217655686,0.19680000543594361,-0.19680000543594361,1,320.0,,423.25137011171574,-0.19680000543594361
18.0334050655365,0.2460000067949295,104.18304201277562,95.11247024363686,0.19680000543594361,-0.19680000543594361,1,320.0,,424.1830420127756,-0.19680000543594361
18.043821096420288,0.2460000067949295,105.11471391383549,95.91910831071687,0.19680000543594361,-0.19680000543594361,1,320.0,,425.1147139138355,-0.19680000543594361
18.053483963012695,0.23500001430511475,106.04638581489536,96.72574637779687,0.1880000114440918,-0.1880000114440918,1,320.0,,426.04638581489536,-0.1880000114440918
18.06373119354248,0.22800001502037048,106.97805771595523,97.53238444487687,0.1824000120162964,-0.1824000120162964,1,320.0,,426.97805771595523,-0.1824000120162964
18.073357820510864,0.22800001502037048,107.9097296170151,98.33902251195687,0.1824000120162964,-0.1824000120162964,1,320.0,,427.9097296170151,-0.1824000120162964
18.083756685256958,0.22800001502037048,108.84140151807497,99.14566057903687,0.1824000120162964,-0.1824000120162964,1,320.0,,428.841401518075,-0.1824000120162964
18.093428134918213,0.21800000965595245,109.77307341913485,99.95229864611687,0.17440000772476197,-0.17440000772476197,1,320.0,,429.77307341913485,-0.17440000772476197
18.10399317741394,0.2110000103712082,110.70474532019472,100.75893671319687,0.16880000829696656,-0.16880000829696656,1,320.0,,430.7047453201947,-0.16880000829696656
18.113508224487305,0.2110000103712082,111.63641722125459,101.56557478027688,0.16880000829696656,-0.16880000829696656,1,320.0,,431.6364172212546,-0.16880000829696656
18.123441219329834,0.2110000103712082,112.56808912231446,102.37221284735688,0.16880000829696656,-0.16880000829696656,1,320.0,,432.56808912231446,-0.16880000829696656
18.133826971054077,0.20000000298023224,113.49976102337433,103.17885091443688,0.1600000023841858,-0.1600000023841858,1,320.0,,433.49976102337433,-0.1600000023841858
18.143320083618164,0.20000000298023224,114.4314329244342,103.98548898151688,0.1600000023841858,-0.1600000023841858,1,320.0,,434.4314329244342,-0.1600000023841858
18.154209852218628,0.19300000369548798,115.36310482549408,104.79212704859688,0.1544000029563904,-0.1544000029563904,1,320.0,,435.3631048254941,-0.1544000029563904
