time,alt,pos_x_est,pos_y_est,vel_x_cmd,vel_y_cmd,target_visible
9.543363809585571,5.014000415802002,-97.9891709356407,-93.62323075471348,0.11029675845329097,-0.12148580115180804,1
9.553715705871582,5.038000106811523,-97.88060581473854,-93.24649434912035,0.10976514407485166,-0.12174249772287898,1
9.563159227371216,5.038000106811523,-97.89304802307731,-93.2334868791415,0.11030893603215189,-0.12234478666102397,1
9.573683738708496,5.054000377655029,-97.90549023141608,-93.23522438995035,0.11087043239146221,-0.12294715025241898,1
9.583590030670166,5.054000377655029,-97.91793243975485,-93.22221691997149,0.11141415672900741,-0.12354958849706404,1
9.593039512634277,5.077000141143799,-97.93037464809362,-93.23023666868778,0.1119831618474791,-0.12415210139495912,1
9.603525638580322,5.077000141143799,-97.94281685643239,-93.21722919870892,0.11252685625869671,-0.12475468894610424,1
9.614142417907715,5.090000152587891,-97.95525906477116,-93.21602002403077,0.11308470136922712,-0.1253573511504994,1
9.623668670654297,5.090000152587891,-97.96770127310992,-93.20301255405191,0.11362831048057678,-0.12596008800814457,1
9.633060693740845,5.107000350952148,-97.85512401428387,-92.8609800587772,0.11321050287306582,-0.12620717259950542,1
9.643670082092285,5.107000350952148,-97.8667464088541,-92.8457144508242,0.11374925843022718,-0.12680831995144282,1
9.65312385559082,5.116000175476074,-97.87836880342432,-92.83852460407024,0.11429766176174684,-0.12740953703774763,1
9.663674116134644,5.116000175476074,-97.88999119799455,-92.82325899611725,0.11483628258617995,-0.12801082385841986,1
9.673224925994873,5.12600040435791,-97.90161359256477,-92.81693250383998,0.11538559239047026,-0.1286121804134595,1
9.684053659439087,5.12600040435791,-97.913235987135,-92.80166689588698,0.11592408366230199,-0.1292136067028666,1
9.693556785583496,5.130000114440918,-97.92485838170522,-92.78996652197355,0.11646678301273773,-0.1298151027266411,1
9.704062461853027,5.130000114440918,-97.93648077627545,-92.77470091402056,0.11700511248867825,-0.13041666848478303,1
9.713889360427856,5.133000373840332,-98.22507818040818,-92.73509182986089,0.11746990543841228,-0.131804356495887,1
9.723323345184326,5.133000373840332,-98.23850865760666,-92.71964987510688,0.11800769299195811,-0.13240990412047082,1
9.733326435089111,5.133000373840332,-98.25193913480514,-92.70420792035287,0.11854538789377542,-0.13301553232791782,1
9.743305444717407,5.133000373840332,-98.26536961200362,-92.68876596559886,0.11908299014386418,-0.13362124111822804,1
9.754747152328491,5.129000186920166,-98.62951072591362,-92.7835628445004,0.11993885030197378,-0.13522136299698556,1
9.763204097747803,5.129000186920166,-98.64522670502294,-92.76886249985182,0.12047782306339459,-0.1358320935321469,1
9.77395224571228,5.125000476837158,-98.66094268413225,-92.75059548555474,0.12101240621915142,-0.13644291836318287,1
9.78355360031128,5.125000476837158,-98.67665866324157,-92.73589514090617,0.12155118117641858,-0.1370538374900935,1
9.793446779251099,5.117000102996826,-99.2259628033181,-93.06370397698515,0.12307233359619574,-0.1391772718207128,1
9.803969621658325,5.117000102996826,-99.24515443677025,-93.05128123070706,0.12361573398804628,-0.139795772707476,1
9.81336498260498,5.109000205993652,-99.2643460702224,-93.03168433073274,0.12415040781406148,-0.14041438874403994,1
9.823875188827515,5.109000205993652,-99.28353770367455,-93.01926158445465,0.1246936160880345,-0.14103311993040457,1
9.83356761932373,5.0960001945495605,-99.3027293371267,-92.99513107914001,0.12522263026813177,-0.1416519662665699,1
9.843292474746704,5.0960001945495605,-99.32192097057886,-92.98270833286192,0.12576561922259522,-0.14227092775253597,1
9.853747367858887,5.086000442504883,-99.34111260403101,-92.9612378010537,0.12629762201123168,-0.1428900043883027,1
9.86349892616272,5.086000442504883,-99.36030423748316,-92.94881505477561,0.12684040760602663,-0.1435091961738702,1
9.873708486557007,5.070000171661377,-99.37949587093532,-92.92183858695724,0.12736556687616632,-0.1441285031092384,1
9.883304595947266,5.070000171661377,-99.39868750438747,-92.90941584067915,0.1279081160756767,-0.1447479251944073,1
9.893722295761108,5.058000087738037,-99.41787913783962,-92.88601551294694,0.12843735177547572,-0.14536746242937693,1
9.903801918029785,5.058000087738037,-99.43707077129177,-92.87359276666885,0.12897968603654203,-0.14598711481414725,1
9.91372799873352,5.039000034332275,-99.45626240474392,-92.84367848662531,0.12950085097140954,-0.1466068823487183,1
9.923253297805786,5.039000034332275,-99.47545403819608,-92.83125574034722,0.1300429312103179,-0.14722676503309007,1
9.933972358703613,5.025000095367432,-99.49464567164823,-92.80585716401694,0.13056928806170567,-0.14784676286726253,1
9.943668127059937,5.025000095367432,-99.51383730510038,-92.79343441773885,0.1311111413726784,-0.14846687585123572,1
9.95372223854065,5.005000114440918,-99.53302893855253,-92.76234462460684,0.13163040768866763,-0.14908710398500963,1
9.963244438171387,5.005000114440918,-99.55222057200469,-92.74992187832875,0.13217199992440387,-0.14970744726858423,1
9.973100423812866,4.991000175476074,-99.57141220545684,-92.72434028078227,0.13269764804903283,-0.15032790570195956,1
9.984201431274414,4.991000175476074,-99.59060383890899,-92.71191753450418,0.13323901225870613,-0.1509484792851356,1
9.993972301483154,4.969000339508057,-101.92181511804964,-94.40098170398383,0.1385927897908146,-0.15806311563611336,1
10.003487586975098,4.969000339508057,-101.95582935920298,-94.39960093625977,0.13915753047516327,-0.15871566770165257,1
10.013453722000122,4.954000473022461,-101.98984360035632,-94.38390629440434,0.13970500034270317,-0.15936842385263875,1
10.024320363998413,4.954000473022461,-102.02385784150967,-94.38252552668028,0.1402696385745944,-0.1600213840890718,1
10.033497095108032,4.932000160217285,-104.13572758983362,-95.99959853749685,0.14540384390807676,-0.1664978418862568,1
10.043134689331055,4.932000160217285,-104.1830114299216,-96.00868865028991,0.14599080417533017,-0.16717968056294188,1
10.053705215454102,4.9170002937316895,-104.23029527000959,-96.00324170765316,0.146560287294412,-0.1678618029426675,1
10.063179969787598,4.9170002937316895,-104.27757911009758,-96.01233182044622,0.14714726942068634,-0.1685442090254337,1
10.07387900352478,4.894000053405762,-104.32486295018556,-95.99895242239644,0.14770720785756097,-0.1692268988112404,1
10.083710432052612,4.894000053405762,-104.37214679027355,-96.0080425351895,0.1482941642481238,-0.1699098723000876,1
10.093697547912598,4.879000186920166,-104.41943063036153,-96.00236090232848,0.14886336045410453,-0.17059312949197536,1
10.103301763534546,4.879000186920166,-104.46671447044952,-96.01145101512154,0.14945033729554694,-0.17127667038690367,1
10.113911151885986,4.8560004234313965,-106.99114906315758,-97.84457060692479,0.1551696365429495,-0.17888121194715628,1
10.12336540222168,4.8560004234313965,-107.05416599586405,-97.86539067297224,0.15578181296624427,-0.17959915726237924,1
10.133859395980835,4.841000080108643,-107.11718292857053,-97.87119809785874,0.15637600906469523,-0.18031748067919842,1
10.143606185913086,4.841000080108643,-107.180199861277,-97.89201816390619,0.1569883452529356,-0.1810361821976139,1
10.153988361358643,4.818000316619873,-109.46462549682329,-99.6319756564381,0.16243631328089989,-0.18795599404480728,1
10.163429260253906,4.818000316619873,-109.541729282856,-99.6638446312175,0.16307253911842245,-0.1887057689637437,1
10.172994375228882,4.803000450134277,-109.6188330688887,-99.68045510625305,0.16369055441910266,-0.18945600650539623,1
10.183892965316772,4.803000450134277,-109.69593685492141,-99.71232408103245,0.16432707113332412,-0.19020670666976505,1
10.193193674087524,4.781000137329102,-111.80882926417807,-101.25796196810657,0.16922529975023248,-0.19664086313963322,1
10.203612565994263,4.781000137329102,-111.89884438062347,-101.2995746044084,0.16988303236142113,-0.19742027434565143,1
10.213440179824829,4.766000270843506,-111.98885949706887,-101.32568301316405,0.17052231655000688,-0.19820022564236833,1
10.224104166030884,4.766000270843506,-112.07887461351427,-101.36729564946589,0.1711804554874659,-0.1989807170297839,1
10.233604669570923,4.744000434875488,-114.06575954675804,-102.76611144551005,0.1756671354886029,-0.20506141566679573,1
10.243260383605957,4.744000434875488,-114.1678228318428,-102.81649009932073,0.17634448881377168,-0.2058688985458885,1
10.253741264343262,4.730000019073486,-114.26988611692755,-102.85216586127571,0.1770044127232853,-0.20667699380469173,1
10.263363122940063,4.730000019073486,-114.3719494020123,-102.90254451508639,0.17768228237494865,-0.20748570144320552,1
10.273959398269653,4.708000183105469,-114.47401268709706,-102.92963660295084,0.17833237070000366,-0.20829502146142984,1
10.283652067184448,4.708000183105469,-114.57607597218181,-102.98001525676152,0.17901070517611706,-0.20910495385936462,1
10.294000387191772,4.694000244140625,-114.67813925726657,-103.01545748048405,0.179671328589467,-0.20991549863700992,1
10.303709268569946,4.694000244140625,-114.78020254235132,-103.06583613429473,0.18035017799084557,-0.21072665579436572,1
10.313936710357666,4.673000335693359,-114.88226582743607,-103.09363638735547,0.18100210011284262,-0.21153842533143202,1
10.323336601257324,4.673000335693359,-114.98432911252083,-103.14401504116616,0.1816814185876624,-0.21235080724820887,1
10.33392071723938,4.659000396728516,-115.08639239760558,-103.17922432911995,0.1823427450791817,-0.21316380154469622,1
10.343572616577148,4.659000396728516,-115.18845568269033,-103.22960298293063,0.1830225770816521,-0.21397740822089406,1
10.353806734085083,4.639000415802002,-115.29051896777509,-103.25814653961463,0.18367637822891056,-0.2147916272768024,1
10.363340139389038,4.639000415802002,-115.39258225285984,-103.30852519342531,0.18435668376464395,-0.2156064587124213,1
10.373866319656372,4.625,-115.49464553794459,-103.34350241714303,0.18501871744760806,-0.21642190252775062,1
10.38348913192749,4.625,-115.59670882302935,-103.39388107095371,0.1856995351186066,-0.21723795872279053,1
10.394079208374023,4.605000019073486,-118.65928947308556,-105.81434799937219,0.1930268038662855,-0.22631259683298888,1
10.403799533843994,4.605000019073486,-118.7801031005435,-105.87987794256519,0.1937407190657725,-0.22717025380454167,1
10.413219451904297,4.591000080108643,-118.90091672800143,-105.92977009858907,0.1944361682735927,-0.2280286356578592,1
10.42383337020874,4.591000080108643,-119.02173035545937,-105.99530004178207,0.195150776005675,-0.2288877423929415,1
10.433318853378296,4.572000026702881,-119.1425439829173,-106.03944838312518,0.19583999070558544,-0.2297475740097885,1
10.44398021697998,4.572000026702881,-119.26335761037524,-106.10497832631818,0.196555256507375,-0.2306081305084003,1
10.453685522079468,4.559000015258789,-119.38417123783317,-106.15577236001437,0.19725314398197047,-0.23146941188877682,1
10.463383913040161,4.559000015258789,-119.5049848652911,-106.22130230320737,0.19796910772762133,-0.23233141815091807,1
10.473529577255249,4.543000221252441,-122.60560758358353,-108.8330227888182,0.2057977648421701,-0.2414840086842867,1
10.484106302261353,4.543000221252441,-122.74520604954513,-108.91471910959153,0.20654928874175568,-0.24238799807973793,1
10.494266748428345,4.534000396728516,-122.88480451550673,-108.98608766382928,0.20728884753282395,-0.24329282506598487,1
10.504746913909912,4.534000396728516,-123.02440298146833,-109.06778398460261,0.2080412898216596,-0.2441984896430276,1
10.513082504272461,4.522000312805176,-123.16400144742992,-109.13564328903999,0.20877753484671865,-0.2451049918108661,1
10.523527383804321,4.522000312805176,-125.74937614927374,-111.37036653323709,0.21551507300540096,-0.25281020781115415,1
10.533468008041382,4.515000343322754,-125.90436769564006,-111.457506730599,0.21628838628261887,-0.25375162387296757,1
10.544337749481201,4.515000343322754,-126.05935924200638,-111.55275364363811,0.21707199910012762,-0.2546939698840592,1
10.553646802902222,4.50600004196167,-126.2143507883727,-111.63753886750781,0.21784356660197635,-0.255637245844429,1
10.56325364112854,4.50600004196167,-126.36934233473902,-111.73278578054693,0.21862825961230653,-0.256581451754077,1
10.574061155319214,4.502000331878662,-126.52433388110533,-111.8233696270194,0.21940790044583564,-0.25752658761300323,1
10.584902286529541,4.502000331878662,-126.67932542747165,-111.91861654005852,0.22019370844072292,-0.2584726534212076,1
10.593679666519165,4.496000289916992,-126.83431697383797,-112.00685216498829,0.2209716323036286,-0.25941964917869026,1
10.603642225265503,4.496000289916992,-129.21769129359245,-114.1473504518193,0.22743867593363487,-0.26655630775569483,1
10.613507747650146,4.493000030517578,-129.3866880529409,-114.25193840619892,0.22824969310932758,-0.26753542399523067,1
10.624164342880249,4.493000030517578,-129.55568481228937,-114.36003956557043,0.22906557473796682,-0.2685155542153225,1
10.633840799331665,4.48900032043457,-129.72468157163783,-114.4634496228601,0.22987644750445158,-0.2694966984159705,1
10.643689155578613,4.48900032043457,-129.8936783309863,-114.57155078223161,0.2306935982003908,-0.2704788565971746,1
10.653785467147827,4.488000392913818,-130.06267509033475,-114.67847781131093,0.23150998150215382,-0.27146202875893477,1
10.66457462310791,4.488000392913818,-130.2316718496832,-114.78657897068244,0.23232842236722373,-0.272446214901251,1
10.674092054367065,4.485000133514404,-130.40066860903167,-114.8911539208953,0.23314325923100454,-0.2734314150241233,1
10.68350076675415,4.485000133514404,-132.5858859694218,-116.92990212953993,0.2393201340124353,-0.2800122364089981,1
10.693748235702515,4.484000205993652,-132.76753490971663,-117.04894217553348,0.24016527572068078,-0.28102682034681015,1
10.704031705856323,4.484000205993652,-132.94918385001145,-117.16915852497812,0.24101255029116417,-0.28204249417826405,1
10.713802337646484,4.4830002784729,-133.13083279030627,-117.28819802680415,0.24185912688151626,-0.2830592579033596,1
10.723452091217041,4.4830002784729,-134.8246813523135,-119.02545719135298,0.2471952667197207,-0.28827359258044283,1
10.733961343765259,4.4830002784729,-135.01582136586654,-119.15582264518801,0.2480666402001938,-0.28931305552490166,1
10.744478225708008,4.4830002784729,-135.2069613794196,-119.28618809902304,0.24893879587339002,-0.29035366530944184,1
10.753880977630615,4.482000350952148,-135.39810139297265,-119.41537616069425,0.24981031380435964,-0.2913954219340633,1
10.7636137008667,4.482000350952148,-136.85614405767467,-120.93040196569983,0.2545303968361367,-0.2959575829507527,1
10.77407693862915,4.482000350952148,-137.05524956304654,-121.06947329815075,0.2554236992748667,-0.2970188410545772,1
10.785329103469849,4.482000350952148,-137.25435506841842,-121.20854463060168,0.2563178361415914,-0.298081293791434,1
10.793064594268799,4.482000350952148,-137.4534605737903,-121.3476159630526,0.2572128074363108,-0.29914494116132295,1
10.804121494293213,4.482000350952148,-137.65256607916217,-121.48668729550353,0.258108613159025,-0.3002097831642442,1
10.813488245010376,4.482000350952148,-137.85167158453405,-121.62575862795445,0.2590052533097338,-0.3012758198001977,1
10.82521104812622,4.482000350952148,-138.05077708990592,-121.76482996040538,0.2599027278884374,-0.30234305106918336,1
10.833812713623047,4.482000350952148,-138.2498825952778,-121.9039012928563,0.2608010368951356,-0.30341147697120124,1
10.843333959579468,4.482000350952148,-139.63958486388103,-123.2683677809602,0.2651108992711043,-0.30779495990650785,1
10.853962182998657,4.482000350952148,-139.8462023800681,-123.41517068294536,0.2660275537775842,-0.3088819781402127,1
10.864900588989258,4.482000350952148,-140.05281989625516,-123.56197358493051,0.26694508910147596,-0.3099702360790147,1
10.87385606765747,4.482000350952148,-140.25943741244222,-123.70877648691567,0.26786350524277963,-0.31105973372291384,1
10.883224248886108,4.482000350952148,-140.4660549286293,-123.85557938890082,0.2687828022014952,-0.3121504710719101,1
10.89379620552063,4.482000350952148,-140.67267244481636,-124.00238229088598,0.2697029799776227,-0.3132424481260035,1
10.903456687927246,4.482000350952148,-140.87928996100342,-124.14918519287113,0.27062403857116213,-0.31433566488519393,1
10.913133144378662,4.482000350952148,-141.0859074771905,-124.29598809485628,0.27154597798211344,-0.31543012134948156,1
10.923569679260254,4.482000350952148,-142.39649740439646,-125.78385995562272,0.2762048125824639,-0.3196013169306134,1
10.93421983718872,4.482000350952148,-142.61009135531975,-125.93913759843866,0.27714678057943365,-0.32071329021985323,1
10.945855140686035,4.482000350952148,-142.82368530624305,-126.09441524125461,0.27808968024226033,-0.3218265450727986,1
10.954001426696777,4.482000350952148,-143.03727925716635,-126.24969288407056,0.2790335115709439,-0.3229410814894496,1
10.963333368301392,4.482000350952148,-144.03957785734872,-127.41818819846509,0.2828028977842231,-0.3262556308258764,1
10.973022937774658,4.482000350952148,-144.25816202246827,-127.5798765721083,0.2837624030920276,-0.3273834807961547,1
10.984074354171753,4.482000350952148,-144.47674618758782,-127.74156494575152,0.284722878530074,-0.3285126422714237,1
10.993263006210327,4.4830002784729,-144.69533035270737,-127.90443071155855,0.28568574403331176,-0.3296431152516833,1
11.00369930267334,4.4830002784729,-144.91391451782692,-128.06611908520176,0.28664816679619487,-0.3307748997369338,1
11.013223648071289,4.4830002784729,-145.13249868294648,-128.22780745884498,0.28761155968931973,-0.3319079957271749,1
11.024446725845337,4.4830002784729,-145.35108284806603,-128.3894958324882,0.2885759227126865,-0.3330424032224068,1
11.033473491668701,4.4830002784729,-145.56966701318558,-128.5511842061314,0.2895412558662952,-0.3341781222226293,1
11.044098615646362,4.4830002784729,-145.78825117830513,-128.71287257977463,0.2905075591501457,-0.3353151527278427,1
11.05368423461914,4.4830002784729,-146.00683534342468,-128.87456095341784,0.29147483256423806,-0.33645349473804664,1
11.063712120056152,4.4830002784729,-146.22541950854423,-129.03624932706106,0.2924430761085723,-0.3375931482532414,1
11.073792695999146,4.4830002784729,-146.4440036736638,-129.19793770070427,0.2934122897831484,-0.33873411327342684,1
11.083616971969604,4.4830002784729,-146.66258783878334,-129.3596260743475,0.2943824735879663,-0.339876389798603,1
11.09352421760559,4.4830002784729,-146.8811720039029,-129.5213144479907,0.2953536275230261,-0.3410199778287699,1
11.103237628936768,4.4830002784729,-147.09975616902244,-129.68300282163392,0.29632575158832775,-0.3421648773639275,1
11.11399245262146,4.4830002784729,-147.318340334142,-129.84469119527714,0.2972988457838713,-0.3433110884040758,1
11.123404741287231,4.4830002784729,-147.53692449926154,-130.00637956892035,0.2982729101096566,-0.3444586109492148,1
11.134151220321655,4.4830002784729,-147.7555086643811,-130.16806794256357,0.29924794456568393,-0.3456074449993446,1
11.143961429595947,4.482000350952148,-147.97409282950065,-130.32857892404297,0.30022252921700343,-0.34675759055446503,1
11.153976440429688,4.482000350952148,-148.1926769946202,-130.4902672976862,0.30119949686916136,-0.3479090476145762,1
11.163367509841919,4.482000350952148,-148.41126115973975,-130.6519556713294,0.3021774346515612,-0.34906181617967813,1
11.174207210540771,4.482000350952148,-148.6298453248593,-130.81364404497262,0.30315634256420293,-0.35021589624977073,1
11.184071779251099,4.482000350952148,-148.84842948997886,-130.97533241861584,0.30413622060708645,-0.35137128782485405,1
11.194337368011475,4.482000350952148,-149.0670136550984,-131.13702079225905,0.3051170687802119,-0.35252799090492815,1
11.203871488571167,4.482000350952148,-149.28559782021796,-131.29870916590227,0.30609888708357913,-0.3536860054899929,1
11.213342189788818,4.482000350952148,-149.5041819853375,-131.46039753954548,0.30708167551718824,-0.3548453315800484,1
11.22410273551941,4.4810004234313965,-149.72276615045706,-131.62090797610162,0.3080640134889122,-0.3560059691750946,1
11.234638214111328,4.4810004234313965,-149.9413503155766,-131.78259634974484,0.30904873511538256,-0.3571679182751315,1
11.243168592453003,4.4810004234313965,-150.15993448069617,-131.94428472338805,0.31003442687209476,-0.35833117888015914,1
11.253964900970459,4.4810004234313965,-150.37851864581572,-132.10597309703127,0.3110210887590488,-0.3594957509901775,1
11.264143705368042,4.4810004234313965,-150.59710281093527,-132.26766147067448,0.31200872077624475,-0.3606616346051866,1
11.273235321044922,4.4810004234313965,-150.81568697605482,-132.4293498443177,0.3129973229236825,-0.3618288297251864,1
11.28364109992981,4.480000019073486,-151.03427114117437,-132.58985917345709,0.3139854732736905,-0.36299733635017684,1
11.29326319694519,4.480000019073486,-151.25285530629392,-132.7515475471003,0.3149760086073449,-0.36416715448015813,1
11.30392575263977,4.480000019073486,-151.47143947141348,-132.91323592074352,0.31596751407124124,-0.36533828411513003,1
11.312963962554932,4.480000019073486,-151.69002363653303,-133.07492429438673,0.3169599896653794,-0.36651072525509265,1
11.323357820510864,4.479000091552734,-151.90860780165258,-133.23543363970052,0.3179520134815942,-0.3676844779000461,1
11.333988189697266,4.479000091552734,-152.12719196677213,-133.39712201334373,0.3189464222620461,-0.36885954204999016,1
11.343434572219849,4.479000091552734,-152.34577613189168,-133.55881038698695,0.3199418011727399,-0.370035917704925,1
11.353302001953125,4.479000091552734,-152.56436029701123,-133.72049876063016,0.32093815021367555,-0.37121360486485055,1
11.363684892654419,4.478000164031982,-152.78294446213079,-133.88100755988427,0.32193404681813975,-0.3723926035297668,1
11.37311577796936,4.478000164031982,-153.00152862725034,-134.04269593352748,0.3229323290421128,-0.3735729136996737,1
11.383544445037842,4.4770002365112305,-153.2201127923699,-134.20320418634245,0.3239301581706088,-0.3747545353745714,1
11.393364191055298,4.4770002365112305,-153.43869695748944,-134.36489255998566,0.32493037357434057,-0.3759374685544598,1
11.403921842575073,4.4770002365112305,-153.78965218626314,-135.596999325995,0.3288248855184479,-0.3774795104307357,1
11.413471221923828,4.4770002365112305,-154.0090289821372,-135.76509730695398,0.3298411936794404,-0.37866681675967734,1
11.423911809921265,4.4760003089904785,-154.22840577801128,-135.93201462026582,0.33085708654313617,-0.37985543934939436,1
11.434469938278198,4.4760003089904785,-154.44778257388535,-136.1001126012248,0.3318754047958943,-0.3810453781998865,1
11.44403338432312,4.4760003089904785,-154.66715936975942,-136.26821058218377,0.33289473163653815,-0.382236633311154,1
11.453586339950562,4.4760003089904785,-154.8865361656335,-136.43630856314275,0.3339150670650678,-0.38342920468319663,1
11.464265823364258,4.475000381469727,-155.10591296150756,-136.6032253292555,0.33493498653637865,-0.38462309231601455,1
11.473824262619019,4.475000381469727,-155.32528975738163,-136.77132331021448,0.33595733205339073,-0.3858182962096077,1
11.483418226242065,4.473999977111816,-155.47526402960526,-137.39272641304365,0.33819965911257055,-0.3868284553110953,1
11.493992805480957,4.473999977111816,-155.6942301790419,-137.56351354191185,0.3392299847484639,-0.38802538007149345,1
11.503690481185913,4.473999977111816,-155.91319632847856,-137.73430067078004,0.3402613351071304,-0.38922361862878835,1
11.513397216796875,4.473999977111816,-156.13216247791522,-137.90508779964824,0.34129371018857013,-0.39042317098297985,1
11.523810386657715,4.4730000495910645,-155.95306813451563,-138.4471899822097,0.3433243721683172,-0.3905568127928666,1
11.533212900161743,4.4730000495910645,-156.1696856304049,-138.62017493596102,0.34436367516243455,-0.3917537719017162,1
11.543869018554688,4.4730000495910645,-156.38630312629417,-138.79315988971234,0.34540401606627436,-0.3929520307155411,1
11.553720712661743,4.4730000495910645,-156.60292062218343,-138.96614484346367,0.3464453948798367,-0.39415158923434124,1
11.563689947128296,4.4720001220703125,-156.3829944599319,-139.29442273312884,0.34790597033244175,-0.3941818684352072,1
11.573195695877075,4.4720001220703125,-156.5970355263364,-139.4683311886746,0.34895147046622876,-0.3953782999280507,1
11.584048509597778,4.4720001220703125,-156.81107659274093,-139.64223964422035,0.34999801405074893,-0.39657601566729256,1
11.593817234039307,4.4720001220703125,-157.02511765914545,-139.8161480997661,0.35104560108600247,-0.39777501565293283,1
11.604057312011719,4.4710001945495605,-157.23915872554997,-139.98887314759915,0.35209280438228774,-0.3989752998849716,1
11.613475322723389,4.4710001945495605,-157.4531997919545,-140.1627816031449,0.35314247121856146,-0.4001768683634087,1
11.624019384384155,4.4710001945495605,-157.667240858359,-140.33669005869066,0.35419318150556856,-0.40137972108824427,1
11.633833408355713,4.4710001945495605,-157.88128192476353,-140.51059851423642,0.35524493524330886,-0.4025838580594783,1
11.643367052078247,4.470000267028809,-158.09532299116805,-140.68332301296417,0.35629630457985995,-0.4037892792771107,1
11.653959512710571,4.470000267028809,-158.30936405757257,-140.85723146850992,0.3573501381153259,-0.4049959847411416,1
11.663323402404785,4.470000267028809,-158.52340512397708,-141.03113992405568,0.3584050151015251,-0.40620397445157086,1
11.673839569091797,4.470000267028809,-158.7374461903816,-141.20504837960144,0.3594609355384577,-0.4074132484083986,1
11.683528661727905,4.469000339508057,-158.95148725678612,-141.37777232884164,0.36051647091151895,-0.40862380661162473,1
11.694173336029053,4.469000339508057,-159.16552832319064,-141.5516807843874,0.3615744711428802,-0.4098356490612493,1
11.704142093658447,4.469000339508057,-159.37956938959516,-141.72558923993316,0.36263351482497475,-0.4110487757572723,1
11.714051246643066,4.469000339508057,-159.59361045599968,-141.8994976954789,0.36369360195780254,-0.41226318669969375,1
11.723574161529541,4.469000339508057,-158.7733798512799,-141.88756261249495,0.3642562677875081,-0.4107047850431489,1
11.734647750854492,4.469000339508057,-158.98131385684448,-142.06037371825514,0.3653160033567298,-0.4119081937329674,1
11.743170261383057,4.468000411987305,-159.18924786240905,-142.2319997678396,0.36637534661483817,-0.4131128500268194,1
11.753607511520386,4.468000411987305,-159.39718186797361,-142.40481087359979,0.367437148806992,-0.4143187539247047,1
11.76313591003418,4.468000411987305,-158.7069496355094,-142.32607260322143,0.36782502256793387,-0.41311591717035023,1
11.773637056350708,4.468000411987305,-158.9095764419811,-142.49739732198074,0.3688855966143769,-0.4143125267967681,1
11.783613204956055,4.4670000076293945,-159.1122032484528,-142.6675358687977,0.36994576808577007,-0.4155103521840249,1
11.793877840042114,4.4670000076293945,-159.3148300549245,-142.838860587557,0.3710083909118066,-0.4167093933321204,1
11.80361557006836,4.4670000076293945,-158.70586269119465,-142.40749065625494,0.3704519577800625,-0.41572803032243,1
11.813210725784302,4.4670000076293945,-158.9036781482689,-142.57524243838176,0.3715087113732449,-0.4169188309398087,1
11.823698997497559,4.4670000076293945,-159.10149360534317,-142.7429942205086,0.37256647147712024,-0.4181108184499299,1
11.833537101745605,4.4670000076293945,-159.29930906241742,-142.91074600263542,0.37362523809168824,-0.4193039928527935,1
11.843669414520264,4.466000080108643,-159.49712451949168,-143.07731162743423,0.3746835807112114,-0.42049835414839953,1
11.853285074234009,4.466000080108643,-159.69493997656593,-143.24506340956106,0.37574435323022093,-0.4216939023367481,1
11.863912582397461,4.466000080108643,-159.8927554336402,-143.41281519168788,0.37680613225992327,-0.42289063741783905,1
11.873902320861816,4.466000080108643,-160.09057089071445,-143.5805669738147,0.3778689178003184,-0.4240885593916724,1
11.883749008178711,4.465000152587891,-160.2883863477887,-143.74713204759317,0.3789312786811381,-0.42528766825824826,1
11.893306732177734,4.465000152587891,-160.48620180486296,-143.91488382972,0.37999607012266856,-0.4264879640175665,1
11.90391230583191,4.465000152587891,-160.6840172619372,-144.08263561184683,0.38106186807489184,-0.42768944666962727,1
11.91349983215332,4.465000152587891,-160.88183271901147,-144.25038739397365,0.3821286725378079,-0.42889211621443046,1
11.923789024353027,4.464000225067139,-159.7995327248876,-143.54629836333666,0.38084328794677214,-0.42663819191113067,1
11.933655738830566,4.464000225067139,-159.98969233593508,-143.70884312328567,0.38190059471745064,-0.4278263215984032,1
11.943875312805176,4.464000225067139,-160.17985194698255,-143.8713878832347,0.3829588767566889,-0.42901559224334207,1
11.953961372375488,4.464000225067139,-160.37001155803003,-144.0339326431837,0.3840181340644868,-0.43020600384594726,1
11.963858842849731,4.463000297546387,-159.3067748127654,-143.4247653893956,0.3829920831712846,-0.4280061709048254,1
11.973532438278198,4.463000297546387,-159.48941526583016,-143.58268775422064,0.38404308613559995,-0.4291822759400981,1
11.98397421836853,4.463000297546387,-159.6720557188949,-143.7406101190457,0.38509503663410427,-0.43035947681808917,1
11.99411129951477,4.463000297546387,-159.85469617195966,-143.89853248387075,0.3861479346667976,-0.43153777353879863,1
12.00304889678955,4.462000370025635,-160.0373366250244,-144.05526648498068,0.38720034706703943,-0.43271716610222644,1
12.01371169090271,4.462000370025635,-160.21997707808916,-144.21318884980573,0.3882551330379283,-0.4338976545083727,1
12.023435592651367,4.462000370025635,-160.4026175311539,-144.3711112146308,0.3893108665430062,-0.4350792387572373,1
12.03442120552063,4.462000370025635,-160.58525798421866,-144.52903357945584,0.390367547582273,-0.4362619188488204,1
12.043256998062134,4.461000442504883,-160.7678984372834,-144.68576702800704,0.39142374232270244,-0.4374456947831218,1
12.053902387619019,4.461000442504883,-160.95053889034816,-144.8436893928321,0.3924823112968495,-0.43863056656014154,1
12.063820123672485,4.461000442504883,-161.1331793434129,-145.00161175765714,0.3935418278051855,-0.43981653417987976,1
12.073230981826782,4.461000442504883,-161.31581979647765,-145.1595341224822,0.39460229184771045,-0.4410035976423363,1
12.08353066444397,4.460000038146973,-161.4984602495424,-145.31626645073305,0.3956622682403159,-0.4421917569475112,1
12.093138694763184,4.460000038146973,-161.68110070260715,-145.4741888155581,0.3967246202109993,-0.4433810120954046,1
12.103793621063232,4.460000038146973,-161.8637411556719,-145.63211118038316,0.3977879197158717,-0.4445713630860163,1
12.113372564315796,4.460000038146973,-162.04638160873665,-145.79003354520822,0.398852166754933,-0.44576280991934647,1
12.12382197380066,4.459000110626221,-160.34353918159587,-144.42656674233257,0.3957881958597517,-0.44183578333194784,1
12.134715557098389,4.459000110626221,-160.51479692702094,-144.5753116266289,0.3968341415906671,-0.44300438140802,1
12.143806219100952,4.459000110626221,-160.686054672446,-144.7240565109252,0.3978809797908882,-0.4441740070305648,1
12.153452634811401,4.459000110626221,-160.85731241787107,-144.87280139522153,0.39892871046041517,-0.4453446601995821,1
12.163911581039429,4.458000183105469,-161.02857016329614,-145.0203557029895,0.3999758977639547,-0.446516340915072,1
12.173388719558716,4.458000183105469,-161.1998279087212,-145.1691005872858,0.40102540622863403,-0.44768904917703434,1
12.184154033660889,4.458000183105469,-161.37108565414627,-145.31784547158213,0.40207580716261904,-0.4488627849854694,1
12.194286108016968,4.458000183105469,-161.54234339957134,-145.46659035587845,0.40312710056590995,-0.4500375483403769,1
12.204014778137207,4.457000255584717,-159.79279657293662,-144.18544052291304,0.4002975084143894,-0.4459964574451246,1
12.213354587554932,4.457000255584717,-159.9524527524308,-144.32555610722895,0.40133160045221183,-0.4471477595770321,1
12.224029779434204,4.457000255584717,-160.11210893192495,-144.46567169154486,0.4023665331835402,-0.44830001964601673,1
12.234147071838379,4.457000255584717,-160.2717651114191,-144.60578727586076,0.40340230660837445,-0.44945323765207823,1
12.24339246749878,4.456000328063965,-160.43142129091328,-144.74471117505553,0.4044374835544585,-0.45060741359521667,1
12.253807783126831,4.456000328063965,-160.59107747040744,-144.88482675937144,0.4054749312161938,-0.4517625474754321,1
12.26374363899231,4.456000328063965,-160.7507336499016,-145.02494234368734,0.40651321957143505,-0.45291863929272447,1
12.273415565490723,4.456000328063965,-160.91038982939577,-145.16505792800325,0.4075523486201822,-0.45407568904709383,1
12.283902168273926,4.455000400543213,-161.07004600888993,-145.30398127232087,0.40859088052099723,-0.4552336967385402,1
12.293596267700195,4.455000400543213,-159.22912216908273,-143.71597756904572,0.4049348662618263,-0.4509553297736017,1
12.30372166633606,4.455000400543213,-159.37667981621615,-143.845642330639,0.4059535378297221,-0.45208865902905915,1
12.31327199935913,4.455000400543213,-159.52423746334958,-143.9753070922323,0.4069729873861875,-0.45322287363039937,1
12.323766946792603,4.455000400543213,-159.671795110483,-144.1049718538256,0.4079932149312223,-0.4543579735776223,1
12.333213806152344,4.455000400543213,-159.81935275761643,-144.23463661541888,0.4090142204648268,-0.45549395887072813,1
12.344116926193237,4.453999996185303,-159.96691040474985,-144.36310801280626,0.4100345647897685,-0.4566308295097168,1
12.354059219360352,4.453999996185303,-160.11446805188328,-144.49277277439955,0.41105711914032683,-0.4577685854945881,1
12.363166332244873,4.453999996185303,-158.3232389494439,-143.08347085190326,0.4078934630882986,-0.4536324683154198,1
12.373597383499146,4.453999996185303,-158.45905026981757,-143.20381163521597,0.4088970948980852,-0.45474619620148715,1
12.384110450744629,4.453000068664551,-158.59486159019124,-143.32295906734782,0.40990000957104744,-0.4558607389554767,1
12.393754482269287,4.453000068664551,-158.73067291056492,-143.44329985066054,0.4109050783101267,-0.45697609657738847,1
12.40381383895874,4.453000068664551,-158.8664842309386,-143.56364063397325,0.41191086909390573,-0.45809226906722256,1
12.413360118865967,4.453000068664551,-159.00229555131227,-143.68398141728596,0.4129173819223847,-0.45920925642497884,1
12.423917531967163,4.453000068664551,-159.13810687168595,-143.80432220059868,0.41392461679556364,-0.4603270586506574,1
12.434183597564697,4.453000068664551,-159.27391819205963,-143.9246629839114,0.41493257371344233,-0.46144567574425815,1
12.443838119506836,4.452000141143799,-157.30948353376237,-142.29555326026025,0.41117561038915573,-0.45684169330159846,1
12.45339035987854,4.452000141143799,-157.43253278312042,-142.4052708236711,0.41216170309019073,-0.4579339475975268,1
12.463992834091187,4.452000141143799,-157.55558203247847,-142.51498838708193,0.4131484540966063,-0.45902694018895135,1
12.474000453948975,4.452000141143799,-157.67863128183652,-142.62470595049277,0.41413586340840225,-0.46012067107587207,1
12.483819484710693,4.451000213623047,-157.80168053119456,-142.73322905025137,0.41512249050241407,-0.46121514025828886,1
12.493349552154541,4.451000213623047,-156.16426144008392,-141.37208505126736,0.41209643287703907,-0.45750507789043326,1
12.50409460067749,4.451000213623047,-156.2765821093333,-141.4728389453306,0.41306617458358696,-0.4585775221861885,1
12.513883113861084,4.451000213623047,-156.3889027785827,-141.57359283939385,0.41403652081349923,-0.45965064040595927,1
12.523714065551758,4.451000213623047,-156.50122344783207,-141.6743467334571,0.41500747156677587,-0.46072443254974554,1
12.533284187316895,4.451000213623047,-156.61354411708146,-141.77510062752035,0.4159790268434168,-0.4617988986175473,1
12.544213771820068,4.450000286102295,-156.72586478633085,-141.87465950111226,0.4169497454487338,-0.46287403860936455,1
12.554663181304932,4.450000286102295,-156.83818545558023,-141.9754133951755,0.41792250260198077,-0.46394985252519727,1
12.563085317611694,4.450000286102295,-156.95050612482962,-142.07616728923875,0.4188958642785921,-0.46502634036504553,1
12.57339072227478,4.450000286102295,-157.062826794079,-142.176921183302,0.41986983047856785,-0.4661035021289093,1
12.583127975463867,4.450000286102295,-157.1751474633284,-142.27767507736525,0.4208444012019079,-0.4671813378167885,1
12.594266653060913,4.450000286102295,-157.28746813257777,-142.3784289714285,0.42181957644861234,-0.4682598474286832,1
12.603742122650146,4.449000358581543,-157.39978880182716,-142.47798728781186,0.42279391435199926,-0.4693390309645935,1
12.613259077072144,4.449000358581543,-155.20788840211668,-140.5613360204958,0.4182490306848785,-0.464112666116586,1
12.623439311981201,4.449000358581543,-155.306099744571,-140.64973683390917,0.419199010081978,-0.46516235632599856,1
12.634877681732178,4.449000358581543,-155.4043110870253,-140.73813764732256,0.420149519883958,-0.46621263580346595,1
12.643765926361084,4.449000358581543,-155.5025224294796,-140.82653846073595,0.42110056009081853,-0.46726350454898796,1
12.653369188308716,4.449000358581543,-153.7495460286108,-139.29274664997058,0.41760828552028484,-0.46324380663937903,1
12.663810729980469,4.448000431060791,-153.83640287704617,-139.37000140459566,0.4185372112342625,-0.4642710532747638,1
12.674960613250732,4.448000431060791,-153.92325972548153,-139.448452294499,0.41946804301591356,-0.4652988210512391,1
12.684072971343994,4.448000431060791,-154.0101165739169,-139.52690318440233,0.4203993455029039,-0.466327109968805,1
12.693811893463135,4.448000431060791,-152.42935872402393,-137.98670052515632,0.4168881905571049,-0.46277860187889663,1
12.703779935836792,4.448000431060791,-152.50595087316978,-138.05518808722823,0.41779870676011455,-0.46378554816311063,1
12.714540719985962,4.448000431060791,-152.58254302231563,-138.12367564930014,0.4187096338884967,-0.4647929540002196,1
12.72285795211792,4.448000431060791,-152.6591351714615,-138.19216321137205,0.41962097194225123,-0.46580081939022333,1
12.733522176742554,4.448000431060791,-152.73572732060734,-138.26065077344396,0.42053272092137817,-0.46680914433312204,1
12.743043899536133,4.448000431060791,-152.8123194697532,-138.32913833551586,0.42144488082587755,-0.46781792882891554,1
12.75426197052002,4.448000431060791,-152.88891161889904,-138.39762589758777,0.42235745165574934,-0.468827172877604,1
12.763213396072388,4.447000026702881,-152.9655037680449,-138.46491619559052,0.42326898951052616,-0.46983687647918726,1
12.773836851119995,4.447000026702881,-151.34877198418377,-136.7507533265638,0.4192695890249142,-0.4661804275278777,1
12.783436298370361,4.447000026702881,-151.41486627955928,-136.80818925038474,0.4201593612690016,-0.4671682298800056,1
12.795358896255493,4.447000026702881,-151.48096057493478,-136.8656251742057,0.42104947812863197,-0.46815642879790587,1
12.80318546295166,4.447000026702881,-151.5470548703103,-136.92306109802664,0.42193993960380527,-0.46914502428157834,1
12.81363844871521,4.447000026702881,-151.6131491656858,-136.98049702184758,0.42283074569452145,-0.47013401633102303,1
12.823178768157959,4.447000026702881,-151.6792434610613,-137.03793294566853,0.4237218964007806,-0.47112340494624005,1
12.83385181427002,4.447000026702881,-151.7453377564368,-137.09536886948948,0.4246133917225827,-0.47211319012722924,1
12.843586444854736,4.447000026702881,-151.81143205181232,-137.15280479331042,0.4255052316599277,-0.4731033718739907,1
12.853138446807861,4.447000026702881,-149.8920222130342,-135.44423114412496,0.4215168423983844,-0.46860677750427315,1
12.863570928573608,4.447000026702881,-149.94574588962388,-135.49066400286836,0.4223855058128937,-0.46957092039151854,1
12.873204708099365,4.447000026702881,-149.99946956621355,-135.53709686161176,0.42325444782455546,-0.47053538562082337,1
12.883650779724121,4.447000026702881,-150.05319324280322,-135.58352972035516,0.4241236684333697,-0.4715001731921878,1
12.893141269683838,4.447000026702881,-148.4729227046647,-134.04177176441326,0.42059689880165374,-0.46794222593846246,1
12.903647661209106,4.447000026702881,-148.51643654067763,-134.07828098029597,0.4214451795465948,-0.468885541160922,1
12.91321873664856,4.447000026702881,-148.55995037669055,-134.1147901961787,0.4222936793468311,-0.46982911746639766,1
12.923466920852661,4.447000026702881,-148.60346421270347,-134.1512994120614,0.4231423982023627,-0.4707729548548894,1
12.932958126068115,4.447000026702881,-148.6469780487164,-134.18780862794412,0.4239913361131897,-0.47171705332639713,1
12.94353461265564,4.447000026702881,-148.6904918847293,-134.22431784382684,0.4248404930793119,-0.47266141288092106,1
12.954030275344849,4.447000026702881,-148.73400572074223,-134.26082705970956,0.4256898691007294,-0.473606033518461,1
12.963830947875977,4.447000026702881,-148.77751955675515,-134.29733627559227,0.4265394641774422,-0.47455091523901705,1
12.97325587272644,4.447000026702881,-148.82103339276807,-134.333845491475,0.42738927830945034,-0.47549605804258915,1
12.983580589294434,4.447000026702881,-148.864547228781,-134.3703547073577,0.42823931149675376,-0.47644146192917736,1
12.994145631790161,4.447000026702881,-148.9080610647939,-134.40686392324042,0.4290895637393525,-0.4773871268987816,1
13.00378131866455,4.447000026702881,-148.95157490080683,-134.44337313912314,0.4299400350372465,-0.47833305295140194,1
13.013263702392578,4.447000026702881,-148.99508873681975,-134.47988235500586,0.4307907253904358,-0.47927924008703837,1
13.023704290390015,4.447000026702881,-149.03860257283267,-134.51639157088857,0.43164163479892037,-0.4802256883056909,1
13.033287525177002,4.447000026702881,-149.0821164088456,-134.5529007867713,0.43249276326270025,-0.4811723976073594,1
13.043633460998535,4.447000026702881,-149.1256302448585,-134.589410002654,0.43334411078177537,-0.4821193679920441,1
13.05315089225769,4.447000026702881,-149.16914408087143,-134.62591921853672,0.43419567735614584,-0.48306659945974484,1
13.06364917755127,4.447000026702881,-149.21265791688435,-134.66242843441944,0.43504746298581165,-0.48401409201046164,1
13.073277711868286,4.447000026702881,-149.25617175289727,-134.69893765030216,0.4358994676707727,-0.48496184564419453,1
13.083160638809204,4.447000026702881,-149.2996855889102,-134.73544686618487,0.4367516914110291,-0.4859098603609435,1
13.093664646148682,4.447000026702881,-149.3431994249231,-134.7719560820676,0.43760413420658084,-0.48685813616070855,1
13.103397846221924,4.447000026702881,-149.38671326093603,-134.8084652979503,0.4384567960574277,-0.4878066730434897,1
13.114124536514282,4.447000026702881,-149.43022709694895,-134.84497451383302,0.43930967696357004,-0.48875547100928685,1
13.12316346168518,4.447000026702881,-149.47374093296187,-134.88148372971574,0.4401627769250076,-0.4897045300581001,1
13.133648157119751,4.447000026702881,-146.35060968131313,-131.83479445909506,0.432514682659799,-0.4819223466148963,1
13.143197298049927,4.447000026702881,-146.37447339892879,-131.8521713713489,0.4333266479827316,-0.4828292299164286,1
13.154067516326904,4.447000026702881,-146.39833711654444,-131.86954828360274,0.43413871756713784,-0.4837362564002667,1
13.164144515991211,4.447000026702881,-146.4222008341601,-131.88692519585658,0.4349508914130176,-0.4846434260664104,1
13.173759460449219,4.447000026702881,-143.91616731490905,-129.60463562468306,0.4294308728673566,-0.4785844853642123,1
13.183638334274292,4.447000026702881,-143.92437024259277,-129.6077769414409,0.4302122891091147,-0.4794578750988884,1
13.193134307861328,4.447000026702881,-143.9325731702765,-129.61091825819875,0.4309937241987733,-0.4803313140511305,1
13.203617334365845,4.447000026702881,-143.94077609796022,-129.6140595749566,0.4317751781363325,-0.48120480222093875,1
13.213138103485107,4.447000026702881,-141.99242444039245,-127.53892427418896,0.4268340688848665,-0.47669092196168816,1
13.22403860092163,4.447000026702881,-141.98851611680894,-127.52920086920204,0.42758757600409747,-0.4775381630700888,1
13.233642339706421,4.447000026702881,-141.98460779322542,-127.51947746421513,0.4283410247828985,-0.47838538072854786,1
13.243389368057251,4.447000026702881,-141.9806994696419,-127.50975405922821,0.42909441522126957,-0.4792325749370655,1
13.253954410552979,4.447000026702881,-141.9767911460584,-127.5000306542413,0.4298477473192107,-0.4800797456956416,1
13.263764381408691,4.447000026702881,-141.97288282247487,-127.49030724925439,0.43060102107672193,-0.4809268930042762,1
13.273245573043823,4.447000026702881,-141.96897449889136,-127.48058384426747,0.4313542364938032,-0.48177401686296933,1
13.283967971801758,4.447000026702881,-141.96506617530784,-127.47086043928056,0.43210739357045463,-0.48262111727172097,1
13.293827772140503,4.447000026702881,-141.96115785172432,-127.46113703429364,0.432860492306676,-0.48346819423053106,1
13.303731679916382,4.447000026702881,-141.9572495281408,-127.45141362930673,0.4336135327024676,-0.48431524773939966,1
13.314175128936768,4.447000026702881,-141.9533412045573,-127.44169022431981,0.4343665147578293,-0.48516227779832677,1
13.324660539627075,4.447000026702881,-141.94943288097377,-127.4319668193329,0.4351194384727609,-0.4860092844073124,1
13.333751201629639,4.447000026702881,-141.94552455739026,-127.42224341434599,0.4358723038472627,-0.4868562675663565,1
13.344053506851196,4.447000026702881,-141.94161623380674,-127.41252000935907,0.4366251108813346,-0.4877032272754591,1
13.354932308197021,4.447000026702881,-141.93770791022322,-127.40279660437216,0.43737785957497655,-0.4885501635346202,1
13.364151239395142,4.447000026702881,-141.9337995866397,-127.39307319938524,0.43813054992818856,-0.48939707634383983,1
13.37416958808899,4.447000026702881,-141.9298912630562,-127.38334979439833,0.43888318194097065,-0.49024396570311796,1
13.384813070297241,4.447000026702881,-141.92598293947268,-127.37362638941141,0.4396357556133228,-0.49109083161245454,1
13.394113540649414,4.447000026702881,-141.92207461588916,-127.3639029844245,0.440388270945245,-0.4919376740718497,1
13.404054403305054,4.447000026702881,-141.91816629230564,-127.35417957943758,0.4411407279367374,-0.49278449308130334,1
13.413913011550903,4.447000026702881,-141.91425796872213,-127.34445617445067,0.4418931265877998,-0.4936312886408154,1
13.424375295639038,4.447000026702881,-141.9103496451386,-127.33473276946376,0.4426454668984323,-0.49447806075038603,1
13.435739278793335,4.447000026702881,-141.9064413215551,-127.32500936447684,0.4433977488686348,-0.4953248094100151,1
13.44359278678894,4.447000026702881,-141.90253299797158,-127.31528595948993,0.4441499724984075,-0.49617153461970276,1
13.453991651535034,4.447000026702881,-141.89862467438806,-127.30556255450301,0.4449021377877502,-0.49701823637944886,1
13.46358036994934,4.447000026702881,-141.89471635080454,-127.2958391495161,0.445654244736663,-0.4978649146892534,1
13.473240375518799,4.447000026702881,-141.89080802722103,-127.28611574452918,0.44640629334514587,-0.49871156954911655,1
13.484148025512695,4.447000026702881,-141.8868997036375,-127.27639233954227,0.4471582836131988,-0.49955820095903813,1
13.494134187698364,4.447000026702881,-141.882991380054,-127.26666893455536,0.44791021554082183,-0.5004048089190183,1
13.503960132598877,4.447000026702881,-141.87908305647048,-127.25694552956844,0.448662089128015,-0.5012513934290569,1
13.513449907302856,4.447000026702881,-141.87517473288696,-127.24722212458153,0.4494139043747782,-0.502097954489154,1
13.523080348968506,4.447000026702881,-141.87126640930344,-127.23749871959461,0.45016566128111146,-0.5029444920993096,1
13.533814191818237,4.446000099182129,-141.86735808571993,-127.22657806269544,0.4509159159612086,-0.5037910062595237,1
13.543400764465332,4.446000099182129,-141.8634497621364,-127.21685465770852,0.45166754900317063,-0.5046374969697963,1
13.554115295410156,4.446000099182129,-141.8595414385529,-127.20713125272161,0.4524191237047026,-0.5054839642301274,1
13.563663244247437,4.446000099182129,-141.85563311496938,-127.1974078477347,0.45317064006580476,-0.5063304080405171,1
13.573083400726318,4.446000099182129,-141.85172479138586,-127.18768444274778,0.4539220980864769,-0.5071768284009652,1
13.583656549453735,4.446000099182129,-141.84781646780235,-127.17796103776087,0.45467349776671917,-0.5080232253114718,1
13.59316372871399,4.446000099182129,-141.84390814421883,-127.16823763277395,0.45542483910653153,-0.5088695987720369,1
13.603771448135376,4.446000099182129,-141.8399998206353,-127.15851422778704,0.45617612210591396,-0.5097159487826605,1
13.61313271522522,4.445000171661377,-136.8209303054259,-122.26442744158607,0.44381528779821244,-0.4970972712138484,1
13.623615503311157,4.445000171661377,-136.78735510291278,-122.2258179696835,0.4445023113397475,-0.49787770510145013,1
13.633154392242432,4.445000171661377,-136.75377990039968,-122.18720849778094,0.44518910322445115,-0.4986579375378368,1
13.643929719924927,4.445000171661377,-136.72020469788657,-122.14859902587838,0.4458756634523233,-0.4994379685230084,1
13.653347730636597,4.445000171661377,-133.46026659987518,-118.9734006473991,0.4381622798872302,-0.4915776732666026,1
13.664012670516968,4.445000171661377,-133.40769487280852,-118.91632323183734,0.43880728492794707,-0.49231503336335947,1
13.673682451248169,4.444000244140625,-133.35512314574186,-118.85804744643171,0.43945050227013893,-0.4930520780297539,1
13.683601140975952,4.444000244140625,-133.3025514186752,-118.80097003086995,0.44009481519165,-0.493788807265786,1
13.693137884140015,4.444000244140625,-130.842498183919,-116.22170561136667,0.43398883758552315,-0.4880822510956011,1
13.703734397888184,4.444000244140625,-130.775768267742,-116.14979543365934,0.4345994441448763,-0.4887868298057952,1
13.713363409042358,4.444000244140625,-130.709038351565,-116.077885255952,0.43520961924316315,-0.48949100813649216,1
13.724064111709595,4.444000244140625,-130.642308435388,-116.00597507824466,0.4358193628803838,-0.4901947860876921,1
13.733639240264893,4.443000316619873,-128.6718724137317,-114.11107268144062,0.4315469088755748,-0.48579841082177055,1
13.743288040161133,4.443000316619873,-128.59392696445704,-114.02842955347435,0.4321319076993361,-0.4864764398444277,1
13.753053188323975,4.443000316619873,-128.51598151518238,-113.94578642550809,0.4327164106643297,-0.48715400119438923,1
13.763559103012085,4.443000316619873,-128.4380360659077,-113.86314329754182,0.4333004177705554,-0.487831094871655,1
13.77323317527771,4.443000316619873,-126.78919657846835,-111.97457582800986,0.42903481965062357,-0.4842896942289753,1
13.783899068832397,4.443000316619873,-126.7019570154448,-111.88124804159774,0.42959411379517864,-0.4849452184954397,1
13.793669939041138,4.442000389099121,-126.61471745242126,-111.78672076584363,0.43015140138886876,-0.485600219324526,1
13.80341386795044,4.442000389099121,-126.52747788939772,-111.69339297943151,0.43070956840305075,-0.4862546967162341,1
13.813640832901001,4.442000389099121,-126.44023832637417,-111.60006519301939,0.43126717545051435,-0.4869086506705641,1
13.823274374008179,4.442000389099121,-126.35299876335063,-111.50673740660727,0.4318242225312594,-0.487562081187516,1
13.834093809127808,4.442000389099121,-126.26575920032708,-111.41340962019515,0.4323807096452861,-0.48821498826708964,1
13.844074249267578,4.442000389099121,-126.17851963730354,-111.32008183378304,0.4329366367925942,-0.4888673719092852,1
13.853728771209717,4.440999984741211,-126.09128007428,-111.225553425288,0.43349055602295195,-0.48951923211410264,1
13.863197088241577,4.440999984741211,-126.00404051125645,-111.13222563887588,0.4340453560330907,-0.4901705688815419,1
13.873846292495728,4.440999984741211,-125.9168009482329,-111.03889785246376,0.4345995960765109,-0.49082138221160304,1
13.883723497390747,4.440999984741211,-125.82956138520936,-110.94557006605164,0.4351532761532127,-0.49147167210428605,1
13.893531322479248,4.440000057220459,-123.84244371380046,-109.07081456039906,0.4308958753596536,-0.4869891425689241,1
13.9040207862854,4.440000057220459,-123.7438399788091,-108.96683829769039,0.43142490487418944,-0.48761328112680735,1
13.913976669311523,4.440000057220459,-123.64523624381775,-108.86286203498172,0.4319533105311489,-0.48823682806228064,1
13.923988580703735,4.440000057220459,-123.54663250882639,-108.75888577227305,0.4324810923305321,-0.48885978337534397,1
13.93331789970398,4.440000057220459,-121.8831840977536,-107.03777193048569,0.4286310468794846,-0.4852464880138243,1
13.944006204605103,4.440000057220459,-121.77518653727095,-106.92408792588708,0.4291361706015217,-0.48584754206046876,1
13.954473972320557,4.439000129699707,-121.66718897678831,-106.80920274948794,0.42963916360633964,-0.48644794812175035,1
13.964013814926147,4.439000129699707,-121.55919141630567,-106.69551874488933,0.4301429159132906,-0.48704770619766896,1
13.97387409210205,4.439000129699707,-121.45119385582302,-106.58183474029072,0.430645986116214,-0.4876468162882247,1
13.983473777770996,4.439000129699707,-121.34319629534038,-106.4681507356921,0.4311483742151099,-0.4882452783934176,1
13.993860483169556,4.438000202178955,-121.23519873485773,-106.35326499777604,0.43164863091959726,-0.4888430925132476,1
14.003768920898438,4.438000202178955,-121.12720117437509,-106.23958099317743,0.43214964760003804,-0.4894402586477146,1
14.013990640640259,4.438000202178955,-121.01920361389244,-106.12589698857882,0.4326499821764512,-0.49003677679681884,1
14.03570294380188,4.438000202178955,-120.9112060534098,-106.0122129839802,0.43314963464883666,-0.49063264696056014,1
14.040292739868164,4.437000274658203,-120.80320849292715,-105.8973266841534,0.43364715504914947,-0.49122786913893857,1
14.046653509140015,4.437000274658203,-120.69521093244451,-105.78364267955479,0.43414543609970846,-0.491822443331954,1
14.053189754486084,4.437000274658203,-120.58721337196187,-105.66995867495618,0.4346430350462399,-0.49241636953960666,1
14.064034700393677,4.437000274658203,-120.47921581147922,-105.55627467035757,0.4351399518887437,-0.4930096477618963,1
14.073410749435425,4.437000274658203,-120.37121825099658,-105.44259066575896,0.4356361866272199,-0.4936022779988231,1
14.084839105606079,4.437000274658203,-120.26322069051393,-105.32890666116035,0.4361317392616685,-0.4941942602503871,1
14.093801736831665,4.436000347137451,-120.15522313003129,-105.21401979902858,0.4366251591459046,-0.49478559451658805,1
14.103142261505127,4.436000347137451,-120.04722556954864,-105.10033579442997,0.4371193403551528,-0.4953762807974262,1
14.11893916130066,4.436000347137451,-119.939228009066,-104.98665178983136,0.43761283946037344,-0.4959663190929014,1
14.124686002731323,4.436000347137451,-119.83123044858336,-104.87296778523275,0.4381056564615665,-0.49655570940301375,1
14.134334802627563,4.435000419616699,-119.72323288810071,-104.75808036040145,0.43859634003393133,-0.49714445172776317,1
14.143093824386597,4.435000419616699,-119.61523532761807,-104.64439635580284,0.4390877856065478,-0.49773254606714973,1
14.15312385559082,4.435000419616699,-119.50723776713542,-104.53071235120423,0.4395785490751367,-0.49831999242117336,1
14.163747072219849,4.435000419616699,-119.39924020665278,-104.41702834660562,0.440068630439698,-0.49890679078983413,1
14.173166990280151,4.434000015258789,-119.29124264617013,-104.30213978439987,0.4405565770037575,-0.499492941173132,1
14.183632135391235,4.434000015258789,-119.18324508568749,-104.18845577980126,0.44104528693291795,-0.5000784435710669,1
14.193207263946533,4.433000087738037,-119.07524752520484,-104.07356722811693,0.4415318620742655,-0.500663297983639,1
14.204276323318481,4.433000087738037,-118.9672499647222,-103.95988322351832,0.4420192005680882,-0.5012475044108481,1
14.213377714157104,4.433000087738037,-118.85925240423956,-103.84619921891971,0.4425058569578834,-0.5018310628526944,1
14.223919868469238,4.433000087738037,-118.75125484375691,-103.7325152143211,0.44299183124365105,-0.5024139733091777,1
14.233835697174072,4.432000160217285,-118.64325728327427,-103.61762609875112,0.4434756700615596,-0.5029962357802982,1
14.243825674057007,4.432000160217285,-118.53525972279162,-103.5039420941525,0.4439602729086061,-0.5035778502660557,1
14.253841876983643,4.432000160217285,-115.32345126576156,-100.47468085024627,0.43659703026198127,-0.495805029767637,1
14.263331174850464,4.432000160217285,-115.19701134104861,-100.3436729366915,0.4370418828033358,-0.4963444839260277,1
14.273994445800781,4.431000232696533,-115.07057141633565,-100.21145934788366,0.43748449525285366,-0.49688317944487015,1
14.283828973770142,4.431000232696533,-114.9441314916227,-100.0804514343289,0.4379277684651939,-0.4974211163241643,1
14.29382586479187,4.431000232696533,-112.5859039449763,-97.85081835411843,0.43272939539888133,-0.49195950914905373,1
14.303366899490356,4.431000232696533,-112.44623502209213,-97.70737076744292,0.43314350251947537,-0.49246658385172526,1
14.313730716705322,4.430000305175781,-112.30656609920796,-97.56271694083624,0.43355529422919237,-0.49297282054085956,1
14.323450088500977,4.430000305175781,-112.16689717632379,-97.41926935416073,0.4339676727413067,-0.49347821921645646,1
14.33394169807434,4.427000045776367,-112.02722825343962,-97.27219907948744,0.43437482160617563,-0.49398277987851613,1
14.343509674072266,4.427000045776367,-110.34869572569343,-95.52156080358273,0.4304641568892791,-0.4903489154144731,1
14.353793382644653,4.424000263214111,-110.19989993238886,-95.36495389525173,0.4308484183226534,-0.490831559862102,1
14.36344051361084,4.424000263214111,-110.05110413908429,-95.2119741959737,0.43123611452869565,-0.491313311534971,1
14.373931407928467,4.4170002937316895,-109.90230834577972,-95.05051055013104,0.4316126612169852,-0.49179417043308016,1
14.383370399475098,4.4170002937316895,-109.75351255247514,-94.897530850853,0.4319984707629567,-0.49227413655642954,1
14.393202781677246,4.4120001792907715,-109.60471675917057,-94.73847392160437,0.432376033291388,-0.4927532099050191,1
14.404150247573853,4.4120001792907715,-109.455920965866,-94.58549422232633,0.4327599706175883,-0.4932313904788488,1
14.413368940353394,4.403000354766846,-109.30712517256143,-94.42153988058905,0.43312975464678716,-0.4937086782779187,1
14.423981428146362,4.403000354766846,-109.15832937925686,-94.26856018131102,0.4335117903687413,-0.4941850733022287,1
14.434256553649902,4.396000385284424,-109.00953358595228,-94.10701227861702,0.43388257495918026,-0.494660575551779,1
14.443785429000854,4.396000385284424,-108.86073779264771,-93.95403257933899,0.43426272351552264,-0.4951351850265693,1
14.453050374984741,4.383000373840332,-107.17117411827553,-92.54218781199995,0.4312752130516707,-0.49145912860657626,1
14.46331524848938,4.383000373840332,-107.01321189674913,-92.38181391324225,0.43163705525664087,-0.4919116532121251,1
14.473120927810669,4.374000072479248,-106.85524967522272,-92.21031337354188,0.4319845164892417,-0.4923632300443448,1
14.484724998474121,4.374000072479248,-106.69728745369632,-92.04993947478418,0.4323443674475812,-0.4928138591032353,1
14.493673324584961,4.360000133514404,-106.53932523216992,-91.87216334298594,0.4326822690694812,-0.49326354038879655,1
14.50318694114685,4.360000133514404,-105.16823874117455,-90.88951711679019,0.43082249588029475,-0.49044058576968635,1
14.513761281967163,4.350000381469727,-105.0030418785987,-90.71173836964962,0.43115343181394394,-0.49087236778586696,1
14.524420261383057,4.350000381469727,-104.83784501602284,-90.54646073161011,0.43149837741268615,-0.4913031586208721,1
14.533870458602905,4.334000110626221,-104.67264815344699,-90.36105588735253,0.4318180579349012,-0.49173295827470176,1
14.543379783630371,4.334000110626221,-103.66456866203946,-89.50755536200462,0.4303007188749419,-0.48988356020607715,1
14.553497552871704,4.323000431060791,-103.49432503909998,-89.32423043058755,0.430616674339825,-0.49030023380878435,1
14.564236164093018,4.323000431060791,-103.3240814161605,-89.15483205750118,0.43094832528446636,-0.4907158859497539,1
14.573812246322632,4.306000232696533,-102.56281135243967,-88.49364743942296,0.429978879334193,-0.4895289228413501,1
14.583582162857056,4.306000232696533,-102.38901246589997,-88.32142112116372,0.4303021362790089,-0.48993469825229785,1
14.59360933303833,4.294000148773193,-102.21521357936027,-88.13379173769259,0.43060578376926967,-0.4903394308699264,1
14.604954957962036,4.294000148773193,-102.04141469282057,-87.96156541943336,0.43092688157987524,-0.4907431206942357,1
14.613790273666382,4.276000022888184,-101.86761580628087,-87.76606610132076,0.4312188787947481,-0.4911457677252258,1
14.623275756835938,4.276000022888184,-101.18257464438791,-87.31478834885705,0.4307776672514281,-0.4901548086586245,1
14.634041547775269,4.264000415802002,-101.00567173736744,-87.12523963534913,0.4310729602330307,-0.4905485592006241,1
14.644221305847168,4.264000415802002,-100.82876883034696,-86.95131904920808,0.4313859634439567,-0.49094124832518166,1
14.653860092163086,4.24500036239624,-100.65186592332648,-86.75246526385403,0.43166785369311494,-0.49133287603229703,1
14.663465976715088,4.24500036239624,-100.1402102640566,-86.30865597682039,0.4312401890225607,-0.49080753925700404,1
14.673786878585815,4.2330002784729,-99.96125859205311,-86.11721640411537,0.4315271648337394,-0.4911925648021522,1
14.685287475585938,4.2330002784729,-99.78230692004962,-85.94164403612642,0.4318321278563695,-0.4915765166372683,1
14.693978071212769,4.214000225067139,-99.60335524804613,-85.74075658871547,0.43210550745900855,-0.4919593947623524,1
14.703720808029175,4.214000225067139,-98.9867051635016,-85.42336893776584,0.43201831604252783,-0.49113782591095945,1
14.713642835617065,4.201000213623047,-98.80505145557443,-85.2294631327463,0.43229700585530084,-0.4915126717701803,1
14.723876476287842,4.201000213623047,-98.62339774764726,-85.05301529896148,0.43259558654655283,-0.4918864277071535,1
14.733841180801392,4.182000160217285,-98.44174403972009,-84.85084891127298,0.43286209197479425,-0.49225909372187926,1
14.743353605270386,4.182000160217285,-97.97287008416632,-84.51904072749315,0.4327291059016656,-0.4918370166144637,1
14.753708124160767,4.169000148773193,-97.78942731391412,-84.32388784117148,0.43300086576512664,-0.49220362185404454,1
14.764055967330933,4.169000148773193,-97.60598454366192,-84.14647228539883,0.4332928459319118,-0.49256912643700385,1
14.77368688583374,4.150000095367432,-97.42254177340972,-83.94292497785813,0.4335522467127301,-0.49293353036334164,1
14.783223628997803,4.150000095367432,-96.96168017957518,-83.71320908195533,0.43369668293070657,-0.4925263347990403,1
14.793886661529541,4.138000011444092,-96.77649368239187,-83.51883184048847,0.4339645432319893,-0.49288476996451464,1
14.804927110671997,4.138000011444092,-96.59130718520856,-83.34108754887009,0.4342512966073404,-0.493242094011006,1
14.814019441604614,4.118000030517578,-96.40612068802525,-83.13539776982194,0.43450328125910154,-0.49359830693851414,1
14.823719501495361,4.118000030517578,-95.95149200836384,-82.99194678270258,0.43488346379542275,-0.49320126084841287,1
14.833865880966187,4.1060004234313965,-95.7645967086743,-82.79751725190452,0.4351469334619765,-0.49355157406903744,1
14.844411611557007,4.1060004234313965,-95.57770140898477,-82.61999044844681,0.435429621240518,-0.4939007659178639,1
14.853908061981201,4.087000370025635,-95.39080610929523,-82.4154887704906,0.4356787121595934,-0.49424883639489225,1
14.863406419754028,4.087000370025635,-95.05103961145562,-82.23601325923045,0.43595364102025724,-0.49416693302610337,1
14.873096942901611,4.074000358581543,-94.86316635252989,-82.03986663568986,0.43621050427182273,-0.49451066411350764,1
14.885626316070557,4.074000358581543,-94.67529309360415,-81.86232736581063,0.43648863111216246,-0.4948532679613583,1
14.893548727035522,4.055000305175781,-94.48741983467842,-81.65736925163388,0.43673262559066023,-0.49519474456965556,1
14.904197216033936,4.055000305175781,-94.24679396499151,-81.55497982345075,0.43722027839156685,-0.4953864029018825,1
14.913434267044067,4.043000221252441,-94.05858042051402,-81.36046982418333,0.4374750292113911,-0.49572489813103265,1
14.925159931182861,4.043000221252441,-93.87036687603653,-81.18341531524725,0.4377496642925593,-0.49606226407891585,1
14.93372392654419,4.02400016784668,-93.68215333155904,-80.97850132986584,0.4379896385180808,-0.49639850074553216,1
14.9431893825531,4.02400016784668,-93.31420063897774,-80.83648497454651,0.4383611867948273,-0.496224705077401,1
14.953830242156982,4.011000156402588,-93.12481854393677,-80.64043815717338,0.4386097732429226,-0.49655619547461544,1
14.963586330413818,4.011000156402588,-92.9354364488958,-80.46361144421043,0.4388803628560323,-0.4968865495792597,1
14.973805904388428,3.9930002689361572,-92.74605435385483,-80.25995723858365,0.43911753755271166,-0.49721576739133366,1
14.984297275543213,3.9930002689361572,-92.55667225881386,-80.0831305256207,0.43938584428030986,-0.49754384891083736,1
14.993745565414429,3.9800002574920654,-92.36729016377289,-79.88677102748784,0.4396295335087153,-0.4978707941377708,1
15.003820657730103,3.9800002574920654,-92.17790806873192,-79.70994431452489,0.4398956011190469,-0.4981966030721341,1
15.013850688934326,3.9620001316070557,-91.98852597369095,-79.50585152163504,0.4401277248767089,-0.498521275713927,1
15.023231744766235,3.9620001316070557,-91.68528523960676,-79.52572042945786,0.4409519186468473,-0.4985204138351962,1
15.034006118774414,3.950000286102295,-91.49515480572872,-79.33186559673938,0.4411952840411655,-0.4988412282433769,1
15.043875932693481,3.950000286102295,-91.30502437185068,-79.15633167080912,0.4414595813200741,-0.4991609018689544,1
15.05408787727356,3.931000232696533,-91.11489393797264,-78.95155071959573,0.44168755348293554,-0.4994794347119285,1
15.06343674659729,3.931000232696533,-90.91180918638085,-78.91294668622709,0.44234056068791494,-0.49975983680535685,1
15.073216676712036,3.9190001487731934,-90.72159328426369,-78.71969195909001,0.442580973167105,-0.5000759072825218,1
15.083675622940063,3.9190001487731934,-90.53137738214653,-78.54506145061937,0.44284268692564394,-0.5003908364642742,1
15.093680381774902,3.9010002613067627,-90.34116148002937,-78.34227095908119,0.4430693919615526,-0.5007046243506138,1
15.103238582611084,3.9010002613067627,-90.1131634295677,-78.36442980495866,0.4438920381980019,-0.5009091411454984,1
15.113534450531006,3.889000177383423,-89.92269726935,-78.17217816774327,0.4441303693023499,-0.5012201179368534,1
15.124136209487915,3.889000177383423,-89.73223110913229,-77.99885113544289,0.4443903699704021,-0.5015299519312469,1
15.133791208267212,3.871000289916992,-89.54176494891458,-77.79690809317138,0.44461481976823525,-0.5018386431286791,1
15.143365383148193,3.871000289916992,-89.29219848723562,-77.87173233337981,0.4455843872682144,-0.5019766631415029,1
15.153745889663696,3.8590002059936523,-89.10133931332157,-77.68082317563434,0.44582138121797366,-0.5022822401686861,1
15.16343641281128,3.8590002059936523,-88.91048013940753,-77.50914633540488,0.44608042388771074,-0.5025866720408256,1
15.17380690574646,3.8410000801086426,-88.71962096549348,-77.30838590335617,0.4463033616846725,-0.5028899587579216,1
15.183317422866821,3.8410000801086426,-88.55896328167069,-77.32144068669322,0.4470912631288468,-0.5032789279658841,1
15.193855047225952,3.830000162124634,-88.36830572635208,-77.13308358421253,0.44732803310737523,-0.5035803487338598,1
15.203941106796265,3.830000162124634,-88.17764817103347,-76.96263997222327,0.4475852766128215,-0.5038806255565037,1
15.213711500167847,3.830000162124634,-87.98699061571486,-76.79219636023402,0.4478414974565958,-0.5041797584338157,1
15.22316312789917,3.812000274658203,-87.9042999815699,-76.82809634966816,0.4487407071901081,-0.5047888213212806,1
15.23351263999939,3.812000274658203,-87.71436588964549,-76.65923338235127,0.44899802702962194,-0.5050871866063091,1
15.244254112243652,3.8000001907348633,-87.52443179772108,-76.47051062026402,0.4492303827788388,-0.5053844122867862,1
15.25403642654419,3.7830002307891846,-87.33449770579666,-76.27328800659559,0.44945135537047626,-0.5056804983627117,1
15.263401746749878,3.7830002307891846,-87.21486672547393,-76.27919412904471,0.4502099321646304,-0.5061784209563956,1
15.273947715759277,3.7710001468658447,-87.02540539582839,-76.09132688655944,0.45044103943496744,-0.506473219793196,1
15.283820867538452,3.7710001468658447,-86.83594406618285,-75.92363917637232,0.45069535601780114,-0.5067668818620185,1
15.293826818466187,3.7710001468658447,-86.64648273653731,-75.7559514661852,0.45094866647437365,-0.507059407162863,1
15.303371667861938,3.754000186920166,-86.45702140689177,-75.55944568032112,0.45116621620541875,-0.5073507956957297,1
15.314098834991455,3.754000186920166,-86.26756007724623,-75.391757970134,0.4514173415010149,-0.5076410474606186,1
15.323809146881104,3.742000102996826,-86.07809874760069,-75.20356320595809,0.4516427291632396,-0.5079301624575295,1
15.33448338508606,3.742000102996826,-85.88863741795515,-75.03587549577097,0.4518917191639897,-0.5082181406864625,1
15.343840599060059,3.7250001430511475,-85.82635364849575,-75.0474334909219,0.45270768063559486,-0.5088729137832154,1
15.353313684463501,3.7250001430511475,-85.63775054084307,-74.88115300984069,0.45295743097635643,-0.5091604165572774,1
15.363967418670654,3.7140002250671387,-85.44914743319039,-74.69577245144205,0.4531831489409867,-0.5094467877126932,1
15.374232769012451,3.7140002250671387,-85.26054432553771,-74.52949197036084,0.4534307893155114,-0.5097320272494632,1
15.383978605270386,3.696000099182129,-85.1549527250514,-74.47542690099044,0.4540553928795104,-0.5102563809400255,1
15.393619060516357,3.696000099182129,-84.9669101529779,-74.31011693625258,0.4543028816234425,-0.5105405313144551,1
15.403189659118652,3.68500018119812,-84.7788675809044,-74.12539182305827,0.45452596383854765,-0.5108235534334524,1
15.413191556930542,3.68500018119812,-84.5908250088309,-73.96008185832041,0.45477135237201216,-0.5111054472970171,1
15.423585176467896,3.6670000553131104,-84.4479755725377,-73.96141307067764,0.4555524337950232,-0.5115170820857999,1
15.433085918426514,3.6670000553131104,-84.2602384654998,-73.79744596789881,0.45579845794749596,-0.5117973589881475,1
15.44356656074524,3.6560001373291016,-84.07250135846189,-73.61374078469981,0.4560196941723654,-0.5120765094678528,1
15.45403003692627,3.6560001373291016,-83.88476425142399,-73.44977368192099,0.4562636322911223,-0.5123545335249158,1
15.463364362716675,3.639000177383423,-83.81851782352905,-73.50096281141799,0.4571820967939282,-0.5129834906331378,1
15.473950147628784,3.639000177383423,-83.63160288335017,-73.33865983572133,0.4574273651821065,-0.5132609823222232,1
15.484554052352905,3.627000093460083,-83.44468794317129,-73.1544692339894,0.45764526327543215,-0.5135373525216675,1
15.493353366851807,3.627000093460083,-83.25777300299241,-72.99216625829274,0.4578884527021459,-0.5138126012314709,1
15.503909587860107,3.6100001335144043,-83.25844773109056,-72.86990580311847,0.4582997700981653,-0.5146307668720259,1
15.513397693634033,3.6100001335144043,-83.07280401203347,-72.70808606945144,0.45854183493418155,-0.5149064312332297,1
15.52408480644226,3.5990002155303955,-82.88716029297639,-72.52586959329385,0.4587583303803522,-0.515180981732119,1
15.533282279968262,3.5990002155303955,-82.7015165739193,-72.36404985962682,0.4589983309991095,-0.515454418368694,1
15.543983697891235,3.582000255584717,-82.54769511940957,-72.30251601872044,0.4595823718603241,-0.515819109129608,1
15.553650617599487,3.582000255584717,-82.36226736169492,-72.14159255055017,0.4598221132538231,-0.5160907694245206,1
15.563289880752563,3.570000171661377,-82.17683960398027,-71.95804491914207,0.4600336043656482,-0.5163613171528869,1
15.573923826217651,3.570000171661377,-81.99141184626562,-71.7971214509718,0.4602712789325497,-0.516630752314707,1
15.583558082580566,3.5530002117156982,-81.91261774547453,-71.78902721309706,0.4610069040271817,-0.5172088616759964,1
15.593072652816772,3.5530002117156982,-81.72791473406295,-71.62936216099399,0.4612450821376239,-0.5174775855507069,1
15.60376524925232,3.5420000553131104,-81.54321172265136,-71.44860771764606,0.4614568684519123,-0.5177452012073489,1
15.613739252090454,3.5420000553131104,-81.35850871123978,-71.288942665543,0.4616930040453819,-0.5180117086459224,1
15.623396873474121,3.5250000953674316,-81.24115062495959,-71.22302557467115,0.46225669176729894,-0.5184729243659436,1
15.634058237075806,3.5250000953674316,-81.05690600762723,-71.06422232287817,0.4624925131990847,-0.5187381722611906,1
15.643572330474854,3.513000249862671,-80.87266139029488,-70.8820210208638,0.4626991637627926,-0.5190023146887335,1
15.654056310653687,3.513000249862671,-80.68841677296253,-70.72321776907081,0.4629329391672554,-0.5192653516485725,1
15.66377305984497,3.496000051498413,-80.53668849024159,-70.7100045922421,0.46364642428197766,-0.5196219093271562,1
15.673211097717285,3.496000051498413,-80.35266551885687,-70.55242166404656,0.46388063929812734,-0.5198831977546077,1
15.683848142623901,3.4850001335144043,-80.16864254747215,-70.37302176697244,0.46408759755224027,-0.5201433820442308,1
15.693682670593262,3.4850001335144043,-79.98461957608743,-70.2154388387769,0.46431979067143825,-0.5204024621960257,1
15.703070878982544,3.4680001735687256,-79.90602979285514,-70.14513591262603,0.46486326087697555,-0.5209675071306599,1
15.71364712715149,3.4680001735687256,-79.72272648745344,-69.98838083603626,0.465095085070084,-0.5212258795231025,1
15.723045587539673,3.457000255584717,-79.53942318205175,-69.80943727581612,0.46529920942147474,-0.5214831520957128,1
15.733878374099731,3.457000255584717,-79.35611987665006,-69.65268219922635,0.46552901942276237,-0.5217393248484907,1
15.743371725082397,3.440000057220459,-79.23939301835534,-69.53109378667894,0.4659194805296863,-0.5221884448181526,1
15.753894329071045,3.440000057220459,-79.05654473631967,-69.37481543264622,0.4661481953974429,-0.5224433661481277,1
15.763517141342163,3.42900013923645,-78.87369645428399,-69.19596750587932,0.4663487536903579,-0.5226971903884106,1
15.773170709609985,3.42900013923645,-78.69084817224831,-69.0396891518466,0.4665754578004297,-0.5229499175390013,1
15.784307718276978,3.4120001792907715,-78.64288560751667,-68.76893843017638,0.4665275270643802,-0.5235949676288982,1
15.793838024139404,3.4120001792907715,-78.46096031689672,-68.61211750214113,0.4667510146557508,-0.5238474230420557,1
15.803227186203003,3.4000000953674316,-78.27903502627676,-68.43024059488062,0.4669433438106074,-0.5240987869034694,1
15.81395936012268,3.4000000953674316,-78.0971097356568,-68.27341966684538,0.46716479921496623,-0.5243490592131393,1
15.823580741882324,3.383000135421753,-78.00793564707509,-68.17698313568589,0.4676228848590489,-0.5248689402128414,1
15.833086013793945,3.383000135421753,-77.82664572562359,-68.02082119798129,0.46784361546099124,-0.5251183521814533,1
15.84397840499878,3.372000217437744,-77.6453558041721,-67.8412829351963,0.4680352172432604,-0.5253666764105365,1
15.85347294807434,3.372000217437744,-77.4640658827206,-67.68512099749171,0.46825393364399986,-0.5256139129000911,1
15.863114833831787,3.3550002574920654,-77.33769392388533,-67.54022229436094,0.46856707881768606,-0.5260204363293173,1
15.87364387512207,3.3550002574920654,-77.15678057689898,-67.38438748579105,0.4687843833723169,-0.5262662809963952,1
15.883596897125244,3.3440001010894775,-76.97586722991264,-67.20476360139703,0.4689720632926525,-0.526511040183391,1
15.893818378448486,3.3440001010894775,-76.7949538829263,-67.04892879282716,0.4691873550951256,-0.5267547138903049,1
15.903606414794922,3.327000141143799,-76.73726646425796,-66.86025075746885,0.4693693883932172,-0.5273573409734519,1
15.913182735443115,3.327000141143799,-76.55719883081866,-66.70444509064288,0.46958264826356994,-0.5276006030063096,1
15.923665046691895,3.315000057220459,-76.37713119737937,-66.52221779969297,0.4697631088212282,-0.5278427846333668,1
15.933480978012085,3.315000057220459,-76.19706356394008,-66.366412132867,0.46997434049383424,-0.5280838858546232,1
15.94378137588501,3.2980000972747803,-75.99687958046745,-66.13817692927387,0.470037783232296,-0.528265104084256,1
15.953405618667603,3.2980000972747803,-75.81667377795742,-65.98213324613269,0.4702464236120034,-0.5285037571639117,1
15.963799476623535,3.2870001792907715,-75.63646797544739,-65.80142739401778,0.4704243851538296,-0.5287413290087524,1
15.974051713943481,3.2870001792907715,-75.45626217293736,-65.6453837108766,0.47063100503632543,-0.528977819618778,1
15.983652830123901,3.2700002193450928,-75.22954845049874,-65.38147859625656,0.4705873510650887,-0.5290772258079698,1
15.993300199508667,3.2700002193450928,-75.04902298945038,-65.22495788629428,0.4707908759604517,-0.5293108893926485,1
16.003779649734497,3.258000135421753,-74.86849752840202,-65.04103625839166,0.4709604162245189,-0.5295434698245608,1
16.013654947280884,3.258000135421753,-74.68797206735366,-64.88451554842939,0.47116189846585477,-0.5297749671037069,1
16.023134231567383,3.241000175476074,-74.43740472717946,-64.58844113868827,0.47102157052379,-0.5298004863863792,1
16.03381085395813,3.241000175476074,-74.25639756878117,-64.43123015153718,0.4712195047201179,-0.530028816181714,1
16.04376482963562,3.2300002574920654,-74.07539041038288,-64.2484343663576,0.4713856403841006,-0.5302560599340984,1
16.053629875183105,3.2300002574920654,-73.89438325198459,-64.09122337920651,0.47158153453979446,-0.5304822176435323,1
16.06312322616577,3.2130000591278076,-73.62241138743155,-63.766228369689095,0.4713541597448049,-0.5304411097020068,1
16.073825120925903,3.2130000591278076,-73.44077832434371,-63.60813746992286,0.4715460994899049,-0.5306637946962474,1
16.08380436897278,3.202000141143799,-73.25914526125587,-63.423989469819766,0.4717056658266001,-0.5308853898921095,1
16.093368768692017,3.202000141143799,-73.07751219816802,-63.26589857005353,0.47189555213830103,-0.5311058952895932,1
16.10377287864685,3.184000253677368,-72.88800224496043,-62.91253291156936,0.4715870195327612,-0.5313022559301404,1
16.11317753791809,3.184000253677368,-72.7063149601563,-62.753394135751805,0.4717725733665947,-0.5315204690781364,1
16.12352466583252,3.1730000972747803,-72.52462767535218,-62.56769459538765,0.47192514008573005,-0.5317375921024236,1
16.133219480514526,3.1730000972747803,-72.34294039054805,-62.4085558195701,0.4721086248896664,-0.5319536250030018,1
16.143842697143555,3.1560001373291016,-72.02487714335732,-62.034309468733795,0.4717327503732121,-0.5317693261949491,1
16.153201580047607,3.1560001373291016,-71.84225076985605,-61.87397475390719,0.4719115925639436,-0.5319812280513666,1
16.16393804550171,3.1450002193450928,-71.65962439635479,-61.68658015501708,0.47205683852620556,-0.5321920341495433,1
16.173660278320312,3.1450002193450928,-71.47699802285352,-61.52624544019048,0.4722335943410548,-0.5324017444894789,1
16.184087991714478,3.128000259399414,-71.14446949547889,-61.13122548377065,0.4717949263818143,-0.5321714480160743,1
16.19359803199768,3.128000259399414,-70.96081060574751,-60.969565043486284,0.471966751243734,-0.5323768222120311,1
16.20330786705017,3.117000102996826,-70.77715171601614,-60.780330190793336,0.4721043514016472,-0.5325810944546495,1
16.21419048309326,3.117000102996826,-70.59349282628476,-60.61866975050897,0.472274070891809,-0.5327842647439296,1
16.223209142684937,3.1000001430511475,-70.34962900399597,-60.20515693568897,0.47177940382673816,-0.5328100318383602,1
16.234373092651367,3.1000001430511475,-70.16555533789321,-60.042057764889,0.4719439371683675,-0.5330101367710643,1
16.243367671966553,3.0880000591278076,-69.98148167179045,-59.848290376813566,0.4720705060449379,-0.5332091372617718,1
16.254054307937622,3.0880000591278076,-69.79740800568769,-59.6851912060136,0.47223289818721403,-0.5334070333104824,1
16.2638156414032,3.072000026702881,-69.43107644154225,-59.15644318865894,0.4713945807447891,-0.5330700602315394,1
16.273348093032837,3.072000026702881,-69.245746928797,-58.991108983936044,0.47155012635302523,-0.5332631392978179,1
16.283768892288208,3.06000018119812,-69.06041741605176,-58.794513342330234,0.47166697866315227,-0.5334551063870199,1
16.293399572372437,3.06000018119812,-68.87508790330652,-58.62917913760734,0.47182035269231043,-0.5336459614991454,1
16.303585290908813,3.0430002212524414,-68.60105448137244,-58.09318209837144,0.47096420116993964,-0.5335759080199747,1
16.313191890716553,3.0430002212524414,-68.41511368982826,-57.92560183697704,0.47111065846728817,-0.5337632697522606,1
16.32352304458618,3.0320000648498535,-68.22917289828408,-57.728794025065554,0.47122086185714485,-0.5339495158397973,1
16.333918809890747,3.0320000648498535,-68.0432321067399,-57.56121376367115,0.47136513282605363,-0.5341346462825848,1
16.343786239624023,3.015000104904175,-67.7515738830701,-56.92024169711473,0.4702004604997926,-0.5340090239020303,1
16.35359525680542,3.015000104904175,-67.5649045237041,-56.74971332653402,0.47033632473505493,-0.5341904100979333,1
16.363635540008545,3.004000186920166,-67.37823516433811,-56.54938083077861,0.4704352220251331,-0.5343706762776801,1
16.373443603515625,3.004000186920166,-67.19156580497211,-56.3788524601979,0.4705688610951974,-0.5345498224412708,1
16.38369917869568,2.9870002269744873,-67.00489644560612,-56.16180672364644,0.4706453770516776,-0.5347278485887053,1
16.393247842788696,2.9870002269744873,-66.61037559270436,-55.68607779099112,0.46988299835978425,-0.534296121231065,1
16.403900384902954,2.9760000705718994,-66.42227437498751,-55.483047676947024,0.469972260508993,-0.5344689334160547,1
16.413531064987183,2.9760000705718994,-66.23417315727066,-55.3104168246085,0.47009696598713446,-0.5346406169937381,1
16.42396903038025,2.9590001106262207,-65.82054607560325,-54.67415335224778,0.4689448556573584,-0.5341508471999793,1
16.434388399124146,2.9590001106262207,-65.63089149559755,-54.49865594357703,0.46906125070261495,-0.534317047052946,1
16.443858861923218,2.948000192642212,-65.44123691559186,-54.292147489077465,0.46913919344214994,-0.5344821089784326,1
16.453685760498047,2.948000192642212,-65.25158233558616,-54.116650080406714,0.46925329645222746,-0.5346460329764394,1
16.463776350021362,2.931000232696533,-64.83457850332321,-53.387107993342056,0.4678274091186372,-0.5341431144753148,1
16.47316861152649,2.931000232696533,-64.64335783782381,-53.208127546763016,0.4679318813480229,-0.5343015098237425,1
16.483814477920532,2.9200000762939453,-64.45213717232441,-52.99750422890263,0.46799711839196384,-0.5344587578481771,1
16.493337869644165,2.9200000762939453,-64.26091650682501,-52.81852378232359,0.468099252998763,-0.5346148585486189,1
16.50394082069397,2.9030001163482666,-63.84134653538078,-52.106405910110944,0.4667242565990577,-0.5341011583071049,1
16.513342142105103,2.9030001163482666,-63.6485528124614,-51.92409308997786,0.46681702577343787,-0.5342516971564765,1
16.52405023574829,2.892000198364258,-63.45575908954203,-51.70948747932989,0.46686975596553626,-0.5344010792435104,1
16.534240245819092,2.892000198364258,-63.26296536662265,-51.5271746591968,0.4669601436293318,-0.5345493045682069,1
16.543627738952637,2.875000238418579,-62.74054538099133,-50.730757530145716,0.4653380424390024,-0.5337311547886473,1
16.55343723297119,2.875000238418579,-62.5454809017956,-50.54456156929004,0.4654178746553913,-0.5338723502990232,1
16.564127922058105,2.864000082015991,-62.35041642259987,-50.32540122414248,0.46545683464855914,-0.5340123754225239,1
16.574405908584595,2.864000082015991,-62.15535194340414,-50.139205263286804,0.4655342347271121,-0.5341512301591494,1
16.58407211303711,2.8470001220703125,-61.96028746420841,-49.90153432174527,0.4655484388031927,-0.5342889145088999,1
16.59351682662964,2.8470001220703125,-61.45913965886687,-49.18914291005021,0.4640829019892856,-0.5335293948329872,1
16.6038019657135,2.8360002040863037,-61.261967591081316,-48.96566806672884,0.46410852618570037,-0.533660360157191,1
16.613425254821777,2.8360002040863037,-61.064795523295764,-48.775848897963826,0.46417339827657017,-0.533790142448988,1
16.623772859573364,2.819000244140625,-60.558969768069986,-47.82879738188254,0.4621111138350255,-0.533015287606199,1
16.633285522460938,2.819000244140625,-60.35967282926392,-47.634127031491374,0.4621633141767451,-0.5331382893166072,1
16.644152641296387,2.808000087738037,-60.16037589045786,-47.405086235032286,0.46217289573840437,-0.5332600952453828,1
16.654388189315796,2.808000087738037,-59.96107895165179,-47.21041588464112,0.4622225538132428,-0.5333807053925255,1
16.66306209564209,2.7910001277923584,-59.76178201284573,-46.962063160104265,0.4622063029227592,-0.5335001197580351,1
16.67344570159912,2.7910001277923584,-59.17455444119972,-46.11524565295634,0.46034481475080324,-0.5324830715666652,1
16.683538675308228,2.7800002098083496,-58.97258781266549,-45.88098061411752,0.4603389825878813,-0.5325945471393001,1
16.694228887557983,2.7800002098083496,-58.77062118413126,-45.68182226917717,0.46037408350756803,-0.5327048109121638,1
16.70357084274292,2.763000249862671,-58.56865455559703,-45.42782422768073,0.46034185280313844,-0.5328138628852562,1
16.71410036087036,2.763000249862671,-57.896899957106,-44.52124581178702,0.45830463757093665,-0.5315473119244938,1
16.723546981811523,2.751000165939331,-57.69170202120251,-44.278077662428274,0.45827850425768074,-0.5316472246135369,1
16.734995365142822,2.751000165939331,-57.48650408529902,-44.07405352305592,0.45829811961157224,-0.5317459061149644,1
16.74380660057068,2.7350001335144043,-57.281306149395526,-43.81727010529222,0.4582528831308876,-0.5318433564287767,1
16.753666162490845,2.7350001335144043,-56.63695692034544,-42.85820193420471,0.4560613645769337,-0.5306551363847969,1
16.763718843460083,2.7230000495910645,-56.42873969359938,-42.608984707347204,0.45601795781294885,-0.5307438481508633,1
16.775117874145508,2.7230000495910645,-56.220522466853325,-42.39976942413384,0.45602129808963765,-0.5308313106135691,1
16.78397512435913,2.7070000171661377,-56.01230524010727,-42.13663214228028,0.4559583531442671,-0.5309175237729145,1
16.79369807243347,2.7070000171661377,-55.39340728467235,-41.131681640801645,0.4536319441521525,-0.5298015615056544,1
16.8036048412323,2.695000171661377,-55.18236747726851,-40.87610974483232,0.45357051453545827,-0.5298794079416335,1
16.814074516296387,2.695000171661377,-54.971327669864664,-40.66142542769821,0.4535568619074636,-0.5299559881387681,1
16.823797464370728,2.67900013923645,-54.76028786246082,-40.39161753767773,0.45347544214466506,-0.5300313020970583,1
16.83316421508789,2.67900013923645,-54.062903302778786,-39.34680095058234,0.45103177176042664,-0.5286833925634843,1
16.843899250030518,2.6670000553131104,-53.84852179344785,-39.08460811396294,0.4509516480051672,-0.528749225883048,1
16.854699850082397,2.6670000553131104,-53.63414028411692,-38.86421991168713,0.4509203674819063,-0.5288137729135555,1
16.863755702972412,2.6510000228881836,-53.41975877478598,-38.587465936250155,0.45081978750699936,-0.528877033655007,1
16.8732168674469,2.6510000228881836,-52.652533431135915,-37.50826900314739,0.4482748893408486,-0.5273228287254759,1
16.8837571144104,2.639000177383423,-52.43435412293403,-37.23922998097035,0.4481754778941219,-0.5273756196803712,1
16.89396047592163,2.639000177383423,-52.21617481473215,-37.01294213285276,0.4481260101291779,-0.5274271015594174,1
16.903931140899658,2.622000217437744,-51.997995506530266,-36.72537609399091,0.4480012831391077,-0.5274772743626143,1
16.91331458091736,2.622000217437744,-51.16882362973543,-35.61680536817319,0.4453697318428833,-0.5257401461779708,1
16.92377734184265,2.6110000610351562,-50.94644778203647,-35.344353425681426,0.44525485563244727,-0.5257789738474242,1
16.933990716934204,2.6110000610351562,-50.724071934337516,-35.112005708534014,0.4451867104061216,-0.5258164672617915,1
16.943981409072876,2.5940001010894775,-50.50169608663856,-34.816966779549375,0.44504156549201734,-0.5258526264210727,1
16.95334267616272,2.5940001010894775,-49.71954150968317,-33.68359352814974,0.44233667600467474,-0.5242512912201379,1
16.963877201080322,2.5830001831054688,-49.493321394153625,-33.40402458312609,0.4422016174181451,-0.5242767870098674,1
16.974658489227295,2.5830001831054688,-49.26710127862408,-33.16548909339135,0.4421143677650238,-0.5243009254789036,1
16.98408603668213,2.56600022315979,-49.04088116309454,-32.862799939143216,0.4419483175795609,-0.5243237066272468,1
16.993732452392578,2.56600022315979,-48.20064249786877,-31.70879812061267,0.43918219649743956,-0.52255054471629,1
17.00374126434326,2.555000066757202,-47.970206064868535,-31.42197914302998,0.4390265455991985,-0.522561842233079,1
17.013663291931152,2.555000066757202,-47.7397696318683,-31.17715736654081,0.43891982241161076,-0.5225717571312699,1
17.023953437805176,2.5380001068115234,-47.50933319886806,-30.866667682320283,0.4387324347966401,-0.5225802894108629,1
17.033493995666504,2.5380001068115234,-46.617837056441864,-29.695847159968018,0.43591610228920347,-0.5206554591491717,1
17.04403805732727,2.5260000228881836,-46.382861655789156,-29.397744877315745,0.4357347660192846,-0.5206517858383232,1
17.053651571273804,2.5260000228881836,-46.14788625513645,-29.14656500897228,0.4356082295673263,-0.5206467026750707,1
17.063177347183228,2.509000062942505,-45.91291085448374,-28.828091688807362,0.43539903013326126,-0.5206402096594145,1
17.07354998588562,2.509000062942505,-44.976413598033886,-27.643927580293756,0.43254248464072836,-0.5185821507638888,1
17.083035469055176,2.498000144958496,-44.73662171470368,-27.342277997781032,0.4323445588096998,-0.5185628202341808,1
17.093811511993408,2.498000144958496,-44.496829831373475,-27.08469248092637,0.43219796434435975,-0.5185420509531726,1
17.103394031524658,2.4810001850128174,-44.25703794804327,-26.758186075166165,0.4319667057738985,-0.5185198429208648,1
17.11389422416687,2.4810001850128174,-43.28127384816276,-25.462429978047062,0.4287827034051838,-0.516345423791075,1
17.12342596054077,2.4810001850128174,-43.03642920542047,-25.197716982664247,0.4286162341126204,-0.5163098287950166,1
17.134164094924927,2.4700000286102295,-42.791584562678175,-24.887866811640812,0.42839374110826217,-0.516272764731102,1
17.143885374069214,2.452000141143799,-42.54673991993588,-24.54835997376218,0.4281336230626504,-0.5162342315993308,1
17.15333390235901,2.452000141143799,-41.536963814691305,-23.2551589822656,0.4249561312713035,-0.513958879403517,1
17.16361927986145,2.44100022315979,-41.286867801339376,-22.937096861641635,0.4247120793077246,-0.5139064853943027,1
17.173297882080078,2.44100022315979,-41.03677178798745,-22.66532314003704,0.4245219427806393,-0.5138525908090084,1
17.183466911315918,2.44100022315979,-40.78667577463552,-22.393549418432443,0.4243301756112244,-0.5137971956476339,1
17.19394826889038,2.4240000247955322,-39.7477011598582,-21.032344989666576,0.4210775008656996,-0.5114350121642179,1
17.203726768493652,2.4240000247955322,-39.492189545895705,-20.753589574058203,0.42086751590441385,-0.5113653513647383,1
17.21415138244629,2.4120001792907715,-39.23667793193321,-20.423055178870708,0.42059341296126207,-0.511294157495575,1
17.22341561317444,2.4120001792907715,-38.98116631797071,-20.144299763262335,0.42037977226111156,-0.5112214305567278,1
17.233858108520508,2.3950002193450928,-37.917399603501906,-18.78730593989026,0.41714116565328035,-0.5087852961367799,1
17.243367910385132,2.3950002193450928,-37.65633951449858,-18.50165877286019,0.4169093990054814,-0.508697962067063,1
17.254483461380005,2.383000135421753,-37.39527942549526,-18.16287547777263,0.41661183630424303,-0.508609061636812,1
17.263383388519287,2.383000135421753,-37.13421933649194,-17.877228310742563,0.41637632307367134,-0.5085185948460269,1
17.273945093154907,2.366000175476074,-36.04969085535952,-16.525868267184144,0.413155803944408,-0.5060202623713033,1
17.28368878364563,2.366000175476074,-35.78297798058621,-16.233428931007687,0.4129022773145822,-0.5059149047894588,1
17.293720483779907,2.3540000915527344,-35.5162651058129,-15.886443359715225,0.41258121328918956,-0.5058079469303657,1
17.30401110649109,2.3370001316070557,-35.24955223103959,-15.515701549846808,0.4122294173266466,-0.5056993887940239,1
17.31341242790222,2.3370001316070557,-34.14794447176652,-14.148329744869786,0.4088287503241579,-0.5031495691217907,1
17.32379674911499,2.325000047683716,-33.87550048488147,-13.792498337801856,0.4084845076257032,-0.5030258893404379,1
17.33341670036316,2.325000047683716,-33.60305649799642,-13.49268015836546,0.4082056818913297,-0.5029005748951637,1
17.343871116638184,2.325000047683716,-33.33061251111137,-13.192861978929063,0.40792505724787964,-0.5027736257859684,1
17.353315353393555,2.308000087738037,-32.215285951558236,-11.76496129369342,0.4044842908163843,-0.5001820658720931,1
17.363909244537354,2.308000087738037,-31.937056125640698,-11.457951612749126,0.40418462690892765,-0.5000398124177459,1
17.37393879890442,2.2960000038146973,-31.65882629972316,-11.093401724762119,0.4038137274536918,-0.4998958895844432,1
17.38413977622986,2.2960000038146973,-31.38059647380562,-10.786392043817825,0.40351003418882153,-0.49975029737218496,1
17.39378833770752,2.2790000438690186,-30.15345664158398,-9.275327509962464,0.3998279796617944,-0.4968302664158454,1
17.40320611000061,2.2790000438690186,-29.86871328007635,-8.960620112812327,0.39950409450589114,-0.4966677866617167,1
17.41393518447876,2.267000198364258,-29.58396991856872,-8.586783408089879,0.3991070111606727,-0.4965035984474189,1
17.424213886260986,2.267000198364258,-29.29922655706109,-8.272076010939742,0.3987789947401582,-0.4963377017729521,1
17.43386697769165,2.25,-27.97284459653198,-6.788904451603031,0.39518054901925764,-0.49312639959501536,1
17.443674564361572,2.25,-27.680951311452827,-6.466759561347271,0.3948327757083189,-0.492942213360789,1
17.45319175720215,2.2380001544952393,-27.38905802637367,-6.0838282640574395,0.3944097611211554,-0.49275627576685227,1
17.463228464126587,2.2380001544952393,-27.097164741294517,-5.761683373801679,0.3940577573530913,-0.49256858681320503,1
17.473805904388428,2.2210001945495605,-25.68311381941005,-4.204609984475292,0.39024521433158144,-0.48910020393850584,1
17.483237981796265,2.2210001945495605,-25.383518052525478,-3.8745879637626306,0.3898724354345088,-0.4888929901265594,1
17.494280099868774,2.2090001106262207,-25.083922285640906,-3.482050552377796,0.38942228284416125,-0.4886839787400118,1
17.503080368041992,2.2090001106262207,-24.784326518756334,-3.1520285316651346,0.38904516859049604,-0.4884731697788628,1
17.513349533081055,2.192000150680542,-23.394360292080517,-1.5301220452738793,0.38504536912641085,-0.48507453606380646,1
17.52429223060608,2.192000150680542,-23.087280363576756,-1.1918492549104691,0.3846465928735042,-0.4848445638317834,1
17.534322261810303,2.180000066757202,-22.780200435072995,-0.7892585662631717,0.384168219598525,-0.48461274912018937,1
17.54386305809021,2.180000066757202,-22.473120506569234,-0.4509857758997615,0.3837649981647443,-0.4843790919290243,1
17.553427934646606,2.1630001068115234,-21.10726294841316,1.1263467224161587,0.37989790714826926,-0.48104991181175316,1
17.56423568725586,2.1630001068115234,-20.792915841408703,1.472489648532214,0.3794737006990388,-0.48079745277839625,1
17.573902130126953,2.1520001888275146,-20.478568734404245,1.879284107340128,0.37897427164382524,-0.48054310766239733,1
17.584495782852173,2.1520001888275146,-20.164221627399787,2.2254270334561834,0.3785455475702853,-0.48028687646375634,1
17.594173908233643,2.134000062942505,-18.721347715885525,3.8669665952107053,0.3745025274571421,-0.4767313132170985,1
17.605111360549927,2.134000062942505,-18.39925483832452,4.221309404684627,0.3740519882293454,-0.4764551972930552,1
17.614047288894653,2.123000144958496,-18.077161960763515,4.638103967249661,0.37352400613046377,-0.47617714881174655,1
17.623332500457764,2.123000144958496,-17.75506908320251,4.9924467767235825,0.3730688400784347,-0.47589716777317254,1
17.634390354156494,2.1060001850128174,-16.244831048210884,6.679316575218198,0.3688860718419495,-0.4721436497248156,1
17.643015146255493,2.1060001850128174,-15.914583365079254,7.042133179007482,0.3684084391183284,-0.4718428400052482,1
17.65357995033264,2.0940001010894775,-15.584335681947625,7.475096539279358,0.36784403250676645,-0.4715400487995819,1
17.663471221923828,2.0940001010894775,-15.254087998815995,7.837913143068641,0.36736162510336084,-0.4712352761078168,1
17.674017906188965,2.077000141143799,-13.685353429741776,9.467667387583276,0.36334834788252296,-0.467309869323044,1
17.683605432510376,2.077000141143799,-13.346605596920298,9.838487055864938,0.3628443333582497,-0.46698345155723975,1
17.693220376968384,2.065999984741211,-13.007857764098821,10.275540040833231,0.36225821653604284,-0.4666550013044385,1
17.703969478607178,2.065999984741211,-12.669109931277344,10.646359709114893,0.3617493547758501,-0.46632451856464047,1
17.7136447429657,2.0490000247955322,-11.05001692463748,12.424344192562259,0.3573050482907699,-0.4622510944459224,1
17.723194360733032,2.0490000247955322,-10.70248184136681,12.804108577003074,0.35677250637797886,-0.4618982672370458,1
17.734394073486328,2.0380001068115234,-10.354946758096139,13.252088694677767,0.35615541770460124,-0.4615433548176695,1
17.743367195129395,2.0380001068115234,-10.007411674825468,13.631853079118581,0.35561790932479753,-0.46118635718779366,1
17.75410485267639,2.0210001468658447,-8.446474605045422,15.339642364103206,0.3513815578689814,-0.45728200525016316,1
17.763548135757446,2.0210001468658447,-8.090611896568653,15.727786614382621,0.35082141804895983,-0.4569035136713704,1
17.77491283416748,2.009999990463257,-7.734749188091884,16.1862224611609,0.350174177698059,-0.4565228869163268,1
17.783243894577026,2.009999990463257,-7.378886479615115,16.574366711440312,0.3496089583974551,-0.4561401249850323,1
17.793173789978027,1.9930001497268677,-5.671098028101528,18.317476284714225,0.3452718044985653,-0.4518052772502412,1
17.803910493850708,1.9930001497268677,-5.305957206900185,18.71416260520665,0.3446834959383432,-0.45139894400804104,1
17.813307762145996,1.9820001125335693,-4.9408163856988425,19.183310194539118,0.344005418969977,-0.45099041992091354,1
17.82395577430725,1.9820001125335693,-4.5756755644975,19.579996515031542,0.3434119154062959,-0.4505797049888589,1
17.8334379196167,1.9650001525878906,-2.8387857699231547,21.453966323409688,0.3386949890076494,-0.4461589837899749,1
17.84400701522827,1.9650001525878906,-2.464231004081754,21.860010399224723,0.338076576054276,-0.4457243034569897,1
17.85349988937378,1.9540001153945923,-2.089676238240353,22.340788285256217,0.3373655978613267,-0.44528737579540945,1
17.863375663757324,1.9540001153945923,-1.7151214723989523,22.746832361071256,0.33674186397618217,-0.4448482008052342,1
17.873595237731934,1.937000036239624,0.0452172453560753,24.63588567066794,0.3319841447194116,-0.4403580115550897,1
17.883135080337524,1.937000036239624,0.4292820571389415,25.051301906367897,0.33133533742513344,-0.4398945580886074,1
17.89357328414917,1.9260001182556152,0.8133468689218077,25.543832272003012,0.33059103799273926,-0.43942880023325437,1
17.903372526168823,1.9260001182556152,1.197411680704674,25.95924850770297,0.3299367830188531,-0.4389607379890306,1
17.91390347480774,1.909000039100647,2.9760489649064774,27.758539725900746,0.3254446356407328,-0.4344159823574434,1
17.923576593399048,1.909000039100647,3.369683915076366,28.182621748312414,0.3247666414833489,-0.43392340231374915,1
17.93381643295288,1.8980001211166382,3.7633188652462546,28.686314665713184,0.3239900920944737,-0.4334284604603538,1
17.9437472820282,1.8980001211166382,4.156953815416143,29.11039668812485,0.32330653128745096,-0.43293115679725747,1
17.953850269317627,1.88100004196167,5.949205186756003,30.92727273184022,0.3187657989857041,-0.42834534252902023,1
17.963488578796387,1.88100004196167,6.352437806491927,31.36005442390347,0.3180583006286848,-0.42782334875849826,1
17.97372841835022,1.8700001239776611,6.755670426227851,31.875067027616254,0.31724903510206376,-0.42729893559225773,1
17.983458995819092,1.8700001239776611,7.158903045963775,32.30784871967951,0.31653584997926976,-0.42677210303029883,1
17.99359655380249,1.8540000915527344,9.06154713761275,34.23188978364737,0.3116717794520849,-0.42186228170559176,1
18.00319194793701,1.8540000915527344,9.475068873876285,34.674070795357515,0.3109331178132605,-0.4213092052088323,1
18.013771772384644,1.843000054359436,9.88859061013982,35.20113452456738,0.3100894345310613,-0.4207536475816553,1
18.023932218551636,1.843000054359436,10.302112346403355,35.64331553627753,0.3093449574237914,-0.4201956088240606,1
18.033980131149292,1.8260000944137573,12.200539814671997,37.47452381045032,0.3047686246785169,-0.41529695610621215,1
18.043405055999756,1.8260000944137573,12.624250897003682,37.92532096485409,0.3040001161674432,-0.4147127573020322,1
18.053813695907593,1.815000057220459,13.047961979335367,38.46388765468694,0.30312305281371565,-0.41412601623135803,1
18.063854217529297,1.815000057220459,13.471673061667053,38.9146848090907,0.3023486081195766,-0.41353673289419,1
18.073553562164307,1.7980000972747803,15.363126348942302,40.95603592174763,0.29716140312178135,-0.40865697373047166,1
18.083157777786255,1.7980000972747803,15.796908777117567,41.41680046593969,0.2963599848659553,-0.40804165336399856,1
18.093657970428467,1.787000060081482,16.230691205292832,41.96837117672994,0.2954462897859466,-0.40742373030295653,1
18.103743076324463,1.787000060081482,16.664473633468095,42.429135720922005,0.29463879751859057,-0.4068032045473454,1
18.11372685432434,1.7700001001358032,18.546490848171935,44.355354451897064,0.2897922672552351,-0.40194918704171007,1
18.123291492462158,1.7700001001358032,18.990210547958807,44.82519473872703,0.28895950774260676,-0.40130278213867804,1
18.133697271347046,1.7590000629425049,19.43393024774568,45.389038185014186,0.2880105613779521,-0.4006537149174473,1
18.143980026245117,1.7590000629425049,19.87764994753255,45.85887847184414,0.28717159976292506,-0.4000019853780178,1
18.153928518295288,1.7430000305175781,21.748042066494698,47.871964402016815,0.2820599677478905,-0.39517974969381914,1
18.163564920425415,1.7430000305175781,22.20155087383775,48.35143947729644,0.28119448902069116,-0.3945023298197644,1
18.173278093338013,1.7310000658035278,22.655059681180802,48.93707079153032,0.28019810901886133,-0.3938221888928656,1
18.184699535369873,1.7310000658035278,23.108568488523854,49.41654586680994,0.2793262396533249,-0.3931393269131229,1
18.1933331489563,1.715000033378601,25.06641869092985,51.412706461614974,0.2742679071970757,-0.38805905418434516,1
18.204078197479248,1.715000033378601,25.530249314167882,51.90159939090945,0.2733698260855769,-0.3873492759405745,1
18.213910579681396,1.7040001153945923,25.994079937405914,52.491286254348886,0.2723472541319235,-0.38663671471306443,1
18.22344970703125,1.7040001153945923,26.457910560643946,52.980179183643365,0.2714427015416682,-0.38592137050181496,1
18.23409914970398,1.687000036239624,28.289750051711266,54.96807640760159,0.26849184139812726,-0.38285626609116685,1
18.243739128112793,1.687000036239624,28.76296687321062,55.46616592368195,0.2675678121289472,-0.38212197990565866,1
18.253790140151978,1.6760001182556152,29.236183694709972,56.0687933575188,0.26827427934172265,-0.3827908971722675,1
18.263388633728027,1.6760001182556152,29.709400516209325,56.566882873599155,0.2673491247146687,-0.3820561377311265,1
18.27364206314087,1.659000039100647,31.626219407887092,58.638240118506005,0.26498858415395077,-0.37943427010359365,1
18.28332209587097,1.659000039100647,32.109340891751394,59.14599475824369,0.2640452205380918,-0.3786816762395541,1
18.293705701828003,1.6480001211166382,32.592462375615696,59.76224384662734,0.2647933898452317,-0.37939184320522745,1
18.30324673652649,1.6480001211166382,33.07558385948,60.269998486365026,0.2638488674663972,-0.37863876618008036,1
18.313973903656006,1.63100004196167,34.965297945223604,62.31384954908924,0.261779246123659,-0.3762911470604635,1
18.323380947113037,1.63100004196167,35.45806998103843,62.83097095095482,0.26081739597074405,-0.3755210734473931,1
18.33388376235962,1.6200001239776611,35.95084201685325,63.460772278039194,0.2616074503433714,-0.376272760344661,1
18.34364128112793,1.6200001239776611,36.443614052668075,63.977893679904774,0.26064440694709096,-0.37550219391913975,1
18.353384733200073,1.6030000448226929,38.30578495556946,66.09590032129266,0.25858676575844414,-0.37342423414203585,1
18.364009380340576,1.6030000448226929,38.80795218471223,66.62278714991928,0.257605872839953,-0.37263749595267465,1
18.373222589492798,1.592000126838684,39.310119413855,67.26678633694355,0.25843931010206267,-0.3734309441691883,1
18.383911609649658,1.592000126838684,39.81228664299777,67.79367316557017,0.2574571875793794,-0.3726437037714122,1
18.393346309661865,1.5750000476837158,41.74761005814206,69.87583891641226,0.2557120695698662,-0.3705660165777116,1
18.403931140899658,1.5750000476837158,42.25960973192399,70.41212972026307,0.2547130841518327,-0.36976205924559047,1
18.41358709335327,1.564000129699707,42.77160940570592,71.070232089826,0.2555899600001289,-0.37059883794831683,1
18.423562049865723,1.564000129699707,43.283609079487846,71.6065228936768,0.25458970737791287,-0.3697943685745298,1
18.433735370635986,1.5470000505447388,43.795608753269775,72.33487063508073,0.256509806696648,-0.37154469663931444,1
18.443192720413208,1.5470000505447388,45.672476106346096,74.26934451366432,0.2519473647345647,-0.36726398379189734,1
18.453656911849976,1.5360000133514404,46.19383554025952,74.94202432071248,0.25286875885543547,-0.3681438774098996,1
18.463237047195435,1.5360000133514404,46.715194974172945,75.48790334941316,0.25185030075431686,-0.36732345785955944,1
18.473684549331665,1.5190000534057617,48.57389672654169,77.59283614445684,0.25047821088531325,-0.36583201719228625,1
18.4831383228302,1.5190000534057617,49.10442568393112,78.1480335533233,0.2494435764947076,-0.3649967816022695,1
18.494056463241577,1.5080000162124634,49.63495464132055,78.83533237525091,0.25040973024980373,-0.36592014882386004,1
18.50414538383484,1.5080000162124634,50.165483598709976,79.39052978411739,0.2493737480739605,-0.3650843827246181,1
18.513848781585693,1.4910000562667847,50.696012556099404,80.15417753291277,0.2514520033966089,-0.36698621593150005,1
18.523269653320312,1.4910000562667847,52.494617369933984,81.98474347284305,0.2473410902028132,-0.3630942376351812,1
18.53367781639099,1.4790000915527344,53.03383860430502,82.69905957085625,0.24853923939046912,-0.36422611964383894,1
18.543201446533203,1.4790000915527344,53.57305983867605,83.26299924578613,0.24748756440160782,-0.36337678364699044,1
18.553678274154663,1.4620000123977661,55.460482856427234,85.39185244218194,0.24648947742832256,-0.3621967971803267,1
18.56319308280945,1.4620000123977661,56.00894493703944,85.96502564190055,0.24542229464923573,-0.36133312298235587,1
18.57362699508667,1.4510000944137573,56.55740701765164,86.68216978999388,0.24647931783190835,-0.3623451677471655,1
18.583495616912842,1.4510000944137573,57.105869098263845,87.25534298971249,0.24541069800692222,-0.3614809450421314,1
18.593353033065796,1.433000087738037,58.950090507977656,89.45482977269356,0.2446957312044854,-0.36076450756384637,1
18.60392928123474,1.433000087738037,59.507436023320984,90.03750066162684,0.24361187421001845,-0.35988745953299073,1
18.61356544494629,1.4220000505447388,60.06478153866431,90.7708076385418,0.2447168481191676,-0.36094503671795375,1
18.62369203567505,1.4220000505447388,60.62212705400764,91.35347852747508,0.24363150465895528,-0.3600674313623123,1
18.63359570503235,1.40500009059906,61.17947256935097,92.17418496692086,0.24595234682575287,-0.36220045789940963,1
18.643298149108887,1.40500009059906,62.95327737775718,94.04287962769523,0.2420349393274305,-0.3586453643749985,1
18.653621912002563,1.3930000066757202,63.51896099797804,94.80634408142993,0.24339157483247625,-0.3599287586851404,1
18.663373470306396,1.3930000066757202,64.08464461819891,95.39782989836431,0.2422909910146151,-0.3590390953407977,1
18.673861265182495,1.3760000467300415,64.65032823841977,96.23876020136677,0.24469350342175714,-0.3612485489864453,1
18.683558464050293,1.3760000467300415,66.38078999502841,98.14934095003913,0.2407814970794939,-0.3578779012004395,1
18.693958044052124,1.3640000820159912,66.95445431874892,98.93018423851989,0.24219236115206733,-0.35921125218157146,1
18.7038631439209,1.3640000820159912,67.52811864246942,99.5307080904321,0.24107632424622,-0.3583104374469724,1
18.713050365447998,1.3470001220703125,68.10178296618993,100.39292566116592,0.24356253665318695,-0.36059563133523437,1
18.723434686660767,1.3470001220703125,69.8936186859439,102.23649734468093,0.23988514947947193,-0.3571861897653434,1
18.7330584526062,1.3350000381469727,70.47562715836172,103.03482166640316,0.24134979290086345,-0.3585711195525574,1
18.744177103042603,1.3350000381469727,71.05763563077953,103.64386006395199,0.24021938265529347,-0.3576587966421019,1
18.753390312194824,1.319000005722046,71.63964410319734,104.5113756521697,0.24257025635733542,-0.3598292504823457,1
18.763803720474243,1.319000005722046,73.38237967225523,106.39456896261177,0.23890069647730985,-0.3566053396660552,1
18.773430585861206,1.309000015258789,73.97233724994923,107.17753659155599,0.23997516284013276,-0.35764713016481475,1
18.784929513931274,1.309000015258789,74.56229482764324,107.79530089166201,0.23882861970657068,-0.35672248070649243,1
18.794098615646362,1.2960000038146973,75.15225240533725,108.63217814287336,0.240585125606753,-0.35836907482351227,1
18.80382490158081,1.2960000038146973,76.84861734998417,110.44674435276082,0.23711902311855912,-0.35530129674520256,1
18.81364679336548,1.2890000343322754,77.44615108767282,111.19277711807962,0.2375492239546978,-0.3557745032437871,1
18.82429838180542,1.2890000343322754,78.04368482536147,111.81873655771673,0.2363844295159872,-0.3548347869952838,1
18.83445978164673,1.281000018119812,78.64121856305012,112.5837597591296,0.23704926337555274,-0.35551650814886904,1
18.84394407272339,1.281000018119812,80.19185741892353,114.3342011827275,0.2337434042203555,-0.35276247583631376,1
18.853940725326538,1.277000069618225,80.79591714177299,115.03813785500795,0.2334915897144513,-0.3526324858081947,1
18.864937782287598,1.277000069618225,81.39997686462245,115.67179671058659,0.23230520595928894,-0.3516747315002994,1
18.873642444610596,1.2720000743865967,82.0040365874719,116.39401488235904,0.2322877084980608,-0.35175260090386734,1
18.883589267730713,1.2720000743865967,83.42136170808168,117.88103231094199,0.22949271242916292,-0.3492623165807677,1
18.89375329017639,1.2690000534057617,84.03098981000687,118.57405338147609,0.229001671827942,-0.3489206126627357,1
18.903984308242798,1.2690000534057617,84.64061791193207,119.21355513168066,0.22779461361709152,-0.347943964912326,1
18.913917541503906,1.2670000791549683,85.25024601385726,119.88889687075226,0.2270621727411819,-0.3473881661290418,1
18.924092292785645,1.2670000791549683,86.44403429767212,121.33961682797168,0.22433387784920858,-0.3453147358193067,1
18.933714151382446,1.2670000791549683,87.05766217219588,121.98467302789135,0.22310721165464342,-0.3443217372179422,1
18.944252729415894,1.2670000791549683,87.67129004671963,122.62972922781101,0.22187667512287879,-0.34332505684933046,1
18.953984022140503,1.2660000324249268,88.28491792124339,123.2927551011085,0.2208860691997609,-0.34254082887140475,1
18.9635009765625,1.2660000324249268,89.37713533673767,124.50609428317776,0.2185886393979622,-0.340644962107332,1
18.973904848098755,1.2670000791549683,89.99404027875529,125.13707203911078,0.21709414136563807,-0.33941392254561453,1
18.985228300094604,1.2670000791549683,90.61094522077292,125.7860194684216,0.21584168251917873,-0.33839709073493124,1
18.99315857887268,1.2680000066757202,91.22785016279055,126.41703179835577,0.21433759837009247,-0.3371568237088067,1
19.00394630432129,1.2680000066757202,92.12590783615279,127.41471996931264,0.21242478939534115,-0.335606316311324,1
19.013386011123657,1.2690000534057617,92.74473805097449,128.0481506099435,0.21090627037800608,-0.33435290821589103,1
19.0251407623291,1.2690000534057617,93.36356826579619,128.6994861400647,0.20963319640371741,-0.33331684633804926,1
19.03385853767395,1.2710000276565552,93.98239848061789,129.31511071651795,0.2078538772053952,-0.33183126649875117,1
19.043296575546265,1.2710000276565552,94.70436392121816,130.21849362445062,0.20609880288877772,-0.33059295496778784,1
19.05434274673462,1.2720000743865967,95.32390043934691,130.85374688968716,0.20455697939620443,-0.3293189443982162,1
19.06536293029785,1.2720000743865967,95.94343695747567,131.50680852158533,0.20326377491667047,-0.3282650015383907,1
19.07401132583618,1.2750000953674316,96.56297347560442,132.10663883148604,0.2012035769771433,-0.3265304374812288,1
19.08478546142578,1.2750000953674316,97.12548495215601,132.82293754749273,0.1997815791132953,-0.32557479740442263,1
19.093842267990112,1.2760000228881836,97.74463090962544,133.45875351393147,0.19821848520755958,-0.3242817745042949,1
19.104881763458252,1.2760000228881836,98.36377686709487,134.11224825234882,0.19690669978607636,-0.323211134565925,1
19.11422300338745,1.2790000438690186,98.9829228245643,134.71289205688277,0.19481974425716836,-0.3214528599768823,1
19.123693227767944,1.2790000438690186,99.40131196280441,135.25983051127778,0.19370057144001226,-0.32075369440903917,1
19.13289785385132,1.281000018119812,100.01908281917967,135.87751927822993,0.19186039334634677,-0.31921489958817184,1
19.14368200302124,1.281000018119812,100.63685367555493,136.53028415021825,0.1905314022645946,-0.3181285994160955,1
19.153429985046387,1.283000111579895,101.25462453193019,137.14809577314483,0.188679695718621,-0.3165786573545378,1
19.163769245147705,1.283000111579895,101.54302454254292,137.54201767135072,0.18783524659390305,-0.31611163715181484,1
19.173203229904175,1.2850000858306885,102.1585391222434,138.1581825082068,0.18597628449342724,-0.3145559623784227,1
19.185765027999878,1.2850000858306885,102.77405370194387,138.80917423794014,0.18463240088428384,-0.3134561390583161,1
19.193761587142944,1.2850000858306885,103.38956828164434,139.4601659676735,0.18328461132476204,-0.3123526226507313,1
19.2034170627594,1.2880001068115234,103.56101018188096,139.66413604020087,0.18190491057108432,-0.3114007373467263,1
19.21360421180725,1.290000081062317,104.1734824442097,140.27790246517125,0.18002892746372395,-0.3098295304710099,1
19.223283290863037,1.290000081062317,104.78595470653843,140.92618799058937,0.17867122471814859,-0.3087169616058826,1
19.23438811302185,1.290000081062317,105.39842696886717,141.57447351600752,0.17730963225942067,-0.3076007179071812,1
19.24419927597046,1.2920000553131104,105.46492570107456,141.67201897249262,0.17641281804128453,-0.3070665063141277,1
19.25384283065796,1.2940000295639038,106.07365716008174,142.28249091440708,0.17452242653305022,-0.3054821695965254,1
19.263437747955322,1.2940000295639038,106.68238861908891,142.92723865403906,0.17315293337679688,-0.30435874246836264,1
19.274080276489258,1.2940000295639038,107.29112007809609,143.57198639367107,0.1717795717341058,-0.3032316629514459,1
19.28357434272766,1.2970000505447388,107.26375206292393,143.54152734165845,0.17081889466119307,-0.30263128833680586,1
19.29319930076599,1.2970000505447388,107.86812479083166,144.18199913464838,0.16944334661499974,-0.3015023944933705,1
19.303638458251953,1.2980000972747803,108.47249751873939,144.8054673545795,0.16779935951514913,-0.3001354799783184,1
19.31347370147705,1.2980000972747803,109.07687024664712,145.4459391475694,0.16641558732715608,-0.29899872926117793,1
19.32316017150879,1.3010001182556152,108.96584361790664,145.31645060594795,0.1656331537133621,-0.29854701451533266,1
19.333800554275513,1.3010001182556152,109.5653137759372,145.9519942600889,0.1642483712056781,-0.2974094469652039,1
19.343467473983765,1.3020000457763672,110.16478393396775,146.57065531186794,0.16259444433485426,-0.2960332452305027,1
19.353597164154053,1.3020000457763672,110.76425409199831,147.20619896600888,0.1612015011013443,-0.2948878846117687,1
19.363125562667847,1.3040000200271606,110.57897262831479,147.00537225335415,0.1608431799129158,-0.2948029422559254,1
19.373846292495728,1.3040000200271606,111.17306447691388,147.63541464543422,0.15945081332919286,-0.2936582540108923,1
19.383601427078247,1.3060001134872437,111.76715632551297,148.23189392120668,0.1575228450435633,-0.2920389066186255,1
19.39426326751709,1.3060001134872437,112.36124817411206,148.86193631328672,0.15612185918616522,-0.2908859010321881,1
19.4038724899292,1.308000087738037,112.00931184740396,148.5828949706587,0.15590588115689988,-0.2911174556933932,1
19.41330075263977,1.308000087738037,112.59691953451393,149.20693565110727,0.15450641461843875,-0.2899670871134457,1
19.423887968063354,1.309000015258789,113.1845272216239,149.81429889694132,0.15283697677648816,-0.2885776071683195,1
19.434598684310913,1.309000015258789,113.77213490873386,150.43833957738988,0.15142949781901885,-0.28741959973102893,1
19.442970275878906,1.311000108718872,113.37230805601928,150.0902647404109,0.15133764316861797,-0.2877348160535939,1
19.453389406204224,1.311000108718872,113.95314725024403,150.70787000048023,0.14993251801555346,-0.286580036520428,1
19.46535301208496,1.312000036239624,114.53398644446878,151.30888461270814,0.14825728543738848,-0.2851862468721068,1
19.473374605178833,1.312000036239624,115.11482563869353,151.92648987277747,0.14684423100459373,-0.28402391647151476,1
19.483943223953247,1.3140000104904175,114.6737025635613,151.41685137557806,0.14706135584632365,-0.2844107545266812,1
19.49362087249756,1.3140000104904175,115.2475360813064,152.0269561257434,0.14565256883653432,-0.2832521688207291,1
19.50310492515564,1.315000057220459,115.82136959905148,152.62055436981967,0.14397391775116186,-0.2818547590956905,1
19.513770818710327,1.315000057220459,116.39520311679657,153.230659119985,0.14255729839014675,-0.2806887135271925,1
19.523253202438354,1.3160001039505005,115.81780223465309,152.69448583282912,0.14311502468011594,-0.2815707162773956,1
19.533828020095825,1.3160001039505005,116.38374336950903,153.29684514479044,0.14170371834807122,-0.28041060579230626,1
19.543394565582275,1.3170000314712524,116.94968450436498,153.88275695435172,0.14002296367739542,-0.27901226259485606,1
19.553980827331543,1.3170000314712524,117.51562563922093,154.48511626631304,0.13860392540296818,-0.2778447949160325,1
19.563321590423584,1.319000005722046,116.91824232280842,153.794884296784,0.1391602076652098,-0.27852257239781,1
19.57384967803955,1.319000005722046,117.47620769806151,154.38860655297543,0.1377476174946739,-0.27736074150609663,1
19.583565711975098,1.3200000524520874,118.0341730733146,154.9659643548532,0.1360662945427371,-0.2759612749147753,1
19.59341549873352,1.3200000524520874,118.5921384485677,155.55968661104464,0.13464608414185192,-0.2747921904471099,1
19.60386037826538,1.321000099182129,117.87809594216779,154.7638434469541,0.1357020492178097,-0.27592802550565365,1
19.613292455673218,1.321000099182129,118.4273399314961,155.34815030437403,0.13429024432808892,-0.27476653209635093,1
19.623773097991943,1.3220000267028809,118.97658392082442,155.9161509601904,0.13261079220493838,-0.27336835772491297,1
19.633946895599365,1.3220000267028809,119.52582791015274,156.50045781761034,0.1311914892056309,-0.2721997241835578,1
19.643601655960083,1.3230000734329224,118.70880471047825,155.49597609371477,0.13265567131526812,-0.273532165632304,1
19.653053045272827,1.3230000734329224,119.24868055455094,156.06950066200568,0.13124724354947703,-0.2723723556896601,1
19.663434267044067,1.3230000734329224,119.78855639862364,156.6430252302966,0.12983537463627623,-0.2712093064919519,1
19.673047065734863,1.3230000734329224,120.32843224269634,157.2165497985875,0.12842006457566565,-0.27004301803917924,1
19.683505058288574,1.3250000476837158,119.42101780850352,156.11116944960568,0.1297823552310895,-0.2713152248786835,1
19.69394540786743,1.3250000476837158,119.95096949237457,156.67340434072284,0.12837847099306404,-0.2701583088972655,1
19.70365047454834,1.3250000476837158,120.48092117624562,157.23563923184,0.1269712133456919,-0.2689982132057443,1
19.713404655456543,1.3250000476837158,121.01087286011666,157.79787412295715,0.12556058228897304,-0.26783493780412,1
19.72385311126709,1.3260000944137573,120.02464306813235,156.6355295098884,0.12732187574734674,-0.26948713566115867,1
19.73354959487915,1.3260000944137573,120.54419776664282,157.1860494220101,0.12592402995142554,-0.26833471824453603,1
19.743321180343628,1.3270000219345093,121.0637524651533,157.72040262023881,0.12426393943675856,-0.26694989580487183,1
19.754008293151855,1.3270000219345093,121.58330716366378,158.2709225323605,0.12285903392216443,-0.26579072421482547,1
19.763504028320312,1.3280000686645508,120.52889466200662,156.94490284432737,0.1249430679139375,-0.2675726738581106,1
19.77396011352539,1.3280000686645508,121.03765571505558,157.48266487726042,0.12355290492448018,-0.2664251937369619,1
19.783420085906982,1.3280000686645508,121.54641676810454,158.02042691019346,0.12215951536282521,-0.2652746610494949,1
19.794014930725098,1.3280000686645508,122.05517782115349,158.5581889431265,0.12076289922897271,-0.26412107579570954,1
19.803848266601562,1.3290001153945923,120.94233768574357,157.1888247835341,0.1229240900262713,-0.26601054138703034,1
19.81326913833618,1.3290001153945923,121.439978068279,157.71361856568697,0.12154275420891414,-0.2648693575840738,1
19.823720693588257,1.3300000429153442,121.93761845081444,158.22232846982436,0.11990416469458387,-0.26349959159291503,1
19.833760738372803,1.3300000429153442,122.43525883334988,158.74712225197723,0.11851610309936345,-0.2623519385010541,1
19.843295335769653,1.3310000896453857,121.17192938628217,157.342534154867,0.12074285330814097,-0.26453940797154535,1
19.85385513305664,1.3310000896453857,121.65749297550543,157.854206296462,0.11937052847482776,-0.2634059596275192,1
19.863776206970215,1.3310000896453857,122.1430565647287,158.365878438057,0.11799513360866493,-0.2622695979019578,1
19.873416662216187,1.3310000896453857,122.62862015395196,158.877550579652,0.11661666870965248,-0.261130322794861,1
19.884069204330444,1.3320000171661377,121.33370091056904,157.24309377839398,0.11929979278735275,-0.263372483386346,1
19.893508195877075,1.3320000171661377,121.80705356862788,157.74015724014276,0.11793979503520424,-0.2622478116453037,1
19.90407919883728,1.3320000171661377,122.28040622668672,158.2372207018916,0.11657681490228522,-0.26112029978831297,1
19.913830757141113,1.3320000171661377,122.75375888474557,158.73428416364038,0.11521085238859566,-0.25998994781537393,1
19.923298835754395,1.3330000638961792,121.33300303751781,156.99711050743065,0.11809380428472316,-0.2624784526937657,1
19.933991193771362,1.3330000638961792,121.79336520000271,157.47896050448503,0.11674754944336152,-0.26136421079180033,1
19.94355845451355,1.3330000638961792,122.25372736248761,157.9608105015394,0.11539840350201763,-0.26024720671686014,1
19.954034566879272,1.3330000638961792,122.71408952497251,158.4426604985938,0.11404636646069133,-0.259127440468945,1
19.963570833206177,1.3340001106262207,121.28435874305062,156.5161516062997,0.11730605751378259,-0.2616258552026542,1
19.9730544090271,1.3340001106262207,121.73175769375568,156.98159343571743,0.11597598941594384,-0.26052233388210955,1
19.983845710754395,1.3340001106262207,122.17915664446075,157.44703526513516,0.11464312866712856,-0.25941612816786075,1
19.993456602096558,1.3340001106262207,122.62655559516581,157.91247709455288,0.11330747526733681,-0.25830723805990763,1
20.0029935836792,1.3350000381469727,121.09171028847928,155.92053257610365,0.1166932812632003,-0.26101150909054704,1
20.013386726379395,1.3350000381469727,121.52551377482133,156.3692294971002,0.11538040394006918,-0.2599201300802543,1
20.024105072021484,1.3350000381469727,121.95931726116339,156.81792641809676,0.11406483443541204,-0.2588261482490434,1
20.033817529678345,1.3350000381469727,122.39312074750545,157.26662333909331,0.11274657274922895,-0.25772956359691446,1
20.043416500091553,1.3360000848770142,120.86826025066354,155.22058522356483,0.11623607373647477,-0.2604061023187774,1
20.053935050964355,1.3360000848770142,121.2886298040058,155.65228065350536,0.11494126263648238,-0.25932694155767955,1
20.063475131988525,1.3360000848770142,121.70899935734805,156.0839760834459,0.11364386136391039,-0.2582452585792616,1
20.074164867401123,1.3360000848770142,122.1293689106903,156.51567151338642,0.11234386991875875,-0.2571610533835236,1
20.0838406085968,1.3370000123977661,120.41571924581865,154.32490417012824,0.11612262797962347,-0.26021548964434627,1
20.093538761138916,1.3370000123977661,120.82145197101707,154.73872163876132,0.11484783042341459,-0.2591509626364989,1
20.103654146194458,1.3370000123977661,121.22718469621549,155.1525391073944,0.11357054996239394,-0.25808400123230035,1
20.113375663757324,1.3370000123977661,121.63291742141391,155.5663565760275,0.1122907865965615,-0.2570146054317506,1
20.123692750930786,1.3380000591278076,119.95477205129096,153.25001516510792,0.11632080843300413,-0.2599903244019253,1
20.13313102722168,1.3380000591278076,120.34621170703205,153.6452156384972,0.1150677591191056,-0.25894022067702716,1
20.14356303215027,1.3380000591278076,120.73765136277315,154.0404161118865,0.11381233860236672,-0.25788776831419447,1
20.15338110923767,1.3380000591278076,121.12909101851425,154.43561658527577,0.11255454688278752,-0.2568329673134273,1
20.163705348968506,1.3390001058578491,119.38653972406306,152.01128859050417,0.11680101101132606,-0.2599343713636206,1
20.173211097717285,1.3390001058578491,119.76334246498712,152.3872587414839,0.11557124846240574,-0.2588996537693078,1
20.18430781364441,1.3390001058578491,120.14014520591118,152.76322889246362,0.11433923009257957,-0.25786267535854945,1
20.194262742996216,1.3390001058578491,120.51694794683524,153.13919904344334,0.11310495590184744,-0.2568234361313456,1
20.204020500183105,1.340000033378601,118.8215836601752,150.72400550690696,0.11732924308432632,-0.2598228793435782,1
20.213939666748047,1.340000033378601,119.1841734316575,151.08093955520576,0.11612293283451011,-0.2588031988828404,1
20.22330617904663,1.340000033378601,119.5467632031398,151.43787360350456,0.11491448098040419,-0.25778134288347365,1
20.23451042175293,1.340000033378601,119.90935297462211,151.79480765180335,0.11370388752200838,-0.2567573113454781,1
20.243444681167603,1.3410000801086426,118.05914410209438,149.2927886187785,0.11810296199382203,-0.26006877472444834,1
20.254034280776978,1.3410000801086426,118.40655622676212,149.6302213155043,0.11692139974095134,-0.2590661617624115,1
20.2638578414917,1.3410000801086426,118.75396835142986,149.96765401223007,0.11573781289190027,-0.25806146432762667,1
20.2740740776062,1.3410000801086426,119.1013804760976,150.30508670895586,0.11455220144666889,-0.2570546824200938,1
20.283873796463013,1.3420000076293945,119.44879260076534,150.62676058201822,0.11315700390359112,-0.25585400362466704,1
20.293274879455566,1.3420000076293945,117.47613461817372,147.96558791650506,0.11811628933225826,-0.259600433620777,1
20.304328203201294,1.3420000076293945,117.80763999466772,148.2824617257126,0.11695978681213368,-0.2586144602512719,1
20.3141610622406,1.3420000076293945,118.13914537116173,148.59933553492016,0.11580138304915388,-0.2576264978495077,1
20.323800802230835,1.343000054359436,116.24227024353074,145.88220011381807,0.12063581764401188,-0.26102372391299045,1
20.333508729934692,1.343000054359436,116.55849974705843,146.17838320704024,0.11950906498108305,-0.2600577914258443,1
20.34387183189392,1.343000054359436,116.87472925058613,146.47456630026238,0.11838053521959485,-0.25908996156167685,1
20.353647470474243,1.343000054359436,117.19095875411382,146.77074939348452,0.11725022835954735,-0.2581202343204883,1
20.36319637298584,1.3440001010894775,115.27254017887503,144.01268179354224,0.12216856849765992,-0.26155862654456824,1
20.37373399734497,1.3440001010894775,115.57344856961785,144.28803213742117,0.12107044458676655,-0.2606112191409449,1
20.383121490478516,1.3440001010894775,115.87435696036067,144.56338248130007,0.11997066857380992,-0.2596620062869771,1
20.393831253051758,1.3440001010894775,116.17526535110349,144.838732825179,0.11886924045879002,-0.2587109879826649,1
20.40348219871521,1.3440001010894775,114.24219128460929,142.06586409851454,0.12403234995619236,-0.2623505368796839,1
20.413981199264526,1.3440001010894775,114.52778126579051,142.32031281534404,0.12296367333657413,-0.26142233221910205,1
20.423614263534546,1.3450000286102295,114.81337124697173,142.55908243318336,0.12171124220331972,-0.26031811536859084,1
20.433202505111694,1.3450000286102295,115.09896122815294,142.8135311500129,0.12063935184341887,-0.259386198058953,1
20.443718671798706,1.3450000286102295,113.15746376623484,139.9188581092676,0.126047570967875,-0.2630364390476799,1
20.453177213668823,1.3450000286102295,113.42778111156608,140.15171118107665,0.12500989984844785,-0.2621274541964718,1
20.463910579681396,1.3450000286102295,113.69809845689731,140.3845642528857,0.12397083161058997,-0.2612168474411917,1
20.473743200302124,1.3450000286102295,113.96841580222855,140.61741732469474,0.1229303662543012,-0.2603046187818395,1
20.483802556991577,1.3450000286102295,114.23873314755978,140.8502703965038,0.12188850377958152,-0.25939076821841556,1
20.493287324905396,1.3450000286102295,112.21493160966982,137.85581683389847,0.12748652263911003,-0.26319622376704077,1
20.50374460220337,1.346000075340271,112.46952181074283,138.050890844083,0.12631141857817269,-0.2621407610277021,1
20.51331400871277,1.346000075340271,112.72411201181585,138.26161937937556,0.1253035725051626,-0.2612490330263426,1
20.52388858795166,1.346000075340271,110.69510963386377,135.28555676638868,0.13085970820626636,-0.26506030522951013,1
20.53365159034729,1.346000075340271,110.93404646500393,135.4744407654882,0.12988706568420463,-0.26419256037357397,1
20.54301643371582,1.346000075340271,111.1729832961441,135.6633247645877,0.12891328985814837,-0.26332338189665094,1
20.553988456726074,1.346000075340271,111.41192012728426,135.85220876368723,0.12793838072809743,-0.2624527697987411,1
20.563334226608276,1.3470001220703125,111.65085695842443,136.02546461553047,0.12680026898358884,-0.2614192871727976,1
20.573779106140137,1.3470001220703125,109.5588009297781,132.97358360138435,0.1325065735746698,-0.2653528803052946,1
20.583380222320557,1.3470001220703125,109.7817624665419,133.1402572471257,0.13156655943289822,-0.2645053412816395,1
20.593941688537598,1.3470001220703125,110.00472400330571,133.30693089286706,0.1306255452492522,-0.2636564644887637,1
20.604041814804077,1.3470001220703125,108.02103495879373,130.18712172610662,0.13646125880456733,-0.267357035006211,1
20.613680601119995,1.3470001220703125,108.22887388032395,130.33127245160543,0.13555717548776366,-0.26653162217102205,1
20.623796463012695,1.3470001220703125,108.43671280185416,130.4754231771042,0.13465222726660708,-0.26570496230230384,1
20.63460922241211,1.3470001220703125,108.64455172338437,130.619573902603,0.13374641414109742,-0.26487705540005646,1
20.64447283744812,1.3470001220703125,108.85239064491458,130.76372462810178,0.13283973611123487,-0.2640479014642799,1
20.654006719589233,1.3470001220703125,106.71269112070962,127.59705144569423,0.13875974569455982,-0.26805857403770394,1
20.66306185722351,1.3470001220703125,106.90444339731225,127.71851455612072,0.13789055533786482,-0.26725473317563037,1
20.674677848815918,1.3470001220703125,107.09619567391488,127.83997766654721,0.13702063620250726,-0.2664497417998973,1
20.683200120925903,1.3480000495910645,107.2879479505175,127.94584079918687,0.13601005552346457,-0.2654963742431742,1
20.69350814819336,1.3480000495910645,105.19589666457793,124.84700599297537,0.1417860623522305,-0.26940316877251536,1
20.703095197677612,1.3480000495910645,105.37200416672694,124.94640904735957,0.14095209010289908,-0.26862159757695925,1
20.713836431503296,1.3480000495910645,105.54811166887595,125.04581210174379,0.14011752143524128,-0.2678389697363903,1
20.723203420639038,1.3480000495910645,105.72421917102496,125.14521515612799,0.13928235634925717,-0.2670552852508085,1
20.73372530937195,1.3480000495910645,103.6790977501081,122.01089392903148,0.14512081918888892,-0.27085503520892407,1
20.74337673187256,1.3480000495910645,103.83999264100565,122.08815005840597,0.14432277708699773,-0.270095556377618,1
20.754876852035522,1.3480000495910645,104.0008875319032,122.16540618778046,0.14352427144833024,-0.2693351121769665,1
20.763857126235962,1.3480000495910645,104.16178242280075,122.24266231715495,0.14272530227288657,-0.2685737026069696,1
20.77383255958557,1.3480000495910645,102.06091605697655,118.98019599372728,0.14881825537729756,-0.2724790602192814,1
20.783800840377808,1.3480000495910645,102.20632309032936,119.03458271306377,0.14805792794032474,-0.27174251710924535,1
20.79421091079712,1.3480000495910645,102.35173012368217,119.08896943240029,0.1472972741830359,-0.27100510155700924,1
20.803995609283447,1.3480000495910645,102.49713715703498,119.14335615173678,0.14653629410543104,-0.270266813562573,1
20.81341791152954,1.3480000495910645,100.45210963460067,116.07724808981925,0.15221460772716577,-0.27404795109340296,1
20.82345700263977,1.3480000495910645,100.58251855516153,116.11026848594273,0.15148994481869993,-0.27333386921096925,1
20.8348548412323,1.3480000495910645,100.71292747572238,116.1432888820662,0.15076508378785727,-0.2726190048750122,1
20.84373664855957,1.3480000495910645,100.84333639628323,116.17630927818968,0.1500400246346379,-0.27190335808553184,1
20.853496313095093,1.3480000495910645,98.75107331165609,112.98798629941675,0.15596235821484408,-0.2757736531924619,1
20.86383080482483,1.3480000495910645,98.86626395566948,112.99895067727971,0.1552750667178089,-0.2750827739368921,1
20.874879837036133,1.3480000495910645,98.98145459968288,113.0099150551427,0.1545877094345065,-0.2743912035374583,1
20.88380765914917,1.3470001220703125,99.09664524369627,113.0364794107925,0.15400227634957284,-0.27382202776842907,1
20.89350938796997,1.3470001220703125,97.16928716347397,109.94729651554059,0.1597046819230371,-0.27733926106129264,1
20.903847217559814,1.3470001220703125,97.27049277156217,109.93703463305862,0.15905375153095364,-0.27666991694225834,1
20.91452956199646,1.3470001220703125,97.37169837965038,109.92677275057665,0.15840288271016506,-0.2759999655895755,1
20.923818588256836,1.3470001220703125,97.47290398773859,109.91651086809468,0.15775207546067138,-0.2753294070032442,1
20.933523654937744,1.3470001220703125,95.49539551943377,106.71984111596733,0.163669233996443,-0.2789429390312836,1
20.943737268447876,1.3470001220703125,95.58236799906783,106.68776163334927,0.16305627875233636,-0.2782957791224224,1
20.955302476882935,1.3470001220703125,95.66934047870188,106.65568215073121,0.1624435159851254,-0.27764809737868335,1
20.96390676498413,1.3470001220703125,95.75631295833594,106.62360266811315,0.16183094569481019,-0.2769998938000665,1
20.973587036132812,1.3470001220703125,93.83903737746682,103.43754197279969,0.16771984904274068,-0.28048251200585933,1
20.983866930007935,1.3470001220703125,93.91228582727325,103.38386569630578,0.16714500966130552,-0.2798569968449682,1
20.994256734848022,1.3470001220703125,93.98553427707968,103.33018941981186,0.16657049233752924,-0.27923104219337824,1
21.003971099853516,1.3470001220703125,94.05878272688611,103.27651314331794,0.165996297071412,-0.2786046480510894,1
21.01353120803833,1.3470001220703125,92.0985722781331,100.20770182823155,0.17163777068237074,-0.28216955115155057,1
21.023951053619385,1.3470001220703125,92.15789565200686,100.133377982028,0.17109992272128569,-0.28156635687272585,1
21.034502506256104,1.3470001220703125,92.21721902588061,100.05905413582444,0.17056252070327788,-0.2809628066536578,1
21.04399585723877,1.3470001220703125,92.27654239975436,99.98473028962088,0.17002556462834728,-0.2803589004943466,1
21.053760528564453,1.3470001220703125,90.48422206507102,96.9266888299398,0.1756399468541829,-0.2835717761442497,1
21.063989400863647,1.3470001220703125,90.53086434264709,96.83193080938253,0.17513921532430576,-0.28298908494339325,1
21.075116872787476,1.3470001220703125,90.57750662022316,96.73717278882525,0.17463905234255198,-0.2824061138888714,1
21.084210872650146,1.3470001220703125,90.62414889779923,96.64241476826797,0.17413945790892152,-0.28182286298068404,1
21.093908309936523,1.3470001220703125,88.88617527136911,93.70141922260228,0.17950823276850056,-0.28491849477601144,1
21.103102684020996,1.346000075340271,88.92059435369212,93.60279489285948,0.17909995427575875,-0.28445191396981195,1
21.11587691307068,1.346000075340271,88.95501343601514,93.48854241586041,0.17863568062541263,-0.28388906534295744,1
21.123340606689453,1.3450000286102295,88.98943251833815,93.3899444639694,0.17822834543026567,-0.2834221747698422,1
21.134156942367554,1.3450000286102295,87.30426682114883,90.45943179551809,0.183557896701082,-0.28639589826448375,1
21.14342761039734,1.343000054359436,87.32690696498366,90.35727486939271,0.1832271454703975,-0.2860368907376504,1
21.15450382232666,1.343000054359436,87.3495471088185,90.2237313658871,0.18279838026291675,-0.28549370781251404,1
21.16407871246338,1.3380000591278076,87.37218725265333,90.16912151392782,0.18261513913612504,-0.2854108330268252,1
21.17349863052368,1.3380000591278076,85.63715781111593,87.25387218150959,0.18786149651659828,-0.28845312588121613,1
21.184157848358154,1.3330000638961792,85.64775693798654,87.18087901365962,0.18767652559007408,-0.2883696363935611,1
21.1946222782135,1.3330000638961792,85.65835606485716,87.02827927378618,0.1872814715074965,-0.2878468571838115,1
21.204004287719727,1.3250000476837158,85.66895519172778,87.00447173605997,0.18722098012676316,-0.2880270326569899,1
21.213489770889282,1.3250000476837158,84.09471084613074,84.20991729060363,0.19213228030003723,-0.290687459498433,1
21.223201036453247,1.319000005722046,84.09445182994116,84.13697832424067,0.19197908148184778,-0.29068735294304404,1
21.234678030014038,1.319000005722046,84.09419281375159,83.966277918497,0.19161508744761765,-0.2901829999204223,1
21.243085145950317,1.308000087738037,84.09393379756202,83.97745827620605,0.1916346256253479,-0.2906030812522814,1
21.253453731536865,1.308000087738037,82.76963225988703,81.29762730508801,0.19620618695872397,-0.29270365632230966,1
21.26339888572693,1.3000000715255737,82.7603010242571,81.24421736561308,0.19609867674323203,-0.2928611658144138,1
21.274438858032227,1.3000000715255737,82.75096978862717,81.05632462448426,0.19576265300182732,-0.2923721249848534,1
21.2834689617157,1.3000000715255737,82.74163855299724,80.86843188335546,0.19542775661686934,-0.2918831401427067,1
21.29401183128357,1.287000060081482,81.54526941024088,78.52028337326533,0.20002426844032734,-0.2947194586663279,1
21.303556442260742,1.287000060081482,81.52780392919276,78.31606193247073,0.1997150943549078,-0.294244037177387,1
21.313657999038696,1.277000069618225,81.51033844814464,78.28660173558949,0.1996259642627293,-0.2945474367043212,1
21.32359027862549,1.277000069618225,81.49287296709652,78.08238029479487,0.19931615005467546,-0.2940720501465089,1
21.333059310913086,1.2630000114440918,80.41481085580678,75.7642661834859,0.2037029380353996,-0.2966574683151002,1
21.343592405319214,1.2630000114440918,80.39007691751792,75.54384462993653,0.20341785661550066,-0.2961939998487926,1
21.354445934295654,1.252000093460083,80.36534297922906,75.52433880440968,0.20330522609980467,-0.29655801044835156,1
21.363686561584473,1.252000093460083,80.3406090409402,75.30391725086031,0.20301915962516925,-0.2960945667180107,1
21.37304711341858,1.2360000610351562,79.47295384322327,73.24485706139791,0.20681235817682714,-0.2983451641177957,1
21.38354253768921,1.225000023841858,79.44244271983054,73.22096171600603,0.2066573341501058,-0.2986949139139404,1
21.393214464187622,1.225000023841858,79.41193159643781,72.98588533224593,0.20638984922194303,-0.29824056288954887,1
21.403889179229736,1.2080000638961792,79.38142047304508,73.08589754794622,0.20628872207794374,-0.29902781592629274,1
21.413286209106445,1.2080000638961792,78.70607014716474,70.82038021882235,0.20952058676481988,-0.2996856678759954,1
21.423666954040527,1.196000099182129,78.67113908995591,70.8145406146322,0.2093288231011388,-0.30009698379957117,1
21.433186292648315,1.196000099182129,78.63620803274709,70.5655469402338,0.2090804229727079,-0.2996513657928535,1
21.44405770301819,1.1790000200271606,78.60127697553827,70.67082755459367,0.20891158016461167,-0.3004264870950192,1
21.453569650650024,1.1790000200271606,78.10143802056885,68.49390746310877,0.2118568352643791,-0.300757918858717,1
21.46320629119873,1.1790000200271606,78.06332009599308,68.23169816941436,0.21163408237680284,-0.3003252569786432,1
21.47380256652832,1.1670000553131104,78.0252021714173,68.22676469086228,0.21140477795963059,-0.3007394419429383,1
21.484138250350952,1.1670000553131104,77.98708424684153,67.96455539716789,0.21118534120005805,-0.3003123855120563,1
21.493661165237427,1.1490000486373901,77.64718064013738,66.02486377668272,0.21400493493710487,-0.301631409548097,1
21.50320529937744,1.1490000486373901,77.60699387961613,65.75010642495954,0.21380887134656548,-0.30121559651183166,1
21.514239072799683,1.1370000839233398,77.56680711909488,65.47534907323634,0.2137178969547562,-0.301635929435213,1
21.523812770843506,1.1370000839233398,77.52662035857362,65.20059172151315,0.213526359651373,-0.301225673706344,1
21.53324604034424,1.1190000772476196,77.33220970442571,63.188177582314026,0.21610316983647265,-0.30230073378981837,1
21.544860124588013,1.1190000772476196,77.2909656223883,62.90150727815598,0.2159337798366054,-0.30190008145952035,1
21.55354332923889,1.1069999933242798,77.24972154035089,62.61483697399794,0.2158051813627065,-0.3023291107832917,1
21.56427025794983,1.1069999933242798,77.20847745831348,62.328166669839895,0.2156400003548959,-0.30193397740957745,1
21.57382369041443,1.090000033378601,77.14617354407795,60.49308618943019,0.21774885480897263,-0.30274299260822085,1
21.583219528198242,1.090000033378601,77.10478507242324,60.195799734551215,0.2176028082446362,-0.30235567224015,1
21.59394097328186,1.0780000686645508,77.06339660076853,59.898513279672244,0.21743822796430973,-0.30279540859983956,1
21.604306936264038,1.0780000686645508,77.02200812911381,59.60122682479327,0.21729608026817482,-0.3024135791687417,1
21.613836526870728,1.0600000619888306,77.18042186696903,57.829031688999414,0.21912793149078608,-0.30299797877046947,1
21.623220443725586,1.0600000619888306,77.14040334536794,57.521632476951915,0.21900326342361273,-0.30262234463509363,1
21.633817195892334,1.0490000247955322,77.10038482376686,57.214233264904415,0.21880885747302772,-0.3030084033164971,1
21.643697261810303,1.0490000247955322,77.06036630216578,56.906834052856915,0.21868773622693244,-0.3026378279684407,1
21.65317153930664,1.031000018119812,77.41828595058853,55.295729390574586,0.22012801804790727,-0.30299693029461183,1
21.664063453674316,1.031000018119812,77.3809960376905,54.97939084496801,0.22002186657262604,-0.3026309095843797,1
21.673585653305054,1.0200001001358032,77.34370612479246,54.66305229936143,0.21979725209279077,-0.30303549845892197,1
21.6840980052948,1.0200001001358032,77.30641621189443,54.346713753754855,0.21969436230386222,-0.3026745416031537,1
21.693471670150757,1.002000093460083,77.84421223866843,52.884289406284836,0.22078790190360692,-0.30286923995756077,1
21.703062772750854,1.002000093460083,77.81086578683326,52.56009195747343,0.22069772986123679,-0.30251155394969903,1
21.713632106781006,0.9910000562667847,77.77751933499809,52.23589450866203,0.22044420722135005,-0.30293829813359197,1
21.723510265350342,0.9910000562667847,77.74417288316292,51.911697059850624,0.2203570152551865,-0.3025856973725693,1
21.734098434448242,0.9740000367164612,78.44369140976501,50.48537844666845,0.22139104233004303,-0.30216184914954536,1
21.743946313858032,0.9740000367164612,78.41537053536162,50.15362326837928,0.2213173713781147,-0.30181128217121794,1
21.753776788711548,0.9630000591278076,78.38704966095823,49.821868090090106,0.22124852933390188,-0.30146602024977454,1
21.764057874679565,0.9630000591278076,78.35872878655483,49.490112911800935,0.22118120606501301,-0.3011208879813042,1
21.773494720458984,0.9470000267028809,79.20319221954159,48.098837009532495,0.22236002515574022,-0.29976202906253974,1
21.783100366592407,0.9470000267028809,79.18085662264534,47.75981597471511,0.22230869574960194,-0.2994178615369811,1
21.793617248535156,0.9360000491142273,79.15852102574908,47.42079493989773,0.22226201560188547,-0.29907901857131475,1
21.803650617599487,0.9360000491142273,79.13618542885283,47.081773905080354,0.2222168325711587,-0.2987402742396508,1
21.813103675842285,0.9190000295639038,80.11009969358838,45.82548947981225,0.22325120779762314,-0.29724398242036604,1
21.8235445022583,0.9190000295639038,80.09459627657137,45.48017794627406,0.2232207558379938,-0.2969058959579896,1
21.83451747894287,0.909000039100647,80.07909285955435,45.134866412735875,0.22319450164178353,-0.29657268111834634,1
21.84364652633667,0.909000039100647,80.06358944253734,44.78955487919769,0.22316971640091796,-0.29623953223024274,1
21.85333275794983,0.893000066280365,81.25365673988273,43.65750270909449,0.22407112722980094,-0.29450365611048346,1
21.863802194595337,0.893000066280365,81.24642123366567,43.306795638547705,0.224059396950176,-0.2941693065016678,1
21.87344002723694,0.8820000290870667,81.23918572744861,42.95608856800092,0.22405196002212135,-0.2938403487824772,1
21.884315013885498,0.8820000290870667,81.23195022123156,42.60538149745414,0.22404595818746065,-0.29351142067097935,1
21.893866300582886,0.8660000562667847,82.5142709069338,41.48654092399298,0.22494402707438785,-0.29168176900029613,1
21.903424501419067,0.8660000562667847,82.5158795075882,41.13056579701416,0.2249505373805271,-0.29135126338961226,1
21.914119482040405,0.8560000658035278,82.51748810824259,40.77459067003534,0.224960916636501,-0.2910257023955245,1
21.923637628555298,0.8560000658035278,82.51909670889698,40.41861554305652,0.22497269701071523,-0.2907001350699838,1
21.93307137489319,0.8410000205039978,83.98324975768203,39.31337396790113,0.22586589084119213,-0.2886712701142697,1
21.94368052482605,0.8410000205039978,83.99488907737039,38.95226006976711,0.22588941511527608,-0.28834263888709427,1
21.953193426132202,0.831000030040741,84.00652839705874,38.5911461716331,0.22591664370001874,-0.2880190032819909,1
21.963972330093384,0.831000030040741,84.0181677167471,38.23003227349908,0.22594523946204484,-0.28769532361042105,1
21.973456144332886,0.815000057220459,85.64393684928788,37.13870106149868,0.2268328583716727,-0.2854918724689928,1
21.98444938659668,0.815000057220459,85.66664672699056,36.77257894588931,0.22687290615823,-0.2851648617718617,1
21.99416470527649,0.8050000667572021,85.68935660469324,36.40645683027994,0.2269164893208462,-0.28484290863176703,1
22.00390911102295,0.8050000667572021,85.71206648239593,36.04033471467058,0.22696140150688873,-0.2845208730548073,1
22.01332426071167,0.7910000085830688,87.58181330065067,34.963155864338816,0.22784215621533915,-0.2820460133325113,1
22.02381682395935,0.7910000085830688,87.61719133970394,34.592156866601584,0.22789757194422264,-0.281718341308763,1
22.03345799446106,0.781000018119812,87.6525693787572,34.22115786886435,0.22795635650308516,-0.2813958029836336,1
22.043352603912354,0.781000018119812,87.68794741781048,33.850158871127114,0.22801643436449412,-0.2810731413306562,1
22.053075790405273,0.7660000324249268,89.67379372677168,32.787311222652264,0.228889776098382,-0.2784776286013782,1
22.063669681549072,0.7660000324249268,89.72254950862529,32.41156701913592,0.22896006362816718,-0.27814952803050164,1
22.0730037689209,0.7560000419616699,89.7713052904789,32.03582281561958,0.22903354933287645,-0.27782664815816116,1
22.084340572357178,0.7560000419616699,89.82006107233252,31.660078612103234,0.22910828852034326,-0.27750360563652016,1
22.094229221343994,0.7420000433921814,92.00793614156109,30.611683620346287,0.22997332754479197,-0.27468703374385056,1
22.103724479675293,0.7420000433921814,92.07136374368623,30.23132583051486,0.2300575870044394,-0.274357172395965,1
22.113313913345337,0.7320000529289246,92.13479134581138,29.85096804068343,0.23014487444409276,-0.27403263286370955,1
22.123882293701172,0.7320000529289246,92.19821894793652,29.470610250852,0.23023337598593202,-0.273707890870528,1
22.133493661880493,0.718000054359436,94.56456820859037,28.436737349347467,0.23108949178323604,-0.2706985901133799,1
22.144039392471313,0.718000054359436,94.6437912747475,28.051897177580653,0.2311870297601069,-0.27036641010747386,1
22.153552770614624,0.7090000510215759,94.72301434090463,27.667057005813838,0.2312872578419895,-0.27003909892092387,1
22.163291931152344,0.7090000510215759,94.80223740706175,27.282216834047027,0.23138866122587448,-0.26971154578710554,1
22.173871755599976,0.6980000138282776,97.32537420449897,26.16189090625084,0.23235271088629306,-0.2665333671962208,1
22.18345022201538,0.6980000138282776,97.42135991767528,25.772006085011277,0.23246284884416774,-0.2661961990223791,1
22.193650484085083,0.6920000314712524,97.51734563085158,25.382121263771715,0.23257506553159923,-0.2658622546573383,1
22.203655004501343,0.6920000314712524,97.61333134402788,24.992236442532153,0.23268843315909665,-0.26552802694245403,1
22.213727235794067,0.6840000152587891,100.17231199675942,23.89615254108682,0.23362953959433375,-0.2623194523310758,1
22.223331451416016,0.6840000152587891,100.2851913448843,23.501423913930154,0.2337507611981713,-0.26197404203912894,1
22.234224796295166,0.6800000071525574,100.39807069300917,23.106695286773487,0.23387368365578898,-0.26163071350412453,1
22.244054555892944,0.6800000071525574,100.51095004113405,22.71196665961682,0.23399774293186976,-0.2612870598765926,1
22.253299474716187,0.675000011920929,102.89517175685071,21.538347121395354,0.23503393860861752,-0.2582914646463927,1
22.263862371444702,0.675000011920929,103.02363028057349,21.138276068346308,0.23516572862577434,-0.2579361872013374,1
22.273332118988037,0.6730000376701355,103.15208880429626,20.73820501529726,0.2352989077007172,-0.25758178145860927,1
22.28442692756653,0.6730000376701355,103.28054732801903,20.338133962248214,0.23543322217739904,-0.2572270111505619,1
22.293419122695923,0.6700000166893005,105.60262310154573,19.19692741724795,0.23643521414832322,-0.25431000343595866,1
22.30435085296631,0.6700000166893005,105.74612774462439,18.791772882533273,0.2365766955235758,-0.2539429171164521,1
22.313722848892212,0.6690000295639038,105.88963238770305,18.386618347818597,0.23671942975294663,-0.2535760614434523,1
22.323272943496704,0.6690000295639038,106.0331370307817,17.98146381310392,0.23686330408724998,-0.2532088019483614,1
22.333608388900757,0.6680000424385071,108.1932534578241,16.77019797269245,0.2379505380409428,-0.2504849320339523,1
22.343185663223267,0.6680000424385071,108.35059017436446,16.35951426727305,0.23810172869931598,-0.2501051619252139,1
22.353764057159424,0.6680000424385071,108.50792689090481,15.948830561853644,0.23825407255763853,-0.24972495001493536,1
22.363791942596436,0.6680000424385071,108.66526360744517,15.538146856434238,0.23840756961591048,-0.2493442963031168,1
22.373677015304565,0.6690000295639038,110.5733746770432,14.265127076189643,0.23956996034386835,-0.24691637917373432,1
22.383122205734253,0.6690000295639038,110.74272009678377,13.848528537734605,0.2397309578805651,-0.24652346333826253,1
22.39396643638611,0.6690000295639038,110.91206551652434,13.431929999279568,0.2398931277256229,-0.2461300709647496,1
22.403913974761963,0.6690000295639038,111.0814109362649,13.01533146082453,0.2400564698790419,-0.24573620205319552,1
22.413827896118164,0.6710000038146973,112.75750609522198,11.688201217962657,0.24128500349660675,-0.24357953034423846,1
22.423166036605835,0.6710000038146973,112.93718644814106,11.265357259928614,0.24145613269658872,-0.24317412328334992,1
22.433860778808594,0.6720000505447388,113.11686680106014,10.84251330189457,0.2416283917954859,-0.24276752971286342,1
22.443580627441406,0.6720000505447388,113.29654715397922,10.419669343860527,0.24180184838860047,-0.2423604272875629,1
22.454049110412598,0.6730000376701355,114.75925378207596,9.14645366977255,0.2429703123842229,-0.24045260129978244,1
22.463484048843384,0.6730000376701355,114.94773453517627,8.717776930642083,0.24315133616610596,-0.24003590884170284,1
22.473054885864258,0.675000011920929,115.13621528827657,8.289100191511617,0.2433334770647499,-0.2396172998584079,1
22.48436665534973,0.675000011920929,115.32469604137688,7.86042345238115,0.243516839692131,-0.23919815370495318,1
22.493107318878174,0.6770000457763672,116.49036616842507,6.536858895423654,0.2447472544231267,-0.23763497291263497,1
22.503530979156494,0.6770000457763672,116.68554955823903,6.102044033937085,0.24493850150493912,-0.23720733081063994,1
22.513129711151123,0.6780000329017639,116.880732948053,5.667229172450515,0.24513095902406734,-0.23677842881836075,1
22.523657083511353,0.6780000329017639,117.07591633786696,5.2324143109639465,0.24532466359230412,-0.23634896704008107,1
22.533811807632446,0.6800000071525574,118.07141934867347,3.865140551105796,0.2466094057948244,-0.2349821330830532,1
22.543383836746216,0.6800000071525574,118.27209220667794,3.4239298655918127,0.24681132600571126,-0.2345451864805801,1
22.553754091262817,0.6810000538825989,118.4727650646824,2.9827191800778294,0.24701449900623998,-0.23410695107045953,1
22.563387393951416,0.6810000538825989,118.67343792268687,2.541508494563846,0.24721894534094974,-0.2336681365184059,1
22.573856830596924,0.6830000281333923,119.41208522296614,1.1366203682694085,0.24855099273365283,-0.2325985280659036,1
22.583549976348877,0.6830000281333923,119.61644809602295,0.6887997325744166,0.24876395049704514,-0.23215378540006276,1
22.593834400177002,0.6840000152587891,119.82081096907976,0.24097909687942476,0.2489782045988593,-0.23170773157497135,1
22.604090213775635,0.6840000152587891,120.02517384213657,-0.2068415388155671,0.24919375917184056,-0.23126108428007786,1
22.61407732963562,0.6860000491142273,120.22953671519338,-0.654662174510559,0.24941062207206796,-0.2308124007365192,1
22.623549699783325,0.6860000491142273,120.72022678028634,-1.964972906814861,0.25063663861318985,-0.23002853861236153,1
22.6340389251709,0.6880000233650208,120.92655276010363,-2.4187069177902565,0.25086151291265246,-0.22957542917861495,1
22.64375138282776,0.6880000233650208,121.13287873992093,-2.872440928765652,0.25108771574536276,-0.22912171562237055,1
22.653887510299683,0.6890000104904175,121.4264837938775,-4.244898700263757,0.2523887478428122,-0.2285646888739077,1
22.66342043876648,0.6890000104904175,121.63340808380947,-4.704930689579921,0.25262336746462327,-0.22810849278776657,1
22.673800468444824,0.690000057220459,121.84033237374145,-5.164962678896085,0.2528593678115442,-0.2276509585095899,1
22.683403730392456,0.690000057220459,122.04725666367342,-5.624994668212249,0.25309672065267175,-0.22719281587392975,1
22.69389581680298,0.6920000314712524,122.14872097906698,-7.029100691987175,0.25443871073404356,-0.2268558346681811,1
22.703432321548462,0.6920000314712524,122.3549222218686,-7.495605374137234,0.2546847600099554,-0.22639566631813335,1
22.713032007217407,0.6930000185966492,122.56112346467023,-7.962110056287294,0.25493223417982236,-0.22593415390470475,1
22.724070072174072,0.6930000185966492,122.76732470747186,-8.428614738437354,0.25518108827059116,-0.22547203154797688,1
22.733256101608276,0.6950000524520874,122.97352595027348,-8.895119420587413,0.25543142902550175,-0.22500782354065849,1
22.743809461593628,0.6950000524520874,122.8731828159342,-10.300257224772821,0.25677984481550686,-0.22490116648817313,1
22.75330376625061,0.6960000395774841,123.07728294238917,-10.773195485690849,0.2570389162130712,-0.22443692040421168,1
22.763903856277466,0.6960000395774841,123.28138306884415,-11.246133746608876,0.2572993950750123,-0.22397206691822538,1
22.77322793006897,0.6970000267028809,123.0554849538093,-12.598261520510981,0.25858855089906685,-0.22400825265121263,1
22.783869981765747,0.6970000267028809,123.25663801912809,-13.0772254461761,0.2588574498717618,-0.22354414786553872,1
22.793946743011475,0.6980000138282776,123.45779108444688,-13.55618937184122,0.2591278584510489,-0.22307870250418216,1
22.80422878265381,0.6980000138282776,123.65894414976567,-14.03515329750634,0.2593996981745856,-0.22261265609744968,1
22.81414031982422,0.7000000476837158,123.86009721508447,-14.51411722317146,0.2596731432147269,-0.2221445222990147,1
22.823615550994873,0.7000000476837158,123.35562693630011,-15.865931313333746,0.26096774172009524,-0.2225001370868037,1
22.83362317085266,0.7010000348091125,123.55194464191817,-16.350876538434974,0.2612496661664333,-0.22203450741670902,1
22.84346580505371,0.7010000348091125,123.74826234753623,-16.835821763536202,0.26153304835821933,-0.22156828761555028,1
22.853074312210083,0.7020000219345093,123.94458005315428,-17.32076698863743,0.26181799221871727,-0.2211007340254215,1
22.86365842819214,0.7020000219345093,123.22335085936706,-18.59345813333627,0.26302450249722265,-0.22170430548677098,1
22.874093294143677,0.703000009059906,123.41338326301175,-19.083799508744555,0.26331746126537336,-0.22124062833562508,1
22.884703159332275,0.703000009059906,123.60341566665645,-19.57414088415284,0.2636118998838218,-0.22077637766667463,1
22.893885135650635,0.7040000557899475,123.79344807030114,-20.064482259561125,0.26390793874508706,-0.220310810684522,1
22.903477668762207,0.7040000557899475,122.9811896040902,-21.366968338420577,0.2651539305453013,-0.22101520301947367,1
22.913073778152466,0.7050000429153442,123.16435797343789,-21.862871561458398,0.2654582085988202,-0.22055409416581345,1
22.92475724220276,0.7050000429153442,123.34752634278557,-22.35877478449622,0.26576398923923256,-0.22009243031194692,1
22.933412313461304,0.7070000171661377,123.53069471213325,-22.85467800753404,0.26607154671914357,-0.21962872910862244,1
22.944010734558105,0.7070000171661377,122.5361332012103,-24.080394951667706,0.2672328588939166,-0.22053977475479647,1
22.9531512260437,0.7070000171661377,122.7112374600505,-24.581295329482188,0.26754806737819165,-0.22008243711356085,1
22.964195728302002,0.7070000171661377,122.88634171889069,-25.08219570729667,0.2678647996014676,-0.21962456680515177,1
22.97350287437439,0.7090000510215759,123.06144597773088,-25.58309608511115,0.2681833625660942,-0.2191646870672197,1
22.984102487564087,0.7090000510215759,121.90475735457306,-26.84025115763196,0.2693865338290041,-0.2202594070058827,1
22.993776559829712,0.7100000381469727,122.07074354775499,-27.346329202374918,0.26971313106409905,-0.21980619712995944,1
23.00396728515625,0.7100000381469727,122.23672974093691,-27.852407247117874,0.2700412768981268,-0.21935247933624707,1
23.013768672943115,0.7110000252723694,122.40271593411883,-28.35848529186083,0.27037114147980834,-0.21889751921790532,1
23.023524522781372,0.7110000252723694,121.00049120504814,-29.54076199859003,0.2714921409115527,-0.22027321769762478,1
23.033806324005127,0.7120000123977661,121.15574121688857,-30.051469389650464,0.27182959857546213,-0.21982650724591074,1
23.04436707496643,0.7120000123977661,121.31099122872901,-30.5621767807109,0.27216862513251494,-0.21937931986614873,1
23.053984880447388,0.7130000591278076,121.46624124056945,-31.072884171771335,0.2725094070287283,-0.21893092672683467,1
23.063440561294556,0.7130000591278076,119.94710574984806,-32.18629600945067,0.2735555320744901,-0.22043721681500184,1
23.074021816253662,0.7140000462532043,120.09089273882178,-32.70112957984251,0.27390350248097767,-0.21999783871376044,1
23.085520029067993,0.7140000462532043,120.2346797277955,-33.215963150234344,0.27425306063433913,-0.2195580171734051,1
23.094103574752808,0.7150000333786011,120.37846671676921,-33.73079672062618,0.2746044089167493,-0.21911702993243448,1
23.10377812385559,0.7150000333786011,118.7570055706404,-34.88243557297161,0.2757009591649738,-0.22073691634292225,1
23.11314630508423,0.7150000333786011,118.8887071173007,-35.401628912025366,0.27605956300814766,-0.22030633347172282,1
23.1247136592865,0.7150000333786011,119.02040866396099,-35.92082225107912,0.2764197711588432,-0.2198753436427178,1
23.133307933807373,0.7170000076293945,119.15211021062129,-36.44001559013288,0.2767820208916177,-0.2194425170489932,1
23.144153356552124,0.7170000076293945,117.3401850797253,-37.52345662340791,0.27780479362298627,-0.22127899404910267,1
23.153252363204956,0.7170000076293945,117.45857920441792,-38.04651319517399,0.27817388106310703,-0.2208578083511813,1
23.16590642929077,0.7170000076293945,117.57697332911053,-38.56956976694008,0.27854459102473733,-0.22043625539467968,1
23.173852682113647,0.7190000414848328,117.69536745380314,-39.09262633870616,0.2789173926273343,-0.22001292281128063,1
23.183387756347656,0.7190000414848328,115.81656263908376,-40.11331269547745,0.27987297250205057,-0.22192162034728607,1
23.193792581558228,0.7190000414848328,115.9212815234781,-40.63977664282101,0.2802522274713569,-0.22151037638325882,1
23.20363163948059,0.7190000414848328,116.02600040787244,-41.16624059016458,0.2806331218495262,-0.22109880632459955,1
23.213828325271606,0.7210000157356262,116.13071929226679,-41.69270453750814,0.28101615594257173,-0.22068551662061825,1
23.22321319580078,0.7210000157356262,114.09410911512286,-42.55432072415665,0.2817922626026249,-0.22277277400713025,1
23.233850717544556,0.7210000157356262,114.18416457254372,-43.08307973229883,0.2821807446378439,-0.2223726076783339,1
23.244373321533203,0.7210000157356262,114.27422002996458,-43.611838740441,0.28257087957377236,-0.22197215983616914,1
23.253886938095093,0.7230000495910645,114.36427548738544,-44.140597748583176,0.2829631971065495,-0.22157005808609906,1
23.263420343399048,0.7230000495910645,112.18927160195582,-44.958957722703104,0.2836954238555691,-0.22381323209810938,1
23.273932456970215,0.7230000495910645,112.26381483822996,-45.489700058232586,0.2840929268689413,-0.22342516746033175,1
23.284255743026733,0.7230000495910645,112.3383580745041,-46.02044239376207,0.28449209535192027,-0.2230368689058565,1
23.294020175933838,0.7240000367164612,112.41290131077824,-46.55118472929155,0.2848932086080185,-0.22264766196595936,1
23.303494453430176,0.7240000367164612,110.21854122975172,-47.32982558603992,0.28558555154534504,-0.22490844209935146,1
23.31299924850464,0.7250000238418579,110.27754432190179,-47.86226582500957,0.285991889004246,-0.2245327463347301,1
23.32386350631714,0.7250000238418579,110.33654741405185,-48.39470606397923,0.28639990364997586,-0.2241568647103601,1
23.33310627937317,0.7260000109672546,110.39555050620191,-48.927146302948884,0.286809889041633,-0.22378013486146608,1
23.343515634536743,0.7260000109672546,108.08712702499612,-49.66934133797588,0.2874665792113487,-0.22616872060665488,1
23.354487419128418,0.7270000576972961,108.12991346260405,-50.20321837802925,0.2878815827844652,-0.22580627629280148,1
23.365156173706055,0.7270000576972961,108.17269990021198,-50.73709541808262,0.28829827447696715,-0.2254436966882176,1
23.373255252838135,0.7280000448226929,108.21548633781991,-51.27097245813599,0.28871696191072876,-0.2250803325083445,1
23.383598804473877,0.7280000448226929,105.80870577206755,-51.87859576890959,0.2892234933434247,-0.22757849278257808,1
23.393351554870605,0.7280000448226929,105.83471113356535,-52.41297801734473,0.2896460411511282,-0.22723072581572523,1
23.40394163131714,0.7280000448226929,105.86071649506314,-52.947360265779864,0.2900702818819385,-0.22688287646388017,1
23.41378664970398,0.7290000319480896,105.88672185656094,-53.481742514215,0.2904965364221794,-0.22653430941489122,1
23.423259973526,0.7290000319480896,103.39597632469616,-54.06853524072994,0.29098571866943723,-0.22912599987555474,1
23.433526754379272,0.7300000190734863,103.40473857165352,-54.60327657113821,0.29141603293377827,-0.22879296691652362,1
23.44319224357605,0.7300000190734863,103.41350081861088,-55.138017901546476,0.29184804767561123,-0.22845990609354616,1
23.45380997657776,0.7310000061988831,103.42226306556825,-55.67275923195474,0.29228209692719087,-0.22812619688103314,1
23.463250160217285,0.7310000061988831,100.96183295894943,-56.1394818064074,0.2926383775102641,-0.23067743650672617,1
23.47378420829773,0.7310000061988831,100.953676230126,-56.67375707037779,0.29307539222910406,-0.23035971332033744,1
23.483246088027954,0.7310000061988831,100.94551950130258,-57.208032334348175,0.2935141091489548,-0.23004201612128708,1
23.49344229698181,0.7310000061988831,100.93736277247916,-57.74230759831856,0.2939545282698165,-0.229724344909575,1
23.50377368927002,0.7320000529289246,98.40843669408966,-58.10046337317422,0.29419121052762426,-0.23235151454953795,1
23.513362169265747,0.7320000529289246,98.38300591643109,-58.633531745027994,0.2946342415980647,-0.23204968273668494,1
23.524486303329468,0.7320000529289246,98.35757513877252,-59.16660011688177,0.2950789742229173,-0.23174793209888236,1
23.53372311592102,0.7320000529289246,98.33214436111395,-59.69966848873554,0.2955254084021822,-0.2314462626361301,1
23.54313850402832,0.7330000400543213,95.74646210543597,-60.06095595257001,0.29577317443177864,-0.23413581445102638,1
23.553786039352417,0.7330000400543213,95.70348511236745,-60.592847055377646,0.2962222581005714,-0.2338503836393099,1
23.56325078010559,0.7330000400543213,95.66050811929892,-61.12473815818528,0.2966730427572388,-0.23356509026802758,1
23.57397747039795,0.7330000400543213,95.6175311262304,-61.656629260992915,0.29712552840178086,-0.23327993433717942,1
23.58363366127014,0.734000027179718,93.08686815469014,-61.92005886257681,0.2972663654222613,-0.23590143952699072,1
23.593292474746704,0.734000027179718,93.02684078857942,-62.450109954714705,0.29772088010896663,-0.2356321946496666,1
23.604859828948975,0.734000027179718,92.9668134224687,-62.9801610468526,0.2981770930794576,-0.23536314210003328,1
23.613973140716553,0.734000027179718,92.90678605635799,-63.5102121389905,0.29863500433373424,-0.23509428187809078,1
23.6234130859375,0.734000027179718,90.33012762990901,-63.68558443486096,0.29868011841448094,-0.23776667545474542,1
23.634208917617798,0.734000027179718,90.25285011104214,-64.213204394557,0.29913911511248703,-0.23751459851732745,1
23.643856525421143,0.7350000143051147,90.17557259217526,-64.74082435425304,0.299600190744875,-0.23726222813062278,1
23.65405011177063,0.7350000143051147,90.09829507330838,-65.26844431394908,0.3000629600373789,-0.23701010580476045,1
23.663690328598022,0.7350000143051147,87.48527205954198,-65.36481233371407,0.30002341554996603,-0.23972177669077913,1
23.673165559768677,0.7350000143051147,87.3906120649728,-65.8894760715091,0.30048675936795255,-0.23948668961594297,1
23.683964014053345,0.7350000143051147,87.29595207040362,-66.41413980930412,0.30095178735658235,-0.2392519063996975,1
23.694519758224487,0.7350000143051147,87.20129207583443,-66.93880354709914,0.3014184995158556,-0.23901742704204276,1
23.702999114990234,0.734000027179718,84.66169909093848,-66.96452517522462,0.3013033529164304,-0.24164128746744296,1
23.71361494064331,0.734000027179718,84.55027797746585,-67.48576843971458,0.3017697740964719,-0.24142387049748165,1
23.723271131515503,0.7320000529289246,84.43885686399322,-68.00701170420453,0.3022370492663842,-0.24120782377402317,1
23.734012603759766,0.7320000529289246,84.32743575052059,-68.52825496869448,0.30270598824496214,-0.24099213270679418,1
23.743598699569702,0.7280000448226929,81.8595085245541,-68.59206002065302,0.3026402998577231,-0.24353300083011087,1
23.753068208694458,0.7280000448226929,81.73193147108273,-69.11016714037525,0.3031079323032767,-0.24333531103489606,1
23.763813972473145,0.7240000367164612,81.60435441761136,-69.62827426009748,0.30357553503035617,-0.24313998391229602,1
23.773563623428345,0.7240000367164612,81.47677736413999,-70.14638137981972,0.3040447666863341,-0.24294505789198018,1
23.784119606018066,0.7170000076293945,79.07873980217806,-70.24564753210677,0.30402314712590006,-0.24540750616042836,1
23.793649435043335,0.7170000076293945,78.93559582377478,-70.76088295867508,0.30448996039282983,-0.24523135704820323,1
23.803125619888306,0.7120000123977661,78.79245184537149,-71.2761183852434,0.30495623363856406,-0.24505801573990668,1
23.81387209892273,0.7120000123977661,78.6493078669682,-71.7913538118117,0.30542408968756707,-0.2448851141699225,1
23.823370695114136,0.703000009059906,76.42038598971745,-72.12564534361297,0.30567815798345854,-0.24715450421481472,1
23.833996772766113,0.703000009059906,76.26294056858532,-72.63964010177187,0.3061441019051506,-0.2469999164581765,1
23.843475103378296,0.6960000395774841,76.1054951474532,-73.15363485993078,0.3066085246237815,-0.24684900028868878,1
23.853220224380493,0.6960000395774841,75.94804972632107,-73.66762961808968,0.30707447699093465,-0.24669855267681162,1
23.86382794380188,0.6840000152587891,73.97773682698572,-74.11418952730536,0.30745781346001116,-0.24867255002843877,1
23.873350620269775,0.6840000152587891,73.80786062070895,-74.62772188645907,0.3079210279035956,-0.2485397525734518,1
23.88396978378296,0.6760000586509705,73.63798441443218,-75.14125424561279,0.3083821268845575,-0.2484109830430634,1
23.894016981124878,0.6760000586509705,73.46810820815541,-75.6547866047665,0.30884469251411784,-0.24828269867917988,1
23.903671979904175,0.6630000472068787,71.63488946715381,-76.30419071253219,0.30946155045105195,-0.25010424051475644,1
23.913254737854004,0.6630000472068787,71.45360727504578,-76.81865478070384,0.30992189544851334,-0.2499927578257196,1
23.92371392250061,0.6550000309944153,71.27232508293775,-77.33311884887549,0.31037995763007453,-0.2498851998172008,1
23.93390965461731,0.6550000309944153,71.09104289082973,-77.84758291704713,0.3108394242986375,-0.2497781367091001,1
23.943720817565918,0.6410000324249268,69.48653841718065,-78.78144905222663,0.3117837420632089,-0.2513404166304244,1
23.953317880630493,0.6410000324249268,69.2954964333912,-79.29878918329995,0.3122418899377306,-0.25124876088559916,1
23.96382474899292,0.6310000419616699,69.10445444960173,-79.81612931437326,0.3126966177311481,-0.251161756901213,1
23.973232984542847,0.6310000419616699,68.91341246581227,-80.33346944544657,0.3131526833662748,-0.25107524695144506,1
23.983555793762207,0.6170000433921814,67.51911076872194,-81.62513241504803,0.3145079201877576,-0.25240074630398907,1
23.993110418319702,0.6170000433921814,67.31981711122586,-82.14778267105655,0.3149643260842721,-0.25232797305964794,1
24.003661394119263,0.6070000529289246,67.12052345372977,-82.67043292706506,0.31541707943061803,-0.2522597256756564,1
24.013426065444946,0.6070000529289246,66.92122979623369,-83.19308318307358,0.3158711090890551,-0.2521919649668397,1
24.02395749092102,0.5920000076293945,65.71989876867072,-84.80722458767696,0.31759390535379817,-0.25330122528063165,1
24.033519506454468,0.5920000076293945,65.5137331649199,-85.33736026162968,0.3180490839525373,-0.2532460964670291,1
24.043149948120117,0.581000030040741,65.30756756116908,-85.86749593558241,0.3184998421872205,-0.25319576284561335,1
24.053662300109863,0.581000030040741,65.10140195741826,-86.39763160953514,0.31895181231214986,-0.2531459005188049,1
24.063174962997437,0.5660000443458557,64.0770069170414,-88.301586072311,0.32100180729288197,-0.2540580516302765,1
24.073548316955566,0.5660000443458557,63.86522976712728,-88.84114361158463,0.3214558900867428,-0.25401945660067365,1
24.083021640777588,0.5560000538825989,63.65345261721316,-89.38070115085826,0.32190579491214877,-0.2539851458372632,1
24.094046354293823,0.5560000538825989,63.44167546729904,-89.92025869013189,0.32235685223263305,-0.2539512874299134,1
24.10401225090027,0.5400000214576721,62.680300369028366,-92.28583264483368,0.32493293094613573,-0.2545658114003624,1
24.113580226898193,0.5400000214576721,62.46475390167323,-92.837913585155,0.3253873191531562,-0.2545418455986913,1
24.124478578567505,0.5300000309944153,62.24920743431809,-93.38999452547631,0.3258372302110383,-0.2545220544607256,1
24.134416580200195,0.5300000309944153,62.03366096696295,-93.94207546579763,0.3262882343892849,-0.2545026901048053,1
24.144490480422974,0.51500004529953,61.51172218009626,-96.82295024896857,0.3294512431183136,-0.25484710143038297,1
24.154042959213257,0.51500004529953,61.29407433394591,-97.39100312359808,0.32990797752050993,-0.25483572657938447,1
24.16364312171936,0.5049999952316284,61.07642648779556,-97.9590559982276,0.33035990797000625,-0.2548284276868113,1
24.17384672164917,0.5049999952316284,60.85877864164521,-98.52710887285711,0.3308128779562468,-0.2548215270897905,1
24.185126781463623,0.4930000305175781,60.55439645705612,-101.76885271641308,0.3343858709769202,-0.2549181200549416,1
24.193654775619507,0.4930000305175781,60.33615373660407,-102.35524331145136,0.33485157790049924,-0.2549142714840327,1
24.204719305038452,0.48600003123283386,60.117911016152014,-102.94163390648964,0.33531834032714924,-0.2549108157500206,1
24.214459896087646,0.48600003123283386,59.89966829569996,-103.52802450152792,0.33578615825687036,-0.25490775285290534,1
24.224019289016724,0.47600001096725464,59.59056159694957,-106.99000488467908,0.33961276669258533,-0.25501118177860566,1
24.23345971107483,0.47600001096725464,59.371695669285764,-107.59611823814748,0.3400973741150788,-0.25500936837167953,1
24.243293285369873,0.4710000157356262,59.15282974162196,-108.20223159161588,0.3405830725416086,-0.25500794892342327,1
24.254201412200928,0.4710000157356262,58.93396381395815,-108.80834494508429,0.34106986197217454,-0.25500692343383674,1
24.26386785507202,0.4650000333786011,58.62077018593938,-112.26173562427775,0.3448824430653239,-0.25511643620275903,1
24.27345895767212,0.4650000333786011,58.40125728613749,-112.88737780217627,0.3453859485907591,-0.25511668013154887,1
24.28384232521057,0.4620000123977661,58.18174438633561,-113.5130199800748,0.3458905802721145,-0.2551173191835584,1
24.293934106826782,0.4620000123977661,57.962231486533724,-114.13866215797333,0.3463963381093902,-0.2551183533587875,1
24.303731203079224,0.4580000340938568,57.54453870129906,-117.47722423988779,0.3500710569403315,-0.2553511942607581,1
24.31370782852173,0.4580000340938568,57.32366651614998,-118.12147391806621,0.3505929154389097,-0.2553540303099005,1
24.323925256729126,0.45600003004074097,57.102794331000894,-118.76572359624464,0.3511159335869086,-0.2553572639289763,1
24.334373235702515,0.45600003004074097,56.88192214585181,-119.40997327442307,0.35164011138432816,-0.2553608951179853,1
24.34314250946045,0.453000009059906,56.36998367506312,-122.53774866237629,0.3550654390712532,-0.2557047993145969,1
24.353883504867554,0.453000009059906,56.14711509290155,-123.19903261608587,0.35560461362774276,-0.25571071142686724,1
24.363746643066406,0.4520000219345093,55.924246510739984,-123.86031656979546,0.356144978495349,-0.25571702470258545,1
24.374247789382935,0.4520000219345093,55.70137792857842,-124.52160052350504,0.3566865336740719,-0.2557237391417515,1
24.384175062179565,0.45100003480911255,55.10467986881499,-127.35214657661496,0.35976231777872636,-0.2561673739194266,1
24.393816471099854,0.45100003480911255,54.879247205325896,-128.02830941167778,0.36031732689649754,-0.2561767989529318,1
24.403156042099,0.45100003480911255,54.6538145418368,-128.7044722467406,0.3608735531073718,-0.25618662976523127,1
24.414076805114746,0.45100003480911255,54.42838187834771,-129.38063508180343,0.36143099641134924,-0.256196866356325,1
24.42327618598938,0.45000001788139343,53.755693696932276,-131.93730730578432,0.36418552783615954,-0.25672976904546185,1
24.433924674987793,0.45000001788139343,53.52719330733606,-132.62636855688862,0.36475500470009203,-0.25674310028451486,1
24.44342565536499,0.45000001788139343,53.29869291773985,-133.31542980799293,0.3653257218742765,-0.25675684282426914,1
24.454737901687622,0.45000001788139343,53.070192528143636,-134.00449105909723,0.36589767935871287,-0.25677099666472464,1
24.4638249874115,0.45000001788139343,52.22861704361725,-136.10706562674935,0.36812144144272274,-0.2575014516715924,1
24.47321057319641,0.45000001788139343,51.995911551171304,-136.80582221358773,0.3687030950843896,-0.2575195576671743,1
24.483698844909668,0.45100003480911255,51.76320605872536,-137.50457880042612,0.36928600648791277,-0.25753808253264265,1
24.49359941482544,0.45100003480911255,51.530500566279414,-138.2033353872645,0.3698701756532923,-0.2575570262679973,1
24.503846645355225,0.45100003480911255,50.537231318103785,-139.99253101131458,0.3717289146773467,-0.2584645036577649,1
24.5133216381073,0.45100003480911255,50.29930907398768,-140.69876698383987,0.37232116572472973,-0.2584881675786075,1
24.523582935333252,0.45100003480911255,50.06138682987157,-141.40500295636517,0.37291468799686334,-0.25851225975948944,1
24.533299684524536,0.45100003480911255,49.82346458575547,-142.11123892889046,0.3735094814937475,-0.25853678020041077,1
24.54349160194397,0.4520000219345093,48.69439096671255,-143.5132252883978,0.37491797932910415,-0.2596023332616076,1
24.55398917198181,0.4520000219345093,48.45035624631848,-144.2242334666958,0.3755188668749272,-0.2596322592861533,1
24.563820600509644,0.453000009059906,48.20632152592441,-144.93524164499382,0.3761210342354713,-0.25966262457319583,1
24.57369637489319,0.453000009059906,47.96228680553034,-145.64624982329184,0.3767244814107362,-0.259693429122735,1
24.583755016326904,0.453000009059906,47.71825208513627,-146.35725800158986,0.37732920840072215,-0.2597246729347709,1
24.593273401260376,0.453000009059906,46.57319063417167,-147.3413921642384,0.3782540673325372,-0.2608082306242615,1
24.60369896888733,0.4540000259876251,46.322978314415906,-148.05427294281492,0.37886274779755097,-0.2608449511767783,1
24.613340854644775,0.4540000259876251,46.072765994660145,-148.76715372139142,0.3794727114479662,-0.2608821221114707,1
24.6233127117157,0.4540000259876251,44.808695037552745,-149.30216438316876,0.3798763276128859,-0.26210323705197897,1
24.633939266204834,0.4540000259876251,44.551532552475344,-150.01382583325903,0.3804879499954291,-0.26214648228622167,1
24.64389443397522,0.45500001311302185,44.29437006739794,-150.7254872833493,0.38110085336858246,-0.2621901904129375,1
24.65348792076111,0.45500001311302185,44.03720758232054,-151.43714873343959,0.38171503773234605,-0.2622343614321265,1
24.663673877716064,0.45600003004074097,42.76928953221615,-151.6012845599806,0.38169131255774436,-0.2634589682190056,1
24.673063039779663,0.45600003004074097,42.505197138698875,-152.3091920832354,0.3823052647146564,-0.2635092232130442,1
24.683769941329956,0.45600003004074097,42.2411047451816,-153.01709960649018,0.38292049110511045,-0.2635599535733911,1
24.69344425201416,0.45600003004074097,41.97701235166433,-153.72500712974497,0.38353699172910627,-0.26361115930004647,1
24.704206943511963,0.4570000171661377,40.60707253394215,-153.45319688096205,0.3830109472900216,-0.2649539159037614,1
24.713661670684814,0.4570000171661377,40.33539735820719,-154.1543864914763,0.3836249961987531,-0.26501171627286935,1
24.723754405975342,0.4570000171661377,40.063722182472226,-154.85557610199052,0.38424030724878355,-0.26507000565729366,1
24.734129667282104,0.4570000171661377,39.79204700673726,-155.55676571250476,0.3848568804401129,-0.26512878405703433,1
24.74396800994873,0.4580000340938568,38.33199364733111,-154.8917324268011,0.3838795611999031,-0.2665755607132202,1
24.75354814529419,0.4580000340938568,38.05216898527379,-155.58355295350094,0.38449168544803525,-0.26664138264683424,1
24.763954639434814,0.4580000340938568,37.772344323216466,-156.27537348020078,0.38510505497311553,-0.26670770826483997,1
24.773708820343018,0.4580000340938568,37.49251966115914,-156.96719400690063,0.38571966977514394,-0.26677453756723735,1
24.784865856170654,0.4580000340938568,37.21269499910182,-157.65901453360047,0.3863355298541203,-0.26684187055402653,1
24.79346489906311,0.4580000340938568,35.67302468606281,-156.42599551313324,0.38470569493732704,-0.26838037418794997,1
24.8038969039917,0.45900002121925354,35.384563290724486,-157.10462051404414,0.38531422325468956,-0.268455143443789,1
24.81367301940918,0.45900002121925354,35.09610189538616,-157.78324551495504,0.3859239730970537,-0.26853043193013976,1
24.82368302345276,0.45900002121925354,33.49158673565018,-156.3733201430261,0.3840970466157378,-0.2701424269866504,1
24.833301305770874,0.45900002121925354,33.194104213952244,-157.03762880114652,0.38469858250347766,-0.2702254692094803,1
24.843130350112915,0.45900002121925354,32.89662169225431,-157.70193745926696,0.38530131414680213,-0.2703090469008492,1
24.854122638702393,0.45900002121925354,32.59913917055637,-158.3662461173874,0.38590524154571126,-0.27039316006075725,1
24.86374831199646,0.46000000834465027,32.30165664885843,-159.03055477550782,0.386510364700205,-0.27047780868920435,1
24.873218774795532,0.46000000834465027,30.635305417237017,-157.0160683876593,0.3839901575563864,-0.2721606527835016,1
24.883580207824707,0.46000000834465027,30.328441505010378,-157.66201821977222,0.38458400510859614,-0.27225335626666136,1
24.893211364746094,0.46000000834465027,30.02157759278374,-158.30796805188515,0.3851790153705038,-0.2723466121048632,1
24.903671264648438,0.46000000834465027,28.408900836797503,-156.01489449501514,0.3823450082507026,-0.2739644548588926,1
24.913126468658447,0.46000000834465027,28.093087985244242,-156.64070274090213,0.3829273494736619,-0.2740654774692647,1
24.923344612121582,0.46000000834465027,27.77727513369098,-157.26651098678911,0.38351081715146396,-0.2741670685427696,1
24.93500065803528,0.46000000834465027,27.46146228213772,-157.8923192326761,0.3840954112841085,-0.27426922807940735,1
24.944248914718628,0.46000000834465027,25.79437929141957,-155.2163755696363,0.38082698965114037,-0.2759492966663114,1
24.95375680923462,0.46000000834465027,25.46930345352547,-155.81955023401596,0.3813969886804638,-0.2760594883222843,1
24.963935375213623,0.4610000252723694,25.14422761563137,-156.42272489839561,0.38196807342418315,-0.2761702651147653,1
24.9738986492157,0.4610000252723694,24.819151777737268,-157.02589956277527,0.38254024388229835,-0.27628162704375453,1
24.98407292366028,0.4610000252723694,24.494075939843167,-157.62907422715492,0.3831135000548095,-0.27639357410925197,1
24.99350619316101,0.4610000252723694,22.781621951771125,-154.46627206803439,0.37929221783672806,-0.2781254452306056,1
25.00410795211792,0.4610000252723694,22.447037112611103,-155.04363496769977,0.3798484305715093,-0.27824564128659973,1
25.013903617858887,0.4610000252723694,22.11245227345108,-155.62099786736516,0.38040568255950996,-0.2783664395953044,1
25.024360179901123,0.4610000252723694,20.463998479982983,-152.2283330444483,0.3763302405344805,-0.2800213605012851,1
25.034144163131714,0.4610000252723694,20.12040865799916,-152.7784862050186,0.3768693153267233,-0.28015006688025296,1
25.0429470539093,0.4610000252723694,19.776818836015337,-153.32863936558888,0.3774093803946551,-0.2802793917209004,1
25.05361771583557,0.4610000252723694,19.433229014031514,-153.87879252615917,0.3779504357382759,-0.28040933502322735,1
25.0636088848114,0.4610000252723694,19.08963919204769,-154.42894568672946,0.3784924813575858,-0.2805398967872339,1
25.073251247406006,0.4610000252723694,17.504962515544964,-150.52081082553076,0.37383213932142356,-0.28211958009704674,1
25.083574771881104,0.46000000834465027,17.152867219184945,-151.04041023847833,0.37435341977806763,-0.2822577106783051,1
25.094928979873657,0.46000000834465027,16.800771922824925,-151.5600096514259,0.374875635513655,-0.28239647503109677,1
25.103879690170288,0.46000000834465027,16.448676626464906,-152.07960906437347,0.37539878652818576,-0.28253587315542195,1
25.11352276802063,0.46000000834465027,14.821715995377131,-147.77779947380446,0.37029674750563973,-0.284163551531593,1
25.123727798461914,0.46000000834465027,14.460886535396705,-148.2643671821708,0.37079717586658345,-0.28431072007661984,1
25.13509464263916,0.46000000834465027,14.100057075416279,-148.7509348905371,0.37129848004940225,-0.28445853811467475,1
25.143855333328247,0.46000000834465027,13.739227615435853,-149.23750259890343,0.3718006600540961,-0.2846070056457575,1
25.153432369232178,0.46000000834465027,12.076482086164502,-144.5899276505119,0.3663134595950488,-0.2862751320622446,1
25.16325807571411,0.46000000834465027,11.706735163882158,-145.04132909534232,0.366791206680939,-0.2864315384616451,1
25.174763202667236,0.46000000834465027,11.336988241599814,-145.49273054017274,0.3672697662894299,-0.28658861040550576,1
25.184401512145996,0.46000000834465027,10.96724131931747,-145.94413198500317,0.36774913842052154,-0.28674634789382647,1
25.19385576248169,0.46000000834465027,9.478667346931827,-140.9944188482911,0.3619281364679545,-0.2882100255910116,1
25.203428268432617,0.46000000834465027,9.101258186732839,-141.4088309971128,0.3623815901951838,-0.2883747997231709,1
25.21534514427185,0.46000000834465027,8.72384902653385,-141.8232431459345,0.3628357898642809,-0.2885402531918187,1
25.22323966026306,0.46000000834465027,8.346439866334862,-142.2376552947562,0.3632907354752459,-0.28870638599695486,1
25.234223127365112,0.46000000834465027,6.813289187221121,-136.92373380622166,0.35706384321114737,-0.2902214679950152,1
25.243364095687866,0.46000000834465027,6.427965691095904,-137.29891922833883,0.3574910702683747,-0.29039485293491135,1
25.25529718399048,0.46000000834465027,6.042642194970687,-137.674104650456,0.35791897265936173,-0.2905689314571005,1
25.2637197971344,0.46000000834465027,5.6573186988454705,-138.04929007257317,0.3583475503841086,-0.2907437035615827,1
25.273120641708374,0.46000000834465027,4.187869488463948,-132.41763122313907,0.3517694801001631,-0.2921838631675327,1
25.28374457359314,0.46000000834465027,3.79512237083827,-132.75168438753204,0.3521687786509693,-0.29236555056372554,1
25.293514490127563,0.46000000834465027,3.4023752532125924,-133.085737551925,0.3525686784974713,-0.2925479449047301,1
25.303670167922974,0.46000000834465027,3.0096281355869148,-133.41979071631798,0.3529691796396694,-0.29273104619054635,1
25.313137769699097,0.46000000834465027,1.498172117057147,-127.61447597175987,0.3462083701113001,-0.29421989018103956,1
25.323776960372925,0.46000000834465027,1.097764581317373,-127.90648949107555,0.34657876828165557,-0.2944101098219483,1
25.333698272705078,0.46000000834465027,0.6973570455775993,-128.19850301039122,0.3469496920763458,-0.2946010501964213,1
25.344290018081665,0.46000000834465027,0.29694950983782537,-128.4905165297069,0.3473211414953708,-0.29479271130445867,1
25.354057788848877,0.46000000834465027,-1.0472333358988821,-122.33732112793692,0.3401742999599176,-0.29608607738634846,1
25.36387801170349,0.45900002121925354,-1.4541036045979714,-122.58519949804625,0.34051393493666654,-0.2962839925018123,1
25.374780416488647,0.45900002121925354,-1.8609738732970607,-122.83307786815558,0.34085401609448174,-0.2964826399837598,1
25.382967710494995,0.45900002121925354,-2.26784414199615,-123.08095623826492,0.3411945434333631,-0.29668201983219095,1
25.393547534942627,0.45900002121925354,-3.5604304585729016,-116.72757275634035,0.3338344231002166,-0.29791541667734595,1
25.403122425079346,0.45900002121925354,-3.973366193655718,-116.93024506752184,0.3341421802507053,-0.2981207778893343,1
25.41433024406433,0.45900002121925354,-4.3863019287385345,-117.13291737870333,0.334450302211354,-0.29832688238564575,1
25.423278093338013,0.45900002121925354,-4.7992376638213505,-117.33558968988481,0.33475878898216294,-0.2985337301662804,1
25.43380093574524,0.45900002121925354,-6.043410444336728,-110.71306279009141,0.3271049833402399,-0.29971108862690715,1
25.44334387779236,0.45900002121925354,-6.46203895329134,-110.86899233884245,0.32737939370985036,-0.29992366198132125,1
25.454086780548096,0.45900002121925354,-6.880667462245952,-111.02492188759348,0.32765408475264857,-0.3001369888670516,1
25.46379542350769,0.45900002121925354,-7.299295971200563,-111.18085143634451,0.32792905646863446,-0.30035106928409794,1
25.473166942596436,0.45900002121925354,-8.49801340122401,-104.42999341922874,0.3201460904306557,-0.3014760408121422,1
25.48399591445923,0.45900002121925354,-8.921984817553732,-104.53861768620061,0.32038639959063736,-0.3016956066646521,1
25.494173049926758,0.45900002121925354,-9.345956233883452,-104.64724195317248,0.32062690427429963,-0.30191593566571134,1
25.503764867782593,0.45900002121925354,-9.769927650213173,-104.75586622014436,0.32086760448164237,-0.30213702781532004,1
25.513278007507324,0.45900002121925354,-10.925945021790378,-97.80169813169161,0.3128678473870082,-0.30321301222644675,1
25.52359127998352,0.45900002121925354,-11.354930731837403,-97.86194440397534,0.3130729170976316,-0.30343936424258666,1
25.533262252807617,0.45900002121925354,-11.783916441884427,-97.92219067625908,0.31327809525154504,-0.3036664884330046,1
25.543654918670654,0.45900002121925354,-12.212902151931452,-97.98243694854281,0.3134833818487486,-0.30389438479770065,1
25.553154230117798,0.45900002121925354,-13.328790717066717,-90.95995996825597,0.3054244237652937,-0.3049245540524111,1
25.56412410736084,0.45900002121925354,-13.76248193631529,-90.9716872699311,0.30559380190718366,-0.30515749830513583,1
25.5743408203125,0.45900002121925354,-14.196173155563862,-90.98341457160622,0.30576320115821665,-0.30539122320205514,1
25.58387851715088,0.45900002121925354,-14.629864374812435,-90.99514187328134,0.30593262151839257,-0.30562572874316907,1
25.593364477157593,0.45900002121925354,-15.606856807234005,-83.82422996409007,0.29772066294490024,-0.3064949914763264,1
25.60364556312561,0.45900002121925354,-16.044270166715997,-83.78674922105503,0.29785348833684133,-0.3067338295751778,1
25.613619327545166,0.45900002121925354,-16.48168352619799,-83.74926847802,0.29798624626344494,-0.3069734550180763,1
25.62389898300171,0.45900002121925354,-16.919096885679984,-83.71178773498497,0.2981189367247111,-0.3072138678050219,1
25.633572340011597,0.45900002121925354,-17.870394256243245,-76.52249632081802,0.2899056738158951,-0.3080547506628055,1
25.643293857574463,0.45900002121925354,-18.311328549827756,-76.43601414254906,0.2900017471957826,-0.3082993595151157,1
25.653982400894165,0.45900002121925354,-18.752262843412268,-76.34953196428009,0.2900976649077492,-0.3085447620491545,1
25.664154052734375,0.45900002121925354,-19.19319713699678,-76.26304978601112,0.2901934269517949,-0.30879095826492164,1
25.673595905303955,0.4570000171661377,-20.019054849540833,-69.07194613837108,0.28199776668033205,-0.30948716318664526,1
25.68429732322693,0.4570000171661377,-20.462626732335078,-68.93678135986566,0.28205697379309724,-0.3097369104185047,1
25.694519758224487,0.45500001311302185,-20.906198615129323,-68.80161658136025,0.28211593760926107,-0.3099874560797532,1
25.703181505203247,0.45500001311302185,-21.34977049792357,-68.66645180285484,0.28217465812882364,-0.3102388001703907,1
25.713715314865112,0.45100003480911255,-22.162355469463776,-61.488488058662725,0.2740135858616021,-0.31092161256474565,1
25.723080158233643,0.45100003480911255,-22.608456145939726,-61.30505999067216,0.27403588949694985,-0.31117643611051676,1
25.73389482498169,0.4480000138282776,-23.054556822415677,-61.1216319226816,0.2740578629617752,-0.31143206263750556,1
25.74462080001831,0.4480000138282776,-23.500657498891627,-60.93820385469104,0.2740795062560782,-0.31168849214571204,1
25.753127098083496,0.4410000145435333,-24.30045481869936,-53.887910182723886,0.26608619619893736,-0.31235853966314825,1
25.764135360717773,0.4410000145435333,-24.74897953502786,-53.65742044140407,0.2660721444798984,-0.312618379690149,1
25.773760080337524,0.4360000193119049,-25.19750425135636,-53.426930700084256,0.26605767787932505,-0.31287902706163906,1
25.78422999382019,0.4360000193119049,-25.64602896768486,-53.19644095876444,0.2660427963972173,-0.31314048177761866,1
25.793874502182007,0.4270000159740448,-26.433506793900655,-46.17506291910139,0.258101175011734,-0.3137983699179313,1
25.803394317626953,0.4270000159740448,-26.884354694944157,-45.89802842738459,0.2580508149068792,-0.31406316874888307,1
25.8141930103302,0.42100003361701965,-27.33520259598766,-45.620993935667784,0.2579999561399393,-0.3143287791060568,1
25.82412075996399,0.42100003361701965,-27.786050497031162,-45.34395944395098,0.25794859871091436,-0.31459520098945226,1
25.833486557006836,0.4100000262260437,-28.662708971747055,-38.464057775669396,0.25018952957607066,-0.3153594628444117,1
25.84319281578064,0.4100000262260437,-29.11647560190002,-38.14176376757194,0.2501034836269655,-0.3156296804829685,1
25.854016304016113,0.40300002694129944,-29.570242232052987,-37.81946975947448,0.25001685754864583,-0.3159007149014596,1
25.86337161064148,0.40300002694129944,-30.024008862205953,-37.49717575137702,0.24992965134111148,-0.31617256609988503,1
25.873838663101196,0.39100003242492676,-30.980537890252137,-30.65823936186289,0.24223497872179642,-0.317032109368322,1
25.883567810058594,0.39100003242492676,-31.43775096407283,-30.29127367393344,0.24211335948420332,-0.31730815959549125,1
25.894023418426514,0.3830000162124634,-31.894964037893523,-29.92430798600399,0.24199107970837203,-0.31758503280619343,1
25.903218746185303,0.3830000162124634,-32.35217711171421,-29.557342298074538,0.24186813939430243,-0.31786272900042845,1
25.913676977157593,0.3700000047683716,-33.48101468926656,-22.56716804595542,0.23401295613935424,-0.31892526700289553,1
25.923164129257202,0.3700000047683716,-33.94283206447526,-22.154797152861832,0.23385489674554447,-0.3192080364407118,1
25.934869050979614,0.36100003123283386,-34.404649439683965,-21.742426259768244,0.23369609508412714,-0.3194916371498034,1
25.943835973739624,0.36100003123283386,-34.86646681489267,-21.330055366674657,0.2335365511551023,-0.31977606913017037,1
25.953324556350708,0.34800001978874207,-36.14995303349889,-14.216864714780307,0.22555380219465954,-0.3210205394882594,1
25.963786602020264,0.34800001978874207,-36.61740367928457,-13.758553743646516,0.2253585783252539,-0.32131082712485926,1
25.973177194595337,0.33900001645088196,-37.08485432507025,-13.300242772512725,0.2251625294961002,-0.3216019561726215,1
25.98398470878601,0.33900001645088196,-37.552304970855936,-12.841931801378934,0.22496565570719845,-0.32189392663154615,1
25.993894815444946,0.32500001788139343,-39.17616506801615,-5.42942958184782,0.21664944347060458,-0.3235367625940443,1
26.003501176834106,0.32500001788139343,-39.65154437398922,-4.923438769269367,0.21641543007035166,-0.32383631744078456,1
26.014129638671875,0.3160000145435333,-40.12692367996229,-4.417447956690914,0.21618050588663604,-0.32413672797027554,1
26.02418613433838,0.3160000145435333,-40.60230298593536,-3.911457144112461,0.21594467091945777,-0.3244379941825173,1
26.034281969070435,0.3020000159740448,-42.63303887163088,4.060498941127403,0.20699169050602437,-0.3265559365960998,1
26.043864727020264,0.3020000159740448,-43.11908267478875,4.617681079650097,0.2067159312535901,-0.3268668519704302,1
26.05334186553955,0.29200002551078796,-43.60512647794662,5.174863218172792,0.2064391690733065,-0.3271786422236063,1
26.063969135284424,0.29200002551078796,-44.09117028110449,5.732045356695487,0.20616140396517355,-0.3274913073556281,1
26.07328724861145,0.27800002694129944,-46.58817855080603,14.497995733426544,0.19629894504961004,-0.3301526371027767,1
26.08417057991028,0.27800002694129944,-47.0880114245269,15.111464935373364,0.1959772791957919,-0.3304773153027269,1
26.093825101852417,0.26900002360343933,-47.58784429824777,15.724934137320185,0.19565450909741017,-0.33080289320184975,1
26.103477716445923,0.26900002360343933,-48.087677171968636,16.338403339267003,0.1953306347544651,-0.33112937080014526,1
26.112984657287598,0.2550000250339508,-48.587510045689505,16.951872541213824,0.19500565616695642,-0.33145674809761355,1
26.123512268066406,0.2550000250339508,-49.087342919410375,17.565341743160644,0.19467957333488423,-0.3317850250942545,1
26.133020877838135,0.2460000067949295,-49.587175793131244,18.178810945107468,0.19435238625824855,-0.3321142017900681,1
26.14415431022644,0.2460000067949295,-50.087008666852114,18.79228014705429,0.19402409493704942,-0.3324442781850545,1
26.15390372276306,0.23200000822544098,-50.58684154057298,19.40574934900111,0.1936946993712867,-0.33277525427921356,1
26.16378355026245,0.23200000822544098,-51.08667441429385,20.01921855094793,0.19336419956096054,-0.33310713007254533,1
26.173218727111816,0.22300000488758087,-51.58650728801472,20.63268775289475,0.19303259550607088,-0.33343990556504977,1
26.18405318260193,0.22300000488758087,-52.08634016173559,21.24615695484157,0.19269988720661768,-0.33377358075672686,1
26.19357180595398,0.20900000631809235,-52.58617303545646,21.85962615678839,0.192366074662601,-0.33410815564757673,1
26.20313310623169,0.20900000631809235,-53.08600590917733,22.47309535873521,0.1920311578740208,-0.33444363023759927,1
26.213953733444214,0.20000000298023224,-53.5858387828982,23.086564560682035,0.19169513684087708,-0.33478000452679446,1
26.223804235458374,0.20000000298023224,-54.08567165661907,23.700033762628856,0.19135801156316987,-0.33511727851516243,1
26.2335205078125,0.1860000044107437,-54.58550453033994,24.313502964575676,0.1910197820408992,-0.33545545220270306,1
