time,alt,pos_x_est,pos_y_est,vel_x_cmd,vel_y_cmd,target_visible,setpoint_x,raw_x,filtered_x,cmd_y
9.023875951766968,4.516000270843506,-102.15297457707173,-100.05801524054567,0.14010303708960992,-0.1335619306466674,1,320.0,224.0,217.84702542292825,-0.1335619306466674
9.033524513244629,4.516000270843506,-102.18786656467606,-100.12312566962818,0.14068178523285704,-0.134114740364616,1,320.0,,217.81213343532394,-0.134114740364616
9.043210983276367,4.5320000648498535,-102.22275855228038,-100.20671895191589,0.1412831307663619,-0.13466772454250256,1,320.0,,217.77724144771963,-0.13466772454250256
9.053849697113037,4.554000377655029,-102.25765053988471,-100.29702420256407,0.14189298218815255,-0.13522088318032718,1,320.0,,217.7423494601153,-0.13522088318032718
9.06330132484436,4.554000377655029,-102.29254252748903,-100.36213463164658,0.14247292537620976,-0.13577421627808983,1,320.0,,217.70745747251095,-0.13577421627808983
9.073651790618896,4.569000244140625,-102.32743451509336,-100.44427879474665,0.14307371976590358,-0.13632772383579048,1,320.0,224.0,217.67256548490664,-0.13632772383579048
9.083559036254883,4.569000244140625,-101.66494579203487,-99.57982461174245,0.14062689492426683,-0.13461010262752357,1,320.0,224.0,218.33505420796513,-0.13461010262752357
9.093730688095093,4.587000370025635,-101.69506791474066,-99.65886554573385,0.14122003837278516,-0.1351547245143442,1,320.0,224.0,218.30493208525934,-0.1351547245143442
9.103158473968506,4.587000370025635,-101.72519003744645,-99.7176180449994,0.14178912946212882,-0.1356994970117784,1,320.0,224.0,218.27480996255355,-0.1356994970117784
9.113619804382324,4.5970001220703125,-101.75531216015224,-99.78757041249736,0.14237201015518886,-0.1362444201198261,1,320.0,224.0,218.24468783984776,-0.1362444201198261
9.123369932174683,4.5970001220703125,-101.15929517257156,-99.00362395474774,0.14020036434707228,-0.13475260334043968,1,320.0,224.0,218.84070482742845,-0.13475260334043968
9.13387680053711,4.6080002784729,-101.18514265237685,-99.06888552900305,0.14077402266382366,-0.1352895460294679,1,320.0,224.0,218.81485734762316,-0.1352895460294679
9.14324164390564,4.6080002784729,-101.21099013218215,-99.12188493433996,0.14133323137489964,-0.13582661795589515,1,320.0,224.0,218.78900986781787,-0.13582661795589515
9.153533935546875,4.613000392913818,-101.23683761198744,-99.18043807381713,0.1418993973326413,-0.13636381911972145,1,320.0,224.0,218.76316238801257,-0.13636381911972145
9.163407802581787,4.613000392913818,-101.26268509179273,-99.23343747915405,0.1424591638064414,-0.13690114952094676,1,320.0,,218.73731490820728,-0.13690114952094676
9.17388105392456,4.616000175476074,-101.28853257159803,-99.2897628253645,0.14302320303602079,-0.1374386091595711,1,320.0,,218.711467428402,-0.1374386091595711
9.183248043060303,4.616000175476074,-101.31438005140332,-99.34276223070141,0.14358351613357856,-0.13797619803559447,1,320.0,,218.6856199485967,-0.13797619803559447
9.193510055541992,4.616000175476074,-101.34022753120861,-99.39576163603832,0.14414409422816304,-0.13851391614901687,1,320.0,223.0,218.6597724687914,-0.13851391614901687
9.203181028366089,4.616000175476074,-100.85697591681262,-98.82322075018683,0.14267631606897477,-0.13740075995009496,1,320.0,223.0,219.14302408318738,-0.13740075995009496
9.212746858596802,4.613000392913818,-100.8793649328138,-98.86864473065046,0.14322516806918437,-0.13793202359396045,1,320.0,223.0,219.12063506718619,-0.13793202359396045
9.22327709197998,4.613000392913818,-100.90175394881499,-98.91739465198762,0.14377825494804888,-0.13846339918290596,1,320.0,223.0,219.09824605118501,-0.13846339918290596
9.234712839126587,4.613000392913818,-100.92414296481617,-98.96614457332481,0.14433158557652015,-0.13899488671693144,1,320.0,222.0,219.07585703518384,-0.13899488671693144
9.243098497390747,4.6080002784729,-100.61123123841041,-98.56138141174638,0.1434281542562153,-0.13844091631694858,1,320.0,222.0,219.38876876158957,-0.13844091631694858
9.2531259059906,4.599000453948975,-100.6313484794633,-98.5970684337417,0.1439639640247784,-0.13896821374860938,1,320.0,222.0,219.3686515205367,-0.13896821374860938
9.263516902923584,4.599000453948975,-100.65146572051619,-98.64278328030065,0.14451203575705063,-0.13949561176647543,1,320.0,222.0,219.34853427948383,-0.13949561176647543
9.273582458496094,4.599000453948975,-100.67158296156907,-98.6884981268596,0.1450603360635557,-0.1400231103705467,1,320.0,222.0,219.32841703843093,-0.1400231103705467
9.28322696685791,4.591000080108643,-100.69170020262196,-98.72526456053087,0.14559808210676387,-0.14055070956082333,1,320.0,221.0,219.30829979737803,-0.14055070956082333
9.293140411376953,4.577000141143799,-100.5174487448113,-98.44614107104428,0.14512876000313849,-0.1404501744604231,1,320.0,221.0,219.4825512551887,-0.1404501744604231
9.303418636322021,4.577000141143799,-100.53625258388169,-98.48976723553122,0.14567356023670047,-0.14097542033022697,1,320.0,221.0,219.4637474161183,-0.14097542033022697
9.314315795898438,4.565999984741211,-100.55505642295208,-98.5209582898718,0.14620359429335852,-0.1415007602192262,1,320.0,,219.44494357704792,-0.1415007602192262
9.323827266693115,4.565999984741211,-100.57386026202246,-98.56458445435875,0.14674876861301467,-0.14202619412742076,1,320.0,,219.42613973797754,-0.14202619412742076
9.333505630493164,4.565999984741211,-100.59266410109285,-98.6082106188457,0.14729416106349325,-0.1425517220548107,1,320.0,,219.40733589890715,-0.1425517220548107
9.343003273010254,4.548000335693359,-100.61146794016324,-98.6313546318014,0.14781509065219908,-0.143077344001396,1,320.0,,219.38853205983676,-0.143077344001396
9.3551664352417,4.548000335693359,-100.63027177923362,-98.67498079628835,0.14836081695356487,-0.1436030599671766,1,320.0,,219.36972822076638,-0.1436030599671766
9.364607334136963,4.535000324249268,-100.64907561830401,-98.70370917675689,0.14888880955601086,-0.14412886995215263,1,320.0,217.0,219.350924381696,-0.14412886995215263
9.373358726501465,4.535000324249268,-100.95577485329632,-98.90258094896467,0.14993499650143996,-0.14558218288387964,1,320.0,217.0,219.0442251467037,-0.14558218288387964
9.383856058120728,4.514000415802002,-100.97651367561828,-98.92299708973769,0.15045411085581625,-0.1461119520390441,1,320.0,217.0,219.02348632438174,-0.1461119520390441
9.394325971603394,4.514000415802002,-100.99725249794024,-98.96766668060476,0.15100255269825977,-0.14664182488832014,1,320.0,217.0,219.00274750205978,-0.14664182488832014
9.403107166290283,4.5,-101.0179913202622,-98.99603635348608,0.15153157648748478,-0.1471718014317078,1,320.0,,218.98200867973782,-0.1471718014317078
9.413645505905151,4.5,-101.03873014258416,-99.04070594435315,0.15208038352624703,-0.14770188166920706,1,320.0,,218.96126985741586,-0.14770188166920706
9.42322850227356,4.4770002365112305,-101.05946896490612,-99.05836866552856,0.15259687063498517,-0.14823206560081797,1,320.0,,218.9405310350939,-0.14823206560081797
9.43572998046875,4.4770002365112305,-101.08020778722808,-99.10303825639564,0.15314598933530765,-0.14876235322654044,1,320.0,,218.91979221277194,-0.14876235322654044
9.44324779510498,4.461000442504883,-101.10094660955004,-99.12875015311278,0.15367248736213376,-0.14929274454637453,1,320.0,213.0,218.89905339044998,-0.14929274454637453
9.45380163192749,4.461000442504883,-101.88173545708013,-99.65737368822678,0.15577410573054687,-0.1522608887594534,1,320.0,213.0,218.11826454291986,-0.1522608887594534
9.463271379470825,4.436000347137451,-101.90754690913127,-99.67536730604469,0.1562940749084586,-0.1528014002364604,1,320.0,213.0,218.09245309086873,-0.1528014002364604
9.474617958068848,4.436000347137451,-101.93335836118241,-99.72326684110455,0.15685017068473592,-0.15334204077072772,1,320.0,213.0,218.0666416388176,-0.15334204077072772
9.483550310134888,4.420000076293945,-101.95916981323356,-99.75184212487451,0.15738322023588425,-0.15388281036225523,1,320.0,212.0,218.04083018676644,-0.15388281036225523
9.493919134140015,4.394999980926514,-102.73423589143897,-100.27578118444069,0.1595244028612825,-0.15682214965899066,1,320.0,212.0,217.26576410856103,-0.15682214965899066
9.503289699554443,4.394999980926514,-102.76503263956822,-100.32705097566054,0.1600875618656246,-0.15737293091994362,1,320.0,212.0,217.23496736043177,-0.15737293091994362
9.515584468841553,4.394999980926514,-102.79582938769747,-100.37832076688039,0.16065097721892282,-0.1579238661646372,1,320.0,212.0,217.20417061230253,-0.1579238661646372
9.523219108581543,4.378000259399414,-102.82662613582671,-100.40865403921309,0.16118942041591813,-0.15847495539307144,1,320.0,210.0,217.1733738641733,-0.15847495539307144
9.533717393875122,4.378000259399414,-103.71893651497554,-101.10552747543636,0.1638174358477164,-0.16178072084693,1,320.0,210.0,216.28106348502445,-0.16178072084693
9.54313063621521,4.3520002365112305,-103.7554545908258,-101.12873516235675,0.16435092874783266,-0.16234331981090444,1,320.0,210.0,216.24454540917418,-0.16234331981090444
9.554842233657837,4.3520002365112305,-103.79197266667607,-101.18429241914644,0.16492351891807602,-0.16290610136525813,1,320.0,210.0,216.2080273333239,-0.16290610136525813
9.563440561294556,4.335000038146973,-103.82849074252634,-101.21847995319678,0.1654706363587024,-0.16346906550999107,1,320.0,208.0,216.17150925747364,-0.16346906550999107
9.573045015335083,4.335000038146973,-104.81994535101,-102.03504755240414,0.16847542541918928,-0.16708363867467013,1,320.0,208.0,215.18005464899,-0.16708363867467013
9.583389520645142,4.309000015258789,-104.86279918655275,-102.06263244149443,0.1690188404483051,-0.16765937727325417,1,320.0,208.0,215.13720081344724,-0.16765937727325417
9.594961881637573,4.309000015258789,-104.90565302209549,-102.12323880729637,0.1696021842813039,-0.16823533014101597,1,320.0,208.0,215.0943469779045,-0.16823533014101597
9.60350489616394,4.2920002937316895,-104.94850685763824,-102.16202989729885,0.17015954373879338,-0.16881149727795544,1,320.0,206.0,215.05149314236178,-0.16881149727795544
9.61294412612915,4.2920002937316895,-106.02488965071787,-102.96638857636601,0.17311974342674952,-0.17269010129157303,1,320.0,206.0,213.97511034928215,-0.17269010129157303
9.623408555984497,4.267000198364258,-106.0745995536395,-102.99951871479018,0.17367449718643246,-0.17328012617284716,1,320.0,206.0,213.9254004463605,-0.17328012617284716
9.634088277816772,4.267000198364258,-106.12430945656114,-103.06505887169277,0.17426847066907403,-0.17387039960363593,1,320.0,206.0,213.87569054343885,-0.17387039960363593
9.644101858139038,4.25,-106.17401935948277,-103.10833372414767,0.17483594216064066,-0.1744609215839393,1,320.0,204.0,213.82598064051723,-0.1744609215839393
9.653608083724976,4.25,-107.32382775974884,-104.01498102042697,0.17811864068274688,-0.1785676102424958,1,320.0,204.0,212.67617224025116,-0.1785676102424958
9.663341522216797,4.223999977111816,-107.38083866080194,-104.05169058140945,0.17868295060883288,-0.17917292751706354,1,320.0,204.0,212.61916133919806,-0.17917292751706354
9.674293994903564,4.223999977111816,-107.43784956185505,-104.12281289451693,0.17928891144903447,-0.17977852984613651,1,320.0,204.0,212.56215043814495,-0.17977852984613651
9.684082746505737,4.207000255584717,-107.49486046290815,-104.17119588311728,0.17986782701477042,-0.1803844172297148,1,320.0,202.0,212.50513953709185,-0.1803844172297148
9.693540096282959,4.207000255584717,-108.70853080493306,-105.16638696190577,0.18342944265099848,-0.18468944306090196,1,320.0,202.0,211.29146919506695,-0.18468944306090196
9.703828573226929,4.182000160217285,-108.77322530187527,-105.20985772442195,0.18400765685464,-0.18531094258374195,1,320.0,202.0,211.22677469812473,-0.18531094258374195
9.713326692581177,4.182000160217285,-108.83791979881748,-105.28711855221901,0.18462680544075757,-0.18593276557906668,1,320.0,202.0,211.1620802011825,-0.18593276557906668
9.72383975982666,4.1660003662109375,-108.90261429575969,-105.34253277263103,0.18522001516911513,-0.18655491204687613,1,320.0,199.0,211.0973857042403,-0.18655491204687613
9.733444452285767,4.1660003662109375,-110.28055477123692,-106.41478756158008,0.1890242848460915,-0.19138039874116947,1,320.0,199.0,209.71944522876308,-0.19138039874116947
9.743783712387085,4.141000270843506,-110.35398445267869,-106.46417923374896,0.1896158757488629,-0.19202028428116294,1,320.0,199.0,209.64601554732133,-0.19202028428116294
9.753615379333496,4.141000270843506,-110.42741413412045,-106.54805836152079,0.1902492709939967,-0.1926605369695637,1,320.0,199.0,209.57258586587955,-0.1926605369695637
9.76399278640747,4.125,-110.50084381556222,-106.6096369884832,0.190856213531294,-0.19330115680637158,1,320.0,,209.49915618443777,-0.19330115680637158
9.773418188095093,4.125,-110.57427349700399,-106.69351611625503,0.19149033606520147,-0.19394214379158675,1,320.0,,209.425726502996,-0.19394214379158675
9.784123420715332,4.1010003089904785,-110.64770317844575,-106.74360598481074,0.1920841619373924,-0.19458349792520907,1,320.0,,209.35229682155426,-0.19458349792520907
9.793780326843262,4.1010003089904785,-110.72113285988752,-106.82748511258256,0.19271895431628147,-0.19522521920723865,1,320.0,,209.27886714011248,-0.19522521920723865
9.803593158721924,4.085000038146973,-110.79456254132928,-106.88860782348989,0.1933267446084877,-0.1958673076376754,1,320.0,194.0,209.2054374586707,-0.1958673076376754
9.813063383102417,4.085000038146973,-112.6446176061632,-108.31689935788408,0.1982663575530341,-0.20219757551317208,1,320.0,194.0,207.3553823938368,-0.20219757551317208
9.824037551879883,4.061000347137451,-112.7298705499705,-108.37524180814205,0.19887824470238438,-0.2028635283984907,1,320.0,194.0,207.27012945002951,-0.2028635283984907
9.834622144699097,4.061000347137451,-112.8151234937778,-108.46806786460216,0.1995319763094595,-0.20352990754852834,1,320.0,194.0,207.1848765062222,-0.20352990754852834
9.843662023544312,4.045000076293945,-112.90037643758511,-108.53766746259089,0.20015818416435893,-0.20419671296328504,1,320.0,193.0,207.09962356241488,-0.20419671296328504
9.853162050247192,4.045000076293945,-114.5955600962615,-109.97779338356798,0.2051252588219713,-0.210017122620008,1,320.0,193.0,205.4044399037385,-0.210017122620008
9.863632202148438,4.022000312805176,-114.6915237449549,-110.04585860645578,0.20575716638246896,-0.21070573661716485,1,320.0,193.0,205.3084762550451,-0.21070573661716485
9.873389959335327,4.022000312805176,-114.78748739364832,-110.1476481115343,0.20643005202912085,-0.21139483043256518,1,320.0,193.0,205.21251260635168,-0.21139483043256518
9.883841514587402,4.00600004196167,-114.88345104234173,-110.22573870366057,0.20707488943319066,-0.212084404066209,1,320.0,,205.11654895765827,-0.212084404066209
9.8934805393219,4.00600004196167,-114.97941469103515,-110.32752820873908,0.20774867448032858,-0.21277445751809626,1,320.0,,205.02058530896485,-0.21277445751809626
9.904186964035034,3.9840002059936523,-115.07537833972856,-110.39640869515944,0.2083833131075088,-0.213464990788227,1,320.0,,204.92462166027144,-0.213464990788227
9.913782596588135,3.9840002059936523,-115.17134198842197,-110.49819820023795,0.2090579515046042,-0.21415600387660122,1,320.0,,204.82865801157803,-0.21415600387660122
9.923352241516113,3.9680001735687256,-115.26730563711538,-110.57581480967681,0.20970397050997924,-0.21484749678321888,1,320.0,188.0,204.73269436288462,-0.21484749678321888
9.933875322341919,3.9680001735687256,-117.39956065393967,-112.21667034197787,0.21530051881813114,-0.22205031171611303,1,320.0,188.0,202.60043934606034,-0.22205031171611303
9.943242073059082,3.946000099182129,-117.5090480063312,-112.29510992381324,0.21595612186595264,-0.22276924177901453,1,320.0,188.0,202.4909519936688,-0.22276924177901453
9.954318761825562,3.946000099182129,-117.61853535872272,-112.40712088995068,0.2166525706297673,-0.22348871927867794,1,320.0,188.0,202.38146464127726,-0.22348871927867794
9.963698625564575,3.931000232696533,-117.72802271111425,-112.49601797397061,0.21732172722046111,-0.22420874421510337,1,320.0,185.0,202.27197728888575,-0.22420874421510337
9.973315238952637,3.931000232696533,-119.87863601632269,-114.10531190980382,0.22280348509071754,-0.2314513758208332,1,320.0,185.0,200.12136398367733,-0.2314513758208332
9.98316478729248,3.9090001583099365,-120.00166504357888,-114.19302111808469,0.223479701246245,-0.2321990189787585,1,320.0,185.0,199.9983349564211,-0.2321990189787585
9.99371862411499,3.9090001583099365,-120.12469407083508,-114.3149656795145,0.22419760954835835,-0.23294727728182008,1,320.0,185.0,199.87530592916494,-0.23294727728182008
10.004340171813965,3.894000291824341,-120.24772309809127,-114.41333694720129,0.22488772175431848,-0.23369615073001798,1,320.0,184.0,199.75227690190871,-0.23369615073001798
10.013704299926758,3.894000291824341,-122.1865307994105,-115.99862889891344,0.2302819617116139,-0.24024684765213264,1,320.0,184.0,197.8134692005895,-0.24024684765213264
10.02340054512024,3.872000217437744,-122.32160381008848,-116.0953605655023,0.23097851651434803,-0.24102054328399664,1,320.0,184.0,197.67839618991152,-0.24102054328399664
10.03604006767273,3.872000217437744,-122.45667682076645,-116.22701144850126,0.23171763263118927,-0.24179491428091404,1,320.0,184.0,197.54332317923354,-0.24179491428091404
10.043823957443237,3.8570001125335693,-122.59174983144442,-116.3346154080776,0.23242843045972128,-0.24256996064288483,1,320.0,181.0,197.40825016855558,-0.24256996064288483
10.053300380706787,3.8570001125335693,-124.57870576738503,-117.78841174798839,0.2373939994823148,-0.24926385163781759,1,320.0,181.0,195.42129423261497,-0.24926385163781759
10.063145399093628,3.8360002040863037,-124.72606761253955,-117.89484119856925,0.23811118902900466,-0.2500643161900657,1,320.0,181.0,195.27393238746043,-0.2500643161900657
10.073655128479004,3.8360002040863037,-124.87342945769407,-118.03526565275475,0.23886987470229104,-0.2508655175515396,1,320.0,181.0,195.12657054230593,-0.2508655175515396
10.083279848098755,3.821000099182129,-125.0207913028486,-118.15116890749701,0.2395997144525192,-0.25166745572223925,1,320.0,178.0,194.97920869715142,-0.25166745572223925
10.093841791152954,3.821000099182129,-127.0504682821574,-119.71498527280318,0.24491118617254165,-0.25848910942740094,1,320.0,178.0,192.9495317178426,-0.25848910942740094
10.103317022323608,3.8000001907348633,-127.21033275727386,-119.83019530748359,0.24564858919069554,-0.25931699846132705,1,320.0,178.0,192.78966724272613,-0.25931699846132705
10.115933418273926,3.8000001907348633,-127.37019723239032,-119.98007415218673,0.2464283441751003,-0.26014568681762873,1,320.0,178.0,192.62980276760968,-0.26014568681762873
10.123520374298096,3.7790002822875977,-127.53006170750679,-120.09488184269492,0.24716658781292355,-0.26097517449630603,1,320.0,176.0,192.46993829249323,-0.26097517449630603
10.134068489074707,3.7790002822875977,-129.48827802036692,-121.645241029666,0.252429632914163,-0.2675607390117222,1,320.0,176.0,190.51172197963308,-0.2675607390117222
10.14362359046936,3.765000104904175,-129.660103373983,-121.78082633079343,0.2532012394071699,-0.2684152299529315,1,320.0,176.0,190.339896626017,-0.2684152299529315
10.153342962265015,3.765000104904175,-129.83192872759906,-121.94001980173566,0.2540019716713092,-0.26927058002090876,1,320.0,176.0,190.16807127240094,-0.26927058002090876
10.163681745529175,3.751000165939331,-130.00375408121513,-122.07542142798437,0.25477483072994755,-0.27012678921565414,1,320.0,174.0,189.99624591878487,-0.27012678921565414
10.173542976379395,3.751000165939331,-131.8998979050477,-123.61419417219491,0.2599965576803597,-0.2765077611381389,1,320.0,174.0,188.1001020949523,-0.2765077611381389
10.183686017990112,3.7300002574920654,-132.083210258145,-123.74654042653343,0.2607741058876985,-0.2773881520131464,1,320.0,174.0,187.916789741855,-0.2773881520131464
10.193238019943237,3.7300002574920654,-132.26652261124227,-123.91492432643064,0.2615957411892073,-0.2782694594499194,1,320.0,174.0,187.73347738875773,-0.2782694594499194
10.203397035598755,3.7160000801086426,-132.44983496433954,-124.05904624804981,0.26238898272639055,-0.27915168344845775,1,320.0,172.0,187.55016503566046,-0.27915168344845775
10.213865995407104,3.7160000801086426,-134.29125012625505,-125.58740413854107,0.2675738036460125,-0.28535258710195704,1,320.0,172.0,185.70874987374495,-0.28535258710195704
10.223962783813477,3.696000099182129,-134.48562831004756,-125.72987145716833,0.26837341378565105,-0.28625826906405827,1,320.0,172.0,185.51437168995244,-0.28625826906405827
10.233823776245117,3.696000099182129,-134.68000649384007,-125.9073315385,0.2692159025409416,-0.2871649229170785,1,320.0,172.0,185.31999350615993,-0.2871649229170785
10.24387502670288,3.682000160217285,-134.87438467763258,-126.06006030630272,0.2700294773638363,-0.28807254866101767,1,320.0,169.0,185.12561532236742,-0.28807254866101767
10.253684997558594,3.682000160217285,-136.7725041985164,-127.5786426738407,0.27517994376608884,-0.2944518381857198,1,320.0,169.0,183.2274958014836,-0.2944518381857198
10.264133214950562,3.6620001792907715,-136.9782746609044,-127.7293967536982,0.2759994956456864,-0.2953836541138899,1,320.0,169.0,183.0217253390956,-0.2953836541138899
10.274043321609497,3.6620001792907715,-137.18404512329238,-127.91582441618932,0.27686278796275665,-0.29631649889437195,1,320.0,169.0,182.81595487670762,-0.29631649889437195
10.283413648605347,3.6480002403259277,-137.38981558568037,-128.0770372423814,0.27769662854039906,-0.29725037252716596,1,320.0,166.0,182.61018441431963,-0.29725037252716596
10.293834447860718,3.6480002403259277,-139.33698654204625,-129.5860783611304,0.28281380983232407,-0.303783809807537,1,320.0,166.0,180.66301345795375,-0.303783809807537
10.303075551986694,3.628000259399414,-139.55442416176766,-129.7449928954339,0.28365323223796546,-0.3047425070720115,1,320.0,166.0,180.44557583823234,-0.3047425070720115
10.313688516616821,3.628000259399414,-139.77186178148906,-129.94028189645044,0.28453728044866755,-0.30570229152458467,1,320.0,166.0,180.22813821851094,-0.30570229152458467
10.323162317276001,3.614000082015991,-139.98929940121047,-130.10985777879176,0.2853913207963711,-0.3066631631652564,1,320.0,165.0,180.01070059878953,-0.3066631631652564
10.33390474319458,3.614000082015991,-141.770228890922,-131.6092855807148,0.29047516817250063,-0.3126579448268272,1,320.0,165.0,178.229771109078,-0.3126579448268272
10.343950986862183,3.5940001010894775,-141.99816256107493,-131.77623332405238,0.291334386631126,-0.3136414560438161,1,320.0,165.0,178.00183743892507,-0.3136414560438161
10.35348653793335,3.5940001010894775,-142.22609623122787,-131.98027728368865,0.29223914076910795,-0.31462610692915577,1,320.0,165.0,177.77390376877213,-0.31462610692915577
10.36344313621521,3.580000162124634,-142.4540299013808,-132.1580958269044,0.29311331350010134,-0.3156118974828462,1,320.0,161.0,177.5459700986192,-0.3156118974828462
10.37374210357666,3.580000162124634,-144.3959678215395,-133.64760965584534,0.2981629418441551,-0.32212292407209603,1,320.0,161.0,175.6040321784605,-0.32212292407209603
10.383067846298218,3.56000018119812,-144.63543056251228,-133.8224605370998,0.2990418752043459,-0.323133456514076,1,320.0,161.0,175.36456943748772,-0.323133456514076
10.393676519393921,3.56000018119812,-144.87489330348507,-134.03515107573955,0.2999672796060924,-0.32414518626976074,1,320.0,161.0,175.12510669651493,-0.32414518626976074
10.403111696243286,3.5470001697540283,-145.11435604445785,-134.22300615160694,0.30086382072789125,-0.32515811333915035,1,320.0,160.0,174.88564395554215,-0.32515811333915035
10.413723468780518,3.5470001697540283,-146.88878576368737,-135.7021387204012,0.3058777442653976,-0.33112522221940277,1,320.0,160.0,173.11121423631263,-0.33112522221940277
10.423141241073608,3.5260002613067627,-147.13859300228802,-135.8828402531133,0.30677400030591767,-0.33216068387073505,1,320.0,160.0,172.86140699771198,-0.33216068387073505
10.434425354003906,3.5260002613067627,-147.38840024088867,-136.10406563762422,0.3077199910955189,-0.3331973945582603,1,320.0,160.0,172.61159975911133,-0.3331973945582603
10.44349217414856,3.513000249862671,-147.63820747948932,-136.2999503176521,0.30863655246314065,-0.3342353542819785,1,320.0,157.0,172.36179252051068,-0.3342353542819785
10.453165054321289,3.513000249862671,-149.46603900902943,-137.8708414526102,0.313944685652916,-0.34037232566694187,1,320.0,157.0,170.53396099097057,-0.34037232566694187
10.463665246963501,3.4930002689361572,-149.72650039214497,-138.06180757862407,0.3148641540420257,-0.3414335118286413,1,320.0,157.0,170.27349960785503,-0.3414335118286413
10.473091840744019,3.4930002689361572,-149.9869617752605,-138.29214532853686,0.31583202006856376,-0.34249600029725624,1,320.0,157.0,170.0130382247395,-0.34249600029725624
10.484091997146606,3.4720001220703125,-150.24742315837605,-138.48063077938443,0.3167506057634778,-0.3435597910727868,1,320.0,154.0,169.75257684162395,-0.3435597910727868
10.49358057975769,3.4720001220703125,-152.1209149613188,-139.92713350672514,0.32165363548744,-0.34984141398126467,1,320.0,154.0,167.8790850386812,-0.34984141398126467
10.503417730331421,3.4590001106262207,-152.39228577166813,-140.1395211342897,0.322609198246189,-0.35092902038254226,1,320.0,154.0,167.60771422833187,-0.35092902038254226
10.514180898666382,3.4590001106262207,-152.66365658201747,-140.37808418681456,0.32359736433015285,-0.3520179836378715,1,320.0,154.0,167.33634341798253,-0.3520179836378715
10.524101495742798,3.445000171661377,-152.9350273923668,-140.5882267797653,0.3245524765755926,-0.35310830374725255,1,320.0,153.0,167.0649726076332,-0.35310830374725255
10.53370976448059,3.445000171661377,-154.64283015952998,-142.0231888841511,0.3294160046764144,-0.35885016090009775,1,320.0,153.0,165.35716984047002,-0.35885016090009775
10.544023275375366,3.4260001182556152,-154.92393190215083,-142.23089617092714,0.33037640790140027,-0.35996210265075357,1,320.0,153.0,165.07606809784917,-0.35996210265075357
10.553347826004028,3.4260001182556152,-155.20503364477167,-142.47756408222247,0.3313847972153658,-0.3610754499101224,1,320.0,153.0,164.79496635522833,-0.3610754499101224
10.563609600067139,3.4140002727508545,-155.48613538739252,-142.6993912520819,0.3323644867754575,-0.36219020267820434,1,320.0,150.0,164.51386461260748,-0.36219020267820434
10.57327938079834,3.4140002727508545,-157.246290703077,-144.12202672798503,0.3371858441494526,-0.36809911167038606,1,320.0,150.0,162.753709296923,-0.36809911167038606
10.583200693130493,3.3990001678466797,-157.53742741623066,-144.34536286884997,0.3381755743328348,-0.3692361628632516,1,320.0,150.0,162.46257258376934,-0.3692361628632516
10.593748807907104,3.3990001678466797,-157.82856412938432,-144.60000939570955,0.3392041502120448,-0.3703746697396829,1,320.0,150.0,162.17143587061568,-0.3703746697396829
10.603524684906006,3.390000104904175,-158.11970084253798,-144.83573010190207,0.34021119370998537,-0.37151463229968,1,320.0,149.0,161.88029915746202,-0.37151463229968
10.61300802230835,3.390000104904175,-159.7210737261625,-146.14353837396516,0.3446579392574259,-0.37690553745451444,1,320.0,149.0,160.2789262738375,-0.37690553745451444
10.623269081115723,3.380000114440918,-160.02111261373568,-146.38418782305646,0.34567863953545075,-0.3780656896826709,1,320.0,149.0,159.97888738626432,-0.3780656896826709
10.633743047714233,3.380000114440918,-160.32115150130886,-146.64598987634633,0.3467260319487803,-0.37922734210526526,1,320.0,149.0,159.67884849869114,-0.37922734210526526
10.643887996673584,3.374000072479248,-160.62119038888204,-146.89503708423075,0.3477593637836628,-0.38039049472229747,1,320.0,148.0,159.37880961111796,-0.38039049472229747
10.653301239013672,3.374000072479248,-162.07703439171217,-148.09741657177264,0.3518623824268835,-0.3853068388750359,1,320.0,148.0,157.92296560828783,-0.3853068388750359
10.663371324539185,3.367000102996826,-162.38493643320996,-148.3506767415492,0.3529080480143232,-0.38648824600699927,1,320.0,148.0,157.61506356679004,-0.38648824600699927
10.673887729644775,3.367000102996826,-162.69283847470774,-148.61887771542345,0.3539729835715494,-0.38767119264917016,1,320.0,148.0,157.30716152529226,-0.38767119264917016
10.684395551681519,3.364000082015991,-163.00074051620552,-148.88065542961246,0.35503152010572425,-0.38885567880154853,1,320.0,147.0,156.99925948379448,-0.38885567880154853
10.693958282470703,3.364000082015991,-164.32311033832877,-149.88469704719967,0.3584894023326106,-0.39333709061373917,1,320.0,147.0,155.67688966167123,-0.39333709061373917
10.703622579574585,3.3600001335144043,-164.6379222214064,-150.14932714026642,0.3595577050799921,-0.3945380544845394,1,320.0,147.0,155.3620777785936,-0.3945380544845394
10.713089942932129,3.3600001335144043,-164.95273410448402,-150.42254014347583,0.36063767338456076,-0.39574059241475484,1,320.0,147.0,155.04726589551598,-0.39574059241475484
10.723932266235352,3.3580002784729004,-165.26754598756165,-150.6914538966416,0.36171382715784284,-0.39694470440438584,1,320.0,147.0,154.73245401243835,-0.39694470440438584
10.733572244644165,3.3580002784729004,-166.36609318266534,-151.61631358347591,0.36491475309824195,-0.4006980056210011,1,320.0,147.0,153.63390681733466,-0.4006980056210011
10.744019746780396,3.3560001850128174,-166.68624911279824,-151.88966481856122,0.3660022229044371,-0.40191562398272457,1,320.0,147.0,153.31375088720176,-0.40191562398272457
10.7534339427948,3.3560001850128174,-167.00640504293114,-152.16732119759823,0.3670962471652695,-0.4031348431240987,1,320.0,147.0,152.99359495706886,-0.4031348431240987
10.764752626419067,3.3560001850128174,-167.32656097306403,-152.44497757663524,0.3681916597079971,-0.4043556630451235,1,320.0,147.0,152.67343902693597,-0.4043556630451235
10.7733154296875,3.3560001850128174,-168.2213128363815,-153.19574699239624,0.370827315154821,-0.4074470231726253,1,320.0,147.0,151.7786871636185,-0.4074470231726253
10.78328824043274,3.3560001850128174,-168.54539060427217,-153.47663254947642,0.3719317609860646,-0.4086786434471156,1,320.0,147.0,151.45460939572783,-0.4086786434471156
10.793746709823608,3.3560001850128174,-168.86946837216286,-153.7575181065566,0.3730376112450936,-0.40991188411044516,1,320.0,147.0,151.13053162783714,-0.40991188411044516
10.803606033325195,3.3560001850128174,-169.19354614005354,-154.03840366363679,0.374144865931908,-0.4111467451626143,1,320.0,147.0,150.80645385994646,-0.4111467451626143
10.81306266784668,3.3560001850128174,-169.90289744556839,-154.63083088089778,0.37626741384578455,-0.4136370702283507,1,320.0,147.0,150.09710255443161,-0.4136370702283507
10.823162317276001,3.3560001850128174,-170.22960717683205,-154.91384470830715,0.37738159966221735,-0.4148802699417513,1,320.0,147.0,149.77039282316795,-0.4148802699417513
10.833644390106201,3.3560001850128174,-170.5563169080957,-155.19685853571653,0.37849720054778724,-0.41612510320380813,1,320.0,147.0,149.4436830919043,-0.41612510320380813
10.844178676605225,3.3570001125335693,-170.88302663935937,-155.48202535184856,0.37961681085390486,-0.41737157001452135,1,320.0,147.0,149.11697336064063,-0.41737157001452135
10.85366415977478,3.3570001125335693,-171.4239035454411,-155.93060083789814,0.38127432892448054,-0.419317008424441,1,320.0,147.0,148.5760964545589,-0.419317008424441
10.863336563110352,3.3580002784729004,-171.75207749872106,-156.21689873548033,0.38239897089525654,-0.42056957755587054,1,320.0,147.0,148.24792250127894,-0.42056957755587054
10.873913764953613,3.3580002784729004,-172.08025145200102,-156.50104447783346,0.3835224510084695,-0.4218237875570665,1,320.0,147.0,147.91974854799898,-0.4218237875570665
10.88438606262207,3.3590002059936523,-172.40842540528098,-156.78734051712746,0.384649942958208,-0.4230796384280288,1,320.0,147.0,147.59157459471902,-0.4230796384280288
10.893941879272461,3.3590002059936523,-172.79642430400142,-157.10541590500284,0.38588680074945136,-0.4245320093093512,1,320.0,147.0,147.20357569599858,-0.4245320093093512
10.90368366241455,3.3600001335144043,-173.12500755755252,-157.39194273461294,0.3870175926586566,-0.4257919342514003,1,320.0,147.0,146.87499244244748,-0.4257919342514003
10.91301441192627,3.3600001335144043,-173.45359081110362,-157.67632061112027,0.388147227713521,-0.42705350210971715,1,320.0,147.0,146.54640918889638,-0.42705350210971715
10.923743963241577,3.3620002269744873,-173.78217406465473,-157.9649928789423,0.3892834593993021,-0.42831671288430173,1,320.0,147.0,146.21782593534527,-0.42831671288430173
10.933234930038452,3.3620002269744873,-174.0316804647591,-158.16488267647202,0.3901406325604655,-0.429323873365498,1,320.0,147.0,145.9683195352409,-0.429323873365498
10.943179368972778,3.3630001544952393,-174.35972236630602,-158.4508270851007,0.3912760199862454,-0.4305893222591859,1,320.0,147.0,145.64027763369398,-0.4305893222591859
10.953598737716675,3.3630001544952393,-174.68776426785294,-158.73462656491054,0.39241025249484174,-0.4318564113623814,1,320.0,147.0,145.31223573214706,-0.4318564113623814
10.963493347167969,3.364000082015991,-175.01580616939987,-159.02056963472947,0.3935484870267981,-0.43312514067508473,1,320.0,147.0,144.98419383060013,-0.43312514067508473
10.972972869873047,3.364000082015991,-175.1400975772014,-159.0125628282728,0.39373431009392007,-0.43373130477155947,1,320.0,147.0,144.8599024227986,-0.43373130477155947
10.983197450637817,3.366000175476074,-175.46674385847908,-159.2986472150632,0.3948741045941439,-0.435000614028385,1,320.0,147.0,144.53325614152092,-0.435000614028385
10.993547677993774,3.366000175476074,-175.79339013975675,-159.5804479229421,0.3960101676832133,-0.43627155651661703,1,320.0,147.0,144.20660986024325,-0.43627155651661703
11.003874063491821,3.367000102996826,-176.12003642103443,-159.8643882115948,0.3971502179706544,-0.43754413223625543,1,320.0,147.0,143.87996357896557,-0.43754413223625543
11.01328420639038,3.367000102996826,-176.13137231204917,-159.76980348476698,0.39706176114261327,-0.43779015109986386,1,320.0,147.0,143.86862768795083,-0.43779015109986386
11.023279190063477,3.369000196456909,-176.45585778976962,-160.0533005161347,0.39820222408283523,-0.43906181296207725,1,320.0,147.0,143.54414221023038,-0.43906181296207725
11.033836364746094,3.369000196456909,-176.78034326749008,-160.3325218767694,0.39933895232498073,-0.4403350972516792,1,320.0,147.0,143.21965673250992,-0.4403350972516792
11.04320502281189,3.370000123977661,-177.10482874521054,-160.61387882017996,0.4004796500511743,-0.44161000396866984,1,320.0,148.0,142.89517125478946,-0.44161000396866984
11.053476572036743,3.370000123977661,-176.91348217823858,-160.4416727747308,0.4001467424183691,-0.4412040231693529,1,320.0,148.0,143.08651782176142,-0.4412040231693529
11.063363790512085,3.372000217437744,-177.23443121485954,-160.72206692454841,0.401286825732773,-0.4424753341693724,1,320.0,148.0,142.76556878514046,-0.4424753341693724
11.073734998703003,3.372000217437744,-177.5553802514805,-160.99819338937598,0.40242316845751297,-0.443748249914575,1,320.0,148.0,142.4446197485195,-0.443748249914575
11.08333706855774,3.372000217437744,-177.87632928810146,-161.27431985420355,0.4035608918145771,-0.44502277040496063,1,320.0,148.0,142.12367071189854,-0.44502277040496063
11.093813180923462,3.373000144958496,-177.60353676370906,-160.93384875526505,0.40268397291895214,-0.4443618257214043,1,320.0,148.0,142.39646323629094,-0.4443618257214043
11.103085994720459,3.375000238418579,-177.92041376253636,-161.20999153228922,0.4038213942090426,-0.4456316801888098,1,320.0,148.0,142.07958623746364,-0.4456316801888098
11.113426208496094,3.375000238418579,-178.23729076136365,-161.48187458771451,0.4049550632484915,-0.4469031190412094,1,320.0,148.0,141.76270923863635,-0.4469031190412094
11.123883247375488,3.376000165939331,-178.55416776019095,-161.7558852634645,0.40609265548570883,-0.44817614227860303,1,320.0,148.0,141.44583223980905,-0.44817614227860303
11.134069681167603,3.376000165939331,-178.20885066934645,-161.36127895160666,0.4050542236294555,-0.44728993551442775,1,320.0,148.0,141.79114933065355,-0.44728993551442775
11.143174171447754,3.377000093460083,-178.5211847664787,-161.6307159357943,0.4061857015901596,-0.44855734235481887,1,320.0,148.0,141.4788152335213,-0.44855734235481887
11.153668642044067,3.377000093460083,-178.83351886361098,-161.898026622297,0.4073159645470743,-0.4498263108656957,1,320.0,148.0,141.16648113638902,-0.4498263108656957
11.163589715957642,3.378000259399414,-179.14585296074324,-162.16746279159094,0.408450125264185,-0.45109684104705805,1,320.0,149.0,140.85414703925676,-0.45109684104705805
11.17319130897522,3.378000259399414,-178.63520541207063,-161.62612266881996,0.4069439183281442,-0.4496830084296977,1,320.0,149.0,141.36479458792937,-0.4496830084296977
11.183281421661377,3.379000186920166,-178.94189207058284,-161.8900079131039,0.4080700306608504,-0.4509457418802653,1,320.0,149.0,141.05810792941716,-0.4509457418802653
11.193737983703613,3.379000186920166,-179.24857872909504,-162.15176950159972,0.40919490341455345,-0.4522100087641254,1,320.0,149.0,140.75142127090496,-0.4522100087641254
11.203761339187622,3.380000114440918,-179.55526538760725,-162.41565342693846,0.4103236423920946,-0.45347580908127805,1,320.0,149.0,140.44473461239275,-0.45347580908127805
11.213208436965942,3.380000114440918,-179.86195204611946,-162.6774150154343,0.41145114337336675,-0.45474314283172335,1,320.0,149.0,140.13804795388054,-0.45474314283172335
11.223480463027954,3.38100004196167,-179.25247456124188,-162.06154857934345,0.40971160717440397,-0.453022274110643,1,320.0,149.0,140.74752543875812,-0.453022274110643
11.234019756317139,3.38100004196167,-179.55287535938066,-162.31727415377745,0.41083006423449364,-0.4542805194452064,1,320.0,149.0,140.44712464061934,-0.4542805194452064
11.243560075759888,3.382000207901001,-179.85327615751945,-162.5751199361037,0.41195235477296566,-0.45554026678376053,1,320.0,150.0,140.14672384248055,-0.45554026678376053
11.253121614456177,3.382000207901001,-179.1616120566822,-161.88409832741957,0.4099838756902574,-0.4535641275944099,1,320.0,150.0,140.8383879433178,-0.4535641275944099
11.263799905776978,3.383000135421753,-179.45520635372554,-162.13544671009834,0.4110961709830224,-0.4548137167826305,1,320.0,150.0,140.54479364627446,-0.4548137167826305
11.273414373397827,3.383000135421753,-179.74880065076889,-162.38467670571924,0.41220717036129617,-0.45606477394233635,1,320.0,150.0,140.25119934923111,-0.45606477394233635
11.284257888793945,3.383000135421753,-180.04239494781223,-162.63390670134015,0.41331941588954796,-0.4573172990735274,1,320.0,150.0,139.95760505218777,-0.4573172990735274
11.293863534927368,3.383000135421753,-179.3244033030164,-161.72876882567476,0.41066517818244297,-0.4552695872572925,1,320.0,150.0,140.6755966969836,-0.4552695872572925
11.303000450134277,3.384000062942505,-179.61105512052976,-161.97219350731152,0.4117671487679437,-0.45651162471391116,1,320.0,150.0,140.38894487947024,-0.45651162471391116
11.313259840011597,3.384000062942505,-179.89770693804311,-162.213501115931,0.4128677854038667,-0.45775509542961745,1,320.0,150.0,140.10229306195689,-0.45775509542961745
11.323853492736816,3.384000062942505,-180.18435875555647,-162.45480872455047,0.4139696285778328,-0.4589999994044113,1,320.0,152.0,139.81564124444353,-0.4589999994044113
11.33336067199707,3.384000062942505,-179.24314717719244,-161.4587528783828,0.4110334529780314,-0.45623812313490697,1,320.0,152.0,140.75685282280756,-0.45623812313490697
11.34293270111084,3.385000228881836,-179.52137020100128,-161.69368274368853,0.4121238372301167,-0.4574695976144826,1,320.0,152.0,140.47862979899872,-0.4574695976144826
11.353187084197998,3.385000228881836,-179.7995932248101,-161.9264963444787,0.4132128460327873,-0.4587024632091773,1,320.0,152.0,140.2004067751899,-0.4587024632091773
11.364041090011597,3.385000228881836,-180.07781624861894,-162.15930994526886,0.4143030189034619,-0.459936719918991,1,320.0,153.0,139.92218375138106,-0.459936719918991
11.373530864715576,3.385000228881836,-179.03765292443325,-161.08349582982413,0.4111219854364917,-0.45686813763592243,1,320.0,153.0,140.96234707556675,-0.45686813763592243
11.38322925567627,3.386000156402588,-179.30682403304652,-161.3094389655444,0.41219966439418365,-0.45808767708642356,1,320.0,153.0,140.69317596695348,-0.45808767708642356
11.39376950263977,3.386000156402588,-179.5759951416598,-161.53326765297592,0.41327592515736644,-0.45930856239246787,1,320.0,153.0,140.4240048583402,-0.45930856239246787
11.403587102890015,3.386000156402588,-179.84516625027308,-161.75709634040746,0.41435330506398627,-0.46053079355405513,1,320.0,153.0,140.15483374972692,-0.46053079355405513
11.413291215896606,3.386000156402588,-180.11433735888636,-161.980925027839,0.41543180411404335,-0.4617543705711855,1,320.0,154.0,139.88566264111364,-0.4617543705711855
11.42343258857727,3.386000156402588,-178.92697750431145,-160.78060763924157,0.4118626378389567,-0.4582247962517193,1,320.0,154.0,141.07302249568855,-0.4582247962517193
11.433796882629395,3.386000156402588,-179.18615068831974,-160.99466069851655,0.4129244748135793,-0.4594317348259709,1,320.0,154.0,140.81384931168026,-0.4594317348259709
11.444356679916382,3.386000156402588,-179.44532387232803,-161.20871375779154,0.4139873820534982,-0.4606399692661425,1,320.0,154.0,140.55467612767197,-0.4606399692661425
11.454022645950317,3.38700008392334,-179.70449705633632,-161.42487995497723,0.415053905889896,-0.4618494995722341,1,320.0,155.0,140.29550294366368,-0.4618494995722341
11.463254451751709,3.38700008392334,-178.4509287363209,-160.17373465099456,0.411337481601735,-0.458123692317657,1,320.0,155.0,141.5490712636791,-0.458123692317657
11.473670721054077,3.38700008392334,-178.69972265394838,-160.37773464828075,0.4123841702717198,-0.4593157436320797,1,320.0,155.0,141.30027734605162,-0.4593157436320797
11.484721183776855,3.38700008392334,-178.94851657157588,-160.58173464556694,0.4134318789416911,-0.4605090389160905,1,320.0,155.0,141.05148342842412,-0.4605090389160905
11.493337154388428,3.38700008392334,-179.19731048920337,-160.78573464285313,0.41448060761164873,-0.4617035781696896,1,320.0,156.0,140.80268951079663,-0.4617035781696896
11.50382113456726,3.38700008392334,-177.88682387146014,-159.49141003593377,0.4106417672548305,-0.45781189123223065,1,320.0,156.0,142.11317612853986,-0.45781189123223065
11.513244152069092,3.38700008392334,-178.1249226653692,-159.68513300695764,0.41167266048509393,-0.4589882343982483,1,320.0,156.0,141.8750773346308,-0.4589882343982483
11.525099754333496,3.38700008392334,-178.3630214592783,-159.87885597798152,0.4127045223302125,-0.4601657680582356,1,320.0,156.0,141.6369785407217,-0.4601657680582356
11.53368353843689,3.38700008392334,-178.60112025318736,-160.0725789490054,0.4137373527901861,-0.4613444922121924,1,320.0,157.0,141.39887974681264,-0.4613444922121924
11.54319977760315,3.38700008392334,-177.24216870113582,-158.74204153440445,0.40979867483262344,-0.457314472757156,1,320.0,157.0,142.75783129886418,-0.457314472757156
11.553709268569946,3.38700008392334,-177.46931586692463,-158.9253120278693,0.41081322598492054,-0.45847439593543715,1,320.0,157.0,142.53068413307537,-0.45847439593543715
11.565056800842285,3.38700008392334,-177.69646303271344,-159.10858252133414,0.41182869348968504,-0.4596354548495473,1,320.0,157.0,142.30353696728656,-0.4596354548495473
11.573720216751099,3.38700008392334,-177.92361019850225,-159.291853014799,0.41284507734691683,-0.46079764949948643,1,320.0,157.0,142.07638980149775,-0.46079764949948643
11.583191394805908,3.38700008392334,-176.62606451643344,-157.82928979420595,0.40849384764454255,-0.4569875982546967,1,320.0,157.0,143.37393548356656,-0.4569875982546967
11.593607664108276,3.38700008392334,-176.84275792639264,-158.00127595338202,0.40949023741532076,-0.4581318441362797,1,320.0,157.0,143.15724207360736,-0.4581318441362797
11.603116035461426,3.38700008392334,-177.05945133635183,-158.1732621125581,0.41048748711689487,-0.4592771734849125,1,320.0,157.0,142.94054866364817,-0.4592771734849125
11.61371898651123,3.38700008392334,-177.27614474631102,-158.34524827173416,0.41148559674926477,-0.46042358630059504,1,320.0,160.0,142.72385525368898,-0.46042358630059504
11.623134136199951,3.38700008392334,-175.73077204648857,-156.86873058421529,0.4071076782988308,-0.45582379108391696,1,320.0,160.0,144.26922795351143,-0.45582379108391696
11.634631633758545,3.38700008392334,-175.935385450324,-157.0294152737969,0.4080856470026978,-0.4569490040957711,1,320.0,160.0,144.064614549676,-0.4569490040957711
11.64344048500061,3.38700008392334,-176.13999885415942,-157.19009996337851,0.40906441913001257,-0.4580752401746444,1,320.0,160.0,143.86000114584058,-0.4580752401746444
11.654108047485352,3.386000156402588,-176.34461225799484,-157.34867151504943,0.4100414483495929,-0.4592024993205369,1,320.0,161.0,143.65538774200516,-0.4592024993205369
11.663426637649536,3.386000156402588,-174.782734189921,-155.76082542312707,0.4053188823026845,-0.4545692672456025,1,320.0,161.0,145.217265810079,-0.4545692672456025
11.67298698425293,3.386000156402588,-174.97523795354246,-155.9095235964963,0.4062768677287101,-0.455675147951716,1,320.0,161.0,145.02476204645754,-0.455675147951716
11.685114622116089,3.386000156402588,-175.16774171716392,-156.05822176986555,0.4072355966456025,-0.45678199117664753,1,320.0,161.0,144.83225828283608,-0.45678199117664753
11.693641662597656,3.386000156402588,-175.36024548078538,-156.2069199432348,0.4081950690533618,-0.4578897969203972,1,320.0,163.0,144.63975451921462,-0.4578897969203972
11.70323371887207,3.386000156402588,-173.68513434698534,-154.6236715270653,0.4035065218972713,-0.4529073184339515,1,320.0,163.0,146.31486565301466,-0.4529073184339515
11.713662385940552,3.386000156402588,-173.8648355412814,-154.7604971423868,0.40444451512136903,-0.4539922840448132,1,320.0,163.0,146.1351644587186,-0.4539922840448132
11.723697423934937,3.386000156402588,-174.04453673557745,-154.8973227577083,0.4053831924735434,-0.4550781481616464,1,320.0,163.0,145.95546326442255,-0.4550781481616464
11.733288526535034,3.386000156402588,-174.2242379298735,-155.0341483730298,0.40632255395379435,-0.456164910784451,1,320.0,164.0,145.7757620701265,-0.456164910784451
11.74391484260559,3.386000156402588,-172.55212257586524,-153.45841774019868,0.40167706335981046,-0.45121283547727004,1,320.0,164.0,147.44787742413476,-0.45121283547727004
11.753348350524902,3.385000228881836,-172.71912944517712,-153.58138922082048,0.40259253608266066,-0.45227683936767016,1,320.0,164.0,147.28087055482288,-0.45227683936767016
11.764228105545044,3.385000228881836,-172.886136314489,-153.706475149731,0.403511171573102,-0.4533416782924169,1,320.0,164.0,147.113863685511,-0.4533416782924169
11.773903608322144,3.385000228881836,-173.05314318380087,-153.83156107864153,0.4044304324931878,-0.4544073522515102,1,320.0,165.0,146.94685681619913,-0.4544073522515102
11.783405780792236,3.385000228881836,-171.3873791575957,-152.16447199157625,0.39950501461142185,-0.44949615071141924,1,320.0,165.0,148.6126208424043,-0.44949615071141924
11.79367446899414,3.385000228881836,-171.54182195489278,-152.27727214269595,0.40040176115347903,-0.45053919117795027,1,320.0,165.0,148.45817804510722,-0.45053919117795027
11.80322551727295,3.385000228881836,-171.69626475218988,-152.39007229381565,0.4012990716962917,-0.4515830038584677,1,320.0,165.0,148.30373524781012,-0.4515830038584677
11.813808679580688,3.385000228881836,-171.85070754948697,-152.50287244493535,0.40219694623986,-0.4526275887529716,1,320.0,167.0,148.14929245051303,-0.4526275887529716
11.823469638824463,3.385000228881836,-170.0928881391477,-150.8582247913112,0.39736320527333835,-0.44743581596412485,1,320.0,167.0,149.9071118608523,-0.44743581596412485
11.833808660507202,3.384000062942505,-170.23422142332103,-150.9568604948949,0.39823635242011324,-0.44845658701224944,1,320.0,167.0,149.76577857667897,-0.44845658701224944
11.843366861343384,3.384000062942505,-170.37555470749436,-151.05761246299417,0.3991125428441473,-0.44947806472679497,1,320.0,167.0,149.62444529250564,-0.44947806472679497
11.85392427444458,3.384000062942505,-170.5168879916677,-151.15836443109345,0.3999892370280219,-0.45050024910776126,1,320.0,168.0,149.4831120083323,-0.45050024910776126
11.863368272781372,3.384000062942505,-168.78105919366968,-149.5375358092978,0.39525106890688766,-0.44540030610583436,1,320.0,168.0,151.21894080633032,-0.44540030610583436
11.873762845993042,3.384000062942505,-168.90952296537534,-149.62648490588364,0.3961059402473201,-0.44639901024670803,1,320.0,168.0,151.09047703462466,-0.44639901024670803
11.88326644897461,3.384000062942505,-169.037986737081,-149.7154340024695,0.3969612563332354,-0.44739835670644024,1,320.0,168.0,150.962013262919,-0.44739835670644024
11.8941068649292,3.384000062942505,-169.16645050878668,-149.80438309905534,0.39781701716463375,-0.448398345485031,1,320.0,169.0,150.83354949121332,-0.448398345485031
11.903630018234253,3.384000062942505,-167.4543102124343,-148.00594375895912,0.39251681896762225,-0.44339517704095344,1,320.0,169.0,152.5456897875657,-0.44339517704095344
11.913105249404907,3.383000135421753,-167.57015441200824,-148.07983544683543,0.393345888170308,-0.44437204085250226,1,320.0,169.0,152.42984558799176,-0.44437204085250226
11.923731803894043,3.383000135421753,-167.68599861158216,-148.155844207729,0.39417787790441894,-0.44534948388504886,1,320.0,169.0,152.31400138841784,-0.44534948388504886
11.93368935585022,3.383000135421753,-167.8018428111561,-148.23185296862255,0.3950102476823343,-0.4463275061385934,1,320.0,171.0,152.1981571888439,-0.4463275061385934
11.943050146102905,3.383000135421753,-166.01361350881032,-146.47913875993498,0.3898777324929764,-0.44109505037349084,1,320.0,171.0,153.98638649118968,-0.44109505037349084
11.953619956970215,3.383000135421753,-166.11640221281814,-146.54260867471942,0.3906866094340914,-0.44204897882936434,1,320.0,171.0,153.88359778718186,-0.44204897882936434
11.963269472122192,3.383000135421753,-166.21919091682597,-146.60607858950385,0.3914958037247802,-0.4430034212287578,1,320.0,171.0,153.78080908317403,-0.4430034212287578
11.973959684371948,3.383000135421753,-166.3219796208338,-146.6695485042883,0.392305315365043,-0.44395837757167134,1,320.0,172.0,153.6780203791662,-0.44395837757167134
11.983518123626709,3.383000135421753,-164.57004167734047,-144.96195730990888,0.3873377543024216,-0.43886353190465893,1,320.0,172.0,155.42995832265953,-0.43886353190465893
11.993960618972778,3.383000135421753,-164.66011248020428,-145.01328301997358,0.3881244115695991,-0.43979491743049653,1,320.0,172.0,155.33988751979572,-0.43979491743049653
12.004148721694946,3.383000135421753,-164.75018328306808,-145.06460873003834,0.38891132546532703,-0.44072675331034844,1,320.0,172.0,155.24981671693192,-0.44072675331034844
12.013797998428345,3.382000207901001,-164.8402540859319,-145.11381605304518,0.38969594333320046,-0.44165903954421465,1,320.0,173.0,155.1597459140681,-0.44165903954421465
12.023154497146606,3.382000207901001,-163.1249828970109,-143.4507113467441,0.38489049728728597,-0.43670233925442,1,320.0,173.0,156.8750171029891,-0.43670233925442
12.033674955368042,3.382000207901001,-163.20267370061615,-143.49028047695853,0.3856554316459281,-0.43761158158724933,1,320.0,173.0,156.79732629938385,-0.43761158158724933
12.043787479400635,3.382000207901001,-163.28036450422138,-143.52984960717296,0.3864205638502213,-0.43852121237409675,1,320.0,173.0,156.71963549577862,-0.43852121237409675
12.054336786270142,3.382000207901001,-163.35805530782662,-143.5694187373874,0.38718589390016556,-0.43943123161496217,1,320.0,175.0,156.64194469217338,-0.43943123161496217
12.063724517822266,3.382000207901001,-161.5785452992012,-141.8489645476127,0.38220961840487566,-0.43428280940679265,1,320.0,175.0,158.4214547007988,-0.43428280940679265
12.073089599609375,3.382000207901001,-161.6434997597254,-141.87646376019282,0.38295199977877276,-0.4351689722582203,1,320.0,175.0,158.3565002402746,-0.4351689722582203
12.084012508392334,3.382000207901001,-161.70845422024956,-141.90396297277294,0.3836945186487328,-0.4360554598819506,1,320.0,175.0,158.29154577975044,-0.4360554598819506
12.093649625778198,3.38100004196167,-161.77340868077374,-141.9293419774608,0.38443462016424546,-0.43694227227798343,1,320.0,176.0,158.22659131922626,-0.43694227227798343
12.10322117805481,3.38100004196167,-160.04075049827844,-140.2617739398207,0.3796473206144987,-0.4319647767738779,1,320.0,176.0,159.95924950172156,-0.4319647767738779
12.113844156265259,3.38100004196167,-160.0933765940106,-140.2776480631532,0.3803677578028135,-0.43282839497172654,1,320.0,176.0,159.9066234059894,-0.43282839497172654
12.123724699020386,3.38100004196167,-160.14600268974277,-140.29352218648572,0.38108827436174497,-0.43369227630005386,1,320.0,176.0,159.85399731025723,-0.43369227630005386
12.133981704711914,3.38100004196167,-160.19862878547494,-140.30939630981823,0.38180887029129307,-0.43455642075885986,1,320.0,177.0,159.80137121452506,-0.43455642075885986
12.1434166431427,3.38100004196167,-158.51213719770195,-138.59212442571481,0.3768750525682269,-0.429746852372799,1,320.0,177.0,161.48786280229805,-0.429746852372799
12.153270483016968,3.38100004196167,-158.5528354962117,-138.59611170876644,0.3775728178664327,-0.4305884545084918,1,320.0,177.0,161.4471645037883,-0.4305884545084918
12.163777828216553,3.38100004196167,-158.59353379472148,-138.60009899181807,0.37827060310105376,-0.4314302601356771,1,320.0,177.0,161.40646620527852,-0.4314302601356771
12.173786878585815,3.380000114440918,-158.63423209323125,-138.60196525574366,0.3789658524440431,-0.432272269254355,1,320.0,179.0,161.36576790676875,-0.432272269254355
12.183741807937622,3.380000114440918,-156.8920773463634,-136.94441854344848,0.3742426537411644,-0.4272976463805379,1,320.0,179.0,163.1079226536366,-0.4272976463805379
12.192967414855957,3.380000114440918,-156.92054731965882,-136.9370096106973,0.3749184480699165,-0.42811641308509074,1,320.0,179.0,163.07945268034118,-0.42811641308509074
12.203551054000854,3.380000114440918,-156.94901729295424,-136.9296006779461,0.3755942053540048,-0.42893532213951,1,320.0,179.0,163.05098270704576,-0.42893532213951
12.213880062103271,3.380000114440918,-156.97748726624965,-136.9221917451949,0.3762699255934293,-0.42975437354379575,1,320.0,180.0,163.02251273375035,-0.42975437354379575
12.223485708236694,3.380000114440918,-155.28975600103314,-135.32221058979488,0.37174945609326415,-0.4249740449882489,1,320.0,180.0,164.71024399896686,-0.4249740449882489
12.233601093292236,3.380000114440918,-155.3064543082709,-135.30387797982158,0.37240397635119526,-0.4257706152284756,1,320.0,180.0,164.6935456917291,-0.4257706152284756
12.243491172790527,3.380000114440918,-155.32315261550866,-135.28554536984828,0.37305840494607656,-0.42656726896023844,1,320.0,180.0,164.67684738449134,-0.42656726896023844
12.253772974014282,3.379000186920166,-155.33985092274642,-135.26509042303206,0.3737101844620123,-0.4273640061835375,1,320.0,181.0,164.66014907725358,-0.4273640061835375
12.263694524765015,3.379000186920166,-153.70501027100659,-133.61951107802025,0.3690550061722714,-0.4227721528010817,1,320.0,181.0,166.29498972899341,-0.4227721528010817
12.27397346496582,3.379000186920166,-153.7103800127386,-133.5900165326099,0.36968756280044207,-0.4235471483912238,1,320.0,181.0,166.2896199872614,-0.4235471483912238
12.284464120864868,3.379000186920166,-153.7157497544706,-133.56052198719954,0.3703199719558856,-0.4243221708300746,1,320.0,181.0,166.2842502455294,-0.4243221708300746
12.293367385864258,3.379000186920166,-153.72111949620262,-133.53102744178918,0.37095223363860214,-0.425097220117634,1,320.0,182.0,166.27888050379738,-0.425097220117634
12.30408000946045,3.379000186920166,-152.13765456455084,-131.94864373731127,0.3665174438458495,-0.4206881060499485,1,320.0,182.0,167.86234543544916,-0.4206881060499485
12.31337022781372,3.379000186920166,-152.1321254915411,-131.90849695001404,0.36712881018584287,-0.4214421317897945,1,320.0,182.0,167.8678745084589,-0.4214421317897945
12.323886394500732,3.379000186920166,-152.12659641853136,-131.8683501627168,0.36773997579189976,-0.42219612988427546,1,320.0,182.0,167.87340358146864,-0.42219612988427546
12.333245277404785,3.378000259399414,-152.12106734552162,-131.82607971963148,0.3683483816587956,-0.4229501003333914,1,320.0,183.0,167.87893265447838,-0.4229501003333914
12.343937873840332,3.378000259399414,-150.5874817002715,-130.30420430461277,0.36412433161100954,-0.4187180738922462,1,320.0,183.0,169.4125182997285,-0.4187180738922462
12.353381395339966,3.378000259399414,-150.57147042367728,-130.25389311541124,0.3647152276495448,-0.4194517177124515,1,320.0,183.0,169.42852957632272,-0.4194517177124515
12.36444354057312,3.378000259399414,-150.55545914708307,-130.20358192620972,0.365305872132134,-0.4201852814762739,1,320.0,183.0,169.44454085291693,-0.4201852814762739
12.373620510101318,3.378000259399414,-150.53944787048886,-130.1532707370082,0.36589626505877726,-0.4209187651837133,1,320.0,185.0,169.46055212951114,-0.4209187651837133
12.383156299591064,3.378000259399414,-148.9532169167853,-128.5882788413782,0.3615440044394813,-0.41652854322579824,1,320.0,185.0,171.0467830832147,-0.41652854322579824
12.392983198165894,3.378000259399414,-148.92643393719757,-128.52757694638086,0.36211380005021643,-0.41724103581997896,1,320.0,185.0,171.07356606280243,-0.41724103581997896
12.403428792953491,3.378000259399414,-148.89965095760985,-128.4668750513835,0.36268329215147654,-0.4179533944992618,1,320.0,185.0,171.10034904239015,-0.4179533944992618
12.414026498794556,3.378000259399414,-148.87286797802213,-128.40617315638616,0.3632524807432616,-0.4186656192636466,1,320.0,186.0,171.12713202197787,-0.4186656192636466
12.423473834991455,3.378000259399414,-147.3433149445973,-126.90637231363498,0.3591255250581024,-0.4144741078320294,1,320.0,186.0,172.6566850554027,-0.4144741078320294
12.433146476745605,3.378000259399414,-147.30622275045545,-126.83579799685286,0.3596750148679482,-0.4151661283128114,1,320.0,186.0,172.69377724954455,-0.4151661283128114
12.443780899047852,3.378000259399414,-147.2691305563136,-126.76522368007075,0.36022415180621,-0.4158579633326228,1,320.0,186.0,172.7308694436864,-0.4158579633326228
12.45358657836914,3.376000165939331,-147.23203836217175,-126.69039758281248,0.36076781247741413,-0.41654961289146347,1,320.0,187.0,172.76796163782825,-0.41654961289146347
12.462955236434937,3.376000165939331,-145.7570014133386,-125.25268892708026,0.35685515667990836,-0.41254895135884884,1,320.0,187.0,174.2429985866614,-0.41254895135884884
12.473967790603638,3.373000144958496,-145.71004454519317,-125.16634837219033,0.3573773797559014,-0.41322115333980025,1,320.0,187.0,174.28995545480683,-0.41322115333980025
12.483424663543701,3.373000144958496,-145.66308767704774,-125.086395159224,0.3579068678761379,-0.413893120536411,1,320.0,187.0,174.33691232295226,-0.413893120536411
12.493717908859253,3.369000196456909,-145.6161308089023,-124.99790708251831,0.3584256717195037,-0.41456485294868095,1,320.0,187.0,174.3838691910977,-0.41456485294868095
12.503302574157715,3.369000196456909,-144.29454970022863,-123.72036659538927,0.3550464630838855,-0.411077116218835,1,320.0,187.0,175.70545029977137,-0.411077116218835
12.513920783996582,3.3620002269744873,-144.2388484582567,-123.61721006022991,0.3555407612919954,-0.41173146897076,1,320.0,187.0,175.7611515417433,-0.41173146897076
12.523356676101685,3.3620002269744873,-144.1831472162848,-123.5290409743168,0.3560526035937712,-0.4123855432164752,1,320.0,187.0,175.8168527837152,-0.4123855432164752
12.533982753753662,3.3560001850128174,-144.12744597431288,-123.42797310309366,0.35654846201381896,-0.41303933895598044,1,320.0,188.0,175.87255402568712,-0.41303933895598044
12.543246984481812,3.3560001850128174,-142.84653834850235,-122.19702287112342,0.35333031667530707,-0.40969485061082933,1,320.0,188.0,177.15346165149765,-0.40969485061082933
12.553299903869629,3.3450002670288086,-142.7824316669107,-122.0772401682713,0.35379696363272584,-0.4103318347512539,1,320.0,188.0,177.2175683330893,-0.4103318347512539
12.564431428909302,3.3450002670288086,-142.71832498531904,-121.98123111510985,0.35429165892450765,-0.41096849835827054,1,320.0,188.0,177.28167501468096,-0.41096849835827054
12.574010133743286,3.3370001316070557,-142.6542183037274,-121.86782830835232,0.35476491469794036,-0.41160484143187914,1,320.0,188.0,177.3457816962726,-0.41160484143187914
12.58367395401001,3.3370001316070557,-141.51377548297094,-120.68150320483923,0.3517007042669522,-0.40872862377686425,1,320.0,188.0,178.48622451702906,-0.40872862377686425
12.593006610870361,3.323000192642212,-141.44228461755424,-120.54736392533187,0.35214247395117004,-0.409350046161452,1,320.0,188.0,178.55771538244576,-0.409350046161452
12.603394031524658,3.323000192642212,-141.37079375213753,-120.44387477942774,0.3526205063499822,-0.40997111109171264,1,320.0,188.0,178.62920624786247,-0.40997111109171264
12.613860607147217,3.312000274658203,-141.29930288672082,-120.31611245428448,0.35306877212208176,-0.41059181856764615,1,320.0,188.0,178.70069711327918,-0.41059181856764615
12.623466968536377,3.312000274658203,-140.2883802407046,-119.27354466030884,0.3504812889654109,-0.40814665696490826,1,320.0,188.0,179.7116197592954,-0.40814665696490826
12.63308572769165,3.2960002422332764,-140.21044438752548,-119.12800219202374,0.3509022780144289,-0.40875418616303094,1,320.0,188.0,179.78955561247452,-0.40875418616303094
12.643572807312012,3.2960002422332764,-140.13250853434636,-119.01807048102896,0.3513654503136403,-0.4093613256818877,1,320.0,188.0,179.86749146565364,-0.4093613256818877
12.65352749824524,3.2840001583099365,-140.05457268116723,-118.88119118634383,0.3517956011159499,-0.4099680755214786,1,320.0,188.0,179.94542731883277,-0.4099680755214786
12.663108587265015,3.2840001583099365,-139.1629681041182,-117.97083726692046,0.34964563273284976,-0.40791930354040395,1,320.0,188.0,180.8370318958818,-0.40791930354040395
12.673304557800293,3.265000104904175,-139.0794500465086,-117.81232141756445,0.3500444753207104,-0.40851447912150496,1,320.0,188.0,180.9205499534914,-0.40851447912150496
12.68377423286438,3.265000104904175,-138.99593198889903,-117.69689838034924,0.35049445216795394,-0.409109237112318,1,320.0,188.0,181.00406801110097,-0.409109237112318
12.693701028823853,3.253000259399414,-138.91241393128945,-117.55398648120905,0.3509107278213917,-0.409703577512843,1,320.0,188.0,181.08758606871055,-0.409703577512843
12.703124761581421,3.253000259399414,-138.13062076749355,-116.76509750125717,0.3491617839289355,-0.40801891491681896,1,320.0,188.0,181.86937923250645,-0.40801891491681896
12.713517904281616,3.2330000400543213,-138.04231216353963,-116.59876116560889,0.3495451741319856,-0.408603156152892,1,320.0,188.0,181.95768783646037,-0.408603156152892
12.72404170036316,3.2330000400543213,-137.95400355958571,-116.47871778638027,0.3499835156658432,-0.40918695584594517,1,320.0,188.0,182.04599644041429,-0.40918695584594517
12.73366117477417,3.2190001010894775,-137.8656949556318,-116.32590966414551,0.35038177546748217,-0.40977031399597863,1,320.0,188.0,182.1343050443682,-0.40977031399597863
12.743124961853027,3.2190001010894775,-137.18485792109254,-115.54746465667564,0.3486702822821921,-0.40841971498548807,1,320.0,188.0,182.81514207890746,-0.40841971498548807
12.753578186035156,3.198000192642212,-137.09248425427646,-115.37319096611354,0.3490380198083482,-0.40899432900658017,1,320.0,188.0,182.90751574572354,-0.40899432900658017
12.763072490692139,3.198000192642212,-137.00011058746037,-115.2486305985529,0.3494647905202682,-0.40956848115933814,1,320.0,188.0,182.99988941253963,-0.40956848115933814
12.774269819259644,3.184000253677368,-136.90773692064428,-115.09054442690719,0.3498505398364279,-0.4101421714437621,1,320.0,187.0,183.09226307935572,-0.4101421714437621
12.78387451171875,3.184000253677368,-136.42062527010864,-114.42397311931694,0.348507231221319,-0.4094273083539647,1,320.0,187.0,183.57937472989136,-0.4094273083539647
12.793792009353638,3.1630001068115234,-136.32554349584086,-114.24481887478629,0.3488634702222561,-0.4099948379423226,1,320.0,187.0,183.67445650415914,-0.4099948379423226
12.803446769714355,3.1630001068115234,-136.23046172157308,-114.11654003085366,0.3492801183096912,-0.4105618921218091,1,320.0,187.0,183.76953827842692,-0.4105618921218091
12.813802003860474,3.1480002403259277,-136.1353799473053,-113.95148437332811,0.34965180894252723,-0.4111284708924243,1,320.0,187.0,183.8646200526947,-0.4111284708924243
12.823377132415771,3.1480002403259277,-135.72358329307883,-113.48842056255353,0.3489745375610606,-0.4106610868203254,1,320.0,187.0,184.27641670692117,-0.4106610868203254
12.833294868469238,3.127000093460083,-135.62632869879943,-113.30573183894991,0.349321839751931,-0.4112225129506841,1,320.0,187.0,184.37367130120057,-0.4112225129506841
12.843822479248047,3.127000093460083,-135.52907410452002,-113.17515620531277,0.349731024772593,-0.4117834528080715,1,320.0,187.0,184.47092589547998,-0.4117834528080715
12.854214906692505,3.1120002269744873,-135.43181951024062,-113.00690358794,0.35009415614968536,-0.4123439063924874,1,320.0,186.0,184.56818048975938,-0.4123439063924874
12.863631248474121,3.1120002269744873,-135.18993373732818,-112.52687866227774,0.3493615460042253,-0.41243192230787334,1,320.0,186.0,184.81006626267182,-0.41243192230787334
12.873142004013062,3.0900001525878906,-135.09168690696274,-112.33794756709577,0.3496965184278424,-0.4129894845459696,1,320.0,186.0,184.90831309303726,-0.4129894845459696
12.883591413497925,3.0900001525878906,-134.9934400765973,-112.20497455136538,0.35009797568172274,-0.41354655554991404,1,320.0,186.0,185.0065599234027,-0.41354655554991404
12.894063711166382,3.076000213623047,-134.89519324623186,-112.03595250186778,0.350455328984835,-0.41410313531970666,1,320.0,185.0,185.10480675376814,-0.41410313531970666
12.90361213684082,3.076000213623047,-134.80753307243734,-111.74332788469322,0.3503343131436966,-0.4146937694382568,1,320.0,185.0,185.19246692756266,-0.4146937694382568
12.913585424423218,3.05400013923645,-134.70935887094438,-111.5519059861795,0.35066236639541104,-0.41524950719082,1,320.0,185.0,185.29064112905562,-0.41524950719082
12.923157930374146,3.05400013923645,-134.61118466945143,-111.4178376939826,0.3510585736332447,-0.4158047540723756,1,320.0,185.0,185.38881533054857,-0.4158047540723756
12.934616565704346,3.0390000343322754,-134.51301046795848,-111.24416196302265,0.35140638356590786,-0.41635951008292393,1,320.0,185.0,185.48698953204152,-0.41635951008292393
12.943196058273315,3.0390000343322754,-134.464027253525,-111.121638743244,0.35183872493498036,-0.417074290867265,1,320.0,185.0,185.535972746475,-0.417074290867265
12.953222274780273,3.017000198364258,-134.36619052038333,-110.92880728093249,0.3521619712166112,-0.4176287177400969,1,320.0,185.0,185.63380947961667,-0.4176287177400969
12.963600397109985,3.017000198364258,-134.26835378724167,-110.79481819219923,0.3525551584010923,-0.41818265542926314,1,320.0,185.0,185.73164621275833,-0.41818265542926314
12.973496198654175,3.003000259399414,-134.1705170541,-110.62290968631717,0.3529019827424654,-0.41873610393476357,1,320.0,184.0,185.8294829459,-0.41873610393476357
12.98301100730896,3.003000259399414,-134.25747565524412,-110.65445375190707,0.35383379092751865,-0.41989206807761736,1,320.0,184.0,185.74252434475588,-0.41989206807761736
12.99375605583191,2.9810001850128174,-134.16090667691316,-110.46125172657828,0.3541490078973919,-0.42044061725599136,1,320.0,184.0,185.83909332308684,-0.42044061725599136
13.003233671188354,2.9810001850128174,-134.0643376985822,-110.32839824797031,0.3545359851664158,-0.4209886881764554,1,320.0,184.0,185.9356623014178,-0.4209886881764554
13.013775110244751,2.9670002460479736,-133.96776872025123,-110.15664892015805,0.35487158136186553,-0.4215315919875463,1,320.0,183.0,186.03223127974877,-0.4215315919875463
13.023242473602295,2.9670002460479736,-134.17748210523987,-110.22639938557526,0.35591429523774154,-0.4230734192125521,1,320.0,183.0,185.82251789476013,-0.4230734192125521
13.03305721282959,2.945000171661377,-134.08301430461634,-110.033023207629,0.3562172794467742,-0.42361203656640223,1,320.0,183.0,185.91698569538366,-0.42361203656640223
13.043429136276245,2.945000171661377,-133.9885465039928,-109.90155964545635,0.3565939195531077,-0.42415019457053127,1,320.0,183.0,186.0114534960072,-0.42415019457053127
13.053735971450806,2.931000232696533,-133.89407870336927,-109.73018559560542,0.35691799322808393,-0.42468320695261524,1,320.0,182.0,186.10592129663073,-0.42468320695261524
13.063123226165771,2.931000232696533,-134.2143429224213,-109.93512432986525,0.35838696829908123,-0.4265689879578741,1,320.0,182.0,185.7856570775787,-0.4265689879578741
13.073001623153687,2.9100000858306885,-134.12272026887732,-109.7453402075576,0.3586832613753519,-0.4270994767916848,1,320.0,182.0,185.87727973112268,-0.4270994767916848
13.083455324172974,2.9100000858306885,-134.03109761533332,-109.61618443442904,0.3590516917517931,-0.42762952812730515,1,320.0,182.0,185.96890238466668,-0.42762952812730515
13.093847036361694,2.8960001468658447,-133.93947496178933,-109.44609317072626,0.3593663567571637,-0.42815445410354913,1,320.0,182.0,186.06052503821067,-0.42815445410354913
13.103429794311523,2.8960001468658447,-134.25799655775685,-109.77278222745794,0.36121685535663095,-0.4300171578712052,1,320.0,182.0,185.74200344224315,-0.4300171578712052
13.11320185661316,2.875000238418579,-134.16918755387792,-109.5845588140732,0.36150466494532774,-0.43053950521318035,1,320.0,182.0,185.83081244612208,-0.43053950521318035
13.123558044433594,2.875000238418579,-134.08037854999898,-109.45853020328906,0.36186651753795707,-0.43106143626289695,1,320.0,182.0,185.91962145000102,-0.43106143626289695
13.134096384048462,2.8610000610351562,-133.99156954612005,-109.29050038724532,0.3621733558284326,-0.431578261256001,1,320.0,181.0,186.00843045387995,-0.431578261256001
13.143464088439941,2.8610000610351562,-134.40864780209887,-109.62550559252654,0.3640342142315397,-0.43374522043614916,1,320.0,181.0,185.59135219790113,-0.43374522043614916
13.153302907943726,2.8400001525878906,-134.3233092282818,-109.43881620557443,0.36431360556349035,-0.43426070142125905,1,320.0,181.0,185.6766907717182,-0.43426070142125905
13.163563013076782,2.8400001525878906,-134.23797065446473,-109.31595032637452,0.3646690199216525,-0.43477578984889675,1,320.0,181.0,185.76202934553527,-0.43477578984889675
13.173163414001465,2.826000213623047,-134.15263208064766,-109.14997684914485,0.36496812145158564,-0.43528579039740967,1,320.0,180.0,185.84736791935234,-0.43528579039740967
13.1840980052948,2.826000213623047,-134.6579164608011,-109.59254214980893,0.3671631513638998,-0.4377223515091213,1,320.0,180.0,185.3420835391989,-0.4377223515091213
13.193851232528687,2.805000066757202,-134.57662957496726,-109.40803736659264,0.36743544941091644,-0.43823208430953764,1,320.0,180.0,185.42337042503274,-0.43823208430953764
13.203489542007446,2.805000066757202,-134.49534268913342,-109.28905035918632,0.36778583186001423,-0.4387414503028681,1,320.0,180.0,185.50465731086658,-0.4387414503028681
13.21355414390564,2.7910001277923584,-134.4140558032996,-109.12580428355349,0.3680785473927981,-0.43924574501766944,1,320.0,180.0,185.5859441967004,-0.43924574501766944
13.22333812713623,2.7910001277923584,-134.33276891746576,-109.00681727614717,0.36842384104309006,-0.4397496757704136,1,320.0,179.0,185.66723108253424,-0.4397496757704136
13.233405590057373,2.7710001468658447,-134.9405926021075,-109.50918078808088,0.3709214750548927,-0.44249408993074313,1,320.0,179.0,185.0594073978925,-0.44249408993074313
13.244290828704834,2.7710001468658447,-134.86403097032522,-109.39489360020568,0.3712686763610233,-0.4429993265192428,1,320.0,179.0,185.13596902967478,-0.4429993265192428
13.253989696502686,2.757000207901001,-134.78746933854293,-109.23518402644915,0.3715568404751268,-0.44349950659022974,1,320.0,179.0,185.21253066145707,-0.44349950659022974
13.263824224472046,2.757000207901001,-134.71090770676065,-109.12089683857394,0.37189900944575593,-0.4439993503642093,1,320.0,177.0,185.28909229323935,-0.4439993503642093
13.273176908493042,2.7370002269744873,-135.48819689123843,-109.70393304303936,0.37464390486469806,-0.4472759644087899,1,320.0,177.0,184.51180310876157,-0.4472759644087899
13.28398609161377,2.7370002269744873,-135.41748695762726,-109.59487539710447,0.3749889514981761,-0.4477791630024107,1,320.0,177.0,184.58251304237274,-0.4477791630024107
13.293505907058716,2.7230000495910645,-135.3467770240161,-109.43918477347671,0.3752735320518026,-0.4482773173408883,1,320.0,177.0,184.6532229759839,-0.4482773173408883
13.30296516418457,2.7230000495910645,-136.0441792170038,-110.23111199881455,0.3785509917675287,-0.45127936495337406,1,320.0,177.0,183.9558207829962,-0.45127936495337406
13.313748598098755,2.703000068664551,-135.97873313226614,-110.0607204584147,0.37881510545529373,-0.4517797591313418,1,320.0,177.0,184.02126686773386,-0.4517797591313418
13.323391675949097,2.703000068664551,-135.91328704752848,-109.95783723420222,0.3791597910971389,-0.45227987467259256,1,320.0,177.0,184.08671295247152,-0.45227987467259256
13.334111452102661,2.689000129699707,-135.84784096279083,-109.8070630437254,0.3794425224278737,-0.4527749569234213,1,320.0,177.0,184.15215903720917,-0.4527749569234213
13.343530893325806,2.689000129699707,-135.78239487805317,-109.70417981951292,0.37978228849367807,-0.453269762828136,1,320.0,175.0,184.21760512194683,-0.453269762828136
13.353973627090454,2.6690001487731934,-136.6645024153029,-110.51848058151091,0.3832485530906531,-0.4568463737767126,1,320.0,175.0,183.3354975846971,-0.4568463737767126
13.363452434539795,2.6690001487731934,-136.60554916128766,-110.42235724156924,0.38359394240938316,-0.45734561657657785,1,320.0,175.0,183.39445083871234,-0.45734561657657785
13.37369155883789,2.6560001373291016,-136.5465959072724,-110.2805649414426,0.3838803532259506,-0.45784017562569523,1,320.0,175.0,183.4534040927276,-0.45784017562569523
13.383301973342896,2.6560001373291016,-137.33455537636235,-111.07663127101335,0.3871295370589705,-0.4610952646105707,1,320.0,175.0,182.66544462363765,-0.4610952646105707
13.392944812774658,2.636000156402588,-137.28140536406562,-110.91542519216283,0.38738973389675446,-0.4615929655974315,1,320.0,175.0,182.71859463593438,-0.4615929655974315
13.403393745422363,2.636000156402588,-137.2282553517689,-110.82541534204096,0.3877349980686906,-0.4620904492007213,1,320.0,175.0,182.7717446482311,-0.4620904492007213
13.413830995559692,2.622000217437744,-137.17510533947217,-110.68488005609103,0.38801518297434584,-0.4625829143126844,1,320.0,175.0,182.82489466052783,-0.4625829143126844
13.423495054244995,2.622000217437744,-137.12195532717544,-110.59487020596916,0.38835563341300355,-0.46307516390131875,1,320.0,174.0,182.87804467282456,-0.46307516390131875
13.433489084243774,2.6020002365112305,-137.98007970361002,-111.40363954298454,0.39177028042563933,-0.46653072392802797,1,320.0,174.0,182.01992029638998,-0.46653072392802797
13.443840026855469,2.6020002365112305,-137.93317369289392,-111.32028953341592,0.3921160982395596,-0.4670268591573655,1,320.0,174.0,182.06682630710608,-0.4670268591573655
13.454273462295532,2.5890002250671387,-137.88626768217782,-111.1887233039946,0.39239991603014146,-0.4675183252204578,1,320.0,174.0,182.11373231782218,-0.4675183252204578
13.463236808776855,2.5890002250671387,-137.83936167146172,-111.10537329442599,0.39274126217658667,-0.46800960494939614,1,320.0,172.0,182.16063832853828,-0.46800960494939614
13.473153829574585,2.569000005722046,-138.83287798417314,-112.05654872956706,0.3966026669122717,-0.4718844413199329,1,320.0,172.0,181.16712201582686,-0.4718844413199329
13.48360562324524,2.569000005722046,-138.79309878955505,-111.98080022799684,0.3969510134008836,-0.4723811222183786,1,320.0,172.0,181.20690121044495,-0.4723811222183786
13.494317770004272,2.569000005722046,-138.75331959493695,-111.90505172642662,0.3972990627659971,-0.47287764708293295,1,320.0,172.0,181.24668040506305,-0.47287764708293295
13.503169059753418,2.555000066757202,-138.71354040031886,-111.7759197927009,0.397578633352375,-0.4733691609608478,1,320.0,171.0,181.28645959968114,-0.4733691609608478
13.513541221618652,2.555000066757202,-139.72489442313463,-112.82812976857895,0.4015973618872154,-0.47728558150317973,1,320.0,171.0,180.27510557686537,-0.47728558150317973
13.523011684417725,2.5350000858306885,-139.69231394573177,-112.6827520661246,0.4018553287295031,-0.4777825542150378,1,320.0,171.0,180.30768605426823,-0.4777825542150378
13.534411191940308,2.5350000858306885,-139.6597334683289,-112.614728421856,0.4022058594008642,-0.4782794018993068,1,320.0,171.0,180.3402665316711,-0.4782794018993068
13.543955564498901,2.5220000743865967,-139.62715299092605,-112.4957220720431,0.40249109802449323,-0.4787715866695198,1,320.0,170.0,180.37284700907395,-0.4787715866695198
13.55345892906189,2.5220000743865967,-140.65265544132916,-113.56914914136048,0.406556213515118,-0.48271098363936493,1,320.0,170.0,179.34734455867084,-0.48271098363936493
13.563769817352295,2.502000093460083,-140.6273203327571,-113.42940176386173,0.40681444409224554,-0.48320863712978557,1,320.0,170.0,179.3726796672429,-0.48320863712978557
13.573906660079956,2.502000093460083,-140.60198522418506,-113.36919436083926,0.40716789655993224,-0.4837061954868676,1,320.0,170.0,179.39801477581494,-0.4837061954868676
13.583548545837402,2.489000082015991,-140.576650115613,-113.2565533183485,0.40745432485189303,-0.48419908996546035,1,320.0,169.0,179.423349884387,-0.48419908996546035
13.593045473098755,2.489000082015991,-141.61293386212392,-114.34697998671184,0.41155206314021553,-0.4881505040736066,1,320.0,169.0,178.38706613787608,-0.4881505040736066
13.603482723236084,2.4690001010894775,-141.59486781834187,-114.21283127508674,0.41181053133798745,-0.48864883200891535,1,320.0,169.0,178.40513218165813,-0.48864883200891535
13.613579273223877,2.4690001010894775,-141.5768017745598,-114.16050243749707,0.4121669912069326,-0.48914709359667374,1,320.0,169.0,178.4231982254402,-0.48914709359667374
13.623097658157349,2.455000162124634,-141.55873573077776,-114.05005138570829,0.41244930705292737,-0.48964033430273146,1,320.0,168.0,178.44126426922224,-0.48964033430273146
13.63357949256897,2.455000162124634,-142.60272907496278,-115.15362939598398,0.41656681540099966,-0.49359341549267155,1,320.0,168.0,177.39727092503722,-0.49359341549267155
13.64301347732544,2.43500018119812,-142.5919349368211,-115.02494210385302,0.4168250426823458,-0.4940920111580809,1,320.0,168.0,177.4080650631789,-0.4940920111580809
13.65424633026123,2.43500018119812,-142.58114079867943,-114.98052774413713,0.41718423814605454,-0.4945905680995146,1,320.0,168.0,177.41885920132057,-0.4945905680995146
13.663851499557495,2.4220001697540283,-142.57034666053775,-114.88053673679296,0.41747264929409444,-0.4950844527766276,1,320.0,167.0,177.42965333946225,-0.4950844527766276
13.673390865325928,2.4220001697540283,-143.6192500583005,-116.09536102525703,0.42192978684551,-0.49903045098112225,1,320.0,167.0,176.3807499416995,-0.49903045098112225
13.683843851089478,2.4030001163482666,-143.61571174559973,-115.97718235443143,0.42219476244136184,-0.49952993715660265,1,320.0,167.0,176.38428825440027,-0.49952993715660265
13.693864345550537,2.4030001163482666,-143.61217343289894,-115.94139009254071,0.4225584761865665,-0.5000294109214501,1,320.0,167.0,176.38782656710106,-0.5000294109214501
13.703449487686157,2.3910000324249268,-143.60863512019816,-115.8528410736289,0.42285509562809714,-0.5005245639864809,1,320.0,166.0,176.39136487980184,-0.5005245639864809
13.713120222091675,2.3910000324249268,-144.65990062669732,-117.06418392106639,0.4272776694897718,-0.5044559211621542,1,320.0,166.0,175.34009937330268,-0.5044559211621542
13.723859310150146,2.376000165939331,-144.66358492650227,-116.97018285480607,0.4275672456878049,-0.5049579851140807,1,320.0,166.0,175.33641507349773,-0.5049579851140807
13.733795642852783,2.376000165939331,-144.6672692263072,-116.94293016536761,0.42793682618876117,-0.5054600617400001,1,320.0,166.0,175.3327307736928,-0.5054600617400001
13.743507146835327,2.368000030517578,-144.67095352611216,-116.87970658821804,0.4282606865016306,-0.5059592575718628,1,320.0,165.0,175.32904647388784,-0.5059592575718628
13.752956867218018,2.368000030517578,-145.72226641787648,-117.98400994905575,0.432313948454907,-0.5098713808793478,1,320.0,165.0,174.27773358212352,-0.5098713808793478
13.763278722763062,2.3580000400543213,-145.7331246432651,-117.91917488116009,0.43263648198396165,-0.5103791747225712,1,320.0,165.0,174.2668753567349,-0.5103791747225712
13.775462627410889,2.3580000400543213,-145.74398286865375,-117.89967083371242,0.43301334652131096,-0.5108870054294709,1,320.0,165.0,174.25601713134625,-0.5108870054294709
13.783110857009888,2.3530001640319824,-145.75484109404238,-117.85734679066718,0.43336121019350704,-0.5113930511097089,1,320.0,165.0,174.24515890595762,-0.5113930511097089
13.793564319610596,2.3530001640319824,-146.70274768006513,-118.86262198361985,0.43707499346457956,-0.5149519189480065,1,320.0,165.0,173.29725231993487,-0.5149519189480065
13.803010702133179,2.3470001220703125,-146.72002309822335,-118.8226133342935,0.43742711827205294,-0.5154667291723549,1,320.0,165.0,173.27997690177665,-0.5154667291723549
13.813948392868042,2.3470001220703125,-146.73729851638157,-118.81012728741891,0.43781222815570175,-0.5159815975716794,1,320.0,165.0,173.26270148361843,-0.5159815975716794
13.823592901229858,2.3440001010894775,-146.7545739345398,-118.78382323026557,0.4381797769631909,-0.5164954234789777,1,320.0,166.0,173.2454260654602,-0.5164954234789777
13.83334732055664,2.3440001010894775,-147.50578372176477,-119.59618402002917,0.44125124270588345,-0.5194004889915692,1,320.0,166.0,172.49421627823523,-0.5194004889915692
13.843658208847046,2.3410000801086426,-147.52808578758078,-119.5754912474494,0.44162728823714237,-0.5199218394076969,1,320.0,166.0,172.47191421241922,-0.5199218394076969
13.853290319442749,2.3410000801086426,-147.55038785339678,-119.5686544991963,0.44201993807739337,-0.5204432645915048,1,320.0,166.0,172.44961214660322,-0.5204432645915048
13.863731622695923,2.3400001525878906,-147.5726899192128,-119.55719096937494,0.4424066984769626,-0.5209643956380079,1,320.0,167.0,172.4273100807872,-0.5209643956380079
13.873399019241333,2.3400001525878906,-148.14448527480948,-120.29462011325688,0.4452239671802782,-0.5232759692479575,1,320.0,167.0,171.85551472519052,-0.5232759692479575
13.8839590549469,2.3390002250671387,-148.17055112429568,-120.28825022606665,0.4456189883009639,-0.5238032492706004,1,320.0,167.0,171.82944887570432,-0.5238032492706004
13.893478870391846,2.3390002250671387,-148.1966169737819,-120.2865113668382,0.44601956083437166,-0.524330616548689,1,320.0,167.0,171.8033830262181,-0.524330616548689
13.90353775024414,2.3400001525878906,-148.2226828232681,-120.28940353557152,0.44642600098458257,-0.5248584416120728,1,320.0,168.0,171.7773171767319,-0.5248584416120728
13.91298508644104,2.3400001525878906,-148.63102635859047,-120.85631232317053,0.44867976956616995,-0.5266319743286119,1,320.0,168.0,171.36897364140953,-0.5266319743286119
13.923561334609985,2.3400001525878906,-148.6597108963405,-120.85846882842233,0.4490872332891512,-0.5271644058621238,1,320.0,168.0,171.3402891036595,-0.5271644058621238
13.933302879333496,2.3400001525878906,-148.68839543409052,-120.86062533367414,0.4494947042364258,-0.5276969334888482,1,320.0,168.0,171.31160456590948,-0.5276969334888482
13.944178104400635,2.3410000801086426,-148.71707997184055,-120.86740862049419,0.4499080521922164,-0.5282299289745376,1,320.0,170.0,171.28292002815945,-0.5282299289745376
13.953680038452148,2.3410000801086426,-148.87555453477125,-121.27883646589066,0.45164951661186037,-0.5291859575036473,1,320.0,170.0,171.12444546522875,-0.5291859575036473
13.963133573532104,2.3430001735687256,-148.90512825161196,-121.29303879804333,0.4520738008408397,-0.529721394996574,1,320.0,170.0,171.09487174838804,-0.529721394996574
13.97380805015564,2.3430001735687256,-148.93470196845266,-121.29799918223391,0.4524870113867566,-0.5302569317832679,1,320.0,170.0,171.06529803154734,-0.5302569317832679
13.98346996307373,2.3450000286102295,-148.96427568529336,-121.31218349604895,0.45291194478901703,-0.5307933126311234,1,320.0,171.0,171.03572431470664,-0.5307933126311234
13.993848323822021,2.3450000286102295,-148.9974624710659,-121.68317746413412,0.4545186695850434,-0.5313415673198043,1,320.0,171.0,171.0025375289341,-0.5313415673198043
14.003262281417847,2.3470001220703125,-149.02706094313172,-121.69985391314822,0.4549485056190527,-0.5318789341594887,1,320.0,171.0,170.97293905686828,-0.5318789341594887
14.01394534111023,2.3470001220703125,-149.05665941519754,-121.70732220514344,0.4553673170141149,-0.5324164006720369,1,320.0,171.0,170.94334058480246,-0.5324164006720369
14.023098945617676,2.3490002155303955,-149.08625788726337,-121.72398182713806,0.4557978227548085,-0.5329547123235723,1,320.0,173.0,170.91374211273663,-0.5329547123235723
14.033616542816162,2.3490002155303955,-148.9049101388814,-121.85539026503946,0.4566212503988427,-0.5328056409118515,1,320.0,173.0,171.0950898611186,-0.5328056409118515
14.04326319694519,2.3519999980926514,-148.93306315760276,-121.87746173182774,0.4570596819790611,-0.5333428182870795,1,320.0,173.0,171.06693684239724,-0.5333428182870795
14.054362535476685,2.3519999980926514,-148.96121617632411,-121.88577929098705,0.45748163698347466,-0.5338800908195108,1,320.0,173.0,171.03878382367589,-0.5338800908195108
14.063075065612793,2.3540000915527344,-148.98936919504547,-121.9032463168247,0.45791523993116373,-0.5344182034908027,1,320.0,174.0,171.01063080495453,-0.5344182034908027
14.073467016220093,2.3540000915527344,-148.71532360636272,-121.8174891888027,0.458031279109971,-0.5339714718065722,1,320.0,174.0,171.28467639363728,-0.5339714718065722
14.083192825317383,2.3570001125335693,-148.74140569714322,-121.83885448757218,0.4584702558166208,-0.5345073755761823,1,320.0,174.0,171.25859430285678,-0.5345073755761823
14.093849420547485,2.3570001125335693,-148.76748778792373,-121.84652736507698,0.4588928276479922,-0.5350433678292928,1,320.0,174.0,171.23251221207627,-0.5350433678292928
14.103795289993286,2.3590002059936523,-148.79356987870423,-121.86330812932263,0.459326995217214,-0.5355801925685186,1,320.0,176.0,171.20643012129577,-0.5355801925685186
14.113083839416504,2.3590002059936523,-148.33514927850055,-121.78326392856872,0.4594643508194652,-0.5345378983715384,1,320.0,176.0,171.66485072149945,-0.5345378983715384
14.123094081878662,2.3620002269744873,-148.35791084187173,-121.80396590558848,0.4599039357649134,-0.5350703710181841,1,320.0,176.0,171.64208915812827,-0.5350703710181841
14.133798122406006,2.3620002269744873,-148.3806724052429,-121.81103761623075,0.46032718846988735,-0.5356029211679659,1,320.0,176.0,171.6193275947571,-0.5356029211679659
14.143678665161133,2.364000082015991,-148.40343396861408,-121.82717483668443,0.46076198382560435,-0.536136290784273,1,320.0,178.0,171.59656603138592,-0.536136290784273
14.153204679489136,2.364000082015991,-147.77907214992211,-121.55036977362283,0.4602605930474898,-0.5345603589006935,1,320.0,178.0,172.22092785007789,-0.5345603589006935
14.162870168685913,2.367000102996826,-147.797398298735,-121.56906431598503,0.4606984888069273,-0.5350874479260116,1,320.0,178.0,172.202601701265,-0.5350874479260116
14.17332911491394,2.367000102996826,-147.8157244475479,-121.57419032166635,0.46112011984047363,-0.5356145995809479,1,320.0,178.0,172.1842755524521,-0.5356145995809479
14.18412709236145,2.369000196456909,-147.83405059636078,-121.58834190199975,0.4615532378967505,-0.536142553070297,1,320.0,180.0,172.16594940363922,-0.536142553070297
14.193557739257812,2.369000196456909,-147.06077199223978,-121.13394819676795,0.4604776014721851,-0.5340900978620367,1,320.0,180.0,172.93922800776022,-0.5340900978620367
14.203017473220825,2.371000051498413,-147.07367201956038,-121.14493255829804,0.46090600697796164,-0.5346096729246036,1,320.0,180.0,172.92632798043962,-0.5346096729246036
14.213567733764648,2.371000051498413,-147.08657204688097,-121.14690874739439,0.4613236094502061,-0.5351292922020158,1,320.0,180.0,172.91342795311903,-0.5351292922020158
14.223424434661865,2.373000144958496,-147.09947207420157,-121.15787789884789,0.46175264689174533,-0.5356496912260035,1,320.0,182.0,172.90052792579843,-0.5356496912260035
14.234105825424194,2.373000144958496,-146.1929917078217,-120.54361792865569,0.4601619957660825,-0.5331729933608027,1,320.0,182.0,173.8070082921783,-0.5331729933608027
14.243465900421143,2.376000165939331,-146.19958930540045,-120.55482823875661,0.46059015679735693,-0.5336838371257585,1,320.0,182.0,173.80041069459955,-0.5336838371257585
14.254060506820679,2.376000165939331,-146.2061869029792,-120.55258007727411,0.46100215992905474,-0.5341947035864527,1,320.0,182.0,173.7938130970208,-0.5341947035864527
14.263095617294312,2.378000020980835,-146.21278450055794,-120.55928329310213,0.4614255305253167,-0.5347063237538208,1,320.0,184.0,173.78721549944206,-0.5347063237538208
14.273528099060059,2.378000020980835,-145.18760010426647,-119.90255966880012,0.4597044904734563,-0.5318542450372924,1,320.0,184.0,174.81239989573353,-0.5318542450372924
14.283073663711548,2.380000114440918,-145.187124272742,-119.90476103471391,0.4601208035724276,-0.5323545696597424,1,320.0,184.0,174.812875727258,-0.5323545696597424
14.293677568435669,2.380000114440918,-145.18664844121756,-119.8980260864746,0.4605263698588419,-0.5328548926405735,1,320.0,184.0,174.81335155878244,-0.5328548926405735
14.303069829940796,2.382000207901001,-145.1861726096931,-119.90021136466397,0.4609432474852524,-0.5333559399445715,1,320.0,186.0,174.8138273903069,-0.5333559399445715
14.313421249389648,2.382000207901001,-144.05564976993995,-119.10538529398683,0.45878002632748904,-0.5301727539164429,1,320.0,186.0,175.94435023006005,-0.5301727539164429
14.32340383529663,2.385000228881836,-144.04742636853132,-119.1065969559223,0.45919388698192487,-0.5306616501309782,1,320.0,186.0,175.95257363146868,-0.5306616501309782
14.334316968917847,2.385000228881836,-144.0392029671227,-119.09445887754615,0.45959168591988336,-0.5311505178719814,1,320.0,186.0,175.9607970328773,-0.5311505178719814
14.34353494644165,2.386000156402588,-144.03097956571406,-119.08676236345076,0.4599950857811219,-0.5316397171908034,1,320.0,188.0,175.96902043428594,-0.5316397171908034
14.353216648101807,2.386000156402588,-142.80743061412343,-118.16851171178871,0.45743884869914925,-0.5281664733535709,1,320.0,188.0,177.19256938587657,-0.5281664733535709
14.363052129745483,2.388000011444092,-142.79087450305403,-118.15903216758556,0.45783748509110755,-0.5286420903588986,1,320.0,188.0,177.20912549694597,-0.5286420903588986
14.373656749725342,2.388000011444092,-142.77431839198462,-118.14068145507855,0.4582254124041283,-0.5291176499145203,1,320.0,188.0,177.22568160801538,-0.5291176499145203
14.383636236190796,2.390000104904175,-142.75776228091522,-118.13118705437682,0.4586245250292813,-0.5295938658426029,1,320.0,190.0,177.24223771908478,-0.5295938658426029
14.393362283706665,2.390000104904175,-141.45251954127602,-117.002042372456,0.45539121462780097,-0.5258682754696442,1,320.0,190.0,178.54748045872398,-0.5258682754696442
14.403895378112793,2.392000198364258,-141.42712727478028,-116.98491570311712,0.45577777018925525,-0.5263299712229007,1,320.0,190.0,178.57287272521972,-0.5263299712229007
14.41385555267334,2.392000198364258,-141.40173500828453,-116.95894859423976,0.45615362685771155,-0.5267915786110573,1,320.0,190.0,178.59826499171547,-0.5267915786110573
14.423996448516846,2.3930001258850098,-141.3763427417888,-116.93739524039671,0.45653499734882624,-0.5272534510493535,1,320.0,192.0,178.6236572582112,-0.5272534510493535
14.43407392501831,2.3930001258850098,-139.99982665310648,-115.82158606319894,0.45335744984599324,-0.5233097706306464,1,320.0,192.0,180.00017334689352,-0.5233097706306464
14.443136215209961,2.3950002193450928,-139.9651696847685,-115.79696258228617,0.4537317436394024,-0.5237563108746681,1,320.0,192.0,180.0348303152315,-0.5237563108746681
14.453954458236694,2.3950002193450928,-139.93051271643054,-115.76352238940842,0.45409534075576263,-0.5242027302524939,1,320.0,192.0,180.06948728356946,-0.5242027302524939
14.463253259658813,2.3960001468658447,-139.89585574809257,-115.73448411307481,0.4544644082162105,-0.524649378478414,1,320.0,195.0,180.10414425190743,-0.524649378478414
14.473759651184082,2.3960001468658447,-138.35663262304487,-114.43105075400878,0.4506870269495885,-0.5201899870196193,1,320.0,195.0,181.64336737695513,-0.5201899870196193
14.483110427856445,2.3980000019073486,-138.3116583600156,-114.39769384154022,0.4510468185951479,-0.5206194171506119,1,320.0,195.0,181.6883416399844,-0.5206194171506119
14.49372410774231,2.3980000019073486,-138.26668409698632,-114.35554489651284,0.45139591249107364,-0.521048690096555,1,320.0,195.0,181.73331590301368,-0.521048690096555
14.503844499588013,2.3980000019073486,-138.22170983395705,-114.31339595148546,0.4517448590764363,-0.5214778058574487,1,320.0,198.0,181.77829016604295,-0.5214778058574487
14.513843774795532,2.3980000019073486,-136.5382859198292,-112.94369710662077,0.4477648247205922,-0.5165641585149306,1,320.0,198.0,183.4617140801708,-0.5165641585149306
14.523990392684937,2.3960001468658447,-136.48207585694826,-112.88365234915481,0.44808673499977847,-0.5169730289343255,1,320.0,198.0,183.51792414305174,-0.5169730289343255
14.533686399459839,2.3960001468658447,-136.4258657940673,-112.83239962424767,0.4484190168460066,-0.5173817031805805,1,320.0,198.0,183.5741342059327,-0.5173817031805805
14.543888330459595,2.3930001258850098,-136.36965573118636,-112.7679282708314,0.4487343655675997,-0.5177891584741244,1,320.0,200.0,183.63034426881364,-0.5177891584741244
14.553474426269531,2.3930001258850098,-134.66008055916765,-111.34101609356365,0.44457961264986473,-0.5128050828060604,1,320.0,200.0,185.33991944083235,-0.5128050828060604
14.563207864761353,2.38700008392334,-134.59253203217148,-111.25378525828403,0.4448607081712542,-0.5131907242067251,1,320.0,200.0,185.40746796782852,-0.5131907242067251
14.574352502822876,2.38700008392334,-134.5249835051753,-111.19309852194822,0.44517344618010535,-0.5135761313828584,1,320.0,200.0,185.4750164948247,-0.5135761313828584
14.583043336868286,2.382000207901001,-134.45743497817912,-111.11018290528186,0.4454578331797933,-0.5139596236581971,1,320.0,201.0,185.54256502182088,-0.5139596236581971
14.593841552734375,2.382000207901001,-132.8286771769648,-109.73536076775216,0.44148347460862675,-0.509251998879058,1,320.0,201.0,187.1713228230352,-0.509251998879058
14.604088306427002,2.372000217437744,-132.7504218547474,-109.62090137050596,0.44172212308322145,-0.5096134265115213,1,320.0,201.0,187.2495781452526,-0.5096134265115213
14.613523006439209,2.372000217437744,-132.67216653253,-109.55120227505475,0.44201424485203483,-0.5099745857281869,1,320.0,201.0,187.32783346747,-0.5099745857281869
14.623880624771118,2.365000009536743,-132.59391121031263,-109.44992843413819,0.44226621412632594,-0.5103331560666926,1,320.0,203.0,187.40608878968737,-0.5103331560666926
14.633629083633423,2.365000009536743,-130.94067743670067,-108.12508206510367,0.4384629623350582,-0.5055556583447236,1,320.0,203.0,189.05932256329933,-0.5055556583447236
14.643185377120972,2.3510000705718994,-130.8516206069549,-107.98302233591993,0.4386572033370287,-0.5058907415207148,1,320.0,203.0,189.1483793930451,-0.5058907415207148
14.653685331344604,2.3510000705718994,-130.76256377720912,-107.90471519715688,0.4389276829651291,-0.5062255239072477,1,320.0,203.0,189.23743622279088,-0.5062255239072477
14.663583040237427,2.3420000076293945,-130.67350694746335,-107.78499177838131,0.4391456335120706,-0.5065570653298539,1,320.0,204.0,189.32649305253665,-0.5065570653298539
14.673243045806885,2.3420000076293945,-129.10244239842547,-106.4070831216195,0.43517520173206725,-0.5020556876634328,1,320.0,204.0,190.89755760157453,-0.5020556876634328
14.683106660842896,2.326000213623047,-129.00322143899876,-106.24538557524578,0.43533336818634194,-0.5023642682600862,1,320.0,204.0,190.99677856100124,-0.5023642682600862
14.693514823913574,2.326000213623047,-128.90400047957206,-106.15816531262342,0.435580618245901,-0.5026725199392061,1,320.0,204.0,191.09599952042794,-0.5026725199392061
14.703237295150757,2.314000129699707,-128.80477952014536,-106.01435986450588,0.4357563089146899,-0.5029765785303827,1,320.0,206.0,191.19522047985464,-0.5029765785303827
14.713695526123047,2.314000129699707,-127.21029977168729,-104.69213991921376,0.4319724893347623,-0.49840452411786135,1,320.0,206.0,192.7897002283127,-0.49840452411786135
14.72325086593628,2.2960000038146973,-127.10082359695934,-104.51037953518944,0.4320929905046238,-0.49868495937785406,1,320.0,206.0,192.89917640304066,-0.49868495937785406
14.733643531799316,2.2960000038146973,-126.9913474222314,-104.4146890413699,0.43231646550553016,-0.4989650399350396,1,320.0,206.0,193.0086525777686,-0.4989650399350396
14.743361949920654,2.2840001583099365,-126.88187124750345,-104.26080932676776,0.43246648708721036,-0.49924095938228724,1,320.0,207.0,193.11812875249655,-0.49924095938228724
14.753797054290771,2.2840001583099365,-125.37035311695381,-102.89066238874481,0.4285302909812472,-0.4949447599884422,1,320.0,207.0,194.62964688304618,-0.4949447599884422
14.763593196868896,2.264000177383423,-125.25126088715817,-102.68777268660659,0.4286113167459088,-0.49519764335263455,1,320.0,207.0,194.74873911284183,-0.49519764335263455
14.773075819015503,2.264000177383423,-125.13216865736253,-102.58334119662929,0.42881016236160885,-0.495450150385328,1,320.0,207.0,194.8678313426375,-0.495450150385328
14.784355401992798,2.25,-125.01307642756689,-102.40886679989244,0.4289208207942742,-0.49569790557340937,1,320.0,208.0,194.9869235724331,-0.49569790557340937
14.79387903213501,2.25,-123.57969147828881,-101.09900754883111,0.4251846206064058,-0.4916597247626161,1,320.0,208.0,196.4203085217112,-0.4916597247626161
14.803937673568726,2.2300000190734863,-123.45158489713474,-100.88460494430122,0.42523755764598425,-0.49188561049467655,1,320.0,208.0,196.54841510286525,-0.49188561049467655
14.813413858413696,2.2300000190734863,-123.32347831598067,-100.77190577603997,0.4254121922591373,-0.4921111022989938,1,320.0,208.0,196.67652168401935,-0.4921111022989938
14.824196338653564,2.2160000801086426,-123.1953717348266,-100.58683714538566,0.42549589390741877,-0.49233188835635533,1,320.0,209.0,196.8046282651734,-0.49233188835635533
14.833770275115967,2.2160000801086426,-121.83556015141522,-99.33415365987281,0.42194897371879836,-0.4885360906990806,1,320.0,209.0,198.16443984858478,-0.4885360906990806
14.84318733215332,2.194000005722046,-121.69900555731301,-99.09789843029115,0.4219612746715324,-0.4887354967194875,1,320.0,209.0,198.300994442687,-0.4887354967194875
14.853545665740967,2.194000005722046,-121.56245096321081,-98.97738034251982,0.42211210044794506,-0.488934495124429,1,320.0,209.0,198.4375490367892,-0.488934495124429
14.863553285598755,2.180000066757202,-121.4258963691086,-98.78189933571333,0.42216892985930365,-0.4891288360260604,1,320.0,210.0,198.5741036308914,-0.4891288360260604
14.873070240020752,2.180000066757202,-120.13535243872896,-97.5834339221416,0.41880059277326775,-0.4855600642346968,1,320.0,210.0,199.86464756127106,-0.4855600642346968
14.884555578231812,2.1579999923706055,-119.99088278334457,-97.33560003117407,0.4187849786643404,-0.48573407425160464,1,320.0,210.0,200.00911721665543,-0.48573407425160464
14.893091440200806,2.1579999923706055,-119.84641312796019,-97.20768844428238,0.41891290101626255,-0.48590766602886293,1,320.0,210.0,200.1535868720398,-0.48590766602886293
14.903740644454956,2.1440000534057617,-119.7019434725758,-97.00207853151647,0.41894359507849477,-0.4860766500167152,1,320.0,211.0,200.2980565274242,-0.4860766500167152
14.913180589675903,2.1440000534057617,-118.47660186686542,-95.85502031606704,0.41574419416474057,-0.4827209958740031,1,320.0,211.0,201.52339813313458,-0.4827209958740031
14.923163890838623,2.121000051498413,-118.32471858710431,-95.59006221222492,0.41569413560178664,-0.4828703409773639,1,320.0,211.0,201.67528141289569,-0.4828703409773639
14.9336097240448,2.121000051498413,-118.1728353073432,-95.45516037057952,0.4157997664910402,-0.4830192604278137,1,320.0,211.0,201.8271646926568,-0.4830192604278137
14.944582223892212,2.1070001125335693,-118.0209520275821,-95.23958979490293,0.4158046573917798,-0.48316362351004005,1,320.0,212.0,201.9790479724179,-0.48316362351004005
14.953069925308228,2.1070001125335693,-116.8569748325219,-94.14126768202607,0.4127647829630557,-0.48000767325506755,1,320.0,212.0,203.1430251674781,-0.48000767325506755
14.963653087615967,2.0840001106262207,-116.69814962165538,-93.86468135889645,0.4126872526877425,-0.4801333350197771,1,320.0,212.0,203.30185037834462,-0.4801333350197771
14.97326922416687,2.0840001106262207,-116.53932441078885,-93.72317143765748,0.4127714306027724,-0.4802585663681213,1,320.0,212.0,203.46067558921115,-0.4802585663681213
14.98400330543518,2.070000171661377,-116.38049919992233,-93.4978487213483,0.41275115012865593,-0.48037929400038637,1,320.0,213.0,203.61950080007767,-0.48037929400038637
14.993463039398193,2.070000171661377,-115.27426364635464,-92.44572469521415,0.40986211773202913,-0.4774106782906501,1,320.0,213.0,204.72573635364535,-0.4774106782906501
15.003943681716919,2.0480000972747803,-115.10894012965419,-92.16375065385517,0.40976521793152454,-0.4775138755217422,1,320.0,213.0,204.89105987034583,-0.4775138755217422
15.01335072517395,2.0480000972747803,-114.94361661295373,-92.0159948128879,0.4098289928511506,-0.47761663960518036,1,320.0,213.0,205.05638338704625,-0.47761663960518036
15.02376937866211,2.0329999923706055,-114.77829309625328,-91.77491844351701,0.40977670993303544,-0.47771466632487164,1,320.0,214.0,205.22170690374674,-0.47771466632487164
15.034424066543579,2.0329999923706055,-113.72637994820438,-90.76658119154267,0.40703027842557526,-0.4749217199101703,1,320.0,214.0,206.2736200517956,-0.4749217199101703
15.043315649032593,2.011000156402588,-113.55497526813363,-90.47331856913873,0.4069070346267497,-0.4750030445384763,1,320.0,214.0,206.44502473186637,-0.4750030445384763
15.053542613983154,2.011000156402588,-113.38357058806288,-90.31965995650714,0.4069509272674474,-0.4750839359413864,1,320.0,214.0,206.61642941193713,-0.4750839359413864
15.063786268234253,1.996000051498413,-113.21216590799213,-90.06889718456475,0.40687428350670213,-0.4751601486329881,1,320.0,215.0,206.78783409200787,-0.4751601486329881
15.073158025741577,1.996000051498413,-112.21134846978073,-89.10205602432389,0.4042626342530818,-0.4725318727182264,1,320.0,215.0,207.78865153021928,-0.4725318727182264
15.083570957183838,1.974000096321106,-112.03425478550649,-88.79749668913185,0.40411338497667204,-0.4725921637344781,1,320.0,215.0,207.9657452144935,-0.4725921637344781
15.09354853630066,1.974000096321106,-111.85716110123225,-88.63826039652592,0.4041381356109548,-0.472652023527566,1,320.0,215.0,208.14283889876776,-0.472652023527566
15.103803396224976,1.9600000381469727,-111.68006741695801,-88.3846956533047,0.40404598119708635,-0.4727075432788883,1,320.0,215.0,208.31993258304198,-0.4727075432788883
15.11376404762268,1.9600000381469727,-111.50297373268377,-88.22545936069878,0.40406663875683874,-0.47276263800535134,1,320.0,217.0,208.49702626731624,-0.47276263800535134
15.12408185005188,1.9380000829696655,-110.44710108264087,-87.14527737685425,0.4013915846548247,-0.469947069022531,1,320.0,217.0,209.55289891735913,-0.469947069022531
15.133881330490112,1.9380000829696655,-110.26398233077424,-86.98076377953191,0.40139813824714277,-0.4699858955817282,1,320.0,217.0,209.73601766922576,-0.4699858955817282
15.144060373306274,1.9240001440048218,-110.08086357890761,-86.71804861247264,0.401283198770186,-0.4700204399139859,1,320.0,218.0,209.9191364210924,-0.4700204399139859
15.15370774269104,1.9240001440048218,-109.08437710013597,-85.82986578517064,0.39892738407808537,-0.4674039092805022,1,320.0,218.0,210.91562289986405,-0.4674039092805022
15.163811683654785,1.902000069618225,-108.89568257557157,-85.50288424594285,0.398727815249868,-0.46742303563418564,1,320.0,218.0,211.10431742442842,-0.46742303563418564
15.173335313796997,1.902000069618225,-108.70698805100717,-85.33340977421983,0.39871687273769313,-0.4674417364816833,1,320.0,218.0,211.29301194899284,-0.4674417364816833
15.183484315872192,1.8880001306533813,-108.51829352644278,-85.06161616181205,0.398579557218467,-0.4674562136992805,1,320.0,218.0,211.4817064735572,-0.4674562136992805
15.193909168243408,1.8880001306533813,-108.32959900187838,-84.89214169008903,0.3985646484346799,-0.4674702720149715,1,320.0,219.0,211.67040099812164,-0.4674702720149715
15.203001976013184,1.8670001029968262,-107.38559402376258,-83.88348072341017,0.3961326990422522,-0.46501727247935226,1,320.0,219.0,212.61440597623744,-0.46501727247935226
15.21341848373413,1.8670001029968262,-107.19172299298292,-83.70932833935889,0.3961051561721207,-0.465016965329605,1,320.0,219.0,212.80827700701707,-0.465016965329605
15.223793506622314,1.852000117301941,-106.99785196220326,-83.42091980433908,0.39593675251374383,-0.46501222554872657,1,320.0,219.0,213.00214803779676,-0.46501222554872657
15.233424186706543,1.852000117301941,-106.20180427560558,-82.60187803620695,0.3938040041142049,-0.4630451518040718,1,320.0,219.0,213.79819572439442,-0.4630451518040718
15.243019580841064,1.8310000896453857,-106.00380649017596,-82.25990105497094,0.39356452669959896,-0.4630277773932966,1,320.0,219.0,213.99619350982402,-0.4630277773932966
15.253668785095215,1.8310000896453857,-105.80580870474634,-82.08132920324559,0.39352076445734385,-0.46300999164207757,1,320.0,219.0,214.19419129525366,-0.46300999164207757
15.262988805770874,1.8170000314712524,-105.60781091931672,-81.79151925947055,0.39334005170933645,-0.46298809826167375,1,320.0,220.0,214.3921890806833,-0.46298809826167375
15.274481296539307,1.8170000314712524,-104.84633153999629,-81.10365403985777,0.39163294639835183,-0.46112971660674534,1,320.0,220.0,215.1536684600037,-0.46112971660674534
15.283516645431519,1.7960001230239868,-104.64447123776613,-80.75116575196033,0.3913706552975571,-0.46109572677401667,1,320.0,220.0,215.35552876223386,-0.46109572677401667
15.293926000595093,1.7960001230239868,-104.44261093553597,-80.56910282934429,0.3913125123298281,-0.4610613352392246,1,320.0,220.0,215.55738906446402,-0.4610613352392246
15.303905248641968,1.7820000648498535,-104.24075063330581,-80.2709703510635,0.39111168311594136,-0.4610228935609365,1,320.0,220.0,215.75924936669418,-0.4610228935609365
15.313442945480347,1.7820000648498535,-104.03889033107565,-80.08890742844746,0.3910497814358091,-0.4609840572457248,1,320.0,221.0,215.96110966892434,-0.4609840572457248
15.32341480255127,1.7600001096725464,-103.31852481338507,-79.13871008229071,0.3888640384547905,-0.4592498550757295,1,320.0,221.0,216.68147518661493,-0.4592498550757295
15.334041118621826,1.7600001096725464,-103.1131109485741,-78.95266092721971,0.3887907895461144,-0.45919927337703037,1,320.0,221.0,216.8868890514259,-0.45919927337703037
15.343604326248169,1.746000051498413,-102.90769708376314,-78.64523675295032,0.3885685539136607,-0.4591446996075674,1,320.0,221.0,217.09230291623686,-0.4591446996075674
15.353140354156494,1.746000051498413,-102.70228321895218,-78.45918759787932,0.38849162132254683,-0.4590897427412201,1,320.0,222.0,217.29771678104782,-0.4590897427412201
15.363886833190918,1.725000023841858,-102.0143334913,-77.53999661075876,0.3864048931234362,-0.4574573706405244,1,320.0,222.0,217.9856665087,-0.4574573706405244
15.373383522033691,1.725000023841858,-101.80561384844555,-77.35019998814428,0.38631733441838767,-0.4573914297502675,1,320.0,222.0,218.19438615155445,-0.4573914297502675
15.384128332138062,1.7110000848770142,-101.5968942055911,-77.03351475169953,0.38607423922347106,-0.4573215546798507,1,320.0,222.0,218.4031057944089,-0.4573215546798507
15.393535137176514,1.7110000848770142,-101.38817456273665,-76.84371812908505,0.3859830730016138,-0.45725130861022434,1,320.0,223.0,218.61182543726335,-0.45725130861022434
15.402920722961426,1.690000057220459,-100.73021901652099,-75.94448421340735,0.38370120997674934,-0.45523467406014895,1,320.0,223.0,219.269780983479,-0.45523467406014895
15.41321849822998,1.690000057220459,-100.51842257639643,-75.75116209544272,0.3836018274107604,-0.4551560305776052,1,320.0,223.0,219.48157742360357,-0.4551560305776052
15.4237380027771,1.6760001182556152,-100.30662613627187,-75.42505218811053,0.38296190329883245,-0.45441050869456434,1,320.0,223.0,219.69337386372814,-0.45441050869456434
15.433554887771606,1.6760001182556152,-100.09482969614731,-75.2317300701459,0.38286169811130466,-0.45433059634771017,1,320.0,224.0,219.90517030385269,-0.45433059634771017
15.444065809249878,1.65500009059906,-99.4646820862612,-74.34992851914225,0.3804417897380285,-0.4519483960486495,1,320.0,224.0,220.5353179137388,-0.4519483960486495
15.453521251678467,1.65500009059906,-99.25002091294094,-74.1532877882064,0.3803360957015309,-0.45186298430574134,1,320.0,224.0,220.74997908705905,-0.45186298430574134
15.463748216629028,1.65500009059906,-99.03535973962067,-73.95664705727052,0.38023007966579175,-0.45177722105511325,1,320.0,224.0,220.96464026037933,-0.45177722105511325
15.473445892333984,1.6420000791549683,-98.82069856630041,-73.63092097247294,0.3796539237739256,-0.45110087383640085,1,320.0,225.0,221.1793014336996,-0.45110087383640085
15.484036207199097,1.621000051498413,-98.21637552890576,-72.86642600015358,0.3777159754726771,-0.44887994516305957,1,320.0,225.0,221.78362447109424,-0.44887994516305957
15.493327140808105,1.621000051498413,-97.99904638534535,-72.66735819224137,0.37760563653270496,-0.44878846271406647,1,320.0,225.0,222.00095361465463,-0.44878846271406647
15.503148794174194,1.6070001125335693,-97.78171724178495,-72.32260028916336,0.3770131347722176,-0.4480849311293861,1,320.0,225.0,222.21828275821505,-0.4480849311293861
15.51386046409607,1.6070001125335693,-97.56438809822454,-72.12353248125115,0.37690221416728803,-0.4479924017293952,1,320.0,226.0,222.43561190177547,-0.4479924017293952
15.523236751556396,1.5860000848770142,-96.98408237856331,-71.36172127424982,0.3750825917369238,-0.44592508168345607,1,320.0,226.0,223.0159176214367,-0.44592508168345607
15.533690690994263,1.5860000848770142,-96.76426812003442,-71.16033358008085,0.3749706251843332,-0.4458315097822165,1,320.0,226.0,223.23573187996558,-0.4458315097822165
15.544427394866943,1.5860000848770142,-96.54445386150552,-70.95894588591185,0.3748583565502014,-0.4457376081595892,1,320.0,226.0,223.45554613849447,-0.4457376081595892
15.553975582122803,1.5730000734329224,-96.32463960297662,-70.61561823136508,0.3743279328526546,-0.44510555236749993,1,320.0,227.0,223.67536039702338,-0.44510555236749993
15.563405990600586,1.5520000457763672,-95.76669785934762,-69.85538345174409,0.37262398405101843,-0.44318462029982325,1,320.0,227.0,224.23330214065237,-0.44318462029982325
15.573977947235107,1.5520000457763672,-95.5445686440523,-69.65177780442136,0.3725142685674213,-0.44309425720813034,1,320.0,227.0,224.4554313559477,-0.44309425720813034
15.585146427154541,1.5520000457763672,-95.322439428757,-69.44817215709863,0.3724042476753531,-0.4430035609226145,1,320.0,227.0,224.67756057124302,-0.4430035609226145
15.59376049041748,1.5380001068115234,-95.10031021346168,-69.0839980201147,0.37187020736673054,-0.4423585817688604,1,320.0,228.0,224.89968978653832,-0.4423585817688604
15.603622674942017,1.5380001068115234,-94.56321450736185,-68.67221388339614,0.3711759167383185,-0.4413833259008875,1,320.0,228.0,225.43678549263814,-0.4413833259008875
15.613007307052612,1.5180001258850098,-94.33892885572028,-68.23205555198166,0.3704818944064641,-0.4405266761747991,1,320.0,228.0,225.66107114427973,-0.4405266761747991
15.624683380126953,1.5180001258850098,-94.11464320407872,-68.02702459855766,0.370375213406966,-0.44043952531799996,1,320.0,228.0,225.88535679592127,-0.44043952531799996
15.633264064788818,1.505000114440918,-93.89035755243715,-67.66541076251954,0.36989528866344557,-0.4398603913195733,1,320.0,230.0,226.10964244756286,-0.4398603913195733
15.643615245819092,1.505000114440918,-93.27121300945777,-67.25512415552791,0.36923073535398837,-0.4386987885773363,1,320.0,230.0,226.72878699054223,-0.4386987885773363
15.653092861175537,1.4840000867843628,-93.04422379901878,-66.78925065888446,0.36854393229875965,-0.4378479943817443,1,320.0,230.0,226.95577620098123,-0.4378479943817443
15.66529107093811,1.4840000867843628,-92.8172345885798,-66.58281434080969,0.3684406731653699,-0.43776386283085605,1,320.0,230.0,227.1827654114202,-0.43776386283085605
15.673755884170532,1.471000075340271,-92.5902453781408,-66.211608954712,0.36798489139688606,-0.43721343212997316,1,320.0,231.0,227.40975462185918,-0.43721343212997316
15.684478282928467,1.471000075340271,-91.99914836290029,-65.80308216156993,0.3673510015191598,-0.4361722553132543,1,320.0,231.0,228.00085163709971,-0.4361722553132543
15.693027973175049,1.4510000944137573,-91.76966596916172,-65.33529203146247,0.3667271751586354,-0.43539910169601836,1,320.0,231.0,228.23033403083826,-0.43539910169601836
15.704460859298706,1.4510000944137573,-91.54018357542316,-65.12747192377705,0.36662722942449105,-0.4353181741932698,1,320.0,231.0,228.45981642457684,-0.4353181741932698
15.713212251663208,1.437000036239624,-91.31070118168459,-64.73282666700186,0.3661701310482619,-0.434761739054036,1,320.0,232.0,228.68929881831542,-0.434761739054036
15.723780870437622,1.437000036239624,-90.74568893816274,-64.32629496074043,0.36556694041204196,-0.4338302065524369,1,320.0,232.0,229.25431106183726,-0.4338302065524369
15.735138654708862,1.4170000553131104,-90.51390885169619,-63.843003342883364,0.36497890518413023,-0.4330974223427968,1,320.0,232.0,229.4860911483038,-0.4330974223427968
15.744830846786499,1.4170000553131104,-90.28212876522963,-63.63382246745907,0.3648825370434969,-0.43302030318383433,1,320.0,232.0,229.71787123477037,-0.43302030318383433
15.753554582595825,1.4040000438690186,-90.05034867876307,-63.24174284808821,0.3644755576879496,-0.4325254667355183,1,320.0,233.0,229.94965132123693,-0.4325254667355183
15.762811660766602,1.4040000438690186,-89.50960266726293,-62.837416110574495,0.3639022590012563,-0.4316926845553534,1,320.0,233.0,230.49039733273707,-0.4316926845553534
15.773248195648193,1.3840000629425049,-89.27570659786345,-62.3379303111836,0.363350059044514,-0.430999122860788,1,320.0,233.0,230.72429340213654,-0.430999122860788
15.784871101379395,1.3840000629425049,-89.04181052846397,-62.12741296050376,0.36325715281270327,-0.4309259214365096,1,320.0,233.0,230.95818947153603,-0.4309259214365096
15.793494701385498,1.371000051498413,-88.80791445906449,-61.72394737327461,0.36287484509903484,-0.43045802815856365,1,320.0,234.0,231.19208554093552,-0.43045802815856365
15.803192138671875,1.371000051498413,-88.28974697548017,-61.423250987509306,0.36257057760835815,-0.4297151677023687,1,320.0,234.0,231.71025302451983,-0.4297151677023687
15.813659429550171,1.3510000705718994,-88.053903851446,-60.907048215131816,0.36204985979089466,-0.42905996728301576,1,320.0,234.0,231.946096148554,-0.42905996728301576
15.823295831680298,1.3510000705718994,-87.81806072741182,-60.69591320295155,0.36196122775043343,-0.42899099185891,1,320.0,234.0,232.18193927258818,-0.42899099185891
15.834079504013062,1.3380000591278076,-87.58221760337764,-60.28092884781574,0.36160103405696425,-0.4285495836668389,1,320.0,235.0,232.41778239662236,-0.4285495836668389
15.843470096588135,1.3380000591278076,-87.08506015968241,-59.97298316960016,0.3612940047721034,-0.42788858846179006,1,320.0,235.0,232.91493984031757,-0.42788858846179006
15.85411810874939,1.319000005722046,-86.84742703659518,-59.4550247923016,0.36082553361780484,-0.4272983777867077,1,320.0,235.0,233.15257296340482,-0.4272983777867077
15.863893985748291,1.319000005722046,-86.60979391350794,-59.24322662855445,0.3607409357604269,-0.4272336709484097,1,320.0,235.0,233.39020608649207,-0.4272336709484097
15.873708248138428,1.3060001134872437,-86.37216079042071,-58.8161035251277,0.36040308141012684,-0.42681808012595307,1,320.0,237.0,233.6278392095793,-0.42681808012595307
15.883345365524292,1.3060001134872437,-85.7933914614942,-58.501796462064334,0.3600959977836125,-0.42600937263107275,1,320.0,237.0,234.2066085385058,-0.42600937263107275
15.893771171569824,1.287000060081482,-85.55342131919619,-57.96565104087047,0.35965884235980544,-0.425458628606878,1,320.0,237.0,234.4465786808038,-0.425458628606878
15.903625726699829,1.287000060081482,-85.31345117689818,-57.75315062018643,0.35957823424189006,-0.42539774226723703,1,320.0,237.0,234.68654882310182,-0.42539774226723703
15.91320276260376,1.2740000486373901,-85.07348103460018,-57.312848339146214,0.35926324488365535,-0.4250104433943727,1,320.0,238.0,234.92651896539982,-0.4250104433943727
15.923776149749756,1.2740000486373901,-84.52268064231241,-56.99299517719447,0.3589588457317899,-0.42429882646170364,1,320.0,238.0,235.47731935768758,-0.42429882646170364
15.933158159255981,1.255000114440918,-84.28058088039003,-56.43708977843378,0.3585537967582809,-0.4237865065011301,1,320.0,238.0,235.71941911960997,-0.4237865065011301
15.944764614105225,1.255000114440918,-84.03848111846766,-56.22385384212814,0.3584771393827304,-0.42372977887485025,1,320.0,238.0,235.96151888153236,-0.42372977887485025
15.953438758850098,1.2430000305175781,-83.79638135654528,-55.78799782775186,0.35820200166567495,-0.4233934288553991,1,320.0,239.0,236.20361864345472,-0.4233934288553991
15.962926626205444,1.2430000305175781,-83.27154446633901,-55.564454919275285,0.3581061375321423,-0.42276852237763296,1,320.0,239.0,236.728455533661,-0.42276852237763296
15.97347116470337,1.224000096321106,-83.02750736953509,-54.98840068054166,0.35772903847457543,-0.4222933990869894,1,320.0,239.0,236.9724926304649,-0.4222933990869894
15.984456777572632,1.224000096321106,-82.78347027273117,-54.77509412013076,0.35765676714547223,-0.42224089141080645,1,320.0,239.0,237.21652972726883,-0.42224089141080645
15.99351716041565,1.2120000123977661,-82.53943317592724,-54.32593013517331,0.3574010697080487,-0.42192965396439613,1,320.0,241.0,237.46056682407277,-0.42192965396439613
16.003055572509766,1.2120000123977661,-81.9376034988616,-54.08851648014971,0.3572837584847882,-0.42118762760576256,1,320.0,241.0,238.06239650113838,-0.42118762760576256
16.01339888572693,1.194000005722046,-81.69111454801977,-53.51099637558245,0.3569502556406411,-0.42077342422447905,1,320.0,241.0,238.30888545198025,-0.42077342422447905
16.0231614112854,1.194000005722046,-81.44462559717793,-53.29752461588981,0.35688205252511673,-0.4207245278295801,1,320.0,241.0,238.55537440282205,-0.4207245278295801
16.034627199172974,1.1820000410079956,-81.1981366463361,-52.834230560195536,0.3566461822871773,-0.42044035160477866,1,320.0,242.0,238.80186335366392,-0.42044035160477866
16.043097019195557,1.1820000410079956,-80.62841101292142,-52.483237627872455,0.35632483705031176,-0.4197950406418262,1,320.0,242.0,239.37158898707858,-0.4197950406418262
16.05348563194275,1.1640000343322754,-80.37970680899214,-51.882891462524164,0.3560241973232011,-0.41941832799835843,1,320.0,242.0,239.62029319100787,-0.41941832799835843
16.06460690498352,1.1640000343322754,-80.13100260506286,-51.668477222541746,0.35595932897632526,-0.41937338490231846,1,320.0,242.0,239.86899739493714,-0.41937338490231846
16.07336711883545,1.152000069618225,-79.88229840113358,-51.36641283086527,0.3558626535161648,-0.4191155944057285,1,320.0,244.0,240.1177015988664,-0.4191155944057285
16.083860635757446,1.152000069618225,-79.24126453838377,-51.114970365314505,0.35573401785375514,-0.41837819488242134,1,320.0,244.0,240.75873546161623,-0.41837819488242134
16.093579292297363,1.1340000629425049,-78.98987133291969,-50.90030233632291,0.3557202054442904,-0.41804222293479587,1,320.0,244.0,241.01012866708032,-0.41804222293479587
16.103543996810913,1.1340000629425049,-78.73847812745561,-50.68563430733131,0.35566013435185895,-0.4180009473438995,1,320.0,244.0,241.2615218725444,-0.4180009473438995
16.113693714141846,1.1230000257492065,-78.48708492199152,-50.470966278339716,0.3556348978269205,-0.4177872674624213,1,320.0,245.0,241.51291507800846,-0.4177872674624213
16.123204231262207,1.1230000257492065,-77.88334193376693,-50.10766560626209,0.3553250448888053,-0.41715179693138005,1,320.0,245.0,242.11665806623307,-0.41715179693138005
16.13392186164856,1.1060000658035278,-77.62953355250069,-49.891978777258245,0.3553340151795929,-0.4168691027215012,1,320.0,245.0,242.37046644749933,-0.4168691027215012
16.14374566078186,1.1060000658035278,-77.37572517123445,-49.6762919482544,0.355277823384946,-0.4168313584135092,1,320.0,245.0,242.62427482876555,-0.4168313584135092
16.153170108795166,1.0940001010894775,-77.12191678996821,-49.46060511925056,0.3552748411282219,-0.41662919601761705,1,320.0,247.0,242.87808321003178,-0.41662919601761705
16.16360378265381,1.0940001010894775,-76.4516525711,-49.097346769680456,0.3549824887279508,-0.41592179822262965,1,320.0,247.0,243.5483474289,-0.41592179822262965
16.173102140426636,1.0770000219345093,-76.19498938722143,-48.88064833866656,0.35501708853962555,-0.4156791355092714,1,320.0,247.0,243.80501061277857,-0.4156791355092714
16.18406915664673,1.0770000219345093,-75.93832620334285,-48.663949907652665,0.35496504946503876,-0.4156449483358487,1,320.0,247.0,244.06167379665715,-0.4156449483358487
16.193695783615112,1.0660001039505005,-75.68166301946428,-48.44725147663877,0.3549756857921159,-0.41548370257458744,1,320.0,249.0,244.31833698053572,-0.41548370257458744
16.20321750640869,1.0660001039505005,-74.95202753773897,-48.08434221122221,0.354700573978509,-0.414724350645769,1,320.0,249.0,245.04797246226104,-0.414724350645769
16.214147329330444,1.0490000247955322,-74.69212190773065,-47.86664143661166,0.35476065118641864,-0.41452411430108543,1,320.0,249.0,245.30787809226933,-0.41452411430108543
16.223841667175293,1.0490000247955322,-74.43221627772233,-47.64894066200111,0.35471260686675243,-0.41449307442818295,1,320.0,249.0,245.56778372227768,-0.41449307442818295
16.23397421836853,1.0380001068115234,-74.17231064771401,-47.43123988739056,0.354741168913726,-0.41436049051644464,1,320.0,250.0,245.82768935228597,-0.41436049051644464
16.24340057373047,1.0380001068115234,-73.49091784180827,-47.06895513783114,0.35448353949215716,-0.4137154761870816,1,320.0,250.0,246.50908215819175,-0.4137154761870816
16.252954244613647,1.0220000743865967,-73.2281225372527,-46.85026310973474,0.3545613227086287,-0.4135634654824563,1,320.0,250.0,246.77187746274728,-0.4135634654824563
16.26345419883728,1.0220000743865967,-72.96532723269713,-46.63157108163834,0.3545171128103171,-0.4135357343047789,1,320.0,250.0,247.03467276730288,-0.4135357343047789
16.273287296295166,1.0110000371932983,-72.70253192814157,-46.41287905354194,0.35456343658886086,-0.413430567909972,1,320.0,252.0,247.29746807185842,-0.413430567909972
16.284847259521484,1.0110000371932983,-71.96471106890799,-46.05146526058408,0.35432282245016994,-0.4127454173308076,1,320.0,252.0,248.035288931092,-0.4127454173308076
16.293210744857788,0.9950000643730164,-71.69865884749157,-45.83179468950655,0.3544246917945405,-0.41263404310908874,1,320.0,252.0,248.30134115250843,-0.41263404310908874
16.30366015434265,0.9950000643730164,-71.43260662607516,-45.61212411842902,0.354384373033894,-0.4126094961523002,1,320.0,252.0,248.56739337392486,-0.4126094961523002
16.314040184020996,0.984000027179718,-71.16655440465874,-45.392453547351494,0.35444850220310625,-0.4125333614545444,1,320.0,254.0,248.83344559534126,-0.4125333614545444
16.323541402816772,0.984000027179718,-70.37862518944847,-45.03213034506696,0.3542249606916449,-0.4118245933707544,1,320.0,254.0,249.62137481055152,-0.4118245933707544
16.33318281173706,0.968000054359436,-70.10899463550575,-44.81149536687599,0.35422677987721274,-0.4117884501692495,1,320.0,254.0,249.89100536449425,-0.4117884501692495
16.343677520751953,0.968000054359436,-69.83936408156303,-44.590860388685016,0.3541877613782641,-0.41176378654947937,1,320.0,254.0,250.16063591843698,-0.41176378654947937
16.353416919708252,0.9570000171661377,-69.56973352762031,-44.370225410494044,0.35414841192684815,-0.41173871848387833,1,320.0,256.0,250.43026647237969,-0.41173871848387833
16.36398458480835,0.9570000171661377,-68.73751924353964,-44.01118766693865,0.3539282075073166,-0.41097944651522067,1,320.0,256.0,251.26248075646038,-0.41097944651522067
16.37348222732544,0.9410000443458557,-68.46403106133721,-43.789603663046634,0.353887531590943,-0.4109508682343555,1,320.0,256.0,251.5359689386628,-0.4109508682343555
16.384082317352295,0.9410000443458557,-68.19054287913478,-43.568019659154615,0.3538465232985636,-0.4109218797212171,1,320.0,256.0,251.8094571208652,-0.4109218797212171
16.39324688911438,0.9310000538825989,-67.91705469693235,-43.346435655262596,0.3538051826301783,-0.4108924809758053,1,320.0,258.0,252.08294530306765,-0.4108924809758053
16.40375566482544,0.9310000538825989,-67.04591643223507,-42.887850721894026,0.3534543718670964,-0.41008311310151224,1,320.0,258.0,252.95408356776494,-0.41008311310151224
16.413504123687744,0.9150000214576721,-66.76832999685027,-42.664641536575786,0.3534112284204486,-0.4100500241075228,1,320.0,258.0,253.23167000314973,-0.4100500241075228
16.424002647399902,0.9150000214576721,-66.49074356146546,-42.441432351257546,0.3533677501600227,-0.4100165187338803,1,320.0,258.0,253.50925643853452,-0.4100165187338803
16.43453884124756,0.9050000309944153,-66.21315712608066,-42.21822316593931,0.35332393708581883,-0.4099825969805847,1,320.0,260.0,253.78684287391934,-0.4099825969805847
16.443052053451538,0.9050000309944153,-65.30802566580586,-41.77096767314275,0.3529875420754483,-0.4091296859831348,1,320.0,260.0,254.69197433419413,-0.4091296859831348
16.453218460083008,0.8890000581741333,-65.02613581429591,-41.54622208094669,0.35294198352431566,-0.4090919180581315,1,320.0,260.0,254.9738641857041,-0.4090919180581315
16.46369743347168,0.8890000581741333,-64.74424596278597,-41.32147648875063,0.35289608785479465,-0.4090537272983509,1,320.0,260.0,255.25575403721405,-0.4090537272983509
16.47347331047058,0.8790000677108765,-64.46235611127602,-41.096730896554575,0.3528498550668853,-0.409015113703793,1,320.0,263.0,255.53764388872398,-0.409015113703793
16.484206199645996,0.8790000677108765,-63.42676068313764,-40.559212326059615,0.35239529373345135,-0.4079929187691363,1,320.0,263.0,256.5732393168624,-0.4079929187691363
16.49387240409851,0.8640000224113464,-63.13970208770956,-40.332321806879506,0.3523468847669552,-0.40794984019646235,1,320.0,263.0,256.86029791229043,-0.40794984019646235
16.503425121307373,0.8640000224113464,-62.85264349228148,-40.105431287699396,0.3522981354646803,-0.4079063310358953,1,320.0,263.0,257.14735650771854,-0.4079063310358953
16.513993978500366,0.8530000448226929,-62.5655848968534,-39.87854076851929,0.35224904582662664,-0.40786239128743507,1,320.0,265.0,257.4344151031466,-0.40786239128743507
16.524040699005127,0.8530000448226929,-61.514403535388304,-39.36091812959175,0.3518203680072085,-0.40682125487984666,1,320.0,265.0,258.4855964646117,-0.40682125487984666
16.53388738632202,0.8380000591278076,-61.222104598631994,-39.13203377432892,0.35176920156734387,-0.4067727845471016,1,320.0,265.0,258.777895401368,-0.4067727845471016
16.543254137039185,0.8380000591278076,-60.92980566187568,-38.90314941906608,0.3517176918009463,-0.40672387576595137,1,320.0,265.0,259.07019433812434,-0.40672387576595137
16.5532386302948,0.8280000686645508,-60.63750672511937,-38.67426506380325,0.3516658387080159,-0.4066745285363961,1,320.0,267.0,259.36249327488065,-0.4066745285363961
16.563671588897705,0.8280000686645508,-59.57382764748587,-38.07428380420448,0.3511295538036657,-0.40561849290241064,1,320.0,267.0,260.42617235251413,-0.40561849290241064
16.574012994766235,0.8130000233650208,-59.276238457244624,-37.8428544045629,0.3510752319734445,-0.4055645644487807,1,320.0,267.0,260.72376154275537,-0.4055645644487807
16.584051370620728,0.8130000233650208,-58.97864926700338,-37.61142500492132,0.35102056299912393,-0.4055101896113654,1,320.0,267.0,261.0213507329966,-0.4055101896113654
16.59320616722107,0.8030000329017639,-58.68106007676213,-37.379995605279746,0.35096554688070386,-0.4054553683901647,1,320.0,270.0,261.31893992323785,-0.4054553683901647
16.603976488113403,0.8030000329017639,-57.50669841381156,-36.80719233212697,0.35046486165945856,-0.4042563517604282,1,320.0,270.0,262.4933015861884,-0.4042563517604282
16.613107919692993,0.7880000472068787,-57.20309603124414,-36.57342167883014,0.3503526517458761,-0.4041106226167958,1,320.0,270.0,262.7969039687559,-0.4041106226167958
16.62403631210327,0.7880000472068787,-56.89949364867671,-36.33965102553331,0.3502404418322936,-0.40396489347316344,1,320.0,270.0,263.1005063513233,-0.40396489347316344
16.633219957351685,0.7780000567436218,-56.595891266109284,-36.10588037223648,0.3501282319187111,-0.4038191643295311,1,320.0,273.0,263.4041087338907,-0.4038191643295311
16.64394998550415,0.7780000567436218,-55.32312412442035,-35.457424469639854,0.349475680484953,-0.40241059798556755,1,320.0,273.0,264.67687587557964,-0.40241059798556755
16.653619289398193,0.7640000581741333,-55.01287475755332,-35.22080971133876,0.34936210540096846,-0.40226167828947135,1,320.0,273.0,264.98712524244667,-0.40226167828947135
16.663240909576416,0.7640000581741333,-54.702625390686286,-34.984194953037665,0.34924853031698394,-0.4021127585933752,1,320.0,273.0,265.2973746093137,-0.4021127585933752
16.67341661453247,0.7540000081062317,-54.39237602381925,-34.74758019473657,0.3491349552329994,-0.40196383889727905,1,320.0,276.0,265.6076239761808,-0.40196383889727905
16.68464422225952,0.7540000081062317,-53.03252146799613,-34.13246877605588,0.3485281874467151,-0.40044725160017947,1,320.0,276.0,266.96747853200384,-0.40044725160017947
16.693618774414062,0.7390000224113464,-52.715073291876564,-33.893258065210475,0.3484133663055093,-0.4002948764756421,1,320.0,276.0,267.2849267081234,-0.4002948764756421
16.703062534332275,0.7390000224113464,-52.397625115756995,-33.65404735436507,0.34829854516430353,-0.4001425013511047,1,320.0,276.0,267.602374884243,-0.4001425013511047
16.7136492729187,0.7300000190734863,-52.080176939637425,-33.41483664351966,0.3481837240230977,-0.3999901262265673,1,320.0,280.0,267.91982306036255,-0.3999901262265673
16.723342418670654,0.7300000190734863,-50.54266156707907,-32.62874118124682,0.34735628854084505,-0.398247951095806,1,320.0,280.0,269.45733843292095,-0.398247951095806
16.733882188796997,0.7150000333786011,-50.21684532636006,-32.38577955656507,0.34723966696099784,-0.39809155930026086,1,320.0,280.0,269.78315467363996,-0.39809155930026086
16.743180990219116,0.7150000333786011,-49.891029085641044,-32.142817931883314,0.3471230453811506,-0.39793516750471575,1,320.0,280.0,270.10897091435896,-0.39793516750471575
16.75342583656311,0.706000030040741,-49.56521284492203,-31.89985630720156,0.3470064238013033,-0.3977787757091706,1,320.0,283.0,270.43478715507797,-0.3977787757091706
16.764091968536377,0.706000030040741,-47.97034280151175,-31.061024546900732,0.34611335149522626,-0.3959687387855631,1,320.0,283.0,272.0296571984883,-0.3959687387855631
16.773754119873047,0.6920000314712524,-47.635822399936316,-30.813975980042876,0.3459947681831345,-0.39580816899280685,1,320.0,283.0,272.36417760006367,-0.39580816899280685
16.78350019454956,0.6920000314712524,-47.301301998360884,-30.56692741318502,0.3458761848710427,-0.39564759920005066,1,320.0,283.0,272.6986980016391,-0.39564759920005066
16.794217824935913,0.6820000410079956,-46.96678159678545,-30.319878846327164,0.34575760155895097,-0.39548702940729447,1,320.0,287.0,273.03321840321456,-0.39548702940729447
16.803618907928467,0.6820000410079956,-45.221652530948106,-29.43453893110552,0.34480728469487526,-0.39348834829156104,1,320.0,287.0,274.7783474690519,-0.39348834829156104
16.814147233963013,0.6680000424385071,-44.87745696967158,-29.18311241670792,0.3446865999679644,-0.39332313442214833,1,320.0,287.0,275.1225430303284,-0.39332313442214833
16.823762893676758,0.6680000424385071,-44.53326140839505,-28.93168590231032,0.34456591524105357,-0.3931579205527356,1,320.0,287.0,275.46673859160495,-0.3931579205527356
16.83337688446045,0.659000039100647,-44.18906584711852,-28.68025938791272,0.3444452305141427,-0.39299270668332287,1,320.0,292.0,275.8109341528815,-0.39299270668332287
16.843849897384644,0.659000039100647,-42.20981583021584,-27.653146218635868,0.3433137717716411,-0.39069690239131205,1,320.0,292.0,277.79018416978414,-0.39069690239131205
16.853487014770508,0.6450000405311584,-41.8544055665735,-27.396399334061194,0.34319053326704524,-0.3905263054647637,1,320.0,292.0,278.1455944334265,-0.3905263054647637
16.86296010017395,0.6450000405311584,-41.49899530293116,-27.13965244948652,0.3430672947624494,-0.3903557085382154,1,320.0,292.0,278.5010046970688,-0.3903557085382154
16.873414993286133,0.6360000371932983,-41.143585039288816,-26.882905564911844,0.3429440562578535,-0.3901851116116671,1,320.0,296.0,278.85641496071116,-0.3901851116116671
16.88398504257202,0.6360000371932983,-39.056714845209015,-25.72900706261796,0.3416517608888047,-0.38775829056733907,1,320.0,296.0,280.943285154791,-0.38775829056733907
16.893263578414917,0.6230000257492065,-38.689428553640255,-25.46610664397705,0.3415255686878571,-0.38758199314738606,1,320.0,296.0,281.31057144635975,-0.38758199314738606
16.903688430786133,0.6230000257492065,-38.322142262071495,-25.20320622533614,0.3413993764869095,-0.38740569572743305,1,320.0,296.0,281.6778577379285,-0.38740569572743305
16.913599967956543,0.6140000224113464,-37.954855970502734,-24.94030580669523,0.3412731842859618,-0.38722939830748004,1,320.0,302.0,282.04514402949724,-0.38722939830748004
16.923182010650635,0.6140000224113464,-35.572176184301654,-23.67345789341526,0.3398387670930838,-0.3844268797431635,1,320.0,302.0,284.42782381569833,-0.3844268797431635
16.933972358703613,0.6010000109672546,-35.191066290508395,-23.403671389820154,0.33970926957135816,-0.38424394699414266,1,320.0,302.0,284.8089337094916,-0.38424394699414266
16.943368196487427,0.6010000109672546,-34.80995639671514,-23.133884886225047,0.3395797720496325,-0.3840610142451219,1,320.0,302.0,285.19004360328483,-0.3840610142451219
16.953984260559082,0.5920000076293945,-34.42884650292188,-22.86409838262994,0.3394502745279068,-0.38387808149610114,1,320.0,307.0,285.5711534970781,-0.38387808149610114
16.963430404663086,0.5920000076293945,-31.88347103811814,-21.49706224003114,0.33789096746847685,-0.38087492676152956,1,320.0,307.0,288.11652896188184,-0.38087492676152956
16.973769903182983,0.5790000557899475,-31.487516356729337,-21.21974965551118,0.33775785742790726,-0.380684868514463,1,320.0,307.0,288.5124836432707,-0.380684868514463
16.98324179649353,0.5790000557899475,-31.091561675340532,-20.942437070991218,0.3376247473873377,-0.38049481026739634,1,320.0,307.0,288.90843832465947,-0.38049481026739634
16.993860483169556,0.5700000524520874,-30.695606993951728,-20.665124486471257,0.3374916373467681,-0.3803047520203297,1,320.0,314.0,289.30439300604826,-0.3803047520203297
17.003318548202515,0.5700000524520874,-27.80544827241236,-19.108661133520982,0.33569168131346794,-0.3768645264654022,1,320.0,314.0,292.1945517275876,-0.3768645264654022
17.01325225830078,0.5580000281333923,-27.39238567961865,-18.822574768801992,0.3355543598584029,-0.3766662564208612,1,320.0,314.0,292.60761432038134,-0.3766662564208612
17.023650407791138,0.5580000281333923,-26.979323086824937,-18.536488404083002,0.33541703840333775,-0.37646798637632023,1,320.0,314.0,293.02067691317507,-0.37646798637632023
17.033320665359497,0.5490000247955322,-26.566260494031226,-18.250402039364012,0.33527971694827263,-0.37626971633177925,1,320.0,320.0,293.4337395059688,-0.37626971633177925
17.04372477531433,0.5490000247955322,-23.470058686870324,-16.525053549630982,0.3332669071700822,-0.37257507395977485,1,320.0,320.0,296.52994131312965,-0.37257507395977485
17.05368399620056,0.5360000133514404,-23.038592214871887,-16.229095164052666,0.3331248471450046,-0.3723679700532156,1,320.0,320.0,296.96140778512813,-0.3723679700532156
17.063034296035767,0.5360000133514404,-22.60712574287345,-15.93313677847435,0.332982787119927,-0.37216086614665633,1,320.0,320.0,297.39287425712655,-0.37216086614665633
17.07430362701416,0.527999997138977,-22.175659270875013,-15.637178392896033,0.3328407270948494,-0.37195376224009713,1,320.0,328.0,297.82434072912497,-0.37195376224009713
17.08394694328308,0.527999997138977,-18.696508161391648,-13.76189450082785,0.33064066118333646,-0.36777524591844757,1,320.0,328.0,301.30349183860835,-0.36777524591844757
17.094001054763794,0.5160000324249268,-18.244137324484065,-13.45510336822187,0.3304934014396856,-0.36755810791673194,1,320.0,328.0,301.7558626755159,-0.36755810791673194
17.103448152542114,0.5160000324249268,-17.79176648757648,-13.14831223561589,0.3303461416960347,-0.3673409699150163,1,320.0,328.0,302.20823351242353,-0.3673409699150163
17.114089250564575,0.5070000290870667,-17.339395650668898,-12.84152110300991,0.33019888195238384,-0.36712383191330067,1,320.0,336.0,302.6606043493311,-0.36712383191330067
17.123610734939575,0.5070000290870667,-13.519805373931087,-10.63176997680388,0.32757188924495784,-0.36251889539280735,1,320.0,336.0,306.4801946260689,-0.36251889539280735
17.133068323135376,0.49500003457069397,-13.044338427126345,-10.311926242807509,0.3274183642526396,-0.3622906712583411,1,320.0,336.0,306.9556615728737,-0.3622906712583411
17.143591165542603,0.49500003457069397,-12.568871480321603,-9.992082508811134,0.32726483926032135,-0.3620624471238748,1,320.0,336.0,307.4311285196784,-0.3620624471238748
17.15315294265747,0.4870000183582306,-12.09340453351686,-9.672238774814758,0.3271113142680031,-0.36183422298940854,1,320.0,345.0,307.90659546648317,-0.36183422298940854
17.16363835334778,0.4870000183582306,-7.8715665939374215,-7.264533959431269,0.32423711232883656,-0.3567241294215548,1,320.0,345.0,312.1284334060626,-0.3567241294215548
17.173158168792725,0.4750000238418579,-7.370402885825548,-6.930369361870042,0.32407671332200716,-0.35648357084166105,1,320.0,345.0,312.62959711417443,-0.35648357084166105
17.183462619781494,0.4750000238418579,-6.869239177713675,-6.5962047643088155,0.3239163143151778,-0.35624301226176736,1,320.0,345.0,313.13076082228633,-0.35624301226176736
17.19408869743347,0.4660000205039978,-6.368075469601802,-6.262040166747589,0.3237559153083484,-0.35600245368187367,1,320.0,355.0,313.6319245303982,-0.35600245368187367
17.203533411026,0.4660000205039978,-1.6888030271955814,-3.578447124790575,0.32053399297357166,-0.35031743162523327,1,320.0,355.0,318.3111969728044,-0.35031743162523327
17.213371515274048,0.4540000259876251,-1.158981225047997,-3.22816754660737,0.32036585877604373,-0.35006311716020244,1,320.0,355.0,318.841018774952,-0.35006311716020244
17.22400975227356,0.4540000259876251,-0.6291594229004124,-2.877887968424165,0.3201977245785158,-0.3498088026951716,1,320.0,355.0,319.3708405770996,-0.3498088026951716
17.23318648338318,0.44600000977516174,-0.09933762075282782,-2.5276083902409603,0.3200295903809879,-0.34955448823014074,1,320.0,355.0,319.9006623792472,-0.34955448823014074
17.243667364120483,0.44600000977516174,0.43048418139475675,-2.1773288120577554,0.3198614561834599,-0.3493001737651099,1,320.0,367.0,320.4304841813948,-0.3493001737651099
17.25374937057495,0.43400001525878906,5.773260974523127,0.8783751868406746,0.3161688507329203,-0.34277581849691874,1,320.0,367.0,325.7732609745231,-0.34277581849691874
17.26325249671936,0.43400001525878906,6.336081296733124,1.2472036611161172,0.3159918130652681,-0.3425056647422579,1,320.0,367.0,326.33608129673314,-0.3425056647422579
17.27375340461731,0.42600002884864807,6.898901618943122,1.6160321353915599,0.3158147753976159,-0.34223551098759714,1,320.0,380.0,326.8989016189431,-0.34223551098759714
17.28346610069275,0.42600002884864807,12.806550173321732,5.14377676383965,0.31152287238779774,-0.33500308049655336,1,320.0,380.0,332.80655017332174,-0.33500308049655336
17.29397225379944,0.4150000214576721,13.406010155406246,5.5342601180164515,0.31133544037779287,-0.33471533970515277,1,320.0,380.0,333.40601015540625,-0.33471533970515277
17.303485870361328,0.4150000214576721,14.00547013749076,5.924743472193253,0.311148008367788,-0.3344275989137522,1,320.0,380.0,334.00547013749076,-0.3344275989137522
17.31371784210205,0.40700000524520874,14.604930119575275,6.315226826370054,0.3109605763577831,-0.33413985812235164,1,320.0,394.0,334.6049301195753,-0.33413985812235164
17.323426485061646,0.40700000524520874,21.1855438195911,10.299209004113962,0.3060917552374889,-0.32606023836929443,1,320.0,394.0,341.1855438195911,-0.32606023836929443
17.333335876464844,0.39500001072883606,21.82601151148436,10.714329938915574,0.30589249718878414,-0.3257528138771857,1,320.0,394.0,341.82601151148435,-0.3257528138771857
17.34367561340332,0.39500001072883606,22.46647920337762,11.129450873717186,0.30569323914007934,-0.3254453893850769,1,320.0,394.0,342.4664792033776,-0.3254453893850769
17.35360097885132,0.3880000114440918,23.10694689527088,11.544571808518798,0.3054939810913746,-0.3251379648929681,1,320.0,394.0,343.1069468952709,-0.3251379648929681
17.36365818977356,0.3880000114440918,23.74741458716414,11.95969274332041,0.3052947230426698,-0.32483054040085935,1,320.0,411.0,343.74741458716414,-0.32483054040085935
17.373940229415894,0.37700000405311584,31.321034591952856,16.605709775750427,0.2995846922241444,-0.31549263487274987,1,320.0,411.0,351.32103459195287,-0.31549263487274987
17.38555121421814,0.37700000405311584,32.00902368322787,17.049830232576696,0.2993715144048678,-0.31516240010893787,1,320.0,411.0,352.0090236832279,-0.31516240010893787
17.393904209136963,0.36900001764297485,32.697012774502895,17.493950689402965,0.2991583365855912,-0.3148321653451258,1,320.0,430.0,352.6970127745029,-0.3148321653451258
17.403902292251587,0.36900001764297485,41.14888613386279,22.70931585641756,0.29273088729323016,-0.3043899184213706,1,320.0,430.0,361.1488861338628,-0.3043899184213706
17.413860082626343,0.3580000102519989,41.89008645606499,23.186136930012115,0.29250201317790475,-0.30403414226671355,1,320.0,430.0,361.890086456065,-0.30403414226671355
17.423809051513672,0.3580000102519989,42.631286778267196,23.66295800360667,0.29227313906257935,-0.30367836611205645,1,320.0,430.0,362.63128677826717,-0.30367836611205645
17.433427095413208,0.3580000102519989,43.3724871004694,24.139779077201222,0.292044264947254,-0.3033225899573994,1,320.0,430.0,363.3724871004694,-0.3033225899573994
17.444194555282593,0.3500000238418579,44.1136874226716,24.616600150795776,0.2918153908319286,-0.3029668138027424,1,320.0,453.0,364.1136874226716,-0.3029668138027424
17.453609943389893,0.33900001645088196,53.997658442214075,30.892969895162942,0.28403366951383785,-0.29070425765416347,1,320.0,453.0,373.99765844221406,-0.29070425765416347
17.46291422843933,0.33900001645088196,54.801510848242934,31.40953316743078,0.2837857191431493,-0.2903184084992696,1,320.0,453.0,374.8015108482429,-0.2903184084992696
17.473423719406128,0.3320000171661377,55.60536325427179,31.926096439698618,0.28353776877246073,-0.2899325593443758,1,320.0,479.0,375.60536325427177,-0.2899325593443758
17.4842848777771,0.3320000171661377,66.77325190233715,38.965515404842776,0.2747950851696,-0.2760495967732195,1,320.0,479.0,386.77325190233717,-0.2760495967732195
17.49375820159912,0.32100000977516174,67.64812410853338,39.52677669794055,0.27452567974891307,-0.27562965811424534,1,320.0,479.0,387.64812410853335,-0.27562965811424534
17.503119468688965,0.32100000977516174,68.52299631472961,40.08803799103832,0.27425627432822614,-0.2752097194552712,1,320.0,479.0,388.5229963147296,-0.2752097194552712
17.51401162147522,0.32100000977516174,69.39786852092584,40.64929928413609,0.2739868689075392,-0.27478978079629696,1,320.0,479.0,389.39786852092584,-0.27478978079629696
17.52369499206543,0.3140000104904175,70.27274072712207,41.21056057723386,0.2737174634868523,-0.27436984213732274,1,320.0,512.0,390.2727407271221,-0.27436984213732274
17.533857345581055,0.30300000309944153,83.64758913905979,49.759894120137055,0.2630456262801506,-0.2576718647049511,1,320.0,512.0,403.6475891390598,-0.2576718647049511
17.543328285217285,0.30300000309944153,84.6081117635447,50.375890055785725,0.26274994823103925,-0.2572108138451984,1,320.0,512.0,404.6081117635447,-0.2572108138451984
17.55463719367981,0.29600000381469727,85.56863438802961,50.991885991434394,0.2624542701819279,-0.2567497629854456,1,320.0,512.0,405.56863438802964,-0.2567497629854456
17.563048601150513,0.29600000381469727,86.52915701251452,51.60788192708306,0.26215859213281656,-0.2562887121256929,1,320.0,,406.52915701251453,-0.2562887121256929
17.573113203048706,0.2850000262260437,87.48967963699943,52.22387786273173,0.2618629140837052,-0.2558276612659401,1,320.0,,407.4896796369994,-0.2558276612659401
17.583643913269043,0.2850000262260437,88.45020226148434,52.8398737983804,0.2615672360345938,-0.25536661040618736,1,320.0,,408.4502022614843,-0.25536661040618736
17.59348154067993,0.2850000262260437,89.41072488596924,53.45586973402907,0.26127155798548246,-0.25490555954643457,1,320.0,,409.4107248859692,-0.25490555954643457
17.60298991203308,0.27800002694129944,90.37124751045415,54.07186566967774,0.2609758799363711,-0.25444450868668184,1,320.0,,410.37124751045417,-0.25444450868668184
17.612855434417725,0.2670000195503235,91.33177013493906,54.68786160532641,0.2606802018872597,-0.2539834578269291,1,320.0,,411.33177013493906,-0.2539834578269291
17.6234290599823,0.2670000195503235,92.29229275942397,55.30385754097508,0.26038452383814836,-0.2535224069671763,1,320.0,,412.29229275942396,-0.2535224069671763
17.634535789489746,0.2600000202655792,93.25281538390888,55.91985347662375,0.260088845789037,-0.25306135610742353,1,320.0,,413.2528153839089,-0.25306135610742353
17.643847942352295,0.2600000202655792,94.21333800839379,56.53584941227242,0.25979316773992567,-0.2526003052476708,1,320.0,,414.2133380083938,-0.2526003052476708
17.6532301902771,0.2600000202655792,95.1738606328787,57.15184534792109,0.2594974896908143,-0.25213925438791807,1,320.0,,415.1738606328787,-0.25213925438791807
17.663566827774048,0.24900001287460327,96.13438325736361,57.76784128356976,0.2592018116417029,-0.2516782035281653,1,320.0,,416.1343832573636,-0.2516782035281653
17.674139261245728,0.24900001287460327,97.09490588184852,58.38383721921843,0.25890613359259157,-0.25121715266841255,1,320.0,,417.0949058818485,-0.25121715266841255
17.68367886543274,0.242000013589859,98.05542850633343,58.9998331548671,0.2586104555434802,-0.2507561018086598,1,320.0,,418.05542850633344,-0.2507561018086598
17.693236112594604,0.242000013589859,99.01595113081834,59.61582909051577,0.2583147774943688,-0.250295050948907,1,320.0,,419.01595113081834,-0.250295050948907
17.70358157157898,0.23100000619888306,99.97647375530325,60.23182502616444,0.25801909944525747,-0.24983400008915427,1,320.0,,419.97647375530323,-0.24983400008915427
17.714396953582764,0.23100000619888306,100.93699637978816,60.847820961813106,0.2577234213961461,-0.2493729492294015,1,320.0,,420.9369963797882,-0.2493729492294015
17.723013639450073,0.2240000069141388,101.89751900427306,61.463816897461776,0.2574277433470348,-0.24891189836964875,1,320.0,,421.8975190042731,-0.24891189836964875
17.733662843704224,0.2240000069141388,102.85804162875797,62.079812833110445,0.25713206529792343,-0.248450847509896,1,320.0,,422.858041628758,-0.248450847509896
17.743085384368896,0.21300001442432404,103.81856425324288,62.695808768759115,0.256836387248812,-0.24798979665014326,1,320.0,,423.81856425324287,-0.24798979665014326
17.75476884841919,0.21300001442432404,104.77908687772779,63.311804704407784,0.2565407091997007,-0.2475287457903905,1,320.0,,424.77908687772776,-0.2475287457903905
17.76325297355652,0.20600001513957977,105.7396095022127,63.927800640056454,0.25624503115058933,-0.24706769493063774,1,320.0,,425.7396095022127,-0.24706769493063774
17.77371335029602,0.20600001513957977,106.70013212669761,64.54379657570513,0.2559493531014779,-0.24660664407088498,1,320.0,,426.7001321266976,-0.24660664407088498
17.783241748809814,0.19500000774860382,107.66065475118252,65.1597925113538,0.2556536750523666,-0.24614559321113222,1,320.0,,427.6606547511825,-0.24614559321113222
