time,alt,pos_x_est,pos_y_est,vel_x_cmd,vel_y_cmd,target_visible,setpoint_x,raw_x,filtered_x,cmd_y
9.063819408416748,4.511000156402588,-104.77293018594584,-105.82160132580414,0.15910907582308426,-0.14738102940818557,1,320.0,,215.22706981405418,-0.14738102940818557
9.073255062103271,4.527000427246094,-104.84336234772624,-105.94544064353096,0.1597874102075741,-0.14798976481406068,1,320.0,,215.15663765227376,-0.14798976481406068
9.083898067474365,4.527000427246094,-104.91379450950664,-106.05075413094926,0.1604440401631308,-0.1485988523807447,1,320.0,224.0,215.08620549049334,-0.1485988523807447
9.093563795089722,4.550000190734863,-103.91140515210655,-104.96825330895199,0.1571894741277754,-0.1457239625494659,1,320.0,224.0,216.08859484789343,-0.1457239625494659
9.103131294250488,4.550000190734863,-103.97453204845976,-105.06529877531861,0.15783125518129196,-0.14631958748533203,1,320.0,224.0,216.02546795154024,-0.14631958748533203
9.113757133483887,4.565000057220459,-104.03765894481297,-105.1794089793673,0.1584940844710472,-0.14691552805567998,1,320.0,224.0,215.96234105518704,-0.14691552805567998
9.123424530029297,4.565000057220459,-104.10078584116619,-105.27645444573392,0.15913692130291585,-0.14751178426050968,1,320.0,225.0,215.89921415883381,-0.14751178426050968
9.133501768112183,4.586000442504883,-103.09725367925925,-104.07620341416472,0.1555277340215409,-0.14465153664028932,1,320.0,225.0,216.90274632074073,-0.14465153664028932
9.144052982330322,4.586000442504883,-103.1531422579647,-104.16428465699613,0.15615425293622356,-0.14523436864602568,1,320.0,225.0,216.8468577420353,-0.14523436864602568
9.153622388839722,4.5980000495910645,-103.20903083667015,-104.26580564241912,0.15679740714694326,-0.1458174800946556,1,320.0,225.0,216.79096916332986,-0.1458174800946556
9.163373470306396,4.5980000495910645,-103.2649194153756,-104.35388688525053,0.15742487407276723,-0.146400870986179,1,320.0,,216.7350805846244,-0.146400870986179
9.173874616622925,4.611000061035156,-103.32080799408105,-104.45644655947243,0.15807022791463085,-0.1469845413205959,1,320.0,,216.67919200591894,-0.1469845413205959
9.183381080627441,4.611000061035156,-103.3766965727865,-104.54452780230383,0.15869864804504005,-0.1475684910979064,1,320.0,,216.6233034272135,-0.1475684910979064
9.193790197372437,4.618000030517578,-103.43258515149195,-104.6403701072648,0.15933686066152955,-0.1481527203181104,1,320.0,,216.56741484850807,-0.1481527203181104
9.20387315750122,4.618000030517578,-103.4884737301974,-104.72845135009621,0.1599662004096777,-0.14873722898120792,1,320.0,225.0,216.5115262698026,-0.14873722898120792
9.213785886764526,4.624000072479248,-102.48771298043161,-103.49578046293959,0.15632096966815207,-0.145912582439015,1,320.0,225.0,217.5122870195684,-0.145912582439015
9.2233407497406,4.624000072479248,-102.53648098511246,-103.57491669050683,0.15693380772468524,-0.14648378644955762,1,320.0,225.0,217.46351901488754,-0.14648378644955762
9.233895778656006,4.625,-102.58524898979331,-103.65515660410577,0.15754837140402453,-0.14705523430012357,1,320.0,225.0,217.4147510102067,-0.14705523430012357
9.243921995162964,4.625,-102.63401699447417,-103.734292831673,0.15816200634126357,-0.147626925990713,1,320.0,224.0,217.36598300552583,-0.147626925990713
9.253739356994629,4.624000072479248,-101.88315881646189,-102.88885176975224,0.15580098629823053,-0.14562394769745152,1,320.0,224.0,218.1168411835381,-0.14562394769745152
9.263263463973999,4.624000072479248,-101.92655560689698,-102.96178488056088,0.15640331495560367,-0.14618565662400815,1,320.0,224.0,218.07344439310302,-0.14618565662400815
9.27418327331543,4.621000289916992,-101.96995239733208,-103.03140396459662,0.15700201487626955,-0.14674758253451692,1,320.0,224.0,218.03004760266793,-0.14674758253451692
9.28416657447815,4.621000289916992,-102.01334918776718,-103.10433707540527,0.15760505629461696,-0.14730972542897786,1,320.0,,217.98665081223282,-0.14730972542897786
9.29388165473938,4.613000392913818,-102.05674597820227,-103.16841042348133,0.15819778636442564,-0.147872085307391,1,320.0,,217.9432540217977,-0.147872085307391
9.303426742553711,4.613000392913818,-102.10014276863737,-103.24134353428997,0.15880151281506744,-0.1484346621697563,1,320.0,,217.89985723136263,-0.1484346621697563
9.313257217407227,4.6060004234313965,-102.14353955907247,-103.30649813187634,0.15939623082283047,-0.14899745601607378,1,320.0,,217.85646044092755,-0.14899745601607378
9.324150562286377,4.6060004234313965,-102.18693634950756,-103.37943124268499,0.16000064771201428,-0.14956046684634342,1,320.0,221.0,217.81306365049244,-0.14956046684634342
9.333980560302734,4.593000411987305,-101.82493470565984,-103.01454897628987,0.1592301882578109,-0.1488233728765071,1,320.0,221.0,218.17506529434016,-0.1488233728765071
9.344056129455566,4.593000411987305,-101.86562544052578,-103.08465650883382,0.1598297405794078,-0.14938152988554887,1,320.0,221.0,218.13437455947422,-0.14938152988554887
9.353398323059082,4.582000255584717,-101.90631617539171,-103.14241864592722,0.16041476723714948,-0.14993989034826496,1,320.0,221.0,218.0936838246083,-0.14993989034826496
9.36445426940918,4.582000255584717,-101.94700691025764,-103.21252617847117,0.16101495890709458,-0.15049845426465536,1,320.0,219.0,218.05299308974236,-0.15049845426465536
9.373781442642212,4.565000057220459,-101.87149587701822,-103.1177035055437,0.16112574906725352,-0.15068515244054093,1,320.0,219.0,218.12850412298178,-0.15068515244054093
9.3834228515625,4.565000057220459,-101.91141312500545,-103.18684100092146,0.16172464826671146,-0.15124261020375065,1,320.0,219.0,218.08858687499455,-0.15124261020375065
9.39393925666809,4.552000045776367,-101.95133037299269,-103.24119564660893,0.16230607981976947,-0.1518002675532003,1,320.0,219.0,218.0486696270073,-0.1518002675532003
9.403680801391602,4.552000045776367,-101.99124762097992,-103.31033314198669,0.16290559647993272,-0.15235812448888988,1,320.0,,218.00875237902008,-0.15235812448888988
9.413712739944458,4.531000137329102,-102.03116486896715,-103.3554050244997,0.1634764597640708,-0.15291618101081939,1,320.0,,217.96883513103285,-0.15291618101081939
9.425996780395508,4.531000137329102,-102.07108211695439,-103.42454251987746,0.16407654747112352,-0.15347443711898884,1,320.0,,217.9289178830456,-0.15347443711898884
9.437909364700317,4.531000137329102,-102.11099936494162,-103.49368001525522,0.1646769808656531,-0.15403289281339824,1,320.0,,217.88900063505838,-0.15403289281339824
9.444620132446289,4.517000198364258,-102.15091661292885,-103.5466448891057,0.16525827193871923,-0.15459154809404757,1,320.0,,217.84908338707115,-0.15459154809404757
9.454781770706177,4.494000434875488,-102.19083386091609,-103.5889864121537,0.1658270266984376,-0.15515040296093682,1,320.0,,217.8091661390839,-0.15515040296093682
9.464792251586914,4.494000434875488,-102.23075110890332,-103.65812390753146,0.16642828231242854,-0.155709457414066,1,320.0,213.0,217.76924889109668,-0.155709457414066
9.473549842834473,4.478000164031982,-102.90982683635333,-104.14611445446917,0.1684018029644,-0.1583053504855721,1,320.0,213.0,217.09017316364668,-0.1583053504855721
9.483175039291382,4.478000164031982,-102.95396559455517,-104.21814262125818,0.16900932747765307,-0.15887308682338708,1,320.0,,217.04603440544483,-0.15887308682338708
9.494114637374878,4.453999996185303,-102.99810435275701,-104.26169391719785,0.16958289750236666,-0.15944104385499308,1,320.0,,217.00189564724297,-0.15944104385499308
9.503613233566284,4.453999996185303,-103.04224311095885,-104.33372208398686,0.1701909999129334,-0.16000922158039008,1,320.0,,216.95775688904115,-0.16000922158039008
9.513438701629639,4.437000274658203,-103.08638186916069,-104.38538624693825,0.17077492383970977,-0.1605776199995781,1,320.0,,216.91361813083932,-0.1605776199995781
9.524022579193115,4.437000274658203,-103.13052062736253,-104.45741441372726,0.17138364471192521,-0.1611462391125571,1,320.0,,216.86947937263747,-0.1611462391125571
9.53428053855896,4.4120001792907715,-103.17465938556437,-104.49919909831597,0.17195628232892324,-0.16171507891932715,1,320.0,,216.82534061443562,-0.16171507891932715
9.543860673904419,4.4120001792907715,-103.21879814376621,-104.57122726510498,0.1725655722653956,-0.16228413941988817,1,320.0,,216.7812018562338,-0.16228413941988817
9.553816080093384,4.394999980926514,-103.26293690196805,-104.62248574340639,0.17315019486807431,-0.1628534206142402,1,320.0,,216.73706309803197,-0.1628534206142402
9.563927412033081,4.394999980926514,-103.30707566016989,-104.6945139101954,0.17376010123777208,-0.16342292250238327,1,320.0,,216.6929243398301,-0.16342292250238327
9.57400131225586,4.369000434875488,-103.35121441837173,-104.7344530858839,0.17433170051402772,-0.16399264508431735,1,320.0,205.0,216.64878558162826,-0.16399264508431735
9.583388090133667,4.369000434875488,-105.09709894356719,-105.98083055431377,0.1786566802070681,-0.16994527781494428,1,320.0,205.0,214.90290105643282,-0.16994527781494428
9.594123840332031,4.3520002365112305,-105.15234465445461,-106.039326365374,0.1792570718121672,-0.1705373343912815,1,320.0,205.0,214.84765534554538,-0.1705373343912815
9.603801250457764,4.3520002365112305,-105.20759036534203,-106.11901927409018,0.1798832983989971,-0.1711296671961731,1,320.0,203.0,214.792409634658,-0.1711296671961731
9.613142728805542,4.326000213623047,-106.85610930268004,-107.33234907165466,0.18415379089844597,-0.17675366212009813,1,320.0,203.0,213.14389069731996,-0.17675366212009813
9.623414278030396,4.326000213623047,-106.92172665240949,-107.41963476369422,0.18479563190271192,-0.17736701157303553,1,320.0,203.0,213.0782733475905,-0.17736701157303553
9.633384943008423,4.308000087738037,-106.98734400213894,-107.48400438371648,0.18541029546865723,-0.17798068911272158,1,320.0,203.0,213.01265599786106,-0.17798068911272158
9.646098375320435,4.308000087738037,-107.05296135186839,-107.57129007575604,0.18605289474948347,-0.17859469473915623,1,320.0,203.0,212.9470386481316,-0.17859469473915623
9.653369665145874,4.2820000648498535,-107.11857870159784,-107.6251216439793,0.18665561823957127,-0.17920902845233957,1,320.0,,212.88142129840216,-0.17920902845233957
9.663776159286499,4.2820000648498535,-107.18419605132729,-107.71240733601886,0.18729892310669888,-0.17982369025227157,1,320.0,,212.8158039486727,-0.17982369025227157
9.673545837402344,4.265000343322754,-107.24981340105674,-107.77759043152591,0.18791603077346497,-0.1804386801389522,1,320.0,,212.75018659894326,-0.1804386801389522
9.684091806411743,4.265000343322754,-107.31543075078619,-107.86487612356547,0.18856009798453022,-0.18105399811238146,1,320.0,,212.6845692492138,-0.18105399811238146
9.69369912147522,4.240000247955322,-107.38104810051564,-107.91932273732539,0.18916503053472877,-0.18166964417255937,1,320.0,198.0,212.61895189948436,-0.18166964417255937
9.703178405761719,4.240000247955322,-109.51677992486267,-109.52015479182992,0.19457053231811355,-0.1887969798885918,1,320.0,198.0,210.48322007513733,-0.1887969798885918
9.713661432266235,4.2230000495910645,-109.59578685334942,-109.59466857162069,0.19520792219672053,-0.1894397671370426,1,320.0,198.0,210.4042131466506,-0.1894397671370426
9.725406646728516,4.2230000495910645,-109.67479378183617,-109.69174393880698,0.19587287135703813,-0.1900829494201359,1,320.0,198.0,210.32520621816383,-0.1900829494201359
9.733950853347778,4.197000026702881,-109.75380071032292,-109.75394618382698,0.19649628378198125,-0.1907265267378716,1,320.0,196.0,210.24619928967707,-0.1907265267378716
9.74411940574646,4.197000026702881,-111.74282552100807,-111.16445387871741,0.20128780106414534,-0.1973702735918973,1,320.0,196.0,208.25717447899194,-0.1973702735918973
9.75367021560669,4.180000305175781,-111.83415979267349,-111.24696104263884,0.20194304446606426,-0.1980390455168592,1,320.0,196.0,208.1658402073265,-0.1980390455168592
9.76382827758789,4.180000305175781,-111.9254940643389,-111.35251336242148,0.20262646981661553,-0.19870827411317937,1,320.0,196.0,208.07450593566108,-0.19870827411317937
9.773861169815063,4.156000137329102,-112.01682833600432,-111.42519676637296,0.20327081588518917,-0.1993779593808579,1,320.0,194.0,207.98317166399568,-0.1993779593808579
9.783477306365967,4.156000137329102,-113.89887887108962,-112.82024591670695,0.20800400888644754,-0.20567075100414942,1,320.0,194.0,206.1011211289104,-0.20567075100414942
9.793673276901245,4.139000415802002,-114.00176259804448,-112.91059351272116,0.2086769789692282,-0.20636422028948548,1,320.0,194.0,205.99823740195552,-0.20636422028948548
9.804240465164185,4.139000415802002,-114.10464632499934,-113.0244626084747,0.20937874419717484,-0.20705820399345629,1,320.0,194.0,205.89535367500065,-0.20705820399345629
9.813707828521729,4.115000247955322,-114.2075300519542,-113.104779855102,0.2100406487924031,-0.2077527021160619,1,320.0,,205.7924699480458,-0.2077527021160619
9.823166131973267,4.115000247955322,-114.31041377890905,-113.21864895085554,0.21074338495206163,-0.20844771465730227,1,320.0,,205.68958622109096,-0.20844771465730227
9.833782434463501,4.098999977111816,-114.41329750586391,-113.30992277731532,0.21141946315769994,-0.2091432416171774,1,320.0,,205.5867024941361,-0.2091432416171774
9.845264196395874,4.098999977111816,-114.51618123281877,-113.42379187306886,0.21212322503196956,-0.20983928299568733,1,320.0,,205.48381876718122,-0.20983928299568733
9.85317349433899,4.075000286102295,-114.61906495977362,-113.50342279797545,0.21278629925584733,-0.21053583879283205,1,320.0,190.0,205.38093504022638,-0.21053583879283205
9.86384916305542,4.075000286102295,-116.76926084393807,-115.06512014865932,0.21803389811120172,-0.21765678689976192,1,320.0,190.0,203.23073915606193,-0.21765678689976192
9.873278856277466,4.059000015258789,-116.88533412669864,-115.16525639775224,0.218729887892102,-0.21838050150970809,1,320.0,190.0,203.11466587330136,-0.21838050150970809
9.884791612625122,4.059000015258789,-117.0014074094592,-115.2884529482851,0.21945416601748285,-0.2191047964860681,1,320.0,190.0,202.9985925905408,-0.2191047964860681
9.894936323165894,4.035000324249268,-117.11748069221977,-115.37670302579593,0.22013694962562483,-0.21982967182884186,1,320.0,187.0,202.88251930778023,-0.21982967182884186
9.903330326080322,4.035000324249268,-119.25505730552658,-116.89307458810518,0.22523306037801866,-0.22689714267690092,1,320.0,187.0,200.74494269447342,-0.22689714267690092
9.913557529449463,4.019999980926514,-119.38415093370568,-117.0031814566404,0.2259502045275441,-0.22764897578538437,1,320.0,187.0,200.61584906629432,-0.22764897578538437
9.925453901290894,4.019999980926514,-119.51324456188479,-117.13535133885553,0.22669448514289656,-0.22840145436200873,1,320.0,187.0,200.4867554381152,-0.22840145436200873
9.933501720428467,3.997000217437744,-119.6423381900639,-117.2333573617719,0.22739825915720502,-0.22915457840677397,1,320.0,186.0,200.3576618099361,-0.22915457840677397
9.943998098373413,3.997000217437744,-121.53127766977424,-118.71786260721687,0.23238877420274098,-0.2354326378844016,1,320.0,186.0,198.46872233022577,-0.2354326378844016
9.953685998916626,3.9820001125335693,-121.67171688366544,-118.83624819649569,0.23312501815085804,-0.23620952352548935,1,320.0,186.0,198.32828311633455,-0.23620952352548935
9.963683605194092,3.9820001125335693,-121.81215609755664,-118.97713647683736,0.23388896976965223,-0.23698711136264655,1,320.0,186.0,198.18784390244338,-0.23698711136264655
9.97390866279602,3.9590001106262207,-121.95259531144784,-119.08317573866589,0.23461163276253977,-0.23776540139587327,1,320.0,184.0,198.04740468855215,-0.23776540139587327
9.98339295387268,3.9590001106262207,-123.76102644742377,-120.54514713996217,0.23952851320157337,-0.243786298732866,1,320.0,184.0,196.23897355257623,-0.243786298732866
9.993816375732422,3.944000244140625,-123.91223891078693,-120.67161239943857,0.24028362957494223,-0.2445873148834557,1,320.0,184.0,196.08776108921307,-0.2445873148834557
10.004052877426147,3.944000244140625,-124.06345137415008,-120.82103330985284,0.2410670398339886,-0.24538908709636223,1,320.0,184.0,195.93654862584992,-0.24538908709636223
10.012950658798218,3.9210002422332764,-124.21466383751323,-120.9348996007293,0.241808353881044,-0.24619161537158557,1,320.0,,195.78533616248677,-0.24619161537158557
10.02330470085144,3.9210002422332764,-124.36587630087638,-121.08432051114356,0.24259308057609685,-0.24699489970912575,1,320.0,,195.63412369912362,-0.24699489970912575
10.03295373916626,3.9070003032684326,-124.51708876423953,-121.21188587188996,0.24335221843835197,-0.24779894010898276,1,320.0,,195.48291123576047,-0.24779894010898276
10.043524026870728,3.9070003032684326,-124.66830122760268,-121.36130678230423,0.2441383300647606,-0.24860373657115656,1,320.0,,195.33169877239732,-0.24860373657115656
10.053314447402954,3.9070003032684326,-124.81951369096583,-121.51072769271849,0.24492518879572134,-0.24940928909564716,1,320.0,178.0,195.18048630903417,-0.24940928909564716
10.063770771026611,3.885000228881836,-127.12326738622163,-123.20636840797572,0.2506467744940958,-0.25699057645421874,1,320.0,178.0,192.87673261377836,-0.25699057645421874
10.073263168334961,3.885000228881836,-127.28841707154255,-123.36602526838341,0.25145519285292695,-0.25782519816196153,1,320.0,178.0,192.71158292845746,-0.25782519816196153
10.084003686904907,3.870000123977661,-127.45356675686348,-123.50180309504684,0.25223563526039827,-0.25866064561813096,1,320.0,178.0,192.5464332431365,-0.25866064561813096
10.093812465667725,3.8480002880096436,-127.61871644218441,-123.62608651896309,0.2530029058016926,-0.259496918822727,1,320.0,177.0,192.3812835578156,-0.259496918822727
10.103261709213257,3.8480002880096436,-129.64473980736207,-125.286975466489,0.258541330702884,-0.26619456361925664,1,320.0,177.0,190.35526019263793,-0.26619456361925664
10.113503217697144,3.8340001106262207,-129.82195013621393,-125.43363067518979,0.2593444851067009,-0.2670563257645599,1,320.0,177.0,190.17804986378607,-0.2670563257645599
10.124394416809082,3.8340001106262207,-129.99916046506578,-125.6030172798869,0.2601757641187369,-0.26791897396150743,1,320.0,177.0,190.00083953493422,-0.26791897396150743
10.133652925491333,3.812000274658203,-130.17637079391764,-125.73633172389275,0.2609644231101633,-0.2687825082100993,1,320.0,175.0,189.82362920608236,-0.2687825082100993
10.143176078796387,3.812000274658203,-132.09483907520968,-127.34343998106185,0.26633018816201864,-0.27513691640921134,1,320.0,175.0,187.90516092479032,-0.27513691640921134
10.15361499786377,3.7980000972747803,-132.28335531094882,-127.49897901517583,0.26715432989803134,-0.27602455266865306,1,320.0,175.0,187.71664468905118,-0.27602455266865306
10.163326740264893,3.7980000972747803,-132.47187154668796,-127.67770067968412,0.2680071843988397,-0.2769131315092735,1,320.0,175.0,187.52812845331204,-0.2769131315092735
10.173801898956299,3.7770001888275146,-132.6603877824271,-127.82131250467185,0.26881862515134836,-0.2778026529310726,1,320.0,172.0,187.3396122175729,-0.2778026529310726
10.183218955993652,3.7770001888275146,-134.60644727971672,-129.3859733089011,0.27404940189924065,-0.2842428232301296,1,320.0,172.0,185.39355272028328,-0.2842428232301296
10.19352126121521,3.763000249862671,-134.8064030710089,-129.5500818868275,0.2748940826021865,-0.2851568021950353,1,320.0,172.0,185.1935969289911,-0.2851568021950353
10.204402923583984,3.763000249862671,-135.00635886230108,-129.73782439772336,0.27576806273725013,-0.28607178093889746,1,320.0,172.0,184.99364113769892,-0.28607178093889746
10.213666677474976,3.742000102996826,-135.20631465359327,-129.8897692084177,0.2765998453561255,-0.286987759461716,1,320.0,170.0,184.79368534640673,-0.286987759461716
10.223058223724365,3.742000102996826,-137.06600766293076,-131.4202749529139,0.28172310185237925,-0.293155003031087,1,320.0,170.0,182.93399233706924,-0.293155003031087
10.233494281768799,3.7280001640319824,-137.2767977272891,-131.59268366109526,0.2825879557205023,-0.2940943350969535,1,320.0,170.0,182.7232022727109,-0.2940943350969535
10.24407410621643,3.7280001640319824,-137.48758779164746,-131.78919133275141,0.28348271088315347,-0.2950347211131417,1,320.0,170.0,182.51241220835254,-0.2950347211131417
10.253927946090698,3.707000255584717,-137.6983778560058,-131.94919386622232,0.28433445989264966,-0.2959761610796518,1,320.0,167.0,182.3016221439942,-0.2959761610796518
10.263345956802368,3.707000255584717,-139.59572713059708,-133.45164136534171,0.28937028858210384,-0.30226435253340017,1,320.0,167.0,180.40427286940292,-0.30226435253340017
10.273537874221802,3.694000244140625,-139.81756184058406,-133.63388519524435,0.29025715060396323,-0.30322964199458746,1,320.0,167.0,180.18243815941594,-0.30322964199458746
10.283636093139648,3.694000244140625,-140.03939655057104,-133.83894497851279,0.29117241706877794,-0.3041960406293247,1,320.0,167.0,179.96060344942896,-0.3041960406293247
10.293643951416016,3.694000244140625,-140.26123126055802,-134.04400476178122,0.2920887088325089,-0.30516354843761184,1,320.0,165.0,179.73876873944198,-0.30516354843761184
10.303058624267578,3.6730000972747803,-142.08350691201017,-135.4856603740709,0.29700711277059577,-0.31121555628855874,1,320.0,165.0,177.91649308798983,-0.31121555628855874
10.313878536224365,3.6730000972747803,-142.31585782044596,-135.69909012034424,0.29794172391672546,-0.3122059566677839,1,320.0,165.0,177.68414217955404,-0.3122059566677839
10.323430299758911,3.6600000858306885,-142.54820872888175,-135.88925930488057,0.2988493732346935,-0.3131975188015513,1,320.0,165.0,177.45179127111825,-0.3131975188015513
10.333852529525757,3.6600000858306885,-142.78055963731754,-136.1026890511539,0.29978600237547726,-0.3141902426898608,1,320.0,163.0,177.21944036268246,-0.3141902426898608
10.343578577041626,3.639000177383423,-144.53768502913837,-137.52330806635163,0.30464133708720254,-0.32003761551578513,1,320.0,163.0,175.46231497086163,-0.32003761551578513
10.353076219558716,3.639000177383423,-144.7800897173428,-137.74494773046882,0.3055960294227955,-0.3210524015902172,1,320.0,163.0,175.2199102826572,-0.3210524015902172
10.363579988479614,3.626000165939331,-145.02249440554723,-137.94286910400874,0.3065232494165634,-0.3220683996880902,1,320.0,163.0,174.97750559445277,-0.3220683996880902
10.373542785644531,3.626000165939331,-145.26489909375167,-138.16450876812593,0.30748003955734465,-0.32308560980940426,1,320.0,161.0,174.73510090624833,-0.32308560980940426
10.383057594299316,3.6050002574920654,-146.96469109535116,-139.56642343078767,0.31227976339811514,-0.3287530310662831,1,320.0,161.0,173.03530890464884,-0.3287530310662831
10.393729448318481,3.6050002574920654,-147.21673860822054,-139.79612840866628,0.31325439001361277,-0.3297915717747675,1,320.0,161.0,172.78326139177946,-0.3297915717747675
10.403136968612671,3.5920002460479736,-147.46878612108992,-140.00164372196147,0.31420101660817684,-0.33083137272081614,1,320.0,161.0,172.53121387891008,-0.33083137272081614
10.413414001464844,3.5920002460479736,-147.7208336339593,-140.23134869984008,0.3151778193251304,-0.3318724339044292,1,320.0,159.0,172.2791663660407,-0.3318724339044292
10.423901081085205,3.57200026512146,-149.36949871366824,-141.61808213346606,0.31992931276549064,-0.33737935980847866,1,320.0,159.0,170.63050128633176,-0.33737935980847866
10.433449745178223,3.57200026512146,-149.6308184942537,-141.85571818770913,0.32092375462152084,-0.3384410976376525,1,320.0,159.0,170.3691815057463,-0.3384410976376525
10.444073677062988,3.558000087738037,-149.89213827483917,-142.0667883882235,0.3218873728040792,-0.3395041420657293,1,320.0,159.0,170.10786172516083,-0.3395041420657293
10.453986167907715,3.558000087738037,-150.15345805542464,-142.30442444246657,0.3228840581913832,-0.340568493092709,1,320.0,156.0,169.84654194457536,-0.340568493092709
10.463391780853271,3.5380001068115234,-151.8603598234934,-143.67522134153486,0.3275883917519764,-0.34626479048131936,1,320.0,156.0,168.1396401765066,-0.34626479048131936
10.473872423171997,3.5380001068115234,-152.13130864897158,-143.92066073302794,0.3286025223254332,-0.34735058561513804,1,320.0,156.0,167.86869135102842,-0.34735058561513804
10.483238697052002,3.5250000953674316,-152.40225747444975,-144.14093948499956,0.32958756152522417,-0.3484377354930841,1,320.0,156.0,167.59774252555025,-0.3484377354930841
10.493934631347656,3.5250000953674316,-152.67320629992793,-144.38637887649264,0.3306040206893983,-0.3495262401151575,1,320.0,154.0,167.32679370007207,-0.3495262401151575
10.503272533416748,3.505000114440918,-154.32694752027356,-145.74194921776052,0.3352631628503161,-0.35505433247632034,1,320.0,154.0,165.67305247972644,-0.35505433247632034
10.513696670532227,3.505000114440918,-154.60713623961556,-145.9950677692713,0.3362968804509754,-0.35616359462072883,1,320.0,154.0,165.39286376038444,-0.35616359462072883
10.523610353469849,3.492000102996826,-154.88732495895755,-146.22252581145327,0.33730094273065103,-0.357274257708734,1,320.0,154.0,165.11267504104245,-0.357274257708734
10.533202886581421,3.492000102996826,-155.16751367829954,-146.47564436296403,0.33833706321427875,-0.3583863217403359,1,320.0,151.0,164.83248632170046,-0.3583863217403359
10.54375410079956,3.4740002155303955,-156.87565777156757,-147.82037145519683,0.3429567391849115,-0.3640915317473362,1,320.0,151.0,163.12434222843243,-0.3640915317473362
10.553147077560425,3.4740002155303955,-157.1654166869303,-148.0810463453832,0.34400995428486203,-0.36522506952920614,1,320.0,151.0,162.8345833130697,-0.36522506952920614
10.563617467880249,3.4640002250671387,-157.45517560229305,-148.32162893501172,0.3450402615370913,-0.3663600561056529,1,320.0,151.0,162.54482439770695,-0.3663600561056529
10.573371171951294,3.4640002250671387,-157.7449345176558,-148.5823038251981,0.34609598292444094,-0.36749649147667646,1,320.0,150.0,162.2550654823442,-0.36749649147667646
10.583861589431763,3.451000213623047,-159.29447762464292,-149.81988261363966,0.35035288663883496,-0.3726924487924915,1,320.0,150.0,160.70552237535708,-0.3726924487924915
10.593337297439575,3.451000213623047,-159.59270331733669,-150.08729986967668,0.35142422384542776,-0.3738482831403107,1,320.0,150.0,160.40729668266331,-0.3738482831403107
10.603898286819458,3.444000244140625,-159.89092901003045,-150.34046801580885,0.3524797279608654,-0.3750056086165934,1,320.0,150.0,160.10907098996955,-0.3750056086165934
10.613659143447876,3.444000244140625,-160.1891547027242,-150.60788527184587,0.3535536680944691,-0.3761644252213395,1,320.0,148.0,159.8108452972758,-0.3761644252213395
10.62285828590393,3.436000108718872,-161.69728393834612,-151.74945094979307,0.3574824594152174,-0.3812284911747144,1,320.0,148.0,158.30271606165388,-0.3812284911747144
10.63340711593628,3.436000108718872,-162.00366237920966,-152.02286875667164,0.35857067512725505,-0.38240616361564667,1,320.0,148.0,157.99633762079034,-0.38240616361564667
10.643943071365356,3.431000232696533,-162.3100408200732,-152.28602159947138,0.3596478886466121,-0.38358536794878334,1,320.0,148.0,157.6899591799268,-0.38358536794878334
10.65350866317749,3.431000232696533,-162.61641926093674,-152.55943940634995,0.3607387872118981,-0.3847661041741242,1,320.0,148.0,157.38358073906326,-0.3847661041741242
10.664073467254639,3.4260001182556152,-163.88131404965156,-153.50846428546382,0.36403505752198295,-0.38904569736036126,1,320.0,148.0,156.11868595034844,-0.38904569736036126
10.673475503921509,3.4260001182556152,-164.19416686674688,-153.78651508612145,0.36513765105820273,-0.3902420915752094,1,320.0,148.0,155.80583313325312,-0.3902420915752094
10.684150218963623,3.4240002632141113,-164.5070196838422,-154.06043869341318,0.36623666158041984,-0.391440050054143,1,320.0,148.0,155.4929803161578,-0.391440050054143
10.693943977355957,3.4240002632141113,-164.81987250093752,-154.3384894940708,0.36734201498867936,-0.39263957279716205,1,320.0,147.0,155.18012749906248,-0.39263957279716205
10.703293085098267,3.4210002422332764,-165.9663688259503,-155.21378558904777,0.370393950480165,-0.39653820901770603,1,320.0,147.0,154.0336311740497,-0.39653820901770603
10.713774919509888,3.4210002422332764,-166.28486500566694,-155.49592142720397,0.37150999309308846,-0.3977518287583943,1,320.0,147.0,153.71513499433306,-0.3977518287583943
10.723124980926514,3.4200000762939453,-166.6033611853836,-155.77598747528523,0.3726249522881624,-0.39896704097998126,1,320.0,147.0,153.3966388146164,-0.39896704097998126
10.733821630477905,3.4200000762939453,-166.92185736510024,-156.05812331344143,0.37374380591051704,-0.40018384568246673,1,320.0,147.0,153.07814263489976,-0.40018384568246673
10.743140935897827,3.4190001487731934,-167.8586140584906,-156.76473668348208,0.376243569658954,-0.4034053759705799,1,320.0,147.0,152.1413859415094,-0.4034053759705799
10.753605842590332,3.4190001487731934,-168.18130400215975,-157.04976586837483,0.3773708535101672,-0.4046335104229937,1,320.0,147.0,151.81869599784025,-0.4046335104229937
10.764095783233643,3.4190001487731934,-168.5039939458289,-157.33479505326758,0.3784995625073049,-0.4058632583251258,1,320.0,147.0,151.4960060541711,-0.4058632583251258
10.773902416229248,3.4190001487731934,-168.82668388949807,-157.61982423816033,0.37962969665036694,-0.40709461967697635,1,320.0,147.0,151.17331611050193,-0.40709461967697635
10.78342056274414,3.4190001487731934,-169.57323289319257,-158.07036623753845,0.38129812500499216,-0.4097024536894519,1,320.0,147.0,150.42676710680743,-0.4097024536894519
10.794020414352417,3.4190001487731934,-169.8988032003403,-158.3565201761785,0.3824332923322411,-0.41094263207403087,1,320.0,147.0,150.1011967996597,-0.41094263207403087
10.803380012512207,3.4200000762939453,-170.22437350748802,-158.64474468145488,0.38357238546198,-0.4121844383101456,1,320.0,147.0,149.77562649251198,-0.4121844383101456
10.813921689987183,3.4200000762939453,-170.54994381463575,-158.93089862009492,0.38471042468144856,-0.41342787239779605,1,320.0,146.0,149.45005618536425,-0.41342787239779605
10.823185682296753,3.4200000762939453,-171.22549008874563,-159.4524593267724,0.3866142678718797,-0.4158093173410241,1,320.0,146.0,148.77450991125437,-0.4158093173410241
10.833832263946533,3.4200000762939453,-171.55344260243956,-159.74021562556507,0.38775827650855865,-0.417060627570469,1,320.0,146.0,148.44655739756044,-0.417060627570469
10.843437671661377,3.4210002422332764,-171.8813951161335,-160.03004171443266,0.3889062180237719,-0.4183135775624824,1,320.0,146.0,148.1186048838665,-0.4183135775624824
10.854324340820312,3.4210002422332764,-172.20934762982742,-160.3177980132253,0.3900531145723892,-0.41956816731706426,1,320.0,146.0,147.79065237017258,-0.41956816731706426
10.863744020462036,3.4220001697540283,-172.7187700672999,-160.70245961135757,0.3915121677473117,-0.42141418315450657,1,320.0,146.0,147.2812299327001,-0.42141418315450657
10.873162031173706,3.4220001697540283,-173.04795963120094,-160.99086240001392,0.39266320540569943,-0.4226744504293439,1,320.0,146.0,146.95204036879906,-0.4226744504293439
10.883284330368042,3.4230000972747803,-173.377149195102,-161.28133194909225,0.39381817552433884,-0.42393636365200066,1,320.0,146.0,146.622850804898,-0.42393636365200066
10.893938064575195,3.4230000972747803,-173.70633875900305,-161.5697347377486,0.39497210754441525,-0.42519992282247693,1,320.0,146.0,146.29366124099695,-0.42519992282247693
10.903674602508545,3.4240002632141113,-174.06526630218775,-161.82860881463395,0.3960272015818984,-0.4265618580169391,1,320.0,146.0,145.93473369781225,-0.4265618580169391
10.913147449493408,3.4240002632141113,-174.3946588521259,-162.11679594362747,0.3971836101164088,-0.42782910237112554,1,320.0,146.0,145.6053411478741,-0.42782910237112554
10.923843383789062,3.4250001907348633,-174.72405140206405,-162.40704730129383,0.3983439469821149,-0.4290979936880616,1,320.0,146.0,145.27594859793595,-0.4290979936880616
10.934019327163696,3.4250001907348633,-175.0534439520022,-162.69523443028734,0.39950324770905854,-0.4303685319677474,1,320.0,146.0,144.9465560479978,-0.4303685319677474
10.943918228149414,3.427000045776367,-175.27622071138467,-162.7412728372963,0.3998673055876954,-0.43129366803759983,1,320.0,146.0,144.72377928861533,-0.43129366803759983
10.953249454498291,3.427000045776367,-175.6048846708396,-163.0277769843766,0.40102624944911364,-0.4325660892123,1,320.0,146.0,144.3951153291604,-0.4325660892123
10.96376895904541,3.4280002117156982,-175.93354863029452,-163.31634206280327,0.4021891092535397,-0.43384015370679735,1,320.0,146.0,144.06645136970548,-0.43384015370679735
10.97351622581482,3.4280002117156982,-176.26221258974945,-163.60284620988358,0.40335092846108545,-0.435115861521092,1,320.0,147.0,143.73778741025055,-0.435115861521092
10.983546018600464,3.42900013923645,-176.26086606902325,-163.55405681887171,0.4034178191398278,-0.4353182858017963,1,320.0,147.0,143.73913393097675,-0.4353182858017963
10.993591785430908,3.42900013923645,-176.58727248106229,-163.83825319149824,0.4045780460529371,-0.4365929098586485,1,320.0,147.0,143.41272751893771,-0.4365929098586485
11.003910541534424,3.430000066757202,-176.91367889310132,-164.12450748419033,0.4057421737415886,-0.4378691659475608,1,320.0,147.0,143.08632110689868,-0.4378691659475608
11.013704538345337,3.430000066757202,-177.24008530514035,-164.40870385681686,0.40690525290802454,-0.4391470540685334,1,320.0,147.0,142.75991469485965,-0.4391470540685334
11.023836135864258,3.431000232696533,-177.13770232106427,-164.27664002934873,0.4067088925762193,-0.4390291054031656,1,320.0,147.0,142.86229767893573,-0.4390291054031656
11.033252239227295,3.431000232696533,-177.46117280778304,-164.55797217884526,0.4078692810165093,-0.44030457585126703,1,320.0,147.0,142.53882719221696,-0.44030457585126703
11.043817520141602,3.432000160217285,-177.78464329450182,-164.84135973287988,0.4090335528800153,-0.44158166365180207,1,320.0,147.0,142.21535670549818,-0.44158166365180207
11.053668975830078,3.432000160217285,-178.1081137812206,-165.12269188237642,0.41019676491882295,-0.44286036880477075,1,320.0,147.0,141.8918862187794,-0.44286036880477075
11.06386947631836,3.434000253677368,-177.9151406061521,-164.8170444323363,0.40943896547568687,-0.442456714804384,1,320.0,147.0,142.0848593938479,-0.442456714804384
11.073945045471191,3.434000253677368,-178.23507221989308,-165.0943262227487,0.4105971752552955,-0.4437318081019726,1,320.0,147.0,141.76492778010692,-0.4437318081019726
11.083975791931152,3.43500018119812,-178.55500383363406,-165.3736596531966,0.411759243670099,-0.4450085010576299,1,320.0,147.0,141.44499616636594,-0.4450085010576299
11.095850944519043,3.43500018119812,-178.87493544737504,-165.65094144360899,0.4129202365258119,-0.446286793671356,1,320.0,147.0,141.12506455262496,-0.446286793671356
11.103224277496338,3.436000108718872,-178.60099977321659,-165.28651457754987,0.41198507215062474,-0.4456294241024442,1,320.0,147.0,141.39900022678341,-0.4456294241024442
11.114359140396118,3.436000108718872,-178.91685921442829,-165.55938208559957,0.4131403100707124,-0.4469030397279704,1,320.0,147.0,141.08314078557171,-0.4469030397279704
11.12330675125122,3.437000274658203,-179.23271865563999,-165.83429921839638,0.4142993821261606,-0.4481782346507026,1,320.0,147.0,140.76728134436001,-0.4481782346507026
11.134689807891846,3.437000274658203,-179.54857809685168,-166.10716672644608,0.41545735896945246,-0.44945500887064094,1,320.0,148.0,140.45142190314832,-0.44945500887064094
11.1436288356781,3.438000202178955,-179.10148116993557,-165.5916293360785,0.41403967564003846,-0.4482435994957338,1,320.0,148.0,140.89851883006443,-0.4482435994957338
11.153042078018188,3.438000202178955,-179.41210594291906,-165.8590735221027,0.41518990403087797,-0.44951340975302856,1,320.0,148.0,140.58789405708094,-0.44951340975302856
11.163874626159668,3.439000129699707,-179.72273071590254,-166.12856434499142,0.41634393584006935,-0.4507847731341883,1,320.0,148.0,140.27726928409746,-0.4507847731341883
11.17369556427002,3.439000129699707,-180.03335548888603,-166.3960085310156,0.4174968489059535,-0.4520576896392129,1,320.0,148.0,139.96664451111397,-0.4520576896392129
11.183868885040283,3.440000057220459,-179.53208756768186,-165.84632716220295,0.41597952172398445,-0.4506818756953864,1,320.0,148.0,140.46791243231814,-0.4506818756953864
11.193219423294067,3.440000057220459,-179.8371391644113,-166.10814821097645,0.4171242477235676,-0.4519471233072838,1,320.0,148.0,140.1628608355887,-0.4519471233072838
11.204044342041016,3.440000057220459,-180.14219076114074,-166.36996925974995,0.4182702828283945,-0.4532138961771648,1,320.0,148.0,139.85780923885926,-0.4532138961771648
11.213780641555786,3.440000057220459,-180.44724235787018,-166.63179030852345,0.4194176270384654,-0.4544821943050295,1,320.0,148.0,139.55275764212982,-0.4544821943050295
11.22391128540039,3.44100022315979,-180.75229395459962,-166.89565598683294,0.4205687441323709,-0.45575201769087786,1,320.0,149.0,139.24770604540038,-0.45575201769087786
11.233434438705444,3.44100022315979,-180.04881654464918,-166.16460143728548,0.41847748926845446,-0.4537310385101424,1,320.0,149.0,139.95118345535082,-0.4537310385101424
11.243026733398438,3.442000150680542,-180.3469446401402,-166.4216493410993,0.4196180549997365,-0.4549905269479323,1,320.0,149.0,139.6530553598598,-0.4549905269479323
11.253729820251465,3.442000150680542,-180.64507273563123,-166.67665434850068,0.42075744428036066,-0.4562515060261997,1,320.0,149.0,139.35492726436877,-0.4562515060261997
11.263042688369751,3.443000078201294,-179.9718078136381,-165.98901620795652,0.4188164619007611,-0.4543426747092211,1,320.0,149.0,140.0281921863619,-0.4543426747092211
11.27344536781311,3.443000078201294,-180.2632666676303,-166.23753534305126,0.41994587253959004,-0.4555937416673498,1,320.0,149.0,139.7367333323697,-0.4555937416673498
11.283983945846558,3.443000078201294,-180.5547255216225,-166.486054478146,0.42107652577409443,-0.45684626591974853,1,320.0,149.0,139.4452744783775,-0.45684626591974853
11.293599605560303,3.443000078201294,-180.84618437561468,-166.73457361324074,0.4222084216042743,-0.45810024746641725,1,320.0,150.0,139.15381562438532,-0.45810024746641725
11.303067445755005,3.444000244140625,-180.0447681605253,-165.83285205862322,0.4195811508967645,-0.455786814661716,1,320.0,150.0,139.9552318394747,-0.455786814661716
11.313508033752441,3.444000244140625,-180.3287204905595,-166.07345663004375,0.4207002436656193,-0.45702920106020983,1,320.0,150.0,139.6712795094405,-0.45702920106020983
11.323464393615723,3.444000244140625,-180.6126728205937,-166.31406120146428,0.42182053945733133,-0.4582730072203538,1,320.0,150.0,139.3873271794063,-0.4582730072203538
11.333202838897705,3.444000244140625,-180.8966251506279,-166.55466577288482,0.4229420382719003,-0.459518233142148,1,320.0,151.0,139.1033748493721,-0.459518233142148
11.343762159347534,3.444000244140625,-179.9813541570422,-165.56004121382512,0.42003011457089146,-0.45684785895585955,1,320.0,151.0,140.0186458429578,-0.45684785895585955
11.353144407272339,3.444000244140625,-180.25706663452718,-165.79215853712495,0.4211376161515369,-0.45807999926201415,1,320.0,151.0,139.74293336547282,-0.45807999926201415
11.363413333892822,3.445000171661377,-180.53277911201215,-166.02631502663,0.42224873551407605,-0.4593135181305562,1,320.0,151.0,139.46722088798785,-0.4593135181305562
11.37402892112732,3.445000171661377,-180.80849158949712,-166.25843234992982,0.4233585684637855,-0.4605484155614856,1,320.0,151.0,139.19150841050288,-0.4605484155614856
11.383671045303345,3.445000171661377,-179.89341842504734,-165.18409397748786,0.420201546526525,-0.4578945546277968,1,320.0,151.0,140.10658157495266,-0.4578945546277968
11.393144607543945,3.445000171661377,-180.16094676843738,-165.40723217958697,0.4212963485299419,-0.45911639337370713,1,320.0,151.0,139.83905323156262,-0.45911639337370713
11.40370512008667,3.446000099182129,-180.42847511182742,-165.63240830685757,0.4223947219242009,-0.4603395697613343,1,320.0,151.0,139.57152488817258,-0.4603395697613343
11.413570642471313,3.446000099182129,-180.69600345521746,-165.85554650895668,0.42349176549926465,-0.4615640837906784,1,320.0,151.0,139.30399654478254,-0.4615640837906784
11.423922538757324,3.446000099182129,-180.9635317986075,-166.07868471105579,0.4245899247653388,-0.4627899354617395,1,320.0,153.0,139.0364682013925,-0.4627899354617395
11.43383502960205,3.446000099182129,-179.78962808320492,-164.8799812475395,0.4210447327639155,-0.45930866550518046,1,320.0,153.0,140.21037191679508,-0.45930866550518046
11.443804740905762,3.446000099182129,-180.04725131446665,-165.0933489571338,0.4221262407602144,-0.4605180496392669,1,320.0,153.0,139.95274868553335,-0.4605180496392669
11.453367471694946,3.446000099182129,-180.30487454572838,-165.3067166667281,0.4232088155950612,-0.4617287218895096,1,320.0,154.0,139.69512545427162,-0.4617287218895096
11.463720083236694,3.446000099182129,-179.12399864300593,-164.11206380050487,0.419693238387142,-0.4582419069031888,1,320.0,154.0,140.87600135699407,-0.4582419069031888
11.47320008277893,3.446000099182129,-179.37173726128012,-164.31575632980767,0.4207592482039544,-0.45943605193142417,1,320.0,154.0,140.62826273871988,-0.45943605193142417
11.483092784881592,3.446000099182129,-179.6194758795543,-164.51944885911047,0.4218262764834133,-0.460631435652751,1,320.0,154.0,140.3805241204457,-0.460631435652751
11.493688821792603,3.446000099182129,-179.86721449782848,-164.72314138841327,0.4228943232255187,-0.4618280580671691,1,320.0,155.0,140.13278550217152,-0.4618280580671691
11.502910137176514,3.44700026512146,-178.61881696719686,-163.47791960373405,0.4192256144706902,-0.4581380730529361,1,320.0,155.0,141.38118303280314,-0.4581380730529361
11.513244152069092,3.44700026512146,-178.85627224526334,-163.6716393589994,0.42027643637380363,-0.45931730074784216,1,320.0,155.0,141.14372775473666,-0.45931730074784216
11.523228883743286,3.44700026512146,-179.09372752332982,-163.86535911426478,0.4213282268756934,-0.46049771571913867,1,320.0,155.0,140.90627247667018,-0.46049771571913867
11.533755779266357,3.44700026512146,-179.3311828013963,-164.05907886953014,0.4223809859763594,-0.4616793179668254,1,320.0,156.0,140.6688171986037,-0.4616793179668254
11.543563842773438,3.44700026512146,-178.02483389718935,-162.76730518886086,0.4185810427410957,-0.45781791321368986,1,320.0,156.0,141.97516610281065,-0.45781791321368986
11.552972793579102,3.44700026512146,-178.2516761411306,-162.9508127729782,0.41961600590590137,-0.45898138228712504,1,320.0,156.0,141.7483238588694,-0.45898138228712504
11.563651084899902,3.44700026512146,-178.47851838507182,-163.13432035709553,0.4206518866086277,-0.4601459855717799,1,320.0,156.0,141.52148161492818,-0.4601459855717799
11.573325395584106,3.44700026512146,-178.70536062901306,-163.31782794121287,0.4216886848492745,-0.46131172306765444,1,320.0,158.0,141.29463937098694,-0.46131172306765444
11.584077596664429,3.44700026512146,-177.2490981475577,-161.88820332971147,0.4174552268020584,-0.45697877424010236,1,320.0,158.0,142.7509018524423,-0.45697877424010236
11.593629837036133,3.44700026512146,-177.46436812703044,-162.0606197487286,0.4184724296036226,-0.45812442005610476,1,320.0,158.0,142.53563187296956,-0.45812442005610476
11.604045152664185,3.44700026512146,-177.67963810650318,-162.23303616774575,0.41949049448728193,-0.4592711422220045,1,320.0,158.0,142.32036189349682,-0.4592711422220045
11.613991975784302,3.44700026512146,-177.8949080859759,-162.4054525867629,0.42050942145303627,-0.46041894073780165,1,320.0,158.0,142.1050919140241,-0.46041894073780165
11.624083280563354,3.44700026512146,-178.11017806544865,-162.57786900578003,0.42152921050088576,-0.46156781560349625,1,320.0,159.0,141.88982193455135,-0.46156781560349625
11.633545160293579,3.44700026512146,-176.56047708072214,-161.1750418554154,0.41740353345251346,-0.45695159834614874,1,320.0,159.0,143.43952291927786,-0.45695159834614874
11.644117832183838,3.44700026512146,-176.76361579865795,-161.33663107550848,0.41840412367200275,-0.45807918288666494,1,320.0,159.0,143.23638420134205,-0.45807918288666494
11.653712034225464,3.44700026512146,-176.96675451659377,-161.49822029560156,0.4194055218375924,-0.45920778312077093,1,320.0,160.0,143.03324548340623,-0.45920778312077093
11.664019346237183,3.44700026512146,-175.4647790134028,-159.932133795593,0.414763811004311,-0.4547671853018941,1,320.0,160.0,144.5352209865972,-0.4547671853018941
11.67348861694336,3.44700026512146,-175.65619922763824,-160.08184945667858,0.41574387904489707,-0.45587517055511484,1,320.0,160.0,144.34380077236176,-0.45587517055511484
11.68324589729309,3.446000099182129,-175.8476194418737,-160.22952794702272,0.41672224087304516,-0.45698411290940666,1,320.0,160.0,144.1523805581263,-0.45698411290940666
11.695150375366211,3.446000099182129,-176.03903965610914,-160.3792436081083,0.41770379588438844,-0.45809401236476976,1,320.0,160.0,143.96096034389086,-0.45809401236476976
11.703598976135254,3.446000099182129,-176.2304598703446,-160.5289592691939,0.41868609947403707,-0.45920486892120405,1,320.0,162.0,143.7695401296554,-0.45920486892120405
11.714040756225586,3.446000099182129,-174.54540675834116,-159.00872485805627,0.4142146016201954,-0.4541875666292074,1,320.0,162.0,145.45459324165884,-0.4541875666292074
11.723714828491211,3.446000099182129,-174.72393375393864,-159.14696631852595,0.41517622620435163,-0.45527541869269406,1,320.0,162.0,145.27606624606136,-0.45527541869269406
11.734215259552002,3.446000099182129,-174.90246074953612,-159.28520777899564,0.4161385419958103,-0.45636416339115876,1,320.0,162.0,145.09753925046388,-0.45636416339115876
11.743705749511719,3.446000099182129,-175.0809877451336,-159.42344923946533,0.4171015489945712,-0.4574538007246014,1,320.0,163.0,144.9190122548664,-0.4574538007246014
11.75320553779602,3.446000099182129,-173.4033966873307,-157.90703141971258,0.4126621327296082,-0.4524833739545976,1,320.0,163.0,146.5966033126693,-0.4524833739545976
11.763587951660156,3.446000099182129,-173.56917590131462,-158.03390871338775,0.41360455502558535,-0.45355015489088485,1,320.0,163.0,146.43082409868538,-0.45355015489088485
11.77417516708374,3.446000099182129,-173.73495511529853,-158.1607860070629,0.4145476117080309,-0.454617764723242,1,320.0,163.0,146.26504488470147,-0.454617764723242
11.783965587615967,3.445000171661377,-173.90073432928244,-158.28562537556658,0.4154888470771131,-0.45568620345166916,1,320.0,165.0,146.09926567071756,-0.45568620345166916
11.793970584869385,3.445000171661377,-172.13070946153707,-156.67313934786074,0.41075467522568987,-0.45043566519986666,1,320.0,165.0,147.86929053846293,-0.45043566519986666
11.803670167922974,3.445000171661377,-172.2831981356616,-156.78807479381953,0.4116765381348095,-0.4514800675994944,1,320.0,165.0,147.7168018643384,-0.4514800675994944
11.813175439834595,3.445000171661377,-172.43568680978612,-156.90301023977833,0.4125989757211589,-0.45252523244249276,1,320.0,165.0,147.56431319021388,-0.45252523244249276
11.82385802268982,3.445000171661377,-172.58817548391065,-157.01794568573712,0.41352198798473816,-0.45357115972886175,1,320.0,165.0,147.41182451608935,-0.45357115972886175
11.833673477172852,3.445000171661377,-170.94286231525862,-155.4243267772633,0.40886858749258087,-0.44874954432794123,1,320.0,165.0,149.05713768474138,-0.44874954432794123
11.843806505203247,3.445000171661377,-171.08301114301608,-155.52753495843584,0.4097700749847801,-0.4497731379769653,1,320.0,165.0,148.91698885698392,-0.4497731379769653
11.854563474655151,3.445000171661377,-171.22315997077354,-155.63074313960837,0.4106720785178851,-0.4507974323701281,1,320.0,165.0,148.77684002922646,-0.4507974323701281
11.86404037475586,3.444000244140625,-171.363308798531,-155.7319121545757,0.4115721408966188,-0.4518224275074297,1,320.0,168.0,148.636691201469,-0.4518224275074297
11.873537063598633,3.444000244140625,-169.5275838827088,-154.05641752034083,0.4066699220115866,-0.4463993621364487,1,320.0,168.0,150.4724161172912,-0.4463993621364487
11.88313889503479,3.444000244140625,-169.65417326582823,-154.14741934347487,0.40754986129606485,-0.44739954026252116,1,320.0,168.0,150.34582673417177,-0.44739954026252116
11.895392894744873,3.444000244140625,-169.78076264894767,-154.2384211666089,0.40843025558965873,-0.44840035133550926,1,320.0,168.0,150.21923735105233,-0.44840035133550926
11.903526067733765,3.444000244140625,-169.9073520320671,-154.32942298974294,0.40931110489236827,-0.4494017953554129,1,320.0,169.0,150.0926479679329,-0.4494017953554129
11.914191722869873,3.444000244140625,-168.10742411439367,-152.68534131665984,0.4045300420941988,-0.4441167695835866,1,320.0,169.0,151.89257588560633,-0.4441167695835866
11.924047946929932,3.443000078201294,-168.22079466620914,-152.76239693977612,0.40538632082663717,-0.4450939182190963,1,320.0,169.0,151.77920533379086,-0.4450939182190963
11.933534622192383,3.443000078201294,-168.33416521802462,-152.84149345791997,0.4062454441156994,-0.446071633707365,1,320.0,169.0,151.66583478197538,-0.446071633707365
11.943853616714478,3.443000078201294,-168.4475357698401,-152.9205899760638,0.4071049628873523,-0.4470499160483927,1,320.0,171.0,151.5524642301599,-0.4470499160483927
11.95320200920105,3.443000078201294,-166.58184512290754,-151.40995016077707,0.40277717886742115,-0.441570604760261,1,320.0,171.0,153.41815487709246,-0.441570604760261
11.963671207427979,3.443000078201294,-166.6816377022649,-151.47813979227962,0.4036163971241856,-0.4425237640440011,1,320.0,171.0,153.3183622977351,-0.4425237640440011
11.973554611206055,3.443000078201294,-166.78143028162228,-151.54632942378217,0.4044559563291076,-0.4434774222906381,1,320.0,171.0,153.21856971837772,-0.4434774222906381
11.983932971954346,3.442000150680542,-166.88122286097965,-151.61247740331225,0.40529339629156025,-0.44443157950017187,1,320.0,172.0,153.11877713902035,-0.44443157950017187
11.993330717086792,3.442000150680542,-165.06166273544176,-149.92045536882245,0.40038987741101684,-0.4391231924960119,1,320.0,172.0,154.93833726455824,-0.4391231924960119
12.003777265548706,3.442000150680542,-165.14828790424184,-149.97656935127165,0.4012070970367122,-0.4400528841380932,1,320.0,172.0,154.85171209575816,-0.4400528841380932
12.013728380203247,3.442000150680542,-165.23491307304192,-150.03268333372085,0.40202459723231987,-0.4409830089060185,1,320.0,172.0,154.76508692695808,-0.4409830089060185
12.02402925491333,3.442000150680542,-165.321538241842,-150.08879731617006,0.40284237799783973,-0.4419135667997878,1,320.0,173.0,154.678461758158,-0.4419135667997878
12.033540964126587,3.442000150680542,-163.5474325404425,-148.4395172357533,0.39809571781729836,-0.43677297041664276,1,320.0,173.0,156.4525674595575,-0.43677297041664276
12.043868780136108,3.44100022315979,-163.62129302022868,-148.481889249556,0.3988889736801094,-0.43767970945748735,1,320.0,173.0,156.37870697977132,-0.43767970945748735
12.053731203079224,3.44100022315979,-163.69515350001487,-148.52630415977114,0.3996849030931664,-0.43858681780073083,1,320.0,173.0,156.30484649998513,-0.43858681780073083
12.063958883285522,3.44100022315979,-163.76901397980106,-148.5707190699863,0.40048105458077454,-0.4394942954463733,1,320.0,175.0,156.23098602019894,-0.4394942954463733
12.073391437530518,3.44100022315979,-161.9382132262567,-146.96346224717877,0.3958880838652766,-0.4341873026575016,1,320.0,175.0,158.0617867737433,-0.4341873026575016
12.08319902420044,3.440000057220459,-161.99900796287372,-146.99450226172672,0.39666030439404276,-0.4350702513812564,1,320.0,175.0,158.00099203712628,-0.4350702513812564
12.094348907470703,3.440000057220459,-162.05980269949075,-147.02758690581067,0.39743514390147255,-0.43595350407869427,1,320.0,175.0,157.94019730050925,-0.43595350407869427
12.103002548217773,3.440000057220459,-162.12059743610777,-147.0606715498946,0.3982101488321228,-0.4368370607498152,1,320.0,176.0,157.87940256389223,-0.4368370607498152
12.11345386505127,3.440000057220459,-160.34378303074385,-145.49472503998146,0.3937677680742122,-0.4317249033697076,1,320.0,176.0,159.65621696925615,-0.4317249033697076
12.12328028678894,3.440000057220459,-160.3919721039981,-145.51684062216134,0.3945218909759389,-0.4325846901181327,1,320.0,176.0,159.6080278960019,-0.4325846901181327
12.134017944335938,3.440000057220459,-160.44016117725238,-145.53895620434122,0.39527612445557647,-0.43344471781192406,1,320.0,176.0,159.55983882274762,-0.43344471781192406
12.143538475036621,3.439000129699707,-160.48835025050664,-145.55902639751545,0.39602800381937314,-0.43430498645108173,1,320.0,177.0,159.51164974949336,-0.43430498645108173
12.153976202011108,3.439000129699707,-158.76407878604093,-143.93232567366016,0.3914024434865667,-0.42938204638033894,1,320.0,177.0,161.23592121395907,-0.42938204638033894
12.16347861289978,3.439000129699707,-158.80010907693747,-143.94313065219822,0.39213512511407345,-0.43021928327479947,1,320.0,177.0,161.19989092306253,-0.43021928327479947
12.174629926681519,3.439000129699707,-158.83613936783402,-143.95393563073628,0.39286786076647273,-0.43105670032071447,1,320.0,177.0,161.16386063216598,-0.43105670032071447
12.183418035507202,3.439000129699707,-158.87216965873057,-143.96474060927434,0.3936006504437648,-0.43189429751808395,1,320.0,178.0,161.12783034126943,-0.43189429751808395
12.19399118423462,3.438000202178955,-157.19904073474638,-142.3857044917031,0.3891501019919431,-0.4271551393329954,1,320.0,178.0,162.80095926525362,-0.4271551393329954
12.203325748443604,3.438000202178955,-157.22334636337632,-142.38561735813053,0.3898619255184467,-0.4279704228191683,1,320.0,178.0,162.77665363662368,-0.4279704228191683
12.214910984039307,3.438000202178955,-157.24765199200627,-142.38553022455795,0.3905737486092824,-0.4287858278334843,1,320.0,178.0,162.75234800799373,-0.4287858278334843
12.22386622428894,3.437000274658203,-157.27195762063621,-142.38339520511974,0.3912831035619821,-0.4296013543759434,1,320.0,180.0,162.72804237936379,-0.4296013543759434
12.23335337638855,3.437000274658203,-155.54734879563443,-140.7533818138059,0.3866764641516114,-0.4247102924260746,1,320.0,180.0,164.45265120436557,-0.4247102924260746
12.243825912475586,3.437000274658203,-155.55965686391824,-140.74211337940042,0.3873666525972218,-0.42550286039233476,1,320.0,180.0,164.44034313608176,-0.42550286039233476
12.253339529037476,3.437000274658203,-155.57196493220204,-140.73084494499494,0.3880567847006602,-0.4262954898989364,1,320.0,180.0,164.42803506779796,-0.4262954898989364
12.263736009597778,3.437000274658203,-155.58427300048584,-140.71957651058946,0.3887468604619265,-0.4270881809458794,1,320.0,181.0,164.41572699951416,-0.4270881809458794
12.273120641708374,3.437000274658203,-153.91790873755727,-139.14616506766137,0.38433954673236426,-0.42240336069064033,1,320.0,181.0,166.08209126244273,-0.42240336069064033
12.283603191375732,3.437000274658203,-153.91870089689635,-139.1241801305113,0.3850087857084367,-0.4231739047863317,1,320.0,181.0,166.08129910310365,-0.4231739047863317
12.293064832687378,3.437000274658203,-153.91949305623544,-139.1021951933612,0.38567791475982344,-0.4239444528428198,1,320.0,181.0,166.08050694376456,-0.4239444528428198
12.30374813079834,3.436000108718872,-153.92028521557452,-139.07816063146402,0.38634446408870415,-0.4247150048601046,1,320.0,183.0,166.07971478442548,-0.4247150048601046
12.313149452209473,3.436000108718872,-152.20892321777512,-137.55921282736722,0.3821286543563458,-0.4198986658869228,1,320.0,183.0,167.79107678222488,-0.4198986658869228
12.323676586151123,3.436000108718872,-152.19796954647452,-137.52695832877853,0.38277758374968324,-0.4206465113290945,1,320.0,183.0,167.80203045352548,-0.4206465113290945
12.333193302154541,3.436000108718872,-152.18701587517393,-137.49470383018985,0.38342635187052776,-0.4213943020029096,1,320.0,183.0,167.81298412482607,-0.4213943020029096
12.344029426574707,3.436000108718872,-152.17606220387333,-137.46244933160116,0.3840749587188793,-0.4221420379083683,1,320.0,183.0,167.82393779612667,-0.4221420379083683
12.353427648544312,3.436000108718872,-150.62985596255317,-135.99591347435813,0.3800431711237802,-0.41788000462601715,1,320.0,183.0,169.37014403744683,-0.41788000462601715
12.363893032073975,3.436000108718872,-150.6083698410106,-135.95381922865684,0.380672427125082,-0.41860726312937113,1,320.0,183.0,169.3916301589894,-0.41860726312937113
12.373865604400635,3.436000108718872,-150.58688371946806,-135.91172498295555,0.3813014726551552,-0.4193344142021174,1,320.0,183.0,169.41311628053194,-0.4193344142021174
12.384345293045044,3.436000108718872,-150.5653975979255,-135.86963073725425,0.38193030771399994,-0.42006145784425597,1,320.0,185.0,169.4346024020745,-0.42006145784425597
12.39384412765503,3.436000108718872,-148.96962602433683,-134.35239464485943,0.37774530738663636,-0.41565124762322836,1,320.0,185.0,171.03037397566317,-0.41565124762322836
12.403248310089111,3.436000108718872,-148.93733946125147,-134.3001801358591,0.37835415087651525,-0.4163571904448322,1,320.0,185.0,171.06266053874853,-0.4163571904448322
12.413991212844849,3.43500018119812,-148.9050528981661,-134.24591523925992,0.37896026257679255,-0.41706297183362057,1,320.0,185.0,171.0949471018339,-0.41706297183362057
12.424147367477417,3.43500018119812,-148.87276633508074,-134.1937007302596,0.37956857366964347,-0.4177685917895936,1,320.0,186.0,171.12723366491926,-0.4177685917895936
12.433659315109253,3.434000253677368,-147.33653445435465,-132.73271774896511,0.37558375580364073,-0.41356637884628417,1,320.0,186.0,172.66346554564535,-0.41356637884628417
12.443162679672241,3.434000253677368,-147.29392983340693,-132.67085223370748,0.3761728714465001,-0.414251722950314,1,320.0,186.0,172.70607016659307,-0.414251722950314
12.454199075698853,3.431000232696533,-147.25132521245922,-132.6028237820054,0.3767542514233676,-0.41493685403123903,1,320.0,186.0,172.74867478754078,-0.41493685403123903
12.464100360870361,3.431000232696533,-147.2087205915115,-132.54095826674777,0.37734271759639215,-0.4156217720890593,1,320.0,186.0,172.7912794084885,-0.4156217720890593
12.47343373298645,3.4260001182556152,-145.8306573399899,-131.22857657635984,0.37387134365698116,-0.4119485660405142,1,320.0,186.0,174.1693426600101,-0.4119485660405142
12.483379364013672,3.4260001182556152,-145.77889044093078,-131.1582021984561,0.374442685414489,-0.41261534021384805,1,320.0,186.0,174.22110955906922,-0.41261534021384805
12.494170665740967,3.4210002422332764,-145.72712354187166,-131.07749985241873,0.3750012300985063,-0.41328185555268643,1,320.0,186.0,174.27287645812834,-0.41328185555268643
12.504088878631592,3.4210002422332764,-145.67535664281255,-131.007125474515,0.37557181647239435,-0.4139481120570295,1,320.0,187.0,174.32464335718745,-0.4139481120570295
12.513490200042725,3.4120001792907715,-144.3422337539327,-129.7299127290991,0.3722422518031221,-0.41043271035457046,1,320.0,187.0,175.6577662460673,-0.41043271035457046
12.524079084396362,3.4120001792907715,-144.28167563685835,-129.65138648806732,0.37279627724632436,-0.41108144899226556,1,320.0,187.0,175.71832436314165,-0.41108144899226556
12.533561944961548,3.4050002098083496,-144.221117519784,-129.55826694613302,0.37333232513073383,-0.4117298848393752,1,320.0,187.0,175.778882480216,-0.4117298848393752
12.544068098068237,3.4050002098083496,-144.16055940270965,-129.47974070510122,0.3738854923450212,-0.41237801789589956,1,320.0,188.0,175.83944059729035,-0.41237801789589956
12.55341625213623,3.392000198364258,-142.8708309711162,-128.23586210531906,0.37069151763913544,-0.40901471378941834,1,320.0,188.0,177.1291690288838,-0.40901471378941834
12.564025402069092,3.392000198364258,-142.80183957356374,-128.14952753196502,0.3712286637887704,-0.40964593331022314,1,320.0,188.0,177.19816042643626,-0.40964593331022314
12.573435544967651,3.382000207901001,-142.7328481760113,-128.0420665671011,0.3717399209637692,-0.4102768078740403,1,320.0,188.0,177.2671518239887,-0.4102768078740403
12.583939790725708,3.382000207901001,-142.66385677845884,-127.95573199374707,0.3722760981357131,-0.4109073374808697,1,320.0,187.0,177.33614322154116,-0.4109073374808697
12.593707799911499,3.367000102996826,-141.61815566929397,-126.94969783316647,0.369876318259846,-0.40835021940438976,1,320.0,187.0,178.38184433070603,-0.40835021940438976
12.603182792663574,3.367000102996826,-141.5424630466621,-126.85727230190464,0.3703996939838413,-0.4089671005724649,1,320.0,187.0,178.4575369533379,-0.4089671005724649
12.614270448684692,3.3560001850128174,-141.46677042403024,-126.74123620681955,0.3708941568507733,-0.4095836032774268,1,320.0,187.0,178.53322957596976,-0.4095836032774268
12.623798847198486,3.3560001850128174,-141.39107780139838,-126.64881067555773,0.3714164902666369,-0.4101997275192755,1,320.0,187.0,178.60892219860162,-0.4101997275192755
12.633188486099243,3.3380000591278076,-140.4673853871592,-125.75617298862774,0.36940726327902756,-0.40804817757313816,1,320.0,187.0,179.5326146128408,-0.40804817757313816
12.643755912780762,3.3380000591278076,-140.3858745779407,-125.65852464860511,0.3699183778942434,-0.4086522939749657,1,320.0,187.0,179.6141254220593,-0.4086522939749657
12.653078079223633,3.326000213623047,-140.30436376872223,-125.53463814141574,0.37039738727632326,-0.40925600282274716,1,320.0,187.0,179.69563623127777,-0.40925600282274716
12.663628816604614,3.326000213623047,-140.22285295950374,-125.43698980139311,0.37090739421730307,-0.4098593041164825,1,320.0,188.0,179.77714704049626,-0.4098593041164825
12.674157857894897,3.307000160217285,-139.31040346439508,-124.55103320848188,0.3689307561470895,-0.4077505693067397,1,320.0,188.0,180.68959653560492,-0.4077505693067397
12.683658123016357,3.307000160217285,-139.2231914970668,-124.44826405071005,0.3694296744780169,-0.40834203090343113,1,320.0,188.0,180.7768085029332,-0.40834203090343113
12.693082809448242,3.2930002212524414,-139.13597952973853,-124.31425628787444,0.3698904364440535,-0.4089330564402859,1,320.0,188.0,180.86402047026147,-0.4089330564402859
12.703770160675049,3.2930002212524414,-139.04876756241026,-124.21148713010261,0.3703881708903778,-0.40952364591730406,1,320.0,187.0,180.95123243758974,-0.40952364591730406
12.713146448135376,3.2730002403259277,-138.3503512300983,-123.53477803798029,0.3691052918214438,-0.40811923311181064,1,320.0,187.0,181.6496487699017,-0.40811923311181064
12.723728895187378,3.2730002403259277,-138.25894571289382,-123.42838054004653,0.36959475672662356,-0.4087008412197297,1,320.0,187.0,181.74105428710618,-0.4087008412197297
12.73312497138977,3.259000062942505,-138.16754019568933,-123.29005623563525,0.3700452178425082,-0.4092819923000628,1,320.0,187.0,181.83245980431067,-0.4092819923000628
12.743777513504028,3.259000062942505,-138.07613467848483,-123.18365873770149,0.3705334591386762,-0.40986268635280976,1,320.0,187.0,181.92386532151517,-0.40986268635280976
12.753138542175293,3.2380001544952393,-137.47183269472544,-122.49505700648342,0.3692209319308507,-0.4087691681266572,1,320.0,187.0,182.52816730527456,-0.4087691681266572
12.763603210449219,3.2380001544952393,-137.37690812749054,-122.38499724049834,0.3697007851978711,-0.40934214318661283,1,320.0,187.0,182.62309187250946,-0.40934214318661283
12.773165464401245,3.2230000495910645,-137.28198356025564,-122.23993479141865,0.3701379099329326,-0.40991464362373214,1,320.0,187.0,182.71801643974436,-0.40991464362373214
12.78389048576355,3.2230000495910645,-137.18705899302074,-122.12987502543356,0.37061648758887766,-0.4104866694380154,1,320.0,187.0,182.81294100697926,-0.4104866694380154
12.793446779251099,3.202000141143799,-136.66908999252303,-121.6355623598843,0.36994262692647256,-0.40967768397047627,1,320.0,187.0,183.33091000747697,-0.40967768397047627
12.803832769393921,3.202000141143799,-136.57126286489847,-121.52320638298075,0.37041541578610326,-0.41024314773165127,1,320.0,187.0,183.42873713510153,-0.41024314773165127
12.81354022026062,3.187000036239624,-136.47343573727392,-121.37501227767578,0.3708444579211257,-0.4108081223571882,1,320.0,187.0,183.52656426272608,-0.4108081223571882
12.82353138923645,3.187000036239624,-136.37560860964936,-121.26265630077222,0.3713159440303453,-0.41137260784708696,1,320.0,186.0,183.62439139035064,-0.41137260784708696
12.833815097808838,3.1660001277923584,-136.03776839369976,-120.8438566215611,0.3708913500311138,-0.41115336191899193,1,320.0,186.0,183.96223160630024,-0.41115336191899193
12.8434898853302,3.1660001277923584,-135.93829451103878,-120.72974646576658,0.3713580665764893,-0.411713684732354,1,320.0,186.0,184.06170548896122,-0.411713684732354
12.85354733467102,3.1510002613067627,-135.8388206283778,-120.57893305095749,0.3717799851439731,-0.41227351017630265,1,320.0,186.0,184.1611793716222,-0.41227351017630265
12.86406660079956,3.1510002613067627,-135.7393467457168,-120.46482289516298,0.3722453770714955,-0.4128328382508381,1,320.0,185.0,184.2606532542832,-0.4128328382508381
12.873783826828003,3.129000186920166,-135.56517749236147,-120.21334368623208,0.3723741036003004,-0.4131479138615337,1,320.0,185.0,184.43482250763853,-0.4131479138615337
12.883311033248901,3.129000186920166,-135.46519111912468,-120.09866497997454,0.37283698247769126,-0.4137052561692452,1,320.0,185.0,184.53480888087532,-0.4137052561692452
12.89350938796997,3.1150002479553223,-135.3652047458879,-119.94888029570149,0.3732569852580421,-0.41426209854509044,1,320.0,185.0,184.6347952541121,-0.41426209854509044
12.903353691101074,3.1150002479553223,-135.2652183726511,-119.83420158944395,0.3737185418184803,-0.41481844098906956,1,320.0,185.0,184.7347816273489,-0.41481844098906956
12.913621425628662,3.0930001735687256,-135.1384380582863,-119.6354713923647,0.37402018333855563,-0.41528684654086545,1,320.0,185.0,184.8615619417137,-0.41528684654086545
12.923165798187256,3.0930001735687256,-135.03826785084533,-119.52059915410587,0.3744799396484156,-0.41584183363119054,1,320.0,185.0,184.96173214915467,-0.41584183363119054
12.933836698532104,3.078000068664551,-134.93809764340435,-119.36716846378786,0.37489265866235294,-0.4163963198704784,1,320.0,185.0,185.06190235659565,-0.4163963198704784
12.943710565567017,3.078000068664551,-134.83792743596337,-119.25229622552902,0.37535107345757,-0.41695030525872906,1,320.0,184.0,185.16207256403663,-0.41695030525872906
12.953603029251099,3.057000160217285,-134.85515379166813,-119.30586134774578,0.3764710650580727,-0.41788688961273135,1,320.0,184.0,185.14484620833187,-0.41788688961273135
12.96320915222168,3.057000160217285,-134.75578904075448,-119.19251972331061,0.3769310177073671,-0.4184414308568387,1,320.0,184.0,185.24421095924552,-0.4184414308568387
12.973949193954468,3.0420000553131104,-134.65642428984083,-119.03965286274881,0.37734277573900665,-0.41899547527719155,1,320.0,184.0,185.34357571015917,-0.41899547527719155
12.983860492706299,3.0420000553131104,-134.55705953892718,-118.92631123831364,0.3778013973458761,-0.4195490228737898,1,320.0,184.0,185.44294046107282,-0.4195490228737898
12.993863582611084,3.0210001468658447,-134.60346241848043,-119.00344066806962,0.37899634016021094,-0.4205777542922217,1,320.0,184.0,185.39653758151957,-0.4205777542922217
13.00318717956543,3.0210001468658447,-134.50509776973638,-118.89179027795207,0.37945681864345965,-0.4211322422025775,1,320.0,184.0,185.49490223026362,-0.4211322422025775
13.01365613937378,3.007000207901001,-134.40673312099233,-118.74232668675414,0.37987117396745584,-0.42168623828968965,1,320.0,184.0,185.59326687900767,-0.42168623828968965
13.023337125778198,3.007000207901001,-134.30836847224828,-118.6306762966366,0.38033034688079803,-0.422239742553558,1,320.0,183.0,185.69163152775172,-0.422239742553558
13.033164024353027,2.9850001335144043,-134.48191059230507,-118.72572957978909,0.38158290064624106,-0.4236750150545503,1,320.0,183.0,185.51808940769493,-0.4236750150545503
13.044020414352417,2.9850001335144043,-134.3854114616634,-118.61591023418151,0.3820397489256414,-0.4242261037470148,1,320.0,183.0,185.6145885383366,-0.4242261037470148
13.053107976913452,2.9710001945495605,-134.28891233102175,-118.4673053814035,0.3824451708071941,-0.4247720134710706,1,320.0,183.0,185.71108766897825,-0.4247720134710706
13.064339876174927,2.9710001945495605,-134.1924132003801,-118.35748603579593,0.38289659416247235,-0.42531744769561314,1,320.0,183.0,185.8075867996199,-0.42531744769561314
13.073418378829956,2.950000047683716,-134.37952980890924,-118.675270727494,0.38485783912975674,-0.4267808378465384,1,320.0,183.0,185.62047019109076,-0.4267808378465384
13.084009885787964,2.950000047683716,-134.28497651159043,-118.56878925314743,0.38530808422228446,-0.42732201316625784,1,320.0,183.0,185.71502348840957,-0.42732201316625784
13.093214988708496,2.93500018119812,-134.19042321427162,-118.41968489327076,0.3857020142697472,-0.427857695442562,1,320.0,183.0,185.80957678572838,-0.427857695442562
13.104261875152588,2.93500018119812,-134.0958699169528,-118.31320341892419,0.38614657667566565,-0.4283929203172475,1,320.0,181.0,185.9041300830472,-0.4283929203172475
13.113367080688477,2.9140000343322754,-134.49671282865046,-118.62699143182397,0.38808018600627625,-0.4305371338617176,1,320.0,181.0,185.50328717134954,-0.4305371338617176
13.124083995819092,2.9140000343322754,-134.40555831555832,-118.5238080693139,0.3885235024030489,-0.43107087905408314,1,320.0,181.0,185.59444168444168,-0.43107087905408314
13.133243083953857,2.9000000953674316,-134.3144038024662,-118.37980834378749,0.3889130068502741,-0.4315994870884573,1,320.0,181.0,185.6855961975338,-0.4315994870884573
13.144269704818726,2.9000000953674316,-134.22324928937405,-118.27662498127742,0.38935100081212237,-0.43212766213887255,1,320.0,181.0,185.77675071062595,-0.43212766213887255
13.153730869293213,2.879000186920166,-134.61461724439937,-118.78763997653999,0.3919140013114516,-0.4342227836715319,1,320.0,181.0,185.38538275560063,-0.4342227836715319
13.163043737411499,2.879000186920166,-134.5267731571713,-118.68909587239898,0.3923532904698065,-0.43474931034662845,1,320.0,181.0,185.4732268428287,-0.43474931034662845
13.173940896987915,2.8650002479553223,-134.43892906994324,-118.54867508506669,0.3927375187960788,-0.4352707190320806,1,320.0,181.0,185.56107093005676,-0.4352707190320806
13.184145450592041,2.8650002479553223,-134.35108498271518,-118.45013098092568,0.393171539680234,-0.43579171814442147,1,320.0,180.0,185.64891501728482,-0.43579171814442147
13.193779468536377,2.8440001010894775,-134.8338581059381,-119.0371479032305,0.39596669948221397,-0.4381670615705562,1,320.0,180.0,185.1661418940619,-0.4381670615705562
13.203193426132202,2.8440001010894775,-134.74992879057112,-118.94374372646715,0.3964029451587369,-0.4386875435978948,1,320.0,180.0,185.25007120942888,-0.4386875435978948
13.213884592056274,2.830000162124634,-134.66599947520413,-118.80736067824967,0.39678282922413294,-0.4392029254216352,1,320.0,180.0,185.33400052479587,-0.4392029254216352
13.223469257354736,2.830000162124634,-134.58207015983714,-118.71395650148631,0.3972138606111274,-0.4397179232687237,1,320.0,179.0,185.41792984016286,-0.4397179232687237
13.233860492706299,2.81000018119812,-135.14643208713008,-119.27013487441589,0.399885902576731,-0.44234097891259416,1,320.0,179.0,184.85356791286992,-0.44234097891259416
13.243277072906494,2.81000018119812,-135.06695038397876,-119.1816137993317,0.40031897414306067,-0.4428567788804848,1,320.0,179.0,184.93304961602124,-0.4428567788804848
13.254108905792236,2.7960002422332764,-134.98746868082745,-119.04900096030224,0.4006943688226311,-0.4433674946528263,1,320.0,179.0,185.01253131917255,-0.4433674946528263
13.263644456863403,2.7960002422332764,-134.90798697767613,-118.96047988521805,0.40112227615925516,-0.4438778535522725,1,320.0,178.0,185.09201302232387,-0.4438778535522725
13.273320436477661,2.7750000953674316,-135.54488041426018,-119.58207171303276,0.40399828099599444,-0.4467180003758487,1,320.0,178.0,184.45511958573982,-0.4467180003758487
13.283883333206177,2.7750000953674316,-135.47031335864392,-119.49888213518732,0.4044287298205457,-0.4472296694569368,1,320.0,178.0,184.52968664135608,-0.4472296694569368
13.293397188186646,2.76200008392334,-135.39574630302766,-119.37365984649651,0.40480430407078605,-0.4477366072810693,1,320.0,178.0,184.60425369697234,-0.4477366072810693
13.304143905639648,2.76200008392334,-135.3211792474114,-119.29047026865106,0.405229951123933,-0.44824321663730615,1,320.0,177.0,184.6788207525886,-0.44824321663730615
13.313317775726318,2.741000175476074,-136.02225481666204,-119.9722795056821,0.40828633559786887,-0.4512729007449698,1,320.0,177.0,183.97774518333796,-0.4512729007449698
13.323742151260376,2.741000175476074,-135.9530089493818,-119.89481004113772,0.4087152144537163,-0.45178154123532693,1,320.0,177.0,184.0469910506182,-0.45178154123532693
13.333391904830933,2.7270002365112305,-135.88376308210155,-119.77085321692445,0.4090835769942423,-0.4522851244220427,1,320.0,177.0,184.11623691789845,-0.4522851244220427
13.34407663345337,2.7270002365112305,-135.8145172148213,-119.69338375238007,0.40950738989191204,-0.4527884086396855,1,320.0,176.0,184.1854827851787,-0.4527884086396855
13.353676795959473,2.7070000171661377,-136.5720855040576,-120.53207829970076,0.4130522426253842,-0.4559819658456609,1,320.0,176.0,183.4279144959424,-0.4559819658456609
13.36310338973999,2.7070000171661377,-136.50851181637117,-120.46135566391429,0.41348144430290584,-0.4564882275004718,1,320.0,176.0,183.49148818362883,-0.4564882275004718
13.373599290847778,2.693000078201294,-136.44493812868473,-120.34289277998565,0.41384864015941014,-0.45698944230255323,1,320.0,176.0,183.55506187131527,-0.45698944230255323
13.383074760437012,2.693000078201294,-136.38136444099828,-120.27217014419918,0.4142728249801153,-0.457490388028989,1,320.0,175.0,183.61863555900172,-0.457490388028989
13.393569707870483,2.6730000972747803,-137.18835104921266,-121.1467053573259,0.41791662277599373,-0.4608242294113033,1,320.0,175.0,182.81164895078734,-0.4608242294113033
13.403005123138428,2.6730000972747803,-137.130749585329,-121.08294158625777,0.4183465356833423,-0.461328657048132,1,320.0,175.0,182.869250414671,-0.461328657048132
13.413846969604492,2.6600000858306885,-137.07314812144534,-120.97365449949044,0.41871743187135246,-0.46182838888558825,1,320.0,175.0,182.92685187855466,-0.46182838888558825
13.423943042755127,2.6600000858306885,-137.01554665756169,-120.90989072842231,0.4191426914185381,-0.46232788167695715,1,320.0,174.0,182.98445334243831,-0.46232788167695715
13.433643341064453,2.639000177383423,-137.86545006309004,-121.81096816222113,0.42286220437521294,-0.4657803502997289,1,320.0,174.0,182.13454993690996,-0.4657803502997289
13.443095922470093,2.639000177383423,-137.81407420185093,-121.7543347229532,0.42329313268861174,-0.46628339249639894,1,320.0,174.0,182.18592579814907,-0.46628339249639894
13.453685283660889,2.626000165939331,-137.76269834061182,-121.65091734776217,0.42366354286786784,-0.46678174688881724,1,320.0,174.0,182.23730165938818,-0.46678174688881724
13.463152170181274,2.626000165939331,-137.7113224793727,-121.59428390849425,0.42408986355527756,-0.46727989243833823,1,320.0,173.0,182.2886775206273,-0.46727989243833823
13.473727226257324,2.6060001850128174,-138.59817455732664,-122.52370803058356,0.42787655316808315,-0.4708314758725376,1,320.0,173.0,181.40182544267336,-0.4708314758725376
13.483262062072754,2.6060001850128174,-138.55323499343987,-122.47433941772191,0.4283090453620596,-0.4713338396984574,1,320.0,173.0,181.44676500656013,-0.4713338396984574
13.494287729263306,2.5920000076293945,-138.5082954295531,-122.37319389092518,0.4286747160439235,-0.4718311752402447,1,320.0,173.0,181.4917045704469,-0.4718311752402447
13.503208875656128,2.5920000076293945,-138.46335586566633,-122.32382527806352,0.42910232253542935,-0.47232833192256696,1,320.0,172.0,181.53664413433367,-0.47232833192256696
13.513752698898315,2.572000026702881,-139.3816848957279,-123.27316562365253,0.4329357004323944,-0.4759604991449288,1,320.0,172.0,180.6183151042721,-0.4759604991449288
13.523156642913818,2.572000026702881,-139.34335333969227,-123.23116269723464,0.4333695953983196,-0.4764621206656132,1,320.0,172.0,180.65664666030773,-0.4764621206656132
13.533866882324219,2.559000015258789,-139.30502178365666,-123.13973338482523,0.4337398173389931,-0.47695906412608635,1,320.0,172.0,180.69497821634334,-0.47695906412608635
13.543420553207397,2.559000015258789,-139.26669022762104,-123.09773045840734,0.4341691872364491,-0.4774558581893184,1,320.0,170.0,180.73330977237896,-0.4774558581893184
13.553861618041992,2.5390000343322754,-140.3124927444929,-124.06261203978222,0.43803517845113127,-0.48148179354165355,1,320.0,170.0,179.6875072555071,-0.48148179354165355
13.563350677490234,2.5390000343322754,-140.281598255138,-124.0280451213862,0.43847089606330597,-0.4819844536157547,1,320.0,170.0,179.718401744862,-0.4819844536157547
13.573631286621094,2.5260000228881836,-140.25070376578307,-123.94266726378169,0.43884128391688393,-0.48248243667142054,1,320.0,170.0,179.74929623421693,-0.48248243667142054
13.583230972290039,2.5260000228881836,-140.21980927642815,-123.90810034538566,0.4392725130247164,-0.4829803018646076,1,320.0,169.0,179.78019072357185,-0.4829803018646076
13.593141794204712,2.50600004196167,-141.27777824447045,-124.88447167194417,0.4431579470077688,-0.4870226060659312,1,320.0,169.0,178.72222175552955,-0.4870226060659312
13.603532075881958,2.50600004196167,-141.25435319041475,-124.85738341468894,0.4435955291607169,-0.4875263186556444,1,320.0,169.0,178.74564680958525,-0.4875263186556444
13.613206624984741,2.493000030517578,-141.23092813635904,-124.77804066237918,0.44396605190423727,-0.4880253530408216,1,320.0,169.0,178.76907186364096,-0.4880253530408216
13.624026775360107,2.493000030517578,-141.20750308230333,-124.75095240512395,0.44439917893490083,-0.48852429999198277,1,320.0,168.0,178.79249691769667,-0.48852429999198277
13.633375406265259,2.4730000495910645,-142.27417890359095,-125.73511668244129,0.44829208697962186,-0.49257159114377536,1,320.0,168.0,177.72582109640905,-0.49257159114377536
13.64385724067688,2.4730000495910645,-142.25823170115123,-125.71552472961662,0.44873152407163497,-0.493076320456724,1,320.0,168.0,177.74176829884877,-0.493076320456724
13.653939485549927,2.4600000381469727,-142.2422844987115,-125.64217232247991,0.44910209512403015,-0.493576368165782,1,320.0,168.0,177.7577155012885,-0.493576368165782
13.66392970085144,2.4600000381469727,-142.2263372962718,-125.62258036965524,0.4495371072109701,-0.4940763576675494,1,320.0,168.0,177.7736627037282,-0.4940763576675494
13.674106359481812,2.440000057220459,-142.21039009383207,-125.51908308463318,0.449864779186004,-0.494569178449303,1,320.0,167.0,177.78960990616793,-0.494569178449303
13.683670043945312,2.440000057220459,-143.30961999595175,-126.61902827597162,0.4539434698350411,-0.4986981281266356,1,320.0,167.0,176.69038000404825,-0.4986981281266356
13.693764209747314,2.4280002117156982,-143.30131932398635,-126.55605985299454,0.45431971292812856,-0.49919975310611164,1,320.0,167.0,176.69868067601365,-0.49919975310611164
13.703540563583374,2.4280002117156982,-143.29301865202095,-126.54414432650162,0.4547571769585611,-0.4997013484521843,1,320.0,167.0,176.70698134797905,-0.4997013484521843
13.713606357574463,2.4120001792907715,-143.28471798005555,-126.46331090056263,0.45510659239159756,-0.5001971827645195,1,320.0,166.0,176.71528201994445,-0.5001971827645195
13.723002195358276,2.4120001792907715,-144.38017391993952,-127.45753299679775,0.4588181192738726,-0.5042906237066711,1,320.0,166.0,175.61982608006048,-0.5042906237066711
13.733090162277222,2.4030001163482666,-144.37943735375958,-127.4133139918104,0.45921195870377485,-0.5047961507457692,1,320.0,166.0,175.62056264624042,-0.5047961507457692
13.744192838668823,2.4030001163482666,-144.37870078757965,-127.40829358271141,0.4596528188396567,-0.5053016752013613,1,320.0,166.0,175.62129921242035,-0.5053016752013613
13.753204345703125,2.392000198364258,-144.3779642213997,-127.3549351819018,0.4600319839962749,-0.5058032267090344,1,320.0,166.0,175.6220357786003,-0.5058032267090344
13.763670206069946,2.392000198364258,-145.36548951362894,-128.25255899245604,0.46341046144246323,-0.5095250903994837,1,320.0,166.0,174.63451048637106,-0.5095250903994837
13.77371335029602,2.386000156402588,-145.37152281866295,-128.2271540300582,0.4638242826264376,-0.5100360427489324,1,320.0,166.0,174.62847718133705,-0.5100360427489324
13.783947706222534,2.386000156402588,-145.37755612369696,-128.22831698730798,0.4642699893436365,-0.5105470160037854,1,320.0,166.0,174.62244387630304,-0.5105470160037854
13.793787240982056,2.380000114440918,-145.38358942873097,-128.2027684135367,0.46468163064281676,-0.5110558293949499,1,320.0,,174.61641057126903,-0.5110558293949499
13.803194522857666,2.380000114440918,-145.38962273376498,-128.20393137078648,0.4651253297914252,-0.5115646636010185,1,320.0,,174.61037726623502,-0.5115646636010185
13.813503980636597,2.377000093460083,-145.395656038799,-128.19168434388558,0.4655519332624499,-0.5120724281469446,1,320.0,,174.604343961201,-0.5120724281469446
13.824495792388916,2.377000093460083,-145.401689343833,-128.19284730113537,0.46599463271793606,-0.5125802134625247,1,320.0,,174.598310656167,-0.5125802134625247
13.833744525909424,2.374000072479248,-145.407722648867,-128.18056393256106,0.46642019293598136,-0.5130869289822119,1,320.0,167.0,174.592277351133,-0.5130869289822119
13.843544006347656,2.374000072479248,-146.2641975095881,-128.84066848267213,0.4690049234790677,-0.5163594982159865,1,320.0,167.0,173.7358024904119,-0.5163594982159865
13.853521823883057,2.373000144958496,-146.27603875414195,-128.84184171139424,0.46944858102190046,-0.5168758002654845,1,320.0,167.0,173.72396124585805,-0.5168758002654845
13.864142656326294,2.373000144958496,-146.28787999869581,-128.8475047931886,0.4698976458269501,-0.5173921429600589,1,320.0,167.0,173.71212000130419,-0.5173921429600589
13.873907804489136,2.372000217437744,-146.29972124324968,-128.84867396266367,0.4703409998520536,-0.5179081605769156,1,320.0,168.0,173.70027875675032,-0.5179081605769156
13.88334584236145,2.372000217437744,-146.94026648835654,-129.3181850284896,0.4722963201023229,-0.5204662166751538,1,320.0,168.0,173.05973351164346,-0.5204662166751538
13.893816232681274,2.372000217437744,-146.9563923882777,-129.3270092620384,0.47275050089465165,-0.5209896282608357,1,320.0,168.0,173.0436076117223,-0.5209896282608357
13.904315710067749,2.372000217437744,-146.97251828819884,-129.33583349558717,0.47320471195410635,-0.5215130951583631,1,320.0,168.0,173.02748171180116,-0.5215130951583631
13.913718700408936,2.373000144958496,-146.98864418812,-129.34915164145522,0.4736646847390329,-0.5220369848127122,1,320.0,170.0,173.01135581188,-0.5220369848127122
13.923131465911865,2.373000144958496,-147.33252839394686,-129.65289005988814,0.4750762467545636,-0.5236244556283915,1,320.0,170.0,172.66747160605314,-0.5236244556283915
13.933805227279663,2.374000072479248,-147.35088459657328,-129.66821095424683,0.4755400421559176,-0.5241526333868323,1,320.0,170.0,172.64911540342672,-0.5241526333868323
13.944120645523071,2.374000072479248,-147.3692407991997,-129.67904199553328,0.4759984869382136,-0.5246808741988322,1,320.0,170.0,172.6307592008003,-0.5246808741988322
13.953687906265259,2.376000165939331,-147.38759700182612,-129.6988416553309,0.4764684105990704,-0.5252099150368137,1,320.0,171.0,172.61240299817388,-0.5252099150368137
13.963811159133911,2.376000165939331,-147.57946692622707,-129.8574626863523,0.47740685130175897,-0.5263016761049256,1,320.0,171.0,172.42053307377293,-0.5263016761049256
13.973676443099976,2.377000093460083,-147.59900260795808,-129.87377605408486,0.47787351784744936,-0.5268332285239672,1,320.0,171.0,172.40099739204192,-0.5268332285239672
13.98427438735962,2.377000093460083,-147.6185382896891,-129.88561171450448,0.47833485188862784,-0.5273648481945978,1,320.0,171.0,172.3814617103109,-0.5273648481945978
13.993290185928345,2.379000186920166,-147.6380739714201,-129.90639174830346,0.4788076402754442,-0.5278972733416828,1,320.0,172.0,172.3619260285799,-0.5278972733416828
14.003789186477661,2.379000186920166,-147.69618050618348,-129.83075739689252,0.47898621142361875,-0.528554789179557,1,320.0,172.0,172.30381949381652,-0.528554789179557
14.013027906417847,2.38100004196167,-147.71597820573064,-129.8509260604618,0.4794587241557475,-0.529088535849265,1,320.0,172.0,172.28402179426936,-0.529088535849265
14.025211572647095,2.38100004196167,-147.7357759052778,-129.8621675234583,0.4799205630583412,-0.5296223508705327,1,320.0,172.0,172.2642240947222,-0.5296223508705327
14.033355474472046,2.383000135421753,-147.75557360482495,-129.8823211862639,0.48039381562318156,-0.5301569730557512,1,320.0,174.0,172.24442639517505,-0.5301569730557512
14.044272422790527,2.383000135421753,-147.5898265704805,-129.70555713933265,0.4802471411536251,-0.530090367090073,1,320.0,174.0,172.4101734295195,-0.530090367090073
14.053688049316406,2.385000228881836,-147.60836426536167,-129.72441806405575,0.4807189451350685,-0.5306237063696614,1,320.0,174.0,172.39163573463833,-0.5306237063696614
14.063167810440063,2.385000228881836,-147.62690196024283,-129.73438281164908,0.4811801082069005,-0.5311571098360289,1,320.0,174.0,172.37309803975717,-0.5311571098360289
14.073861837387085,2.388000011444092,-147.645439655124,-129.75766029182705,0.48165830026803913,-0.5316916847497137,1,320.0,176.0,172.354560344876,-0.5316916847497137
14.083402156829834,2.388000011444092,-147.28142122140116,-129.28153963440118,0.48054537226130756,-0.5309866354199466,1,320.0,176.0,172.71857877859884,-0.5309866354199466
14.093883275985718,2.389000177383423,-147.29736127046516,-129.29263441857327,0.48100765473266843,-0.5315172536311554,1,320.0,176.0,172.70263872953484,-0.5315172536311554
14.104026317596436,2.389000177383423,-147.31330131952916,-129.29929853228643,0.4814646435406165,-0.5320479271941917,1,320.0,176.0,172.68669868047084,-0.5320479271941917
14.114102363586426,2.392000198364258,-147.32924136859316,-129.31922872688443,0.48193859075423445,-0.5325797610860933,1,320.0,178.0,172.67075863140684,-0.5325797610860933
14.123531341552734,2.392000198364258,-146.78930491246527,-128.78601520459256,0.4806470217203855,-0.5313101816260295,1,320.0,178.0,173.21069508753473,-0.5313101816260295
14.134063959121704,2.3930001258850098,-146.8014700196406,-128.7934267793271,0.4811044387593588,-0.5318360159201836,1,320.0,178.0,173.1985299803594,-0.5318360159201836
14.144038677215576,2.3930001258850098,-146.8136351268159,-128.79642459902732,0.481556569732199,-0.5323618925793272,1,320.0,178.0,173.1863648731841,-0.5323618925793272
14.153694152832031,2.3950002193450928,-146.82580023399123,-128.80823913069256,0.48201996597479924,-0.5328885457667674,1,320.0,179.0,173.17419976600877,-0.5328885457667674
14.163150548934937,2.3950002193450928,-146.23342548973372,-128.12100033794098,0.48023552105432576,-0.5314557396754181,1,320.0,179.0,173.76657451026628,-0.5314557396754181
14.173427820205688,2.3970000743865967,-146.24148411174295,-128.12810945403436,0.4806915394397336,-0.5319761584322855,1,320.0,179.0,173.75851588825705,-0.5319761584322855
14.184051990509033,2.3970000743865967,-146.24954273375218,-128.12641867230755,0.4811369920427017,-0.5324966053338918,1,320.0,179.0,173.75045726624782,-0.5324966053338918
14.194362163543701,2.3970000743865967,-146.2576013557614,-128.12472789058074,0.4815824387406143,-0.5330170803802368,1,320.0,181.0,173.7423986442386,-0.5330170803802368
14.202992916107178,2.3990001678466797,-145.51584681980958,-127.30951091409169,0.47937308867929784,-0.5311073560497466,1,320.0,181.0,174.48415318019042,-0.5311073560497466
14.213640213012695,2.3990001678466797,-145.5188102397433,-127.30223228317364,0.47980959393302464,-0.5316198642535427,1,320.0,181.0,174.4811897602567,-0.5316198642535427
14.223110437393188,2.4000000953674316,-145.521773659677,-127.29933985840447,0.48025167074315667,-0.532132746599967,1,320.0,181.0,174.478226340323,-0.532132746599967
14.233885765075684,2.4020001888275146,-145.5247370796107,-127.30082294584663,0.4806996398926071,-0.5326463669760493,1,320.0,183.0,174.4752629203893,-0.5326463669760493
14.244316577911377,2.4020001888275146,-144.6502580393037,-126.35550218307601,0.4780949727234894,-0.5303144274158776,1,320.0,183.0,175.3497419606963,-0.5303144274158776
14.253799438476562,2.4030001163482666,-144.64725624612237,-126.3462208359111,0.4785269945132239,-0.530818175557417,1,320.0,183.0,175.35274375387763,-0.530818175557417
14.263317108154297,2.4030001163482666,-144.64425445294103,-126.33256501049773,0.4789537190312486,-0.5313219131701659,1,320.0,183.0,175.35574554705897,-0.5313219131701659
14.274030923843384,2.4050002098083496,-144.6412526597597,-126.32764749188337,0.47939154393698813,-0.531826363494183,1,320.0,186.0,175.3587473402403,-0.531826363494183
14.283649444580078,2.4050002098083496,-143.54642199816558,-125.1723028240323,0.47611509856619955,-0.5287888169562616,1,320.0,186.0,176.45357800183442,-0.5287888169562616
14.293131113052368,2.4050002098083496,-143.53599368289568,-125.15088133345665,0.47652898531383675,-0.5292804732310366,1,320.0,186.0,176.46400631710432,-0.5292804732310366
14.303591012954712,2.4060001373291016,-143.52556536762577,-125.13382264020356,0.47694836031147464,-0.5297724516642555,1,320.0,186.0,176.47443463237423,-0.5297724516642555
14.314126968383789,2.4060001373291016,-143.51513705235587,-125.11240114962791,0.4773624246557787,-0.5302643934419426,1,320.0,188.0,176.48486294764413,-0.5302643934419426
14.3235764503479,2.4070000648498535,-142.3263800344223,-123.97917915000318,0.47415979642766826,-0.5269327286839909,1,320.0,188.0,177.6736199655777,-0.5269327286839909
14.333021640777588,2.4070000648498535,-142.30793242114814,-123.95016146405644,0.47456096991757735,-0.527411159723425,1,320.0,188.0,177.69206757885186,-0.527411159723425
14.34364652633667,2.4080002307891846,-142.28948480787398,-123.92549985267239,0.4749675938148996,-0.5278898816561168,1,320.0,188.0,177.71051519212602,-0.5278898816561168
14.35326361656189,2.4080002307891846,-142.2710371945998,-123.89648216672565,0.4753688882804753,-0.5283685386531993,1,320.0,190.0,177.7289628054002,-0.5283685386531993
14.363760948181152,2.4090001583099365,-140.99975075880357,-122.57692084789889,0.47157190617386957,-0.5247802952002092,1,320.0,190.0,179.00024924119643,-0.5247802952002092
14.373131036758423,2.4090001583099365,-140.9727719075031,-122.5390855426981,0.47195814778495065,-0.5252444972234864,1,320.0,190.0,179.0272280924969,-0.5252444972234864
14.383736848831177,2.4100000858306885,-140.94579305620263,-122.5055975331979,0.47234979443114183,-0.5257089565526926,1,320.0,190.0,179.05420694379737,-0.5257089565526926
14.393803119659424,2.4100000858306885,-140.91881420490216,-122.46776222799711,0.47273609095303326,-0.5261733207814423,1,320.0,193.0,179.08118579509784,-0.5261733207814423
14.40319275856018,2.4110000133514404,-139.47347151575315,-121.08451497108366,0.46874438031304133,-0.522031724979676,1,320.0,193.0,180.52652848424685,-0.522031724979676
14.413774013519287,2.4110000133514404,-139.4368287402853,-121.03748320067523,0.4691149019145816,-0.5224796170671502,1,320.0,193.0,180.5631712597147,-0.5224796170671502
14.423155784606934,2.4120001792907715,-139.40018596481747,-120.99479204083083,0.46949078419290563,-0.5229277284555274,1,320.0,193.0,180.59981403518253,-0.5229277284555274
14.434272050857544,2.4120001792907715,-139.36354318934963,-120.94776027042239,0.46986129171638213,-0.523375710494891,1,320.0,195.0,180.63645681065037,-0.523375710494891
14.44387674331665,2.4110000133514404,-137.86556198456998,-119.39910386375148,0.46536185500781163,-0.5190757400116204,1,320.0,195.0,182.13443801543002,-0.5190757400116204
14.45332145690918,2.4110000133514404,-137.81895682972868,-119.34186466213161,0.4657141463974469,-0.5195059702006279,1,320.0,195.0,182.18104317027132,-0.5195059702006279
14.463924884796143,2.4090001583099365,-137.77235167488737,-119.27593473137676,0.46605518000783874,-0.5199353471781201,1,320.0,195.0,182.22764832511263,-0.5199353471781201
14.473968029022217,2.4090001583099365,-137.72574652004607,-119.2186955297569,0.4664064408680823,-0.5203645599889357,1,320.0,198.0,182.27425347995393,-0.5203645599889357
14.483370780944824,2.4050002098083496,-136.081360692937,-117.6199012839065,0.4617821765217096,-0.5155997107232544,1,320.0,198.0,183.918639307063,-0.5155997107232544
14.493867874145508,2.4050002098083496,-136.02385696434916,-117.55226591156561,0.4621139164705735,-0.5160084901178836,1,320.0,198.0,183.97614303565084,-0.5160084901178836
14.503305912017822,2.4000000953674316,-135.96635323576132,-117.46275603581705,0.4624176242938059,-0.5164153679123202,1,320.0,198.0,184.03364676423868,-0.5164153679123202
14.513804912567139,2.4000000953674316,-135.90884950717347,-117.39512066347616,0.46274734479730817,-0.5168220444436932,1,320.0,200.0,184.09115049282653,-0.5168220444436932
14.52327585220337,2.392000198364258,-134.23677372027328,-115.74797229160535,0.45801172925909434,-0.5119770041665513,1,320.0,200.0,185.76322627972672,-0.5119770041665513
14.533851623535156,2.392000198364258,-134.16825101377884,-115.66979745095465,0.45832045040280467,-0.5123616824988214,1,320.0,200.0,185.83174898622116,-0.5123616824988214
14.543448209762573,2.385000228881836,-134.0997283072844,-115.56061312637553,0.4585895579023841,-0.5127437756370246,1,320.0,200.0,185.9002716927156,-0.5127437756370246
14.554206371307373,2.385000228881836,-134.03120560078997,-115.48243828572483,0.45889560610224717,-0.5131256315153173,1,320.0,202.0,185.96879439921003,-0.5131256315153173
14.563783884048462,2.372000217437744,-132.33721172683133,-113.88911095796628,0.45438957208583647,-0.5082170565522075,1,320.0,202.0,187.66278827316867,-0.5082170565522075
14.573157787322998,2.372000217437744,-132.25759002359516,-113.80098718086359,0.45467416100120517,-0.5085751541139996,1,320.0,202.0,187.74240997640484,-0.5085751541139996
14.583600282669067,2.3630001544952393,-132.17796832035899,-113.67223137243873,0.4549069922034015,-0.5089300045482199,1,320.0,202.0,187.82203167964101,-0.5089300045482199
14.594859838485718,2.3630001544952393,-132.09834661712281,-113.58410759533604,0.45518828156137986,-0.5092845836714557,1,320.0,203.0,187.90165338287719,-0.5092845836714557
14.603206157684326,2.3470001220703125,-130.48902530338833,-111.94670437238254,0.4505749627077976,-0.504657800075035,1,320.0,203.0,189.51097469661167,-0.504657800075035
14.613645553588867,2.3470001220703125,-130.39895353397728,-111.84849587678927,0.4508337623570842,-0.5049888324675621,1,320.0,203.0,189.60104646602272,-0.5049888324675621
14.623715877532959,2.3360002040863037,-130.30888176456622,-111.6994358085164,0.45102796644774806,-0.505315978075848,1,320.0,203.0,189.69111823543378,-0.505315978075848
14.633300542831421,2.3360002040863037,-130.21880999515517,-111.60122731292313,0.451282864409202,-0.5056428228443783,1,320.0,204.0,189.78119000484483,-0.5056428228443783
14.643859386444092,2.318000078201294,-128.6890704404959,-110.03038345519076,0.4469138819575839,-0.5012793323235796,1,320.0,204.0,191.3109295595041,-0.5012793323235796
14.653332948684692,2.318000078201294,-128.58915922585993,-109.9226865597397,0.4471468409567472,-0.5015831401708051,1,320.0,204.0,191.41084077414007,-0.5015831401708051
14.663988828659058,2.305999994277954,-128.48924801122396,-109.75798297869247,0.4473075564723459,-0.5018827641061605,1,320.0,204.0,191.51075198877604,-0.5018827641061605
14.673552989959717,2.305999994277954,-128.389336796588,-109.65028608324141,0.44753632838029783,-0.5021820618314016,1,320.0,206.0,191.610663203412,-0.5021820618314016
14.683284044265747,2.2860000133514404,-126.83325739874664,-108.14050404034366,0.4433941012388212,-0.4977356187273183,1,320.0,206.0,193.16674260125336,-0.4977356187273183
14.693753957748413,2.2860000133514404,-126.72338979493253,-108.02387994351227,0.4436014491002476,-0.49801119330516197,1,320.0,206.0,193.27661020506747,-0.49801119330516197
14.703137159347534,2.2730000019073486,-126.61352219111842,-107.84359041984558,0.443728313898873,-0.49828229971556204,1,320.0,206.0,193.38647780888158,-0.49828229971556204
14.713550090789795,2.2730000019073486,-126.50365458730431,-107.7269663230142,0.443931206053512,-0.4985530564723124,1,320.0,207.0,193.4963454126957,-0.4985530564723124
14.723953008651733,2.252000093460083,-125.02783501058585,-106.07563733020001,0.43934686057888006,-0.49437045957446235,1,320.0,207.0,194.97216498941415,-0.49437045957446235
14.733416557312012,2.252000093460083,-124.90862423824312,-105.94923067519234,0.4395267937096392,-0.49461837067070175,1,320.0,207.0,195.09137576175686,-0.49461837067070175
14.744269609451294,2.2380001544952393,-124.7894134659004,-105.7519737439208,0.43961738779169623,-0.4948615410267658,1,320.0,207.0,195.2105865340996,-0.4948615410267658
14.754122018814087,2.2380001544952393,-124.67020269355767,-105.62556708891313,0.43979261097662387,-0.4951043424254435,1,320.0,208.0,195.32979730644234,-0.4951043424254435
14.76390027999878,2.2170000076293945,-123.26979479757732,-104.05502474857015,0.4354819762601105,-0.49116893049180355,1,320.0,208.0,196.73020520242267,-0.49116893049180355
14.773412704467773,2.2170000076293945,-123.14181745586298,-103.91947618915287,0.43563549299709736,-0.4913900166637045,1,320.0,208.0,196.85818254413704,-0.4913900166637045
14.784048080444336,2.202000141143799,-123.01384011414864,-103.70536427623837,0.4356901933578435,-0.4916061004865969,1,320.0,208.0,196.98615988585135,-0.4916061004865969
14.793808698654175,2.202000141143799,-122.8858627724343,-103.5698157168211,0.4358387624193174,-0.4918217997375324,1,320.0,209.0,197.11413722756572,-0.4918217997375324
14.80319333076477,2.180000066757202,-121.55633885549874,-102.06911289239513,0.4317767385235414,-0.4881176881845102,1,320.0,209.0,198.44366114450128,-0.4881176881845102
14.813548803329468,2.180000066757202,-121.4201372668757,-101.92502338495608,0.4319045099506107,-0.4883124357033639,1,320.0,209.0,198.5798627331243,-0.4883124357033639
14.824524879455566,2.1650002002716064,-121.28393567825266,-101.69945514395114,0.4319300277754303,-0.48850223332040354,1,320.0,209.0,198.71606432174735,-0.48850223332040354
14.833328485488892,2.1650002002716064,-121.14773408962962,-101.5553656365121,0.4320529004197665,-0.4886916342502481,1,320.0,211.0,198.85226591037036,-0.4886916342502481
14.844392538070679,2.1430001258850098,-119.78379071168555,-100.02337517679194,0.4278995878379509,-0.4848753711166927,1,320.0,211.0,200.21620928831445,-0.4848753711166927
14.853847026824951,2.1430001258850098,-119.63918307873026,-99.87061653316557,0.4280016577837733,-0.48504371096044574,1,320.0,211.0,200.36081692126976,-0.48504371096044574
14.86316967010498,2.129000186920166,-119.49457544577496,-99.638975451683,0.42800491954076786,-0.48520745529593495,1,320.0,211.0,200.50542455422504,-0.48520745529593495
14.87401819229126,2.129000186920166,-119.34996781281966,-99.48621680805662,0.42810240906184693,-0.48537079147631257,1,320.0,211.0,200.65003218718033,-0.48537079147631257
14.88353943824768,2.1060001850128174,-118.1595018808688,-98.02322533550884,0.4241971985120926,-0.482120144904738,1,320.0,211.0,201.8404981191312,-0.482120144904738
14.892963647842407,2.1060001850128174,-118.00773158614487,-97.86239784172884,0.42427479509485344,-0.4822643119834873,1,320.0,211.0,201.99226841385513,-0.4822643119834873
14.903903007507324,2.0920000076293945,-117.85596129142094,-97.61964727808103,0.4242499960574072,-0.48240393440639207,1,320.0,211.0,202.14403870857905,-0.48240393440639207
14.913332223892212,2.0920000076293945,-117.70419099669701,-97.45881978430103,0.4243230656447412,-0.4825431424963893,1,320.0,212.0,202.295809003303,-0.4825431424963893
14.923006296157837,2.069000005722046,-116.5719559512309,-95.96393640201934,0.42032602632112176,-0.47948106754205944,1,320.0,212.0,203.4280440487691,-0.47948106754205944
14.933565378189087,2.069000005722046,-116.41346921832792,-95.79491009861837,0.4203792066556495,-0.47960199846072715,1,320.0,212.0,203.58653078167208,-0.47960199846072715
14.943402767181396,2.055000066757202,-116.25498248542493,-95.54074379169205,0.4203261958150336,-0.47971843691695104,1,320.0,212.0,203.74501751457507,-0.47971843691695104
14.954093933105469,2.055000066757202,-116.09649575252195,-95.37171748829108,0.4203749071717447,-0.4798344573643904,1,320.0,213.0,203.90350424747805,-0.4798344573643904
14.963865995407104,2.0329999923706055,-115.01904328293142,-93.85593503695605,0.4163103591921704,-0.47694959347898935,1,320.0,213.0,204.98095671706858,-0.47694959347898935
14.973630905151367,2.0329999923706055,-114.8542600246985,-93.67861542692704,0.4163395006826889,-0.477048464693433,1,320.0,213.0,205.1457399753015,-0.477048464693433
14.983311176300049,2.0180001258850098,-114.68947676646559,-93.40647000724529,0.41625064567463543,-0.4771426095380184,1,320.0,213.0,205.3105232335344,-0.4771426095380184
14.99387264251709,2.0180001258850098,-114.52469350823267,-93.22915039721627,0.416275130359702,-0.47723633500915974,1,320.0,214.0,205.47530649176733,-0.47723633500915974
15.003526449203491,1.9970000982284546,-113.49878214335614,-91.79824385651025,0.41248785677041133,-0.4745177219702841,1,320.0,214.0,206.50121785664385,-0.4745177219702841
15.01396632194519,1.9970000982284546,-113.32809750131193,-91.6132609368619,0.41249422334221597,-0.4745953707106832,1,320.0,214.0,206.67190249868807,-0.4745953707106832
15.02354383468628,1.9820001125335693,-113.15741285926772,-91.329682777618,0.41237814394803646,-0.4746683506206347,1,320.0,214.0,206.8425871407323,-0.4746683506206347
15.033790588378906,1.9820001125335693,-112.98672821722352,-91.14469985796966,0.41237992470825185,-0.47474091149974196,1,320.0,215.0,207.01327178277648,-0.47474091149974196
15.043644189834595,1.9610000848770142,-112.0093087095536,-89.68566477037098,0.40851425310656286,-0.4721782371884265,1,320.0,215.0,207.99069129044642,-0.4721782371884265
15.053150415420532,1.9610000848770142,-111.83309448987588,-89.49291418630526,0.4084979591510064,-0.4722354591580552,1,320.0,215.0,208.16690551012414,-0.4722354591580552
15.063894033432007,1.946000099182129,-111.65688027019816,-89.19757046423253,0.4083544989607841,-0.47228807064396694,1,320.0,215.0,208.34311972980186,-0.47228807064396694
15.073819398880005,1.946000099182129,-111.48066605052044,-89.0048198801668,0.40833369468099096,-0.4723402653832054,1,320.0,216.0,208.51933394947957,-0.4723402653832054
15.083929777145386,1.9250000715255737,-110.54886829113104,-87.62285126952253,0.4047336358601548,-0.4699238232534997,1,320.0,216.0,209.45113170886896,-0.4699238232534997
15.09429669380188,1.9250000715255737,-110.36747430779957,-87.4229529376325,0.4046959234561875,-0.469961375277574,1,320.0,216.0,209.63252569220043,-0.469961375277574
15.103145837783813,1.91100013256073,-110.1860803244681,-87.12339528636437,0.40453487783630326,-0.46999465133203105,1,320.0,216.0,209.8139196755319,-0.46999465133203105
15.113971948623657,1.91100013256073,-110.00468634113662,-86.92349695447434,0.40449296813115565,-0.4700275142616309,1,320.0,217.0,209.99531365886338,-0.4700275142616309
15.123416423797607,1.8900001049041748,-109.1158075685141,-85.51180502024226,0.4008104006840342,-0.46774843762196955,1,320.0,217.0,210.8841924314859,-0.46774843762196955
15.134271144866943,1.8900001049041748,-108.92956290247271,-85.30464401863678,0.40075161033742107,-0.4677673123287458,1,320.0,217.0,211.0704370975273,-0.4677673123287458
15.14394998550415,1.8760000467300415,-108.74331823643132,-84.99373278030427,0.4005646531361403,-0.4677819666091379,1,320.0,217.0,211.25668176356868,-0.4677819666091379
15.153917789459229,1.8760000467300415,-108.55707357038993,-84.78657177869877,0.40050174253631426,-0.46779621301368957,1,320.0,218.0,211.44292642961005,-0.46779621301368957
15.16379189491272,1.8550001382827759,-107.70856767972101,-83.45026246290115,0.39708050812137397,-0.4656458874064697,1,320.0,218.0,212.291432320279,-0.4656458874064697
15.173251867294312,1.8550001382827759,-107.51778186154941,-83.23644800062617,0.3970018487030207,-0.4656467637205625,1,320.0,218.0,212.4822181384506,-0.4656467637205625
15.18407416343689,1.8410000801086426,-107.3269960433778,-82.91453618794506,0.39678988235674395,-0.4656434757694323,1,320.0,218.0,212.6730039566222,-0.4656434757694323
15.193739175796509,1.8410000801086426,-107.1362102252062,-82.70072172567008,0.3967071832860048,-0.4656397866910812,1,320.0,218.0,212.86378977479382,-0.4656397866910812
15.203763484954834,1.821000099182129,-106.42667625233143,-81.3407344918447,0.39320830721999134,-0.4639395547711301,1,320.0,218.0,213.57332374766855,-0.4639395547711301
15.213131666183472,1.821000099182129,-106.23233299438682,-81.12014055202593,0.39311009360080595,-0.4639243847514084,1,320.0,218.0,213.7676670056132,-0.4639243847514084
15.223652362823486,1.8070000410079956,-106.03798973644221,-80.7869593514877,0.392873263858934,-0.46390510449703914,1,320.0,218.0,213.96201026355777,-0.46390510449703914
15.23370885848999,1.8070000410079956,-105.8436464784976,-80.56636541166893,0.39277109378162917,-0.4638854321551271,1,320.0,219.0,214.1563535215024,-0.4638854321551271
15.243725061416626,1.78600013256073,-105.16010652074442,-79.27195573342367,0.3895191419980566,-0.4622653002672855,1,320.0,219.0,214.83989347925558,-0.4622653002672855
15.253138303756714,1.78600013256073,-104.9624081841908,-79.04518036164168,0.38940233535752455,-0.46223431343028787,1,320.0,219.0,215.0375918158092,-0.46223431343028787
15.26396107673645,1.7730001211166382,-104.76470984763719,-78.70935856319468,0.38915145505864407,-0.46219953325992597,1,320.0,219.0,215.2352901523628,-0.46219953325992597
15.27382230758667,1.7730001211166382,-104.56701151108358,-78.48258319141271,0.38903099222828696,-0.46216437103746877,1,320.0,220.0,215.4329884889164,-0.46216437103746877
15.283972024917603,1.752000093460083,-103.90805655812254,-77.15461869445001,0.3856868167580212,-0.4606198640337811,1,320.0,220.0,216.09194344187745,-0.4606198640337811
15.293503999710083,1.752000093460083,-103.70719452746646,-76.92152442675108,0.3855517161206774,-0.46057379914693664,1,320.0,220.0,216.29280547253353,-0.46057379914693664
15.303857564926147,1.7390000820159912,-103.50633249681037,-76.57465664450159,0.3852769464758296,-0.46052399268066013,1,320.0,220.0,216.4936675031896,-0.46052399268066013
15.313436269760132,1.7390000820159912,-103.30547046615429,-76.34156237680266,0.38513827440673515,-0.4604738151217408,1,320.0,220.0,216.6945295338457,-0.4604738151217408
15.324161767959595,1.718000054359436,-102.77076352562722,-75.08497081646071,0.38204545086328423,-0.4593296578886571,1,320.0,220.0,217.22923647437278,-0.4593296578886571
15.333753108978271,1.718000054359436,-102.56761155350799,-74.84614424474891,0.38189320781632086,-0.45926998439879135,1,320.0,220.0,217.432388446492,-0.45926998439879135
15.343147277832031,1.7050000429153442,-102.36445958138876,-74.48850289770607,0.38159532419421843,-0.459206619403243,1,320.0,220.0,217.63554041861124,-0.459206619403243
15.353832721710205,1.7050000429153442,-102.16130760926953,-74.24967632599427,0.3814395973706549,-0.45914289635232186,1,320.0,221.0,217.83869239073047,-0.45914289635232186
15.363431453704834,1.6840001344680786,-101.63886931955255,-73.05824594782497,0.37838536342532786,-0.45722786725094156,1,320.0,221.0,218.36113068044745,-0.45722786725094156
15.37388825416565,1.6840001344680786,-101.43352715014285,-72.81423078459535,0.37822096179837145,-0.4571581934602742,1,320.0,221.0,218.56647284985715,-0.4571581934602742
15.383313417434692,1.6710001230239868,-101.22818498073315,-72.44601696129924,0.3777577757268634,-0.4564362736903761,1,320.0,221.0,218.77181501926685,-0.4564362736903761
15.395845174789429,1.6710001230239868,-101.02284281132344,-72.20200179806962,0.3775931528209245,-0.456365283834622,1,320.0,221.0,218.97715718867656,-0.456365283834622
15.40342402458191,1.6510000228881836,-100.61319587717598,-70.87774078383927,0.3742134810757216,-0.4546604884502976,1,320.0,221.0,219.386804122824,-0.4546604884502976
15.413849115371704,1.6510000228881836,-100.40645218302912,-70.62765495010122,0.3740405787878377,-0.4545859379602758,1,320.0,221.0,219.5935478169709,-0.4545859379602758
15.423636436462402,1.6370000839233398,-100.19970848888225,-70.23771004090024,0.37359557870487203,-0.45382835399208815,1,320.0,221.0,219.80029151111773,-0.45382835399208815
15.433379173278809,1.6370000839233398,-99.99296479473539,-69.98762420716218,0.3734226863971577,-0.4537525252119075,1,320.0,222.0,220.00703520526463,-0.4537525252119075
15.443709373474121,1.6170001029968262,-99.58493247360846,-68.73692904351141,0.37045717010140755,-0.4520986109403834,1,320.0,222.0,220.41506752639154,-0.4520986109403834
15.453150987625122,1.6170001029968262,-99.37680789505175,-68.48138146192662,0.37027735597499517,-0.45201942451646626,1,320.0,222.0,220.62319210494826,-0.45201942451646626
15.463541269302368,1.6040000915527344,-99.16868331649505,-68.08989627593168,0.3698882436813422,-0.4513239055330366,1,320.0,222.0,220.83131668350495,-0.4513239055330366
15.473228693008423,1.6040000915527344,-98.96055873793834,-67.83434869434689,0.36970854900993105,-0.45124356644560015,1,320.0,222.0,221.03944126206164,-0.45124356644560015
15.483767032623291,1.5830000638961792,-98.65541734585793,-66.63990966548963,0.367105710253136,-0.44989535766170136,1,320.0,222.0,221.34458265414207,-0.44989535766170136
15.493213176727295,1.5830000638961792,-98.4466271910937,-66.37946337893702,0.36692321610322637,-0.4498169078515374,1,320.0,222.0,221.55337280890632,-0.4498169078515374
15.503643989562988,1.5700000524520874,-98.23783703632947,-65.9764752502625,0.3665745008901424,-0.44913962045076333,1,320.0,222.0,221.76216296367053,-0.44913962045076333
15.513753175735474,1.5700000524520874,-98.02904688156524,-65.71602896370989,0.3663943973933157,-0.4490632585445365,1,320.0,222.0,221.97095311843475,-0.4490632585445365
15.523807525634766,1.5500000715255737,-97.820256726801,-65.23108166109823,0.3659709601783969,-0.4480741299625469,1,320.0,223.0,222.179743273199,-0.4480741299625469
15.533370018005371,1.5500000715255737,-97.52669059695913,-64.2411267565004,0.36371464813127735,-0.44775956652536725,1,320.0,223.0,222.47330940304087,-0.44775956652536725
15.543794870376587,1.5360000133514404,-97.31731907455548,-63.81464310073702,0.36339822898696367,-0.4470560576354998,1,320.0,223.0,222.68268092544452,-0.4470560576354998
15.553295612335205,1.5360000133514404,-97.10794755215184,-63.54919406779522,0.36321854757639355,-0.4469848106568225,1,320.0,223.0,222.89205244784816,-0.4469848106568225
15.564123392105103,1.5160000324249268,-96.88771032254826,-62.28921766298404,0.3607667232150863,-0.44599215681096654,1,320.0,223.0,223.11228967745174,-0.44599215681096654
15.573642015457153,1.5160000324249268,-96.6782642966284,-62.01856633355726,0.36058476930511313,-0.4459243770382857,1,320.0,223.0,223.3217357033716,-0.4459243770382857
15.583688259124756,1.502000093460083,-96.46881827070854,-61.578661925462676,0.36031537241980227,-0.44523878342359213,1,320.0,223.0,223.53118172929146,-0.44523878342359213
15.593284130096436,1.502000093460083,-96.25937224478868,-61.30801059603589,0.36013614177831565,-0.4451733075444128,1,320.0,224.0,223.74062775521134,-0.4451733075444128
15.603214740753174,1.4820001125335693,-96.02380604290738,-60.114477658098224,0.35804514479628435,-0.44416408478096203,1,320.0,224.0,223.97619395709262,-0.44416408478096203
15.61358904838562,1.4820001125335693,-95.81418088887058,-59.83919816002398,0.3578645790954373,-0.44410195412744136,1,320.0,224.0,224.18581911112943,-0.44410195412744136
15.623991966247559,1.468000054359436,-95.60455573483378,-59.38579842386385,0.3576404968152861,-0.443434730782009,1,320.0,224.0,224.39544426516622,-0.443434730782009
15.63356614112854,1.468000054359436,-95.39493058079698,-59.110518925789606,0.35746269202457487,-0.44337490601737745,1,320.0,225.0,224.605069419203,-0.44337490601737745
15.643882513046265,1.4480000734329224,-95.14551727092393,-57.97662616933749,0.3556977640709979,-0.44235673208311055,1,320.0,225.0,224.85448272907607,-0.44235673208311055
15.653331756591797,1.4480000734329224,-94.93561922090569,-57.697248994774284,0.35551946036248866,-0.4423001521451112,1,320.0,225.0,225.0643807790943,-0.4423001521451112
15.66375207901001,1.434000015258789,-94.72572117088745,-57.230170554950135,0.35533911368008647,-0.4416517379807808,1,320.0,225.0,225.27427882911255,-0.4416517379807808
15.673220872879028,1.434000015258789,-94.51582312086921,-56.950793380386926,0.35516360158485205,-0.44159746693354224,1,320.0,225.0,225.48417687913079,-0.44159746693354224
15.684007406234741,1.4140000343322754,-94.30592507085098,-56.39600267006937,0.35499898661986407,-0.44070625358577376,1,320.0,225.0,225.69407492914902,-0.44070625358577376
15.693780660629272,1.4140000343322754,-94.16760924651715,-55.40089476456348,0.3530511904989724,-0.44083323555156884,1,320.0,225.0,225.83239075348285,-0.44083323555156884
15.703819751739502,1.4010000228881836,-93.95820201144815,-54.93283056302416,0.35291557769951426,-0.4402418910462215,1,320.0,225.0,226.04179798855185,-0.4402418910462215
15.713921070098877,1.4010000228881836,-93.74879477637916,-54.64854586653045,0.35274141000026643,-0.44019383831479597,1,320.0,225.0,226.25120522362084,-0.44019383831479597
15.72416353225708,1.380000114440918,-93.53938754131016,-54.05911465018772,0.35264867282426343,-0.43928053608909795,1,320.0,226.0,226.46061245868984,-0.43928053608909795
15.733550786972046,1.380000114440918,-93.37733941710766,-53.14847485918618,0.3509826319489543,-0.4393494064560949,1,320.0,226.0,226.62266058289234,-0.4393494064560949
15.743123054504395,1.3670001029968262,-93.16825675802244,-52.66567506941095,0.3508899896706476,-0.4387734969134462,1,320.0,226.0,226.83174324197756,-0.4387734969134462
15.754060983657837,1.3670001029968262,-92.95917409893721,-52.37709764407866,0.3507183586596281,-0.43873166098763294,1,320.0,226.0,227.0408259010628,-0.43873166098763294
15.763278007507324,1.3470001220703125,-92.85438547778111,-51.11965788377191,0.34916497349502584,-0.43811977232401556,1,320.0,226.0,227.1456145222189,-0.43811977232401556
15.773850679397583,1.3470001220703125,-92.64601760085289,-50.826545121111195,0.3489929467669535,-0.43808225373322307,1,320.0,226.0,227.35398239914713,-0.43808225373322307
15.783482551574707,1.3340001106262207,-92.43764972392466,-50.328199206998505,0.3489446901672755,-0.4375199282825013,1,320.0,226.0,227.56235027607534,-0.4375199282825013
15.79484486579895,1.3340001106262207,-92.22928184699644,-50.03508644433779,0.348775286720457,-0.43748449337286277,1,320.0,226.0,227.77071815300354,-0.43748449337286277
15.803617000579834,1.3140000104904175,-92.02091397006822,-49.41719994634987,0.3488113173164162,-0.43665016301833154,1,320.0,227.0,227.97908602993178,-0.43665016301833154
15.813881158828735,1.3140000104904175,-91.91305867907523,-48.561376565140705,0.34740274530657345,-0.4368404163952996,1,320.0,227.0,228.08694132092478,-0.4368404163952996
15.823840379714966,1.3010001182556152,-91.70537963750398,-48.0472018637055,0.34739681117138577,-0.43629171496006236,1,320.0,227.0,228.294620362496,-0.43629171496006236
15.834389448165894,1.3010001182556152,-91.49770059593273,-47.75023271862073,0.3472305642001325,-0.43626261057409854,1,320.0,227.0,228.5022994040673,-0.43626261057409854
15.843926668167114,1.281000018119812,-91.29002155436147,-47.1092595344223,0.3473304717448153,-0.4354457855039686,1,320.0,228.0,228.7099784456385,-0.4354457855039686
15.853367805480957,1.281000018119812,-91.15505278090976,-46.22499953431282,0.3459235866790038,-0.4355743715624854,1,320.0,228.0,228.84494721909024,-0.4355743715624854
15.863765001296997,1.2680000066757202,-90.94787189089598,-45.693745407737765,0.34596142601010094,-0.4350400002013635,1,320.0,228.0,229.05212810910402,-0.4350400002013635
15.874833345413208,1.2680000066757202,-90.74069100088221,-45.39275262387821,0.3457983526790232,-0.4350169963129512,1,320.0,228.0,229.2593089991178,-0.4350169963129512
15.883851051330566,1.249000072479248,-90.53351011086843,-44.74533653079935,0.3459478074420648,-0.4342576567377788,1,320.0,229.0,229.46648988913157,-0.4342576567377788
15.893518209457397,1.249000072479248,-90.37400424518793,-43.83652711584067,0.344553267064055,-0.43433489670702435,1,320.0,229.0,229.62599575481207,-0.43433489670702435
15.903609037399292,1.2360000610351562,-90.16714991785463,-43.28729429428125,0.34463584573391287,-0.43381531670057083,1,320.0,229.0,229.83285008214537,-0.43381531670057083
15.91434383392334,1.2360000610351562,-89.96029559052133,-42.98213810975109,0.34447572397063797,-0.4337980123464139,1,320.0,229.0,230.03970440947867,-0.4337980123464139
15.924257040023804,1.2170000076293945,-89.75344126318802,-42.309454107311225,0.3446897067481312,-0.43305763835005096,1,320.0,229.0,230.24655873681198,-0.43305763835005096
15.933696269989014,1.2170000076293945,-89.67375759594142,-41.48165497151031,0.3435167719109066,-0.4332911375176214,1,320.0,229.0,230.32624240405858,-0.4332911375176214
15.943803071975708,1.2050000429153442,-89.46777424054417,-40.933911885278185,0.34362043981276097,-0.4328219872267719,1,320.0,229.0,230.53222575945583,-0.4328219872267719
15.953837394714355,1.2050000429153442,-89.26179088514692,-40.625176201020444,0.3434637189064113,-0.43281066163870463,1,320.0,229.0,230.73820911485308,-0.43281066163870463
15.963644742965698,1.186000108718872,-89.05580752974967,-39.9265783765577,0.34373898433715444,-0.43208539014225456,1,320.0,230.0,230.94419247025033,-0.43208539014225456
15.973395586013794,1.186000108718872,-88.94600099596157,-39.07094126883625,0.34256829454782795,-0.43225644035372024,1,320.0,230.0,231.05399900403842,-0.43225644035372024
15.98388934135437,1.1740000247955322,-88.74067629062955,-38.50470114590311,0.3427130008522822,-0.4317997814589541,1,320.0,230.0,231.25932370937045,-0.4317997814589541
15.9944486618042,1.1740000247955322,-88.53535158529753,-38.192220103333355,0.34255967695199707,-0.4317941956298471,1,320.0,230.0,231.46464841470248,-0.4317941956298471
16.003386735916138,1.156000018119812,-88.33002687996552,-37.5759909957043,0.3429304996289724,-0.4311223222568428,1,320.0,231.0,231.66997312003448,-0.4311223222568428
16.014087438583374,1.156000018119812,-88.1928572600601,-36.696275042828546,0.34177139316052635,-0.4312411727260354,1,320.0,231.0,231.8071427399399,-0.4312411727260354
16.0234432220459,1.1440000534057617,-87.9879992892057,-36.37990950524423,0.34213096341797145,-0.4307974871110575,1,320.0,231.0,232.0120007107943,-0.4307974871110575
16.035125255584717,1.1440000534057617,-87.78314131835131,-36.06354396765991,0.34198131931082293,-0.4307972332788642,1,320.0,231.0,232.2168586816487,-0.4307972332788642
16.04540491104126,1.1260000467300415,-87.57828334749692,-35.74717843007559,0.3426113966521098,-0.43014212368555,1,320.0,232.0,232.42171665250308,-0.43014212368555
16.054189443588257,1.1260000467300415,-87.41627775678938,-34.84681822831184,0.3414741513975085,-0.43021775916893495,1,320.0,232.0,232.58372224321062,-0.43021775916893495
16.064007997512817,1.1140000820159912,-87.21171324645049,-34.52645339419817,0.3418721681302889,-0.4297876735906173,1,320.0,232.0,232.78828675354953,-0.4297876735906173
16.0761296749115,1.1140000820159912,-87.00714873611159,-34.2060885600845,0.3417267732287082,-0.4297925816875958,1,320.0,232.0,232.9928512638884,-0.4297925816875958
16.083852529525757,1.096000075340271,-86.80258422577269,-33.885723725970834,0.34241259681477526,-0.4291552764802041,1,320.0,233.0,233.1974157742273,-0.4291552764802041
16.093211889266968,1.096000075340271,-86.61806076173006,-33.06937514503574,0.3414695484254635,-0.429195677732131,1,320.0,233.0,233.38193923826992,-0.429195677732131
16.103885650634766,1.0850000381469727,-86.4136335007648,-32.745613609094484,0.3418558492127248,-0.4288150832054143,1,320.0,233.0,233.5863664992352,-0.4288150832054143
16.11383891105652,1.0850000381469727,-86.20920623979954,-32.421852073153225,0.3417150814799583,-0.42882480705931103,1,320.0,233.0,233.79079376020047,-0.42882480705931103
16.123207092285156,1.0670000314712524,-86.00477897883428,-32.09809053721197,0.3424529897130114,-0.4282060606920719,1,320.0,233.0,233.99522102116572,-0.4282060606920719
16.1338152885437,1.0670000314712524,-85.90130109759629,-31.155774485077657,0.3413649268298288,-0.4283742440678468,1,320.0,233.0,234.09869890240373,-0.4283742440678468
16.143158435821533,1.055999994277954,-85.69756521850479,-30.82777659442484,0.34178808424039847,-0.4280048713229431,1,320.0,233.0,234.3024347814952,-0.4280048713229431
16.1543607711792,1.055999994277954,-85.4938293394133,-30.499778703772023,0.341651467083128,-0.4280198349193432,1,320.0,233.0,234.5061706605867,-0.4280198349193432
16.163556337356567,1.0390000343322754,-85.2900934603218,-30.171780813119206,0.34239542661454997,-0.4274504401853491,1,320.0,234.0,234.7099065396782,-0.4274504401853491
16.174118280410767,1.0390000343322754,-85.15831632823595,-29.31955213108845,0.3414962203958261,-0.4275735634819969,1,320.0,234.0,234.84168367176403,-0.4275735634819969
16.183404207229614,1.027999997138977,-84.9550733151678,-28.987963633925588,0.34195397890220625,-0.4272158593104788,1,320.0,234.0,235.0449266848322,-0.4272158593104788
16.194140672683716,1.027999997138977,-84.75183030209963,-28.656375136762726,0.3418218847393581,-0.42723567474561347,1,320.0,234.0,235.24816969790038,-0.42723567474561347
16.203720092773438,1.0110000371932983,-84.54858728903147,-28.324786639599864,0.3426170207479752,-0.4266816434892007,1,320.0,236.0,235.45141271096853,-0.4266816434892007
16.213242769241333,1.0110000371932983,-84.28977025683432,-27.453776612839775,0.34174108481293103,-0.42662719159348,1,320.0,236.0,235.71022974316568,-0.42662719159348
16.22343873977661,1.0,-84.08614657030637,-27.118493161394824,0.34223416087216085,-0.4262842853935427,1,320.0,236.0,235.91385342969363,-0.4262842853935427
16.234277963638306,1.0,-83.88252288377842,-26.783209709949872,0.3421066939610033,-0.4263082973346044,1,320.0,236.0,236.11747711622158,-0.4263082973346044
16.243571519851685,0.984000027179718,-83.67889919725047,-26.44792625850492,0.3428966895509321,-0.42580763708985236,1,320.0,237.0,236.32110080274953,-0.42580763708985236
16.25395655632019,0.984000027179718,-83.40653480865858,-25.56102295345149,0.342048529589908,-0.4257439430317511,1,320.0,237.0,236.5934651913414,-0.4257439430317511
16.263513803482056,0.9730000495910645,-83.20244021729069,-25.221960656998064,0.34216043244239847,-0.425641248860196,1,320.0,237.0,236.7975597827093,-0.425641248860196
16.27409601211548,0.9730000495910645,-82.9983456259228,-24.882898360544637,0.3420350068876416,-0.4256677809747783,1,320.0,237.0,237.0016543740772,-0.4256677809747783
16.283737421035767,0.956000030040741,-82.7942510345549,-24.54383606409121,0.3419090727394401,-0.42569400694747356,1,320.0,237.0,237.20574896544508,-0.42569400694747356
16.293246269226074,0.956000030040741,-82.61098035634724,-23.643680493008496,0.34105117208037894,-0.42574707345217955,1,320.0,237.0,237.38901964365277,-0.42574707345217955
16.303773641586304,0.956000030040741,-82.40702843131028,-23.300774100674396,0.34092152817320953,-0.42577278707080884,1,320.0,237.0,237.59297156868973,-0.42577278707080884
16.313416242599487,0.9460000395774841,-82.20307650627332,-22.957867708340295,0.34079136990645165,-0.4257981947615505,1,320.0,237.0,237.7969234937267,-0.4257981947615505
16.323598623275757,0.9460000395774841,-81.99912458123636,-22.614961316006195,0.34066069728010534,-0.42582329652440465,1,320.0,239.0,238.00087541876366,-0.42582329652440465
16.333072662353516,0.9300000667572021,-81.69408713305673,-21.703966306182608,0.3397888895270956,-0.4257163065157806,1,320.0,239.0,238.3059128669433,-0.4257163065157806
16.343810081481934,0.9300000667572021,-81.48944259831812,-21.35716752970056,0.33965446186567877,-0.4257403113030035,1,320.0,239.0,238.51055740168187,-0.4257403113030035
16.35329246520996,0.9190000295639038,-81.28479806357952,-21.010368753218515,0.3395195140060972,-0.4257640091234243,1,320.0,239.0,238.7152019364205,-0.4257640091234243
16.363273859024048,0.9190000295639038,-81.08015352884091,-20.66356997673647,0.3393840459483509,-0.4257873999770431,1,320.0,240.0,238.91984647115908,-0.4257873999770431
16.373836278915405,0.9030000567436218,-80.76625837194032,-19.845080919335622,0.3386330762129231,-0.4256680448271163,1,320.0,240.0,239.23374162805968,-0.4256680448271163
16.38327646255493,0.9030000567436218,-80.56086521335028,-19.495049954443118,0.33849430392470636,-0.4256902974088131,1,320.0,240.0,239.43913478664973,-0.4256902974088131
16.39404296875,0.8920000195503235,-80.35547205476024,-19.145018989550614,0.33835500659004225,-0.42571224190077206,1,320.0,240.0,239.64452794523976,-0.42571224190077206
16.40429186820984,0.8920000195503235,-80.1500788961702,-18.79498802465811,0.33821518420893093,-0.4257338783029931,1,320.0,241.0,239.8499211038298,-0.4257338783029931
16.413872957229614,0.8770000338554382,-79.82839206849887,-17.85897950473548,0.337310806105497,-0.42560357635280577,1,320.0,241.0,240.17160793150111,-0.42560357635280577
16.423950910568237,0.8770000338554382,-79.62220195273376,-17.504932852483577,0.33716712111169483,-0.4256240384001676,1,320.0,241.0,240.37779804726625,-0.4256240384001676
16.43346881866455,0.8660000562667847,-79.41601183696865,-17.150886200231675,0.3370229050479143,-0.42564419116235586,1,320.0,241.0,240.58398816303134,-0.42564419116235586
16.443840503692627,0.8660000562667847,-79.20982172120354,-16.796839547979772,0.3368781579141553,-0.42566403463937036,1,320.0,242.0,240.79017827879647,-0.42566403463937036
16.453267097473145,0.8510000109672546,-78.88132282509433,-15.856752520904287,0.33596872525367555,-0.42552408698727384,1,320.0,242.0,241.11867717490566,-0.42552408698727384
16.464296102523804,0.8510000109672546,-78.6742944579442,-15.498689401850179,0.33582010299063236,-0.42554272481272865,1,320.0,242.0,241.3257055420558,-0.42554272481272865
16.474010705947876,0.8400000333786011,-78.46726609079407,-15.14062628279607,0.33567094363291056,-0.42556105209563283,1,320.0,242.0,241.53273390920594,-0.42556105209563283
16.48414635658264,0.8400000333786011,-78.26023772364394,-14.782563163741962,0.33552124718051024,-0.42557906883598623,1,320.0,244.0,241.73976227635606,-0.42557906883598623
16.493740558624268,0.8250000476837158,-77.82474768605118,-13.840006641180416,0.33460883652631274,-0.42529886191103927,1,320.0,244.0,242.17525231394882,-0.42529886191103927
16.503141164779663,0.8250000476837158,-77.61615341199746,-13.477937326015223,0.33445526016102245,-0.4253151608896115,1,320.0,244.0,242.38384658800254,-0.4253151608896115
16.51342749595642,0.815000057220459,-77.40755913794374,-13.11586801085003,0.33430114069175937,-0.4253311469767726,1,320.0,244.0,242.59244086205626,-0.4253311469767726
16.523178100585938,0.815000057220459,-77.19896486389001,-12.753798695684836,0.33414647811852366,-0.4253468201725227,1,320.0,245.0,242.80103513611,-0.4253468201725227
16.533529043197632,0.7990000247955322,-76.76813513134569,-11.810229370130145,0.33321524600355823,-0.42495721982949336,1,320.0,245.0,243.23186486865433,-0.42495721982949336
16.544835567474365,0.7990000247955322,-76.5580175066969,-11.44417406464246,0.33303953945692416,-0.424856363369662,1,320.0,245.0,243.4419824933031,-0.424856363369662
16.55347442626953,0.7890000343322754,-76.34789988204811,-11.078118759154776,0.3328638329102901,-0.42475550690983055,1,320.0,245.0,243.65210011795187,-0.42475550690983055
16.56393599510193,0.7890000343322754,-76.13778225739932,-10.712063453667092,0.33268812636365597,-0.4246546504499991,1,320.0,246.0,243.86221774260068,-0.4246546504499991
16.573351860046387,0.7740000486373901,-75.71163901101309,-9.768796856098,0.3317605325802889,-0.424272394596185,1,320.0,246.0,244.2883609889869,-0.424272394596185
16.58394742012024,0.7740000486373901,-75.5000404939014,-9.398784668805867,0.3315829267303887,-0.4241708273079714,1,320.0,246.0,244.4999595060986,-0.4241708273079714
16.593759775161743,0.7640000581741333,-75.2884419767897,-9.028772481513734,0.33140532088048846,-0.42406926001975775,1,320.0,246.0,244.7115580232103,-0.42406926001975775
16.60341739654541,0.7640000581741333,-75.076843459678,-8.6587602942216,0.3312277150305883,-0.42396769273154417,1,320.0,248.0,244.923156540322,-0.42396769273154417
16.61401057243347,0.7490000128746033,-74.55435752931992,-7.615940149544816,0.33017365819179484,-0.4234611397742647,1,320.0,248.0,245.44564247068007,-0.4234611397742647
16.623809814453125,0.7490000128746033,-74.34062768128565,-7.241315435841443,0.32999383832921725,-0.42335854944720824,1,320.0,248.0,245.65937231871436,-0.42335854944720824
16.63330841064453,0.7400000095367432,-74.12689783325139,-6.86669072213807,0.3298140184666396,-0.4232559591201518,1,320.0,248.0,245.8731021667486,-0.4232559591201518
16.643868446350098,0.7400000095367432,-73.91316798521713,-6.492066008434698,0.329634198604062,-0.42315336879309534,1,320.0,250.0,246.08683201478289,-0.42315336879309534
16.653260946273804,0.7250000238418579,-73.30408067719146,-5.360498531636967,0.3284682883272274,-0.4225357352943349,1,320.0,250.0,246.69591932280855,-0.4225357352943349
16.663818836212158,0.7250000238418579,-73.0876402325663,-4.980684168867164,0.3282859774330979,-0.4224318438809148,1,320.0,250.0,246.9123597674337,-0.4224318438809148
16.673543453216553,0.7150000333786011,-72.87119978794114,-4.600869806097361,0.3281036665389684,-0.42232795246749477,1,320.0,250.0,247.12880021205888,-0.42232795246749477
16.68320369720459,0.7150000333786011,-72.65475934331597,-4.2210554433275576,0.3279213556448389,-0.4222240610540747,1,320.0,252.0,247.34524065668404,-0.4222240610540747
16.693708419799805,0.7010000348091125,-71.96806877778864,-3.0107035530442268,0.32665704115233607,-0.4215075394992149,1,320.0,252.0,248.03193122221137,-0.4215075394992149
16.703147411346436,0.7010000348091125,-71.74840408246843,-2.625194643731369,0.3264719968758659,-0.42140210044546117,1,320.0,252.0,248.25159591753157,-0.42140210044546117
16.71370029449463,0.6910000443458557,-71.5287393871482,-2.2396857344185115,0.3262869525993957,-0.42129666139170746,1,320.0,252.0,248.47126061285178,-0.42129666139170746
16.723252058029175,0.6910000443458557,-71.30907469182799,-1.8541768251056538,0.32610190832292557,-0.42119122233795375,1,320.0,254.0,248.690925308172,-0.42119122233795375
16.73363947868347,0.6770000457763672,-70.55308723312244,-0.5742189095182368,0.3247515596634466,-0.42038705226376616,1,320.0,254.0,249.44691276687757,-0.42038705226376616
16.743065118789673,0.6770000457763672,-70.32974507035215,-0.18257692637206802,0.3245635715115365,-0.42027984802563645,1,320.0,254.0,249.67025492964785,-0.42027984802563645
16.753488302230835,0.6680000424385071,-70.10640290758185,0.2090650567741008,0.3243755833596263,-0.4201726437875067,1,320.0,254.0,249.89359709241813,-0.4201726437875067
16.763283252716064,0.6680000424385071,-69.88306074481156,0.6007070399202696,0.3241875952077161,-0.420065439549377,1,320.0,257.0,250.11693925518844,-0.420065439549377
16.77383828163147,0.6540000438690186,-68.96442329851423,2.0428379865133586,0.3226309700226237,-0.41905236489552233,1,320.0,257.0,251.03557670148575,-0.41905236489552233
16.783347606658936,0.6540000438690186,-68.73631339674701,2.4416833224155923,0.3224395242613906,-0.41894287214267406,1,320.0,257.0,251.263686603253,-0.41894287214267406
16.795329093933105,0.6450000405311584,-68.50820349497978,2.840528658317826,0.3222480785001576,-0.4188333793898258,1,320.0,257.0,251.4917965050202,-0.4188333793898258
16.803314447402954,0.6450000405311584,-68.28009359321256,3.2393739942200597,0.3220566327389245,-0.4187238866369775,1,320.0,260.0,251.71990640678746,-0.4187238866369775
16.8139169216156,0.6310000419616699,-67.21559717515004,4.725168698123223,0.3204490090665523,-0.4175246723714056,1,320.0,260.0,252.78440282484996,-0.4175246723714056
16.82334804534912,0.6310000419616699,-66.98175180684197,5.131467719146276,0.3202539855364613,-0.41741242659461775,1,320.0,260.0,253.01824819315803,-0.41741242659461775
16.83371376991272,0.6220000386238098,-66.7479064385339,5.537766740169328,0.3200589620063702,-0.4173001808178299,1,320.0,260.0,253.2520935614661,-0.4173001808178299
16.843322277069092,0.6220000386238098,-66.51406107022584,5.94406576119238,0.31986393847627914,-0.417187935041042,1,320.0,263.0,253.48593892977416,-0.417187935041042
16.853782415390015,0.609000027179718,-65.31921220427012,7.568119733059914,0.3180822731432876,-0.4158235750182443,1,320.0,263.0,254.68078779572988,-0.4158235750182443
16.863116979599,0.609000027179718,-65.07877656456922,7.9827697493037615,0.31788324113549055,-0.4157081659111879,1,320.0,263.0,254.92122343543076,-0.4157081659111879
16.873825073242188,0.6000000238418579,-64.83834092486833,8.397419765547609,0.31768420912769346,-0.4155927568041315,1,320.0,263.0,255.16165907513167,-0.4155927568041315
16.883431911468506,0.6000000238418579,-64.59790528516744,8.812069781791456,0.31748517711989643,-0.41547734769707506,1,320.0,266.0,255.40209471483257,-0.41547734769707506
16.894877672195435,0.5870000123977661,-63.28701336396484,10.558785179091828,0.3155505282200025,-0.4139671857266479,1,320.0,266.0,256.71298663603517,-0.4139671857266479
16.903257846832275,0.5870000123977661,-63.03923660886186,10.982570407912256,0.3153471113101687,-0.41384825288419846,1,320.0,266.0,256.96076339113813,-0.41384825288419846
16.913880109786987,0.578000009059906,-62.79145985375889,11.406355636732684,0.3151436944003349,-0.41372932004174906,1,320.0,266.0,257.2085401462411,-0.41372932004174906
16.92372226715088,0.578000009059906,-62.54368309865591,11.830140865553112,0.3149402774905011,-0.4136103871992996,1,320.0,269.0,257.4563169013441,-0.4136103871992996
16.933140754699707,0.5649999976158142,-61.129941887227574,13.786150810442468,0.31274040773643225,-0.41197223003505495,1,320.0,269.0,258.8700581127724,-0.41197223003505495
16.943692445755005,0.5649999976158142,-60.874168787268275,14.220444247433912,0.31253194688667635,-0.4118494589470745,1,320.0,269.0,259.1258312127317,-0.4118494589470745
16.953465223312378,0.5560000538825989,-60.618395687308976,14.654737684425356,0.3123234860369205,-0.411726687859094,1,320.0,269.0,259.381604312691,-0.411726687859094
16.96405792236328,0.5560000538825989,-60.36262258734968,15.0890311214168,0.3121150251871646,-0.4116039167711135,1,320.0,273.0,259.6373774126503,-0.4116039167711135
16.97338628768921,0.5440000295639038,-58.757183236173496,17.23138477051139,0.3096809647009897,-0.4097225327860522,1,320.0,273.0,261.2428167638265,-0.4097225327860522
16.98393678665161,0.5440000295639038,-58.49215369374339,17.677392630291244,0.30946688092829533,-0.40959531860568577,1,320.0,273.0,261.5078463062566,-0.40959531860568577
16.993425130844116,0.5350000262260437,-58.227124151313284,18.123400490071102,0.30925279715560106,-0.40946810442531933,1,320.0,273.0,261.77287584868674,-0.40946810442531933
17.0042667388916,0.5350000262260437,-57.96209460888318,18.56940834985096,0.30903871338290667,-0.40934089024495285,1,320.0,277.0,262.03790539111685,-0.40934089024495285
17.013768196105957,0.5230000019073486,-56.1858638989808,20.87694244288787,0.3063990285051458,-0.40724455462202414,1,320.0,277.0,263.8141361010192,-0.40724455462202414
17.02322745323181,0.5230000019073486,-55.910469815865895,21.33571754027692,0.306178816458399,-0.407112365462129,1,320.0,277.0,264.0895301841341,-0.407112365462129
17.033311367034912,0.5139999985694885,-55.63507573275099,21.79449263766597,0.3059586044116523,-0.4069801763022338,1,320.0,277.0,264.364924267249,-0.4069801763022338
17.04401135444641,0.5139999985694885,-55.35968164963609,22.25326773505502,0.3057383923649055,-0.40684798714233866,1,320.0,282.0,264.64031835036394,-0.40684798714233866
17.053586721420288,0.5020000338554382,-53.33094009630818,24.80748624356736,0.30278774638573186,-0.40443112667965797,1,320.0,282.0,266.66905990369185,-0.40443112667965797
17.06320595741272,0.5020000338554382,-53.04352047555092,25.280633183415475,0.3025606358546048,-0.40429316526169445,1,320.0,282.0,266.9564795244491,-0.40429316526169445
17.07357668876648,0.4930000305175781,-52.75610085479366,25.75378012326359,0.3023335253234777,-0.404155203843731,1,320.0,282.0,267.24389914520634,-0.404155203843731
17.08374834060669,0.4930000305175781,-52.468681234036396,26.226927063111702,0.30210641479235056,-0.4040172424257675,1,320.0,287.0,267.5313187659636,-0.4040172424257675
17.094292163848877,0.48100003600120544,-50.21491514327555,29.101166171897457,0.2987505654179706,-0.40131703676762753,1,320.0,287.0,269.78508485672444,-0.40131703676762753
17.103650331497192,0.48100003600120544,-49.914008873063494,29.590781566763596,0.2985155500284349,-0.40117260175792574,1,320.0,287.0,270.0859911269365,-0.40117260175792574
17.113582611083984,0.47300001978874207,-49.61310260285144,30.080396961629734,0.29828053463889914,-0.40102816674822395,1,320.0,287.0,270.3868973971486,-0.40102816674822395
17.123905181884766,0.47300001978874207,-49.31219633263939,30.570012356495873,0.2980455192493634,-0.40088373173852215,1,320.0,292.0,270.68780366736064,-0.40088373173852215
17.133758544921875,0.4610000252723694,-46.858757530230974,33.72905737467408,0.29433207594055666,-0.3979344169178887,1,320.0,292.0,273.14124246976905,-0.3979344169178887
17.143423318862915,0.4610000252723694,-46.543087391723276,34.23698195037423,0.2940882721442206,-0.39778289525140503,1,320.0,292.0,273.45691260827675,-0.39778289525140503
17.153048992156982,0.453000009059906,-46.22741725321558,34.744906526074374,0.2938444683478845,-0.39763137358492134,1,320.0,292.0,273.77258274678445,-0.39763137358492134
17.16398572921753,0.453000009059906,-45.91174711470788,35.25283110177452,0.29360066455154843,-0.39747985191843765,1,320.0,298.0,274.08825288529215,-0.39747985191843765
17.172893285751343,0.4400000274181366,-43.180997612272485,38.76521091015764,0.2894418434177019,-0.394181311292115,1,320.0,298.0,276.8190023877275,-0.394181311292115
17.183833599090576,0.4400000274181366,-42.84876263322184,39.29374280940631,0.2891881481060625,-0.39402183850217065,1,320.0,298.0,277.15123736677816,-0.39402183850217065
17.1931631565094,0.43300002813339233,-42.51652765417119,39.82227470865498,0.2889344527944232,-0.3938623657122264,1,320.0,298.0,277.48347234582883,-0.3938623657122264
17.204123973846436,0.43300002813339233,-42.184292675120545,40.35080660790365,0.2886807574827838,-0.39370289292228206,1,320.0,305.0,277.81570732487944,-0.39370289292228206
17.213102340698242,0.42100003361701965,-39.106458345427576,44.27788945093066,0.28399848120212867,-0.38996568678835003,1,320.0,305.0,280.8935416545724,-0.38996568678835003
17.223910331726074,0.42100003361701965,-38.755391319246264,44.82973198781268,0.28373359678442533,-0.389797174615783,1,320.0,305.0,281.24460868075374,-0.389797174615783
17.2335102558136,0.4130000174045563,-38.40432429306495,45.3815745246947,0.28346871236672194,-0.389628662443216,1,320.0,305.0,281.595675706935,-0.389628662443216
17.24479627609253,0.4130000174045563,-38.05325726688364,45.93341706157672,0.28320382794901855,-0.38946015027064895,1,320.0,312.0,281.94674273311637,-0.38946015027064895
17.25345015525818,0.4010000228881836,-34.666831384978515,50.228959649818634,0.2780605796077544,-0.3853363038208486,1,320.0,312.0,285.33316861502146,-0.3853363038208486
17.264066696166992,0.4010000228881836,-34.29494467524316,50.80648041919156,0.2777833696384554,-0.3851577982001756,1,320.0,312.0,285.7050553247568,-0.3851577982001756
17.273888111114502,0.3930000066757202,-33.9230579655078,51.38400118856448,0.27750615966915637,-0.38497929257950264,1,320.0,312.0,286.0769420344922,-0.38497929257950264
17.28396248817444,0.3930000066757202,-33.551171255772445,51.9615219579374,0.2772289496998574,-0.3848007869588297,1,320.0,321.0,286.44882874422757,-0.3848007869588297
17.29387354850769,0.38200002908706665,-29.689642435716596,56.78489714837733,0.2714190012661001,-0.38007495700335026,1,320.0,321.0,290.3103575642834,-0.38007495700335026
17.30344247817993,0.38200002908706665,-29.2938199249658,57.391540653936474,0.2711278123834317,-0.3798849621981899,1,320.0,321.0,290.7061800750342,-0.3798849621981899
17.313899517059326,0.37400001287460327,-28.897997414215002,57.998184159495615,0.2708366235007633,-0.3796949673930295,1,320.0,321.0,291.102002585785,-0.3796949673930295
17.32384157180786,0.37400001287460327,-28.502174903464205,58.604827665054756,0.27054543461809494,-0.3795049725878691,1,320.0,330.0,291.4978250965358,-0.3795049725878691
17.334060192108154,0.3630000054836273,-24.21766365955853,63.897346303227444,0.264148098893995,-0.3742476416388153,1,320.0,330.0,295.7823363404415,-0.3742476416388153
17.343448400497437,0.3630000054836273,-23.79516810254124,64.53613086526806,0.2638414823042155,-0.374044843771447,1,320.0,330.0,296.20483189745875,-0.374044843771447
17.353962898254395,0.35600000619888306,-23.37267254552395,65.17491542730866,0.263534865714436,-0.3738420459040787,1,320.0,330.0,296.6273274544761,-0.3738420459040787
17.363502264022827,0.35600000619888306,-22.950176988506662,65.81369998934929,0.2632282491246565,-0.3736392480367104,1,320.0,341.0,297.04982301149334,-0.3736392480367104
17.373239278793335,0.3440000116825104,-18.088749558465345,71.72325810283772,0.2560532887260029,-0.36765207906128644,1,320.0,341.0,301.91125044153466,-0.36765207906128644
17.38370943069458,0.3440000116825104,-17.635806636373022,72.39819576907982,0.2557293186462067,-0.36743466645868217,1,320.0,341.0,302.36419336362695,-0.36743466645868217
17.393166065216064,0.3370000123977661,-17.1828637142807,73.07313343532194,0.2554053485664105,-0.36721725385607784,1,320.0,341.0,302.8171362857193,-0.36721725385607784
17.403742790222168,0.3370000123977661,-16.729920792188377,73.74807110156405,0.2550813784866143,-0.3669998412534735,1,320.0,352.0,303.27007920781165,-0.3669998412534735
17.413180828094482,0.32600000500679016,-11.35529561191981,80.40740526345775,0.24695912789411895,-0.36036897344757157,1,320.0,352.0,308.6447043880802,-0.36036897344757157
17.42355966567993,0.32600000500679016,-10.868593958832712,81.12339101465642,0.24661545473354357,-0.36013535665408974,1,320.0,352.0,309.1314060411673,-0.36013535665408974
17.433383226394653,0.3190000057220459,-10.381892305745613,81.83937676585506,0.2462717815729682,-0.35990173986060797,1,320.0,352.0,309.6181076942544,-0.35990173986060797
17.4439754486084,0.3190000057220459,-9.895190652658513,82.55536251705374,0.24592810841239285,-0.35966812306712614,1,320.0,366.0,310.1048093473415,-0.35966812306712614
17.45363187789917,0.30800002813339233,-3.763119491830431,89.9822034602507,0.2368394936462279,-0.3520780032237744,1,320.0,366.0,316.2368805081696,-0.3520780032237744
17.4631130695343,0.30800002813339233,-3.2376951246920473,90.74422030406129,0.2364737255611988,-0.351825799527548,1,320.0,366.0,316.76230487530796,-0.351825799527548
17.47371745109558,0.30100002884864807,-2.7122707575536635,91.50623714787187,0.23610795747616972,-0.3515735958313216,1,320.0,366.0,317.28772924244635,-0.3515735958313216
17.48326086997986,0.30100002884864807,-2.1868463904152797,92.26825399168246,0.23574218939114064,-0.35132139213509517,1,320.0,381.0,317.81315360958473,-0.35132139213509517
17.493763208389282,0.2900000214576721,4.7204001489395955,100.57811885907594,0.22554078389029725,-0.34275300497279915,1,320.0,381.0,324.7204001489396,-0.34275300497279915
17.503177642822266,0.2900000214576721,5.289598756273026,101.39190795592398,0.2251501651238102,-0.3424797896412791,1,320.0,381.0,325.28959875627305,-0.3424797896412791
17.513791799545288,0.28300002217292786,5.858797363606457,102.20569705277202,0.22475954635732315,-0.3422065743097591,1,320.0,381.0,325.85879736360647,-0.3422065743097591
17.52345323562622,0.28300002217292786,6.427995970939888,103.01948614962006,0.22436892759083607,-0.341933358978239,1,320.0,,326.4279959709399,-0.341933358978239
17.53393268585205,0.2720000147819519,6.9971945782733185,103.8332752464681,0.22397830882434902,-0.341660143646719,1,320.0,,326.9971945782733,-0.341660143646719
17.54345703125,0.2720000147819519,7.566393185606749,104.64706434331615,0.22358769005786194,-0.3413869283151989,1,320.0,,327.5663931856067,-0.3413869283151989
17.553574800491333,0.26500001549720764,8.135591792940179,105.46085344016419,0.2231970712913749,-0.3411137129836789,1,320.0,,328.1355917929402,-0.3411137129836789
17.563907384872437,0.26500001549720764,8.704790400273609,106.27464253701223,0.22280645252488784,-0.34084049765215885,1,320.0,,328.7047904002736,-0.34084049765215885
17.573748111724854,0.2540000081062317,9.273989007607039,107.08843163386027,0.2224158337584008,-0.3405672823206388,1,320.0,,329.27398900760704,-0.3405672823206388
17.583290576934814,0.2540000081062317,9.843187614940469,107.90222073070831,0.22202521499191372,-0.34029406698911874,1,320.0,,329.84318761494046,-0.34029406698911874
17.593745946884155,0.24700000882148743,10.412386222273899,108.71600982755635,0.22163459622542667,-0.3400208516575987,1,320.0,,330.4123862222739,-0.3400208516575987
17.60326337814331,0.24700000882148743,10.981584829607328,109.52979892440439,0.2212439774589396,-0.33974763632607863,1,320.0,,330.9815848296073,-0.33974763632607863
17.61379647254944,0.2370000183582306,11.550783436940758,110.34358802125243,0.22085335869245254,-0.3394744209945586,1,320.0,,331.5507834369408,-0.3394744209945586
17.62326717376709,0.2370000183582306,12.119982044274188,111.15737711810047,0.2204627399259655,-0.3392012056630386,1,320.0,,332.1199820442742,-0.3392012056630386
17.63395357131958,0.23000000417232513,12.689180651607618,111.97116621494851,0.2200721211594784,-0.33892799033151855,1,320.0,,332.6891806516076,-0.33892799033151855
17.643871784210205,0.23000000417232513,13.258379258941048,112.78495531179655,0.21968150239299136,-0.33865477499999846,1,320.0,,333.25837925894103,-0.33865477499999846
17.653892755508423,0.21900001168251038,13.827577866274478,113.59874440864459,0.2192908836265043,-0.33838155966847844,1,320.0,,333.82757786627445,-0.33838155966847844
17.66333818435669,0.21900001168251038,14.396776473607908,114.41253350549263,0.21890026486001724,-0.33810834433695836,1,320.0,,334.39677647360793,-0.33810834433695836
17.672934532165527,0.21300001442432404,14.965975080941337,115.22632260234067,0.21850964609353019,-0.33783512900543833,1,320.0,,334.96597508094135,-0.33783512900543833
17.68347954750061,0.21300001442432404,15.535173688274767,116.04011169918871,0.21811902732704314,-0.3375619136739183,1,320.0,,335.53517368827477,-0.3375619136739183
17.693395614624023,0.20400001108646393,16.104372295608197,116.85390079603675,0.21772840856055606,-0.3372886983423982,1,320.0,,336.1043722956082,-0.3372886983423982
17.703899383544922,0.20400001108646393,16.673570902941627,117.6676898928848,0.217337789794069,-0.3370154830108782,1,320.0,,336.6735709029416,-0.3370154830108782
17.71411943435669,0.20000000298023224,17.242769510275057,118.48147898973284,0.21694717102758193,-0.3367422676793581,1,320.0,,337.2427695102751,-0.3367422676793581
17.7238667011261,0.20000000298023224,17.811968117608487,119.29526808658088,0.21655655226109488,-0.3364690523478381,1,320.0,,337.8119681176085,-0.3364690523478381
17.73427653312683,0.1940000057220459,18.381166724941917,120.10905718342892,0.21616593349460783,-0.33619583701631806,1,320.0,,338.3811667249419,-0.33619583701631806
