time,alt,pos_x_est,pos_y_est,vel_x_cmd,vel_y_cmd,target_visible,setpoint_x,raw_x,filtered_x,cmd_y
9.063591718673706,4.514000415802002,-98.31506961338658,-103.31023913054223,0.14316528285753605,-0.131523290629586,1,320.0,,221.68493038661342,-0.131523290629586
9.072948932647705,4.538000106811523,-98.35858171920476,-103.40019294666267,0.14379022840161387,-0.13206729806516387,1,320.0,,221.64141828079522,-0.13206729806516387
9.083771705627441,4.538000106811523,-98.40209382502294,-103.46244776234678,0.14438224641924655,-0.1326115230612708,1,320.0,,221.59790617497706,-0.1326115230612708
9.09341812133789,4.553000450134277,-98.44560593084113,-103.54186137614136,0.14499525206268074,-0.13315596561790682,1,320.0,,221.5543940691589,-0.13315596561790682
9.104372262954712,4.553000450134277,-98.4891180366593,-103.60411619182547,0.1455879784224608,-0.13370062573507194,1,320.0,,221.5108819633407,-0.13370062573507194
9.113848209381104,4.576000213623047,-98.53263014247749,-103.6924538979667,0.14621244593932012,-0.13424550341276614,1,320.0,,221.4673698575225,-0.13424550341276614
9.123178482055664,4.576000213623047,-98.57614224829567,-103.75470871365081,0.1468059252617093,-0.13479059865098944,1,320.0,,221.42385775170433,-0.13479059865098944
9.133672952651978,4.589000225067139,-98.61965435411385,-103.83158636594425,0.14741733637629115,-0.1353359114497418,1,320.0,,221.38034564588617,-0.1353359114497418
9.144145727157593,4.589000225067139,-98.66316645993203,-103.89384118162836,0.14801151136102023,-0.13588144180902328,1,320.0,231.0,221.33683354006797,-0.13588144180902328
9.153606176376343,4.6060004234313965,-97.41063002972199,-102.38424806352971,0.14351538031419944,-0.13226124946095602,1,320.0,231.0,222.58936997027803,-0.13226124946095602
9.16295838356018,4.6060004234313965,-97.44546146293362,-102.43584774406241,0.14408947916955903,-0.13279027448812467,1,320.0,231.0,222.55453853706638,-0.13279027448812467
9.173426389694214,4.61400032043457,-97.48029289614526,-102.49633508255995,0.14467454565116886,-0.13331947367245936,1,320.0,231.0,222.51970710385473,-0.13331947367245936
9.183287143707275,4.61400032043457,-97.5151243293569,-102.54793476309266,0.14524920494162355,-0.1338488470139601,1,320.0,231.0,222.4848756706431,-0.1338488470139601
9.19377088546753,4.624000072479248,-96.45737523433628,-101.39327624620452,0.14193498144635444,-0.13087581770381382,1,320.0,231.0,223.54262476566373,-0.13087581770381382
9.203224897384644,4.624000072479248,-96.48491994330695,-101.43675726121644,0.14249434245067485,-0.13139129595429513,1,320.0,231.0,223.51508005669305,-0.13139129595429513
9.215607166290283,4.627000331878662,-96.51246465227761,-101.48354837770587,0.1430579095323507,-0.13190691192832132,1,320.0,231.0,223.48753534772237,-0.13190691192832132
9.223132371902466,4.627000331878662,-96.54000936124828,-101.5270293927178,0.14361772189732858,-0.13242266562589236,1,320.0,230.0,223.45999063875172,-0.13242266562589236
9.233880519866943,4.629000186920166,-95.75923364317451,-100.77526724061826,0.14162861001008797,-0.1303519654222379,1,320.0,230.0,224.24076635682547,-0.1303519654222379
9.243447542190552,4.629000186920166,-95.7814031337779,-100.81344534349378,0.1421784909602561,-0.13085747582663085,1,320.0,230.0,224.2185968662221,-0.13085747582663085
9.253825902938843,4.628000259399414,-95.80357262438129,-100.85052173548546,0.1427272352393235,-0.13136309707847682,1,320.0,230.0,224.19642737561873,-0.13136309707847682
9.263233423233032,4.628000259399414,-95.82574211498468,-100.88869983836098,0.14327749246196594,-0.13186882917777581,1,320.0,,224.17425788501532,-0.13186882917777581
9.273462533950806,4.623000144958496,-95.84791160558807,-100.92136145505474,0.14382129320927373,-0.13237467212452783,1,320.0,,224.15208839441192,-0.13237467212452783
9.283931493759155,4.623000144958496,-95.87008109619146,-100.95953955793026,0.144371904630514,-0.13288062591873284,1,320.0,,224.12991890380854,-0.13288062591873284
9.293729782104492,4.618000030517578,-95.89225058679484,-100.99218879998874,0.14491604466498412,-0.13338669056039087,1,320.0,,224.10774941320517,-0.13338669056039087
9.303287506103516,4.618000030517578,-95.91442007739823,-101.03036690286426,0.14546701022294908,-0.13389286604950193,1,320.0,227.0,224.08557992260177,-0.13389286604950193
9.313662052154541,4.607000350952148,-95.55862626614177,-100.67177462073828,0.1447770698894499,-0.1331938136944933,1,320.0,227.0,224.44137373385823,-0.1331938136944933
9.323037385940552,4.607000350952148,-95.5782961137024,-100.70740942872028,0.1453233687061719,-0.13369530899213453,1,320.0,227.0,224.42170388629762,-0.13369530899213453
9.333423852920532,4.599000453948975,-95.59796596126301,-100.734128551554,0.14585910229633015,-0.1341969026390136,1,320.0,227.0,224.40203403873699,-0.1341969026390136
9.34396481513977,4.599000453948975,-95.61763580882364,-100.769763359536,0.14640571288270623,-0.13469859463513045,1,320.0,225.0,224.38236419117635,-0.13469859463513045
9.353366136550903,4.584000110626221,-95.56030791616827,-100.6981074433622,0.14664410642338674,-0.13495519226243566,1,320.0,225.0,224.43969208383174,-0.13495519226243566
9.363807916641235,4.584000110626221,-95.57946972892526,-100.73314521835378,0.1471898174794684,-0.13545608378638868,1,320.0,225.0,224.42053027107474,-0.13545608378638868
9.373203992843628,4.572000026702881,-95.59863154168225,-100.75465739991849,0.14771940538434564,-0.13595707111940547,1,320.0,225.0,224.40136845831773,-0.13595707111940547
9.383870601654053,4.572000026702881,-95.61779335443924,-100.78969517491007,0.1482653991902101,-0.13645815426148605,1,320.0,,224.38220664556076,-0.13645815426148605
9.393534183502197,4.554000377655029,-95.63695516719623,-100.80430658330859,0.14878695441320486,-0.13695933321263043,1,320.0,,224.36304483280378,-0.13695933321263043
9.403008699417114,4.554000377655029,-95.65611697995323,-100.83934435830017,0.14933319646498625,-0.13746060797283857,1,320.0,,224.34388302004677,-0.13746060797283857
9.41360878944397,4.5400004386901855,-95.67527879271022,-100.85837864784634,0.1498603295056809,-0.1379619785421105,1,320.0,,224.32472120728977,-0.1379619785421105
9.423338413238525,4.5400004386901855,-95.69444060546721,-100.89341642283792,0.15040684191778497,-0.13846344492044627,1,320.0,,224.3055593945328,-0.13846344492044627
9.433691263198853,4.519000053405762,-95.7136024182242,-100.90425567169592,0.15092437029477307,-0.13896500710784576,1,320.0,,224.28639758177582,-0.13896500710784576
9.44312858581543,4.519000053405762,-95.73276423098119,-100.9392934466875,0.15147111209199637,-0.13946666510430905,1,320.0,,224.2672357690188,-0.13946666510430905
9.453408479690552,4.504000186920166,-95.75192604373818,-100.95690379097219,0.15199702902409287,-0.13996841890983613,1,320.0,,224.2480739562618,-0.13996841890983613
9.463885068893433,4.504000186920166,-95.77108785649517,-100.99194156596377,0.15254403406191258,-0.140470268524427,1,320.0,,224.22891214350483,-0.140470268524427
9.473367691040039,4.4810004234313965,-95.79024966925216,-101.0000223193454,0.1530587310775673,-0.14097221394808165,1,320.0,,224.20975033074785,-0.14097221394808165
9.48378610610962,4.4810004234313965,-95.80941148200915,-101.03506009433698,0.15360595170802885,-0.1414742551808001,1,320.0,,224.19058851799085,-0.1414742551808001
9.493872880935669,4.465000152587891,-95.82857329476614,-101.05117475841138,0.15413054517871017,-0.1419763922225823,1,320.0,,224.17142670523384,-0.1419763922225823
9.503496646881104,4.465000152587891,-95.84773510752314,-101.08621253340296,0.15467802157136712,-0.14247862507342832,1,320.0,216.0,224.15226489247686,-0.14247862507342832
9.513927221298218,4.440999984741211,-97.0993496044504,-101.96996161945022,0.15795879171670169,-0.1468687346286271,1,320.0,216.0,222.9006503955496,-0.1468687346286271
9.523479223251343,4.440999984741211,-97.1265203352436,-102.01070079922174,0.1585177322364236,-0.14738697210725518,1,320.0,216.0,222.87347966475642,-0.14738697210725518
9.534497737884521,4.425000190734863,-97.1536910660368,-102.032161498921,0.15905364588355733,-0.1479053454395372,1,320.0,216.0,222.8463089339632,-0.1479053454395372
9.543434619903564,4.425000190734863,-97.18086179683,-102.07290067869252,0.15961289740267662,-0.1484238546254732,1,320.0,214.0,222.81913820316998,-0.1484238546254732
9.554088115692139,4.400000095367432,-98.45688246289252,-103.04173845114889,0.16315185311875444,-0.15287225184199515,1,320.0,214.0,221.5431175371075,-0.15287225184199515
9.563537120819092,4.400000095367432,-98.49213615370216,-103.08868143657665,0.16372362810845065,-0.15340701695173525,1,320.0,214.0,221.50786384629782,-0.15340701695173525
9.572964429855347,4.383000373840332,-98.5273898445118,-103.11473735298455,0.16427046889490504,-0.15394195832992938,1,320.0,214.0,221.4726101554882,-0.15394195832992938
9.583592176437378,4.383000373840332,-98.56264353532144,-103.16168033841231,0.16484260887911042,-0.15447707597657756,1,320.0,212.0,221.43735646467854,-0.15447707597657756
9.592997550964355,4.357000350952148,-99.86323337263948,-104.19919392283623,0.16859022240807356,-0.158988493551549,1,320.0,212.0,220.13676662736052,-0.158988493551549
9.603660583496094,4.357000350952148,-99.90665837546021,-104.2527422457908,0.169175744106848,-0.1595401368468112,1,320.0,212.0,220.0933416245398,-0.1595401368468112
9.613035917282104,4.340000152587891,-99.95008337828094,-104.28497183691671,0.16973584447538367,-0.16009199726708748,1,320.0,212.0,220.04991662171906,-0.16009199726708748
9.623814344406128,4.340000152587891,-99.99350838110166,-104.33852015987128,0.17032179506372852,-0.16064407481237786,1,320.0,210.0,220.00649161889834,-0.16064407481237786
9.633172512054443,4.315000057220459,-101.31846107654111,-105.43597076693001,0.1742480852495076,-0.16522148835924183,1,320.0,210.0,218.6815389234589,-0.16522148835924183
9.643738031387329,4.315000057220459,-101.37015567271835,-105.49645965522949,0.1748481542137431,-0.1657903726530181,1,320.0,210.0,218.62984432728166,-0.1657903726530181
9.653187036514282,4.298000335693359,-101.4218502688956,-105.53519635631599,0.1754223142368285,-0.1663595154197753,1,320.0,210.0,218.57814973110442,-0.1663595154197753
9.6636221408844,4.298000335693359,-101.47354486507284,-105.59568524461547,0.17602287932901098,-0.16692891665951334,1,320.0,207.0,218.52645513492718,-0.16692891665951334
9.67300271987915,4.273000240325928,-102.94556275775906,-106.62045279097487,0.17971586572478995,-0.17196088953636177,1,320.0,207.0,217.05443724224094,-0.17196088953636177
9.683343172073364,4.273000240325928,-103.0064267659091,-106.687375556195,0.18032960992083508,-0.17254895847997134,1,320.0,207.0,216.9935732340909,-0.17254895847997134
9.692965030670166,4.25600004196167,-103.06729077405913,-106.73209806541894,0.1809169374222309,-0.17313733174362167,1,320.0,207.0,216.93270922594087,-0.17313733174362167
9.703532218933105,4.25600004196167,-103.12815478220917,-106.79902083063907,0.18153123984464825,-0.17372600932731275,1,320.0,206.0,216.87184521779085,-0.17372600932731275
9.713171243667603,4.2310004234313965,-104.48580742896738,-108.0054643959833,0.1857930980043226,-0.17839277266933007,1,320.0,206.0,215.51419257103262,-0.17839277266933007
9.723381042480469,4.2310004234313965,-104.55505527421327,-108.07996748973434,0.18642290155427252,-0.1789986453599962,1,320.0,206.0,215.44494472578674,-0.1789986453599962
9.733481645584106,4.214000225067139,-104.62430311945917,-108.13180892169524,0.18702577031723405,-0.1796048642898886,1,320.0,206.0,215.37569688054083,-0.1796048642898886
9.744045495986938,4.214000225067139,-104.69355096470507,-108.2063120154463,0.18765620558981258,-0.1802114294590072,1,320.0,203.0,215.30644903529492,-0.1802114294590072
9.75367784500122,4.190000057220459,-106.19096577093367,-109.45158428947407,0.19203629130783548,-0.18531528138552017,1,320.0,203.0,213.80903422906633,-0.18531528138552017
9.763152599334717,4.190000057220459,-106.2694669472802,-109.53388238678427,0.19268271843654164,-0.1859408301318724,1,320.0,203.0,213.7305330527198,-0.1859408301318724
9.774031162261963,4.173000335693359,-106.34796812362671,-109.59305503157937,0.19330169088545368,-0.18656677138410635,1,320.0,203.0,213.6520318763733,-0.18656677138410635
9.783970832824707,4.173000335693359,-106.42646929997323,-109.67535312888957,0.19394882536787034,-0.18719310514222204,1,320.0,201.0,213.57353070002677,-0.18719310514222204
9.79380202293396,4.14900016784668,-107.9307201742441,-110.84073324173923,0.19807678311023968,-0.19231675481900784,1,320.0,201.0,212.0692798257559,-0.19231675481900784
9.803292036056519,4.14900016784668,-108.01848433401325,-110.93028233218523,0.19873889343043583,-0.1929621642324009,1,320.0,201.0,211.98151566598676,-0.1929621642324009
9.81377100944519,4.133000373840332,-108.1062484937824,-110.99762112330333,0.19937468808539405,-0.1936080124665928,1,320.0,201.0,211.8937515062176,-0.1936080124665928
9.82367491722107,4.133000373840332,-108.19401265355155,-111.08717021374933,0.200037582844998,-0.19425429952158352,1,320.0,199.0,211.80598734644843,-0.19425429952158352
9.83368968963623,4.109000205993652,-109.70578314172398,-112.29680033439598,0.20430639371841514,-0.19940115640744432,1,320.0,199.0,210.294216858276,-0.19940115640744432
9.843571901321411,4.109000205993652,-109.80282797944095,-112.39386866059856,0.20498484505316122,-0.2000666243526019,1,320.0,199.0,210.19717202055904,-0.2000666243526019
9.853696346282959,4.093000411987305,-109.89987281715791,-112.46827354193282,0.20563647227847198,-0.200732577521948,1,320.0,199.0,210.10012718284207,-0.200732577521948
9.863241195678711,4.093000411987305,-109.99691765487488,-112.56534186813539,0.20631578097925576,-0.20139901591548276,1,320.0,196.0,210.0030823451251,-0.20139901591548276
9.8731210231781,4.069000244140625,-111.62564583338762,-113.92325330807454,0.21105582463507858,-0.2069165170769616,1,320.0,196.0,208.37435416661236,-0.2069165170769616
9.883684158325195,4.069000244140625,-111.73270700149824,-114.02879141314828,0.2117526143182328,-0.20760365401370184,1,320.0,196.0,208.26729299850177,-0.20760365401370184
9.893744230270386,4.054000377655029,-111.83976816960886,-114.11265006186964,0.2124238079470078,-0.20829132625628263,1,320.0,196.0,208.16023183039113,-0.20829132625628263
9.903364658355713,4.054000377655029,-111.94682933771948,-114.21818816694339,0.21312154461393099,-0.20897953380470397,1,320.0,194.0,208.05317066228054,-0.20897953380470397
9.913818597793579,4.031000137329102,-113.56988823960938,-115.59891751618655,0.21793306102907825,-0.21447970372877276,1,320.0,194.0,206.43011176039062,-0.21447970372877276
9.923167943954468,4.031000137329102,-113.68689824038869,-115.71304444328855,0.2186485785638171,-0.21518855022090988,1,320.0,194.0,206.3131017596113,-0.21518855022090988
9.93366265296936,4.016000270843506,-113.80390824116799,-115.80506335125763,0.2193380265701363,-0.21589798176305086,1,320.0,194.0,206.196091758832,-0.21589798176305086
9.943394184112549,4.016000270843506,-113.92091824194729,-115.91919027835964,0.22005457483405047,-0.21660799835519579,1,320.0,191.0,206.07908175805272,-0.21660799835519579
9.953834533691406,3.9930002689361572,-115.64575833772778,-117.31862946720786,0.2249277023835194,-0.22243284106723055,1,320.0,191.0,204.35424166227222,-0.22243284106723055
9.963170051574707,3.9930002689361572,-115.77335769119178,-117.44144708556158,0.22566229076097163,-0.2231648270798433,1,320.0,191.0,204.2266423088082,-0.2231648270798433
9.973819971084595,3.9780001640319824,-115.90095704465577,-117.54171493037771,0.2263703207494029,-0.22389745108922338,1,320.0,191.0,204.09904295534423,-0.22389745108922338
9.983456373214722,3.9780001640319824,-116.02855639811976,-117.66453254873143,0.227106024554171,-0.22463071309537075,1,320.0,188.0,203.97144360188025,-0.22463071309537075
9.993799924850464,3.955000162124634,-117.84258456377546,-119.18563487632385,0.2323691496192071,-0.2307407417646028,1,320.0,188.0,202.15741543622454,-0.2307407417646028
10.003301620483398,3.955000162124634,-117.98133052373154,-119.31792540833604,0.23312448788466342,-0.23149714356916876,1,320.0,188.0,202.01866947626846,-0.23149714356916876
10.013001441955566,3.940000295639038,-118.12007648368763,-119.42721177706069,0.2338527675860183,-0.23225423910353446,1,320.0,188.0,201.87992351631237,-0.23225423910353446
10.023589849472046,3.940000295639038,-118.25882244364371,-119.55950230907288,0.23460931373597832,-0.2330120283677,1,320.0,187.0,201.7411775563563,-0.2330120283677
10.033915281295776,3.9180002212524414,-119.9414323031826,-121.0842033098806,0.2398827691092239,-0.23870282420902628,1,320.0,187.0,200.05856769681742,-0.23870282420902628
10.043587446212769,3.9180002212524414,-120.0904181192999,-121.2259551524119,0.2406590010960235,-0.23948205927896354,1,320.0,187.0,199.9095818807001,-0.23948205927896354
10.053205728530884,3.9030001163482666,-120.2394039354172,-121.34424632902282,0.24140767173960173,-0.2402620392779814,1,320.0,187.0,199.76059606458278,-0.2402620392779814
10.063708782196045,3.9030001163482666,-120.3883897515345,-121.48599817155412,0.24218520394149706,-0.24104276420607984,1,320.0,184.0,199.6116102484655,-0.24104276420607984
10.073365688323975,3.881000280380249,-122.16130380973453,-123.0114614128686,0.24746273041780015,-0.24702318750172061,1,320.0,184.0,197.83869619026547,-0.24702318750172061
10.083754539489746,3.881000280380249,-122.32109669220768,-123.16265296633209,0.24825997354678803,-0.24782654444414942,1,320.0,184.0,197.67890330779232,-0.24782654444414942
10.09364914894104,3.867000102996826,-122.48088957468082,-123.29151528099852,0.24903106590079271,-0.2486307003509906,1,320.0,184.0,197.51911042531918,-0.2486307003509906
10.103233814239502,3.867000102996826,-122.64068245715396,-123.44270683446202,0.2498297092991212,-0.24943565522224415,1,320.0,182.0,197.35931754284604,-0.24943565522224415
10.11375904083252,3.8450002670288086,-124.3891422164418,-124.96749716729413,0.2551063843714749,-0.25533763002292764,1,320.0,182.0,195.6108577835582,-0.25533763002292764
10.123109579086304,3.8450002670288086,-124.55954135684313,-125.1280956847147,0.25592474307080315,-0.2561649066981934,1,320.0,182.0,195.4404586431569,-0.2561649066981934
10.133878469467163,3.830000162124634,-124.72994049724446,-125.26429287934121,0.25671450116875166,-0.2569930353691613,1,320.0,182.0,195.27005950275554,-0.2569930353691613
10.143887758255005,3.830000162124634,-124.90033963764579,-125.42489139676178,0.2575343438466402,-0.2578220160358311,1,320.0,179.0,195.0996603623542,-0.2578220160358311
10.153609037399292,3.809000253677368,-126.72819515251922,-126.94910682889788,0.2628068437107269,-0.26397877355049904,1,320.0,179.0,193.27180484748078,-0.26397877355049904
10.163077592849731,3.809000253677368,-126.90969325932407,-127.11906766568971,0.2636463920532055,-0.2648311197449615,1,320.0,179.0,193.09030674067594,-0.2648311197449615
10.173946857452393,3.7940001487731934,-127.09119136612892,-127.26414232793533,0.26445680235953994,-0.265684373429958,1,320.0,179.0,192.90880863387108,-0.265684373429958
10.183469533920288,3.7940001487731934,-127.27268947293378,-127.43410316472716,0.2652979258795138,-0.26653853460548843,1,320.0,176.0,192.7273105270662,-0.26653853460548843
10.193856716156006,3.7730002403259277,-129.16961750583218,-129.05711668296453,0.27088904056569124,-0.2729166065531232,1,320.0,176.0,190.83038249416782,-0.2729166065531232
10.203381776809692,3.7730002403259277,-129.36263531337246,-129.23707156269262,0.2717511717791784,-0.2737950410987385,1,320.0,176.0,190.63736468662754,-0.2737950410987385
10.213629484176636,3.759000062942505,-129.55565312091275,-129.39333964344127,0.272585660174294,-0.2746744407333913,1,320.0,176.0,190.44434687908725,-0.2746744407333913
10.22331428527832,3.759000062942505,-129.74867092845304,-129.57329452316935,0.27344947250258356,-0.27555480545708194,1,320.0,174.0,190.25132907154696,-0.27555480545708194
10.233574151992798,3.7370002269744873,-131.6030269926076,-131.17893214026742,0.27898781473211,-0.28179379156004913,1,320.0,174.0,188.3969730073924,-0.28179379156004913
10.243251323699951,3.7370002269744873,-131.80723061245126,-131.36873929475652,0.2798724270139707,-0.2826978720569238,1,320.0,174.0,188.19276938754874,-0.2826978720569238
10.253684043884277,3.7230002880096436,-132.01143423229493,-131.53437993582102,0.28072886768292715,-0.2836029735718977,1,320.0,174.0,187.98856576770507,-0.2836029735718977
10.263135433197021,3.7230002880096436,-132.2156378521386,-131.72418709031012,0.2816152572037657,-0.28450909610497077,1,320.0,174.0,187.7843621478614,-0.28450909610497077
10.273617506027222,3.702000141143799,-132.41984147198227,-131.8773858588667,0.28245848265532786,-0.2854162396561431,1,320.0,172.0,187.58015852801773,-0.2854162396561431
10.283297061920166,3.702000141143799,-134.24910388044768,-133.62250179014194,0.2883703059999068,-0.29157341876182513,1,320.0,172.0,185.75089611955232,-0.29157341876182513
10.29379391670227,3.688000202178955,-134.4642768959451,-133.79816008669857,0.2892500867562083,-0.2925039477649018,1,320.0,172.0,185.5357231040549,-0.2925039477649018
10.303321361541748,3.688000202178955,-134.6794499114425,-133.99846581358133,0.2901604459575355,-0.2934355526330559,1,320.0,169.0,185.3205500885575,-0.2934355526330559
10.313946723937988,3.6670000553131104,-136.54957459118899,-135.65871699748809,0.2958676359751591,-0.29971880152404945,1,320.0,169.0,183.45042540881101,-0.29971880152404945
10.323425531387329,3.6670000553131104,-136.7759354446942,-135.869144707744,0.2967994949510049,-0.3006743142254792,1,320.0,169.0,183.2240645553058,-0.3006743142254792
10.3330397605896,3.6530001163482666,-137.0022962981994,-136.05442957113388,0.2977021089349284,-0.30163095873117646,1,320.0,169.0,182.9977037018006,-0.30163095873117646
10.343915462493896,3.6530001163482666,-137.22865715170462,-136.26485728138977,0.2986359464736424,-0.30258873504114125,1,320.0,169.0,182.77134284829538,-0.30258873504114125
10.353539943695068,3.632000207901001,-137.45501800520984,-136.43719053885044,0.2995249323352895,-0.3035476431553735,1,320.0,166.0,182.54498199479016,-0.3035476431553735
10.364012002944946,3.632000207901001,-139.39572576892527,-138.22533765621932,0.3055687519307857,-0.31005810033145575,1,320.0,166.0,180.60427423107473,-0.31005810033145575
10.373802185058594,3.6180002689361572,-139.63370205319976,-138.4208017393839,0.30649541283928006,-0.3110418403828511,1,320.0,166.0,180.36629794680024,-0.3110418403828511
10.384046077728271,3.6180002689361572,-139.87167833747424,-138.64191917086106,0.307453963352907,-0.31202677031566783,1,320.0,166.0,180.12832166252576,-0.31202677031566783
10.393786668777466,3.5970001220703125,-140.10965462174872,-138.82416428400836,0.30836677831010373,-0.31301289012990596,1,320.0,164.0,179.89034537825128,-0.31301289012990596
10.40330958366394,3.5970001220703125,-141.98711839789192,-140.4665084884541,0.3139326545109764,-0.3193127554567834,1,320.0,164.0,178.01288160210808,-0.3193127554567834
10.413938045501709,3.5830001831054688,-142.2362179261781,-140.67108879469913,0.31488150632244394,-0.3203228559803577,1,320.0,164.0,177.7637820738219,-0.3203228559803577
10.423495769500732,3.5830001831054688,-142.4853174544643,-140.9018486615533,0.3158629274059767,-0.3213342020015735,1,320.0,161.0,177.5146825455357,-0.3213342020015735
10.43376898765564,3.563000202178955,-144.3936500674424,-142.46836727459706,0.3212542787094948,-0.3277276007645954,1,320.0,161.0,175.6063499325576,-0.3277276007645954
10.443369150161743,3.563000202178955,-144.6540210336523,-142.70845776522285,0.3222559295870719,-0.32876331602921555,1,320.0,161.0,175.3459789663477,-0.32876331602921555
10.453957319259644,3.5490002632141113,-144.9143919998622,-142.92184186223065,0.3232265997127924,-0.32980033314866675,1,320.0,161.0,175.0856080001378,-0.32980033314866675
10.463740587234497,3.5490002632141113,-145.1747629660721,-143.16193235285644,0.3242305179633076,-0.330838652122949,1,320.0,161.0,174.8252370339279,-0.330838652122949
10.473218441009521,3.5290002822875977,-145.435133932282,-143.36348569180112,0.3251891993985003,-0.3318782729520623,1,320.0,159.0,174.564866067718,-0.3318782729520623
10.48386025428772,3.5290002822875977,-147.2962256166078,-145.05430413499965,0.33090540982499306,-0.3381162616747439,1,320.0,159.0,172.7037743833922,-0.3381162616747439
10.493608474731445,3.515000104904175,-147.56749057472908,-145.27701805788314,0.3318990516227427,-0.339179617077363,1,320.0,159.0,172.43250942527092,-0.339179617077363
10.504109144210815,3.515000104904175,-147.83875553285034,-145.52698173775553,0.3329266429472783,-0.3402443288047728,1,320.0,159.0,172.16124446714966,-0.3402443288047728
10.51327919960022,3.494000196456909,-148.1100204909716,-145.735642386654,0.33390571393788976,-0.3413103968569732,1,320.0,156.0,171.8899795090284,-0.3413103968569732
10.523552656173706,3.494000196456909,-150.01058557637143,-147.38683446116286,0.3394878876575403,-0.3476710664472824,1,320.0,156.0,169.98941442362857,-0.3476710664472824
10.53375244140625,3.4810001850128174,-150.2929503296925,-147.62051372584642,0.3405064053437898,-0.3487613689029161,1,320.0,156.0,169.7070496703075,-0.3487613689029161
10.54443645477295,3.4810001850128174,-150.57531508301358,-147.88002343591194,0.34155721711304793,-0.34985308318231656,1,320.0,156.0,169.42468491698642,-0.34985308318231656
10.553602933883667,3.4600002765655518,-150.85767983633465,-148.0973773585291,0.3425585287069812,-0.3509462092854835,1,320.0,153.0,169.14232016366535,-0.3509462092854835
10.56398057937622,3.4600002765655518,-152.79109415856817,-149.71067141354925,0.34801255219436056,-0.3574079123806637,1,320.0,153.0,167.20890584143183,-0.3574079123806637
10.573885679244995,3.44700026512146,-153.0847177466816,-149.95304633468427,0.349053167331396,-0.3585256842751333,1,320.0,153.0,166.9152822533184,-0.3585256842751333
10.584108591079712,3.44700026512146,-153.37834133479504,-150.22178776896408,0.3501267659913766,-0.35964492428754335,1,320.0,153.0,166.62165866520496,-0.35964492428754335
10.593693971633911,3.4260001182556152,-153.67196492290847,-150.44749348281164,0.3511498503154077,-0.36076563241789406,1,320.0,151.0,166.32803507709153,-0.36076563241789406
10.603278160095215,3.4260001182556152,-155.5300836188193,-152.12644502062358,0.35681278917093606,-0.36697650606330134,1,320.0,151.0,164.4699163811807,-0.36697650606330134
10.613567352294922,3.4130001068115234,-155.83438547624016,-152.37789222337346,0.35787641527535274,-0.3681208402195876,1,320.0,151.0,164.16561452375984,-0.3681208402195876
10.624104499816895,3.4130001068115234,-156.138687333661,-152.65625887360343,0.35897373654999676,-0.36926669588516087,1,320.0,151.0,163.861312666339,-0.36926669588516087
10.633752822875977,3.3960001468658447,-156.44298919108186,-152.89909693412133,0.36002963770728885,-0.3704140730600213,1,320.0,,163.55701080891814,-0.3704140730600213
10.643792152404785,3.3960001468658447,-156.74729104850272,-153.1774635843513,0.36112956500548654,-0.3715629717441688,1,320.0,,163.25270895149728,-0.3715629717441688
10.653775930404663,3.386000156402588,-157.05159290592357,-153.434756119375,0.36220548982811185,-0.37271339193760344,1,320.0,,162.94840709407643,-0.37271339193760344
10.663545608520508,3.386000156402588,-157.35589476334442,-153.71312276960498,0.36330809542223585,-0.37386533364032526,1,320.0,,162.64410523665558,-0.37386533364032526
10.67395567893982,3.373000144958496,-157.66019662076528,-153.96389690490645,0.3643788438691221,-0.3750187968523341,1,320.0,147.0,162.33980337923472,-0.3750187968523341
10.683435440063477,3.373000144958496,-159.6737067237418,-155.71181374454062,0.3702608689737716,-0.3817295640411219,1,320.0,147.0,160.3262932762582,-0.3817295640411219
10.694069623947144,3.366000175476074,-159.98966253626796,-155.985250165619,0.37136891892989377,-0.38290865932883467,1,320.0,147.0,160.01033746373204,-0.38290865932883467
10.70473599433899,3.366000175476074,-160.30561834879413,-156.2736367019435,0.3724963509569929,-0.38408933439561,1,320.0,147.0,159.69438165120587,-0.38408933439561
10.713156461715698,3.3580002784729004,-160.6215741613203,-156.54485739917024,0.3736045400806608,-0.385271589241448,1,320.0,145.0,159.3784258386797,-0.385271589241448
10.724043369293213,3.3580002784729004,-162.5161706391425,-158.10418261171043,0.378862565681735,-0.3915825838276876,1,320.0,145.0,157.4838293608575,-0.3915825838276876
10.73369574546814,3.3530001640319824,-162.8428761115342,-158.39045081406252,0.37999803977862784,-0.39278884477511533,1,320.0,145.0,157.1571238884658,-0.39278884477511533
10.743638753890991,3.3530001640319824,-163.1695815839259,-158.68749173183025,0.3811479263386083,-0.393996739249905,1,320.0,145.0,156.8304184160741,-0.393996739249905
10.753955364227295,3.3480000495910645,-163.49628705631758,-158.97372614195578,0.38228627626146866,-0.3952062672520566,1,320.0,144.0,156.50371294368242,-0.3952062672520566
10.763338088989258,3.3480000495910645,-165.17861170077973,-160.3685354233529,0.38700256163203556,-0.4008179246118779,1,320.0,144.0,154.82138829922027,-0.4008179246118779
10.773690223693848,3.3460001945495605,-165.51454042226462,-160.66871355917888,0.3881661189628226,-0.402048611779771,1,320.0,144.0,154.48545957773538,-0.402048611779771
10.783720970153809,3.3460001945495605,-165.8504691437495,-160.97322338213255,0.3893363968672777,-0.40328097859127165,1,320.0,144.0,154.1495308562505,-0.40328097859127165
10.793960809707642,3.3430001735687256,-166.1863978652344,-161.27122495080798,0.39050035487444223,-0.4045150250463797,1,320.0,144.0,153.8136021347656,-0.4045150250463797
10.80320954322815,3.3430001735687256,-167.5748959846754,-162.30690620308928,0.3940464168736294,-0.40916651194868503,1,320.0,144.0,152.4251040153246,-0.40916651194868503
10.813748598098755,3.3420002460479736,-167.9179827550905,-162.61421642004973,0.3952282602160822,-0.4104178059869586,1,320.0,144.0,152.0820172449095,-0.4104178059869586
10.823599100112915,3.3420002460479736,-168.26106952550558,-162.92369860955483,0.3964142573365361,-0.4116708154590842,1,320.0,144.0,151.73893047449442,-0.4116708154590842
10.83383822441101,3.3410000801086426,-168.60415629592066,-163.2310069426587,0.397599182370974,-0.4129255403650619,1,320.0,144.0,151.39584370407934,-0.4129255403650619
10.843487024307251,3.3410000801086426,-169.73323286033565,-164.16250640595308,0.40080659930759366,-0.41673237834891885,1,320.0,144.0,150.26676713966435,-0.41673237834891885
10.853797912597656,3.3410000801086426,-170.0816638972249,-164.4762179456203,0.4020054342449224,-0.4180009039126721,1,320.0,144.0,149.9183361027751,-0.4180009039126721
10.863429069519043,3.3410000801086426,-170.43009493411415,-164.78992948528753,0.40320583773994945,-0.41927117163160976,1,320.0,144.0,149.56990506588585,-0.41927117163160976
10.874099254608154,3.3410000801086426,-170.7785259710034,-165.10364102495475,0.4044078097926749,-0.42054318150573183,1,320.0,143.0,149.2214740289966,-0.42054318150573183
10.88350796699524,3.3410000801086426,-171.78297477910772,-165.83705121716076,0.40697325448690586,-0.4239456829991204,1,320.0,143.0,148.21702522089228,-0.4239456829991204
10.893126487731934,3.3410000801086426,-172.13586664282954,-166.15361664751964,0.40818390108657415,-0.42522983256880076,1,320.0,143.0,147.86413335717046,-0.42522983256880076
10.905074119567871,3.3410000801086426,-172.48875850655136,-166.47018207787852,0.4093961305133942,-0.42651574659779967,1,320.0,143.0,147.51124149344864,-0.42651574659779967
10.913129568099976,3.3420002460479736,-172.8416503702732,-166.78892136463864,0.4106125622643295,-0.42780342508611724,1,320.0,143.0,147.1583496297268,-0.42780342508611724
10.923523187637329,3.3420002460479736,-173.63009370261867,-167.346097597187,0.41260885975891404,-0.4305064307491757,1,320.0,143.0,146.36990629738133,-0.4305064307491757
10.933207273483276,3.3420002460479736,-173.98594797699292,-167.664299545971,0.4138290235951847,-0.4318033856183098,1,320.0,143.0,146.01405202300708,-0.4318033856183098
10.943838596343994,3.3420002460479736,-174.34180225136717,-167.982501494755,0.4150507784411993,-0.43310211975881574,1,320.0,143.0,145.65819774863283,-0.43310211975881574
10.953658819198608,3.3440001010894775,-174.69765652574142,-168.30504602442292,0.4162793571069229,-0.4344026331706935,1,320.0,142.0,145.30234347425858,-0.4344026331706935
10.963022708892822,3.3440001010894775,-175.39743955081477,-168.7050456006787,0.41776984908812576,-0.4368213955403538,1,320.0,142.0,144.60256044918523,-0.4368213955403538
10.973924160003662,3.3440001010894775,-175.75563394366176,-169.02380410700167,0.4189974783162484,-0.4381300069814885,1,320.0,142.0,144.24436605633824,-0.4381300069814885
10.98346734046936,3.3440001010894775,-176.11382833650876,-169.34256261332465,0.42022670133690254,-0.4394404093945875,1,320.0,142.0,143.88617166349124,-0.4394404093945875
10.99313473701477,3.3440001010894775,-176.47202272935576,-169.66132111964762,0.42145751815008836,-0.44075260277965067,1,320.0,142.0,143.52797727064424,-0.44075260277965067
11.003587245941162,3.3460001945495605,-176.98858279301558,-169.92525016471953,0.4225030290091883,-0.4425808299468223,1,320.0,142.0,143.01141720698442,-0.4425808299468223
11.013182640075684,3.3460001945495605,-177.34785522645194,-170.2436059035565,0.4237362739253104,-0.4438986961430782,1,320.0,142.0,142.65214477354806,-0.4438986961430782
11.023743867874146,3.3470001220703125,-177.7071276598883,-170.56412816549496,0.424973721280464,-0.4452183587015012,1,320.0,142.0,142.2928723401117,-0.4452183587015012
11.033829689025879,3.3470001220703125,-178.06640009332466,-170.88248390433193,0.4262101605865901,-0.4465398176220915,1,320.0,143.0,141.93359990667534,-0.4465398176220915
11.043223857879639,3.3480000495910645,-178.3155998550132,-171.01870460258704,0.42685214219765055,-0.44750552614951744,1,320.0,143.0,141.6844001449868,-0.44750552614951744
11.05387568473816,3.3480000495910645,-178.67412259116333,-171.33580508559112,0.4280893418026833,-0.4488291240458534,1,320.0,143.0,141.32587740883667,-0.4488291240458534
11.063278198242188,3.3490002155303955,-179.03264532731345,-171.65506989059173,0.429330734918137,-0.4501545145558702,1,320.0,143.0,140.96735467268655,-0.4501545145558702
11.073378324508667,3.3490002155303955,-179.39116806346357,-171.97217037359582,0.43057111634960993,-0.4514816976795676,1,320.0,143.0,140.60883193653643,-0.4514816976795676
11.083899021148682,3.3500001430511475,-179.5037354035597,-171.9961343345185,0.4308561293627089,-0.45201145329753595,1,320.0,143.0,140.4962645964403,-0.45201145329753595
11.093302965164185,3.3500001430511475,-179.86058199348594,-172.31122240281698,0.4320957911566812,-0.4533389721154149,1,320.0,143.0,140.13941800651406,-0.4533389721154149
11.104032516479492,3.3510000705718994,-180.2174285834122,-172.62847156525694,0.4333396325094354,-0.45466827516624353,1,320.0,143.0,139.7825714165878,-0.45466827516624353
11.113131999969482,3.3510000705718994,-180.57427517333844,-172.94355963355542,0.4345824559895614,-0.4559993624500216,1,320.0,142.0,139.42572482666156,-0.4559993624500216
11.123435258865356,3.3530001640319824,-180.66711159237263,-172.6642431845162,0.433885812036924,-0.4564740260422995,1,320.0,142.0,139.33288840762737,-0.4564740260422995
11.133220195770264,3.3530001640319824,-181.02215793007045,-172.97524863471565,0.43512389482033687,-0.4578051924371872,1,320.0,142.0,138.97784206992955,-0.4578051924371872
11.143855810165405,3.3530001640319824,-181.37720426776826,-173.2862540849151,0.4363635326310008,-0.45913813406376347,1,320.0,142.0,138.62279573223174,-0.45913813406376347
11.153810024261475,3.3530001640319824,-181.73225060546608,-173.59725953511455,0.4376047254689157,-0.46047285092202817,1,320.0,143.0,138.26774939453392,-0.46047285092202817
11.163221836090088,3.3540000915527344,-181.60317853190966,-173.3490573996971,0.43702458249197257,-0.4602350483041741,1,320.0,143.0,138.39682146809034,-0.4602350483041741
11.174246311187744,3.3540000915527344,-181.95492176286666,-173.6562326975584,0.43826147401289395,-0.4615669147901368,1,320.0,143.0,138.04507823713334,-0.4615669147901368
11.183784246444702,3.3550002574920654,-182.30666499382366,-173.96556419481365,0.4395024996305743,-0.46290053999225433,1,320.0,143.0,137.69333500617634,-0.46290053999225433
11.193318605422974,3.3550002574920654,-182.65840822478066,-174.27273949267496,0.4407424736854712,-0.4642359239105266,1,320.0,143.0,137.34159177521934,-0.4642359239105266
11.203751802444458,3.3560001850128174,-182.4324998734373,-173.85127744564605,0.43960925754379554,-0.4636939211220805,1,320.0,143.0,137.5675001265627,-0.4636939211220805
11.21314287185669,3.3560001850128174,-182.78029952017363,-174.15346368326578,0.44084264834735554,-0.46502518219576494,1,320.0,143.0,137.21970047982637,-0.46502518219576494
11.223596811294556,3.3570001125335693,-183.12809916690995,-174.45780290960818,0.4420801444335144,-0.4663581822676831,1,320.0,143.0,136.87190083309005,-0.4663581822676831
11.233479738235474,3.3570001125335693,-183.47589881364627,-174.7599891472279,0.44331656786439433,-0.4676929213378349,1,320.0,144.0,136.52410118635373,-0.4676929213378349
11.244049072265625,3.3570001125335693,-183.0618518220185,-174.28345890890748,0.44202037365292113,-0.4665501692954105,1,320.0,144.0,136.9381481779815,-0.4665501692954105
11.253405094146729,3.3570001125335693,-183.4044474523829,-174.58032589579378,0.4432495156666637,-0.46787830628910965,1,320.0,144.0,136.5955525476171,-0.46787830628910965
11.263939142227173,3.3580002784729004,-183.7470430827473,-174.87934503790913,0.44448273536239163,-0.4692081562609607,1,320.0,144.0,136.2529569172527,-0.4692081562609607
11.274330615997314,3.3580002784729004,-184.0896387131117,-175.17621202479543,0.4457148568067792,-0.47053971921096355,1,320.0,144.0,135.9103612868883,-0.47053971921096355
11.283862829208374,3.3580002784729004,-183.60906570875346,-174.55162715442896,0.4439488180453026,-0.46919329648544783,1,320.0,144.0,136.39093429124654,-0.46919329648544783
11.293434858322144,3.3580002784729004,-183.9460354042884,-174.84219649113922,0.4451717122318106,-0.47051739029711126,1,320.0,144.0,136.0539645957116,-0.47051739029711126
11.303919315338135,3.3590002059936523,-184.28300509982336,-175.13491612479035,0.4463986503728159,-0.4718431689572523,1,320.0,144.0,135.71699490017664,-0.4718431689572523
11.3140287399292,3.3590002059936523,-184.6199747953583,-175.4254854615006,0.44762446100417574,-0.473170632465871,1,320.0,144.0,135.3800252046417,-0.473170632465871
11.323372602462769,3.3590002059936523,-184.08090067129777,-174.5673736236323,0.4451111681988705,-0.4716470386640486,1,320.0,144.0,135.91909932870223,-0.4716470386640486
11.333848237991333,3.3590002059936523,-184.4118800023117,-174.85008830878263,0.4463246762625948,-0.4729662732612769,1,320.0,144.0,135.5881199976883,-0.4729662732612769
11.343393087387085,3.3590002059936523,-184.74285933332564,-175.13280299393296,0.44753959789974485,-0.47428716275516025,1,320.0,144.0,135.25714066667436,-0.47428716275516025
11.354061365127563,3.3590002059936523,-185.07383866433958,-175.41551767908328,0.4487559331103207,-0.4756097071456986,1,320.0,145.0,134.92616133566042,-0.4756097071456986
11.363405227661133,3.3600001335144043,-184.38208164494614,-174.55390471102706,0.44624177322060876,-0.4736024760312645,1,320.0,145.0,135.61791835505386,-0.4736024760312645
11.373749256134033,3.3600001335144043,-184.7060641989621,-174.82877608333874,0.44744576274779946,-0.47491478541707843,1,320.0,145.0,135.2939358010379,-0.47491478541707843
11.383155822753906,3.3600001335144043,-185.03004675297808,-175.10364745565042,0.4486511266318517,-0.4762287147156625,1,320.0,145.0,134.96995324702192,-0.4762287147156625
11.393739461898804,3.3600001335144043,-185.35402930699405,-175.3785188279621,0.4498578648727656,-0.47754426392701665,1,320.0,147.0,134.64597069300595,-0.47754426392701665
11.403218030929565,3.3600001335144043,-184.42486693636698,-174.41044069875977,0.44701610629168925,-0.4747783423808808,1,320.0,147.0,135.57513306363302,-0.4747783423808808
11.413588762283325,3.3600001335144043,-184.7402726535961,-174.67680501430635,0.4482091274954167,-0.4760805306048237,1,320.0,147.0,135.2597273464039,-0.4760805306048237
11.423211812973022,3.3600001335144043,-185.0556783708252,-174.94316932985294,0.44940348052072177,-0.47738429585735276,1,320.0,147.0,134.9443216291748,-0.47738429585735276
11.433741569519043,3.3600001335144043,-185.37108408805432,-175.20953364539952,0.4505991653676047,-0.478689638138468,1,320.0,149.0,134.62891591194568,-0.478689638138468
11.443660974502563,3.3600001335144043,-184.22979148815094,-174.14960847526208,0.4474736639881626,-0.4752490231925483,1,320.0,149.0,135.77020851184906,-0.4752490231925483
11.453142404556274,3.3600001335144043,-184.53522316276846,-174.40689166008315,0.44865443826824825,-0.47653821731790313,1,320.0,149.0,135.46477683723154,-0.47653821731790313
11.463648080825806,3.3600001335144043,-184.84065483738598,-174.6641748449042,0.4498364989642581,-0.4778289386016311,1,320.0,149.0,135.15934516261402,-0.4778289386016311
11.473617553710938,3.3600001335144043,-185.1460865120035,-174.92145802972527,0.45101984607619194,-0.4791211870437322,1,320.0,149.0,134.8539134879965,-0.4791211870437322
11.483814477920532,3.3600001335144043,-184.01848157550785,-173.78112293811043,0.44764843544169686,-0.47574345956172653,1,320.0,149.0,135.98151842449215,-0.47574345956172653
11.493252038955688,3.3600001335144043,-184.31409760357172,-174.02883307580066,0.4488158317723041,-0.47701976928342105,1,320.0,149.0,135.68590239642828,-0.47701976928342105
11.50369143486023,3.3600001335144043,-184.6097136316356,-174.2765432134909,0.4499844666535998,-0.4782975570852559,1,320.0,149.0,135.3902863683644,-0.4782975570852559
11.513407230377197,3.3600001335144043,-184.90532965969948,-174.52425335118113,0.4511543400855841,-0.47957682296723103,1,320.0,151.0,135.09467034030052,-0.47957682296723103
11.523613452911377,3.3600001335144043,-183.59048734030415,-173.2127467877595,0.4472415522562967,-0.47560659130550986,1,320.0,151.0,136.40951265969585,-0.47560659130550986
11.533130884170532,3.3600001335144043,-183.8750687906509,-173.44977344649269,0.4483932331140089,-0.4768674643898792,1,320.0,151.0,136.1249312093491,-0.4768674643898792
11.543745279312134,3.3590002059936523,-184.15965024099762,-173.6846511521231,0.4495435096165261,-0.47812976038150024,1,320.0,151.0,135.84034975900238,-0.47812976038150024
11.553358316421509,3.3590002059936523,-184.44423169134436,-173.9216778108563,0.45069754999606015,-0.47939347928037307,1,320.0,152.0,135.55576830865564,-0.47939347928037307
11.56376838684082,3.3590002059936523,-183.06446584906905,-172.45846806504372,0.44630803059425006,-0.47523091634950665,1,320.0,152.0,136.93553415093095,-0.47523091634950665
11.573209285736084,3.3590002059936523,-183.3376400785845,-172.6838415236197,0.44744189795215933,-0.47647541362531814,1,320.0,152.0,136.6623599214155,-0.47647541362531814
11.58370304107666,3.3590002059936523,-183.61081430809998,-172.90921498219566,0.44857689217736146,-0.47772127677227716,1,320.0,152.0,136.38918569190002,-0.47772127677227716
11.593442678451538,3.3590002059936523,-183.88398853761544,-173.13458844077164,0.44971301326985647,-0.4789685057903838,1,320.0,153.0,136.11601146238456,-0.4789685057903838
11.603793144226074,3.3590002059936523,-182.44887715695668,-171.6387509639542,0.44523617433569274,-0.47464517241797305,1,320.0,153.0,137.55112284304332,-0.47464517241797305
11.61323857307434,3.3590002059936523,-182.71033990613412,-171.85232433014085,0.44635172399676737,-0.47587247941651667,1,320.0,153.0,137.28966009386588,-0.47587247941651667
11.623720169067383,3.3590002059936523,-182.97180265531156,-172.06589769632748,0.44746834152467296,-0.47710109372880616,1,320.0,153.0,137.02819734468844,-0.47710109372880616
11.633645296096802,3.3590002059936523,-183.233265404489,-172.27947106251412,0.4485860269194095,-0.4783310153548415,1,320.0,154.0,136.766734595511,-0.4783310153548415
11.642946481704712,3.3590002059936523,-181.75157978261024,-170.65649857617487,0.44371361789665154,-0.47387576237951456,1,320.0,154.0,138.24842021738976,-0.47387576237951456
11.653306484222412,3.3590002059936523,-182.00108923802773,-170.8574781939214,0.44480908082891696,-0.4750851791722057,1,320.0,154.0,137.99891076197227,-0.4750851791722057
11.664037227630615,3.3590002059936523,-182.25059869344523,-171.05845781166792,0.4459055486592711,-0.4762958435121739,1,320.0,154.0,137.74940130655477,-0.4762958435121739
11.67416262626648,3.3590002059936523,-182.50010814886272,-171.25943742941445,0.447003021387714,-0.47750775539941925,1,320.0,156.0,137.49989185113728,-0.47750775539941925
11.683994770050049,3.3580002784729004,-180.8787449807758,-169.62415626085493,0.4421149145139434,-0.4726169808113447,1,320.0,156.0,139.1212550192242,-0.4726169808113447
11.693599224090576,3.3580002784729004,-181.1154226611557,-169.81255624442545,0.44319005727545013,-0.47380657114110636,1,320.0,156.0,138.8845773388443,-0.47380657114110636
11.703075170516968,3.3580002784729004,-181.3521003415356,-170.00095622799597,0.44426614203687476,-0.4749973448592699,1,320.0,156.0,138.6478996584644,-0.4749973448592699
11.713486433029175,3.3580002784729004,-181.5887780219155,-170.1893562115665,0.4453431687982172,-0.4761893019658353,1,320.0,158.0,138.4112219780845,-0.4761893019658353
11.723116159439087,3.3580002784729004,-179.84484763276663,-168.3486280719199,0.4398001318025221,-0.4709197566990819,1,320.0,158.0,140.15515236723337,-0.4709197566990819
11.733571529388428,3.3580002784729004,-180.06793846968674,-168.52310836759548,0.44085212369917076,-0.47208780539573447,1,320.0,158.0,139.93206153031326,-0.47208780539573447
11.743032455444336,3.3580002784729004,-180.29102930660684,-168.69758866327106,0.4419049879972978,-0.4732569695465717,1,320.0,158.0,139.70897069339316,-0.4732569695465717
11.753832817077637,3.3580002784729004,-180.51412014352695,-168.87206895894664,0.4429587246969033,-0.4744272491515934,1,320.0,160.0,139.48587985647305,-0.4744272491515934
11.763453006744385,3.3570001125335693,-178.66334713234355,-167.04764327335843,0.4374947408181352,-0.46883101171823716,1,320.0,160.0,141.33665286765645,-0.46883101171823716
11.773879766464233,3.3570001125335693,-178.87220921407834,-167.2084238647926,0.4385237196471802,-0.46997600726238936,1,320.0,160.0,141.12779078592166,-0.46997600726238936
11.783504724502563,3.3570001125335693,-179.08107129581313,-167.36920445622675,0.4395535023791823,-0.4711220471169502,1,320.0,160.0,140.91892870418687,-0.4711220471169502
11.794140100479126,3.3570001125335693,-179.28993337754792,-167.52998504766092,0.44058408901414164,-0.47226913128191966,1,320.0,161.0,140.71006662245208,-0.47226913128191966
11.803550720214844,3.3570001125335693,-177.44783944201333,-165.7286102653998,0.4352118579793724,-0.4667238315136,1,320.0,161.0,142.55216055798667,-0.4667238315136
11.813961029052734,3.3570001125335693,-177.6426281029385,-165.87592677567602,0.4362180174255822,-0.4678457910472248,1,320.0,161.0,142.3573718970615,-0.4678457910472248
11.82344651222229,3.3570001125335693,-177.83741676386364,-166.02324328595225,0.43722491345434344,-0.4689687245241543,1,320.0,161.0,142.16258323613636,-0.4689687245241543
11.833882808685303,3.3570001125335693,-178.0322054247888,-166.17055979622847,0.4382325460656561,-0.47009263194438844,1,320.0,163.0,141.9677945752112,-0.47009263194438844
11.84375548362732,3.3570001125335693,-176.1012111558977,-164.19009158127886,0.4322962718367435,-0.46427940332585066,1,320.0,163.0,143.8987888441023,-0.46427940332585066
11.85323691368103,3.3570001125335693,-176.281411344984,-164.32280588212546,0.43327714302717013,-0.4653770506094792,1,320.0,163.0,143.718588655016,-0.4653770506094792
11.863670349121094,3.3560001850128174,-176.46161153407033,-164.4533671942494,0.43425608343769007,-0.4664755988940531,1,320.0,163.0,143.53838846592967,-0.4664755988940531
11.873546838760376,3.3560001850128174,-176.64181172315665,-164.586081495096,0.43523827100618145,-0.4675750481795725,1,320.0,165.0,143.35818827684335,-0.4675750481795725
11.883774757385254,3.3560001850128174,-174.63478312971034,-162.54896293250872,0.42913883807426845,-0.4615363345182103,1,320.0,165.0,145.36521687028966,-0.4615363345182103
11.893846273422241,3.3560001850128174,-174.79997180791375,-162.6667851151171,0.4300935586189741,-0.46260856079109397,1,320.0,165.0,145.20002819208625,-0.46260856079109397
11.903825998306274,3.3560001850128174,-174.96516048611716,-162.7846072977255,0.43104886827459277,-0.46368161300736865,1,320.0,165.0,145.03483951388284,-0.46368161300736865
11.913658857345581,3.3560001850128174,-175.13034916432056,-162.9024294803339,0.43200476704112456,-0.46475549116703435,1,320.0,167.0,144.86965083567944,-0.46475549116703435
11.923897743225098,3.3560001850128174,-173.05907377666193,-160.81858367775652,0.42577472910071634,-0.45853009059574257,1,320.0,167.0,146.94092622333807,-0.45853009059574257
11.933517456054688,3.3560001850128174,-173.20891190328206,-160.92129414071255,0.42670258812696715,-0.4595759409072031,1,320.0,167.0,146.79108809671794,-0.4595759409072031
11.943973064422607,3.3550002574920654,-173.35875002990218,-161.0218502673199,0.4276283647302326,-0.46062254040929673,1,320.0,167.0,146.64124997009782,-0.46062254040929673
11.953848838806152,3.3550002574920654,-173.5085881565223,-161.12456073027593,0.4285572400894312,-0.46166988910202356,1,320.0,169.0,146.4914118434777,-0.46166988910202356
11.963880062103271,3.3550002574920654,-171.38385138437664,-159.10410183781093,0.42255607906837456,-0.45529321190984984,1,320.0,169.0,148.61614861562336,-0.45529321190984984
11.973573923110962,3.3550002574920654,-171.5180764699217,-159.192238531236,0.42345780429314084,-0.4563118723948535,1,320.0,169.0,148.4819235300783,-0.4563118723948535
11.983952045440674,3.3550002574920654,-171.65230155546678,-159.28037522466107,0.42435997020137417,-0.45733120400528493,1,320.0,169.0,148.34769844453322,-0.45733120400528493
11.994248390197754,3.3550002574920654,-171.78652664101185,-159.36851191808614,0.42526257679307466,-0.45835120674114405,1,320.0,170.0,148.21347335898815,-0.45835120674114405
12.003132343292236,3.3550002574920654,-169.71923235699347,-157.4099630956355,0.4194845494239672,-0.4521853758244472,1,320.0,170.0,150.28076764300653,-0.4521853758244472
12.013823509216309,3.3550002574920654,-169.83834519607967,-157.4840503937351,0.4203608744336554,-0.453177502957331,1,320.0,170.0,150.16165480392033,-0.453177502957331
12.023403644561768,3.3550002574920654,-169.95745803516587,-157.55813769183467,0.4212375698798341,-0.4541702256544103,1,320.0,170.0,150.04254196483413,-0.4541702256544103
12.034499406814575,3.3550002574920654,-170.07657087425207,-157.63222498993426,0.42211463576250324,-0.455163543915685,1,320.0,172.0,149.92342912574793,-0.455163543915685
12.043680191040039,3.3540000915527344,-167.9649282199567,-155.52984378153232,0.4158916378848494,-0.44887536834487185,1,320.0,172.0,152.0350717800433,-0.44887536834487185
12.053096294403076,3.3540000915527344,-168.0687276289537,-155.58900511414365,0.4167405765095537,-0.449840271273813,1,320.0,172.0,151.9312723710463,-0.449840271273813
12.063657999038696,3.3540000915527344,-168.1725270379507,-155.64816644675497,0.41758981094092107,-0.45080569319979913,1,320.0,172.0,151.8274729620493,-0.45080569319979913
12.073249578475952,3.3540000915527344,-168.27632644694768,-155.7073277793663,0.4184393411789515,-0.4517716341228303,1,320.0,174.0,151.72367355305232,-0.4517716341228303
12.083558320999146,3.3540000915527344,-166.1292457384772,-153.5844281731639,0.412165939752085,-0.4453902098464875,1,320.0,174.0,153.8707542615228,-0.4453902098464875
12.092973947525024,3.3540000915527344,-166.2175932352913,-153.62861002564094,0.41298710102518565,-0.44632731480884086,1,320.0,174.0,153.7824067647087,-0.44632731480884086
12.103812456130981,3.3540000915527344,-166.3059407321054,-153.67279187811798,0.4138084832075487,-0.4472648615086783,1,320.0,174.0,153.6940592678946,-0.4472648615086783
12.113270282745361,3.3540000915527344,-166.3942882289195,-153.71697373059502,0.4146300862991741,-0.4482028499459998,1,320.0,175.0,153.6057117710805,-0.4482028499459998
12.123836040496826,3.3540000915527344,-164.32092749291124,-151.67920939459637,0.40865545000326003,-0.44208443866209135,1,320.0,175.0,155.67907250708876,-0.44208443866209135
12.133245468139648,3.3540000915527344,-164.3944350462648,-151.70909886327445,0.4094498628599901,-0.442994619901347,1,320.0,175.0,155.6055649537352,-0.442994619901347
12.14370608329773,3.3530001640319824,-164.46794259961834,-151.7368312962312,0.4102418259360193,-0.4439051686783693,1,320.0,175.0,155.53205740038166,-0.4439051686783693
12.153353691101074,3.3530001640319824,-164.5414501529719,-151.76672076490928,0.41103652690225756,-0.44481608499315844,1,320.0,177.0,155.4585498470281,-0.44481608499315844
12.163877010345459,3.3530001640319824,-162.43842025315163,-149.70945815717252,0.40501790488252076,-0.43862209937116864,1,320.0,177.0,157.56157974684837,-0.43862209937116864
12.173279762268066,3.3530001640319824,-162.4969860003603,-149.72501944524646,0.40578520352543573,-0.43950486319782084,1,320.0,177.0,157.5030139996397,-0.43950486319782084
12.18379807472229,3.3530001640319824,-162.55555174756896,-149.7405807333204,0.40655257997479105,-0.4403879198532091,1,320.0,177.0,157.44444825243104,-0.4403879198532091
12.193331956863403,3.3530001640319824,-162.61411749477762,-149.75614202139434,0.40732003423058677,-0.4412712693373334,1,320.0,178.0,157.38588250522238,-0.4412712693373334
12.203938245773315,3.3520002365112305,-160.5898759949328,-147.68349474192763,0.4012751024899552,-0.4353556351853084,1,320.0,178.0,159.4101240050672,-0.4353556351853084
12.213245391845703,3.3520002365112305,-160.63414342970083,-147.68473545507163,0.40201501502300335,-0.4362119268241785,1,320.0,178.0,159.36585657029917,-0.4362119268241785
12.223833799362183,3.3520002365112305,-160.67841086446884,-147.68597616821563,0.40275493375961724,-0.4370684398002225,1,320.0,178.0,159.32158913553116,-0.4370684398002225
12.233433961868286,3.3520002365112305,-160.72267829923686,-147.68721688135963,0.4034948586997968,-0.43792517411344023,1,320.0,180.0,159.27732170076314,-0.43792517411344023
12.243133544921875,3.3520002365112305,-158.6731987942624,-145.60918224964078,0.39744708105911064,-0.4319471790535381,1,320.0,180.0,161.3268012057376,-0.4319471790535381
12.253552675247192,3.3520002365112305,-158.7030929435374,-145.5961490228052,0.39815942193202203,-0.4327765674973858,1,320.0,180.0,161.2969070564626,-0.4327765674973858
12.263198852539062,3.3520002365112305,-158.7329870928124,-145.58311579596963,0.39887169763879915,-0.43360610541197986,1,320.0,180.0,161.2670129071876,-0.43360610541197986
12.273778676986694,3.3520002365112305,-158.76288124208742,-145.57008256913406,0.3995839081794421,-0.43443579279732036,1,320.0,181.0,161.23711875791258,-0.43443579279732036
12.283121585845947,3.3520002365112305,-156.79602790997458,-143.69170512438077,0.3942067674684685,-0.42874738678013735,1,320.0,181.0,163.20397209002542,-0.42874738678013735
12.293566465377808,3.3520002365112305,-156.8122148520556,-143.66586674320223,0.3948940907447702,-0.42955087218489485,1,320.0,181.0,163.1877851479444,-0.42955087218489485
12.303377628326416,3.3510000705718994,-156.82840179413662,-143.6378681070549,0.3955786817219287,-0.4303544385243628,1,320.0,181.0,163.17159820586338,-0.4303544385243628
12.313904762268066,3.3510000705718994,-156.84458873621764,-143.61202972587637,0.39626573581314384,-0.4311580857985411,1,320.0,183.0,163.15541126378236,-0.4311580857985411
12.323761224746704,3.3510000705718994,-154.85579593198057,-141.61537816048497,0.390519151992436,-0.4254167722019848,1,320.0,183.0,165.14420406801943,-0.4254167722019848
12.333212614059448,3.3510000705718994,-154.85821940335782,-141.57601084986294,0.39117979127393887,-0.4261939714646543,1,320.0,183.0,165.14178059664218,-0.4261939714646543
12.345262289047241,3.3510000705718994,-154.86064287473508,-141.5366435392409,0.39184023371888865,-0.4269711828446807,1,320.0,183.0,165.13935712526492,-0.4269711828446807
12.353947877883911,3.3510000705718994,-154.86306634611233,-141.4972762286189,0.39250047932728527,-0.42774840634206396,1,320.0,184.0,165.13693365388767,-0.42774840634206396
12.363555669784546,3.3510000705718994,-152.9596979794426,-139.59974400701702,0.38709483012978907,-0.42230447309621566,1,320.0,184.0,167.0403020205574,-0.42230447309621566
12.373088359832764,3.3510000705718994,-152.94903915183406,-139.54762133222297,0.38773002102669735,-0.4230564276988446,1,320.0,184.0,167.05096084816594,-0.4230564276988446
12.383625984191895,3.3510000705718994,-152.9383803242255,-139.49549865742893,0.38836495131023163,-0.42380832900733545,1,320.0,184.0,167.0616196757745,-0.42380832900733545
12.393150806427002,3.3510000705718994,-152.92772149661695,-139.44337598263488,0.388999620980392,-0.42456017702168825,1,320.0,186.0,167.07227850338305,-0.42456017702168825
12.40379786491394,3.3510000705718994,-151.00475852822566,-137.53855347596203,0.3835862649620752,-0.41906964041731243,1,320.0,186.0,168.99524147177434,-0.41906964041731243
12.41323971748352,3.3510000705718994,-150.98097301783395,-137.473713261909,0.3841958252715211,-0.41979600266993156,1,320.0,186.0,169.01902698216605,-0.41979600266993156
12.423885107040405,3.3510000705718994,-150.95718750744223,-137.408873047856,0.3848050613798968,-0.4205222459949987,1,320.0,186.0,169.04281249255777,-0.4205222459949987
12.43365216255188,3.3510000705718994,-150.9334019970505,-137.34403283380297,0.38541397328720217,-0.42124837039251384,1,320.0,187.0,169.0665980029495,-0.42124837039251384
12.44306993484497,3.3510000705718994,-149.09778890412483,-135.53757936890597,0.3803375110024681,-0.4160601291853052,1,320.0,187.0,170.90221109587517,-0.4160601291853052
12.453611373901367,3.3510000705718994,-149.06156674559904,-135.46078446810728,0.3809226610438502,-0.41676197042880236,1,320.0,187.0,170.93843325440096,-0.41676197042880236
12.464163541793823,3.3510000705718994,-149.02534458707325,-135.3839895673086,0.3815074271107283,-0.4174636305615067,1,320.0,187.0,170.97465541292675,-0.4174636305615067
12.473706245422363,3.3510000705718994,-148.98912242854746,-135.3071946665099,0.3820918092031025,-0.41816510958341857,1,320.0,188.0,171.01087757145254,-0.41816510958341857
12.483495712280273,3.3510000705718994,-147.23649149514836,-133.59355579358075,0.37733284509189224,-0.4132637309963777,1,320.0,188.0,172.76350850485164,-0.4132637309963777
12.494037389755249,3.3510000705718994,-147.1884879902078,-133.50552567530653,0.37789473657833966,-0.4139420692304,1,320.0,188.0,172.8115120097922,-0.4139420692304
12.503709554672241,3.3510000705718994,-147.14048448526722,-133.4174955570323,0.3784561879141958,-0.41462016744689767,1,320.0,188.0,172.85951551473278,-0.41462016744689767
12.513853311538696,3.3510000705718994,-147.09248098032666,-133.3294654387581,0.3790171990994605,-0.4152980256458706,1,320.0,188.0,172.90751901967334,-0.4152980256458706
12.52391767501831,3.3480000495910645,-147.0444774753861,-133.23494745495987,0.3795699522561774,-0.4159756438273189,1,320.0,190.0,172.9555225246139,-0.4159756438273189
12.533309936523438,3.3480000495910645,-145.23439154305757,-131.4787726338141,0.37468650370489953,-0.41090293419139073,1,320.0,190.0,174.76560845694243,-0.41090293419139073
12.54383659362793,3.3450002670288086,-145.17429877653416,-131.37279816952508,0.3752161983386003,-0.41155669436544534,1,320.0,190.0,174.82570122346584,-0.41155669436544534
12.553386926651001,3.3450002670288086,-145.11420601001075,-131.27332327582062,0.375753195082534,-0.4122101540756673,1,320.0,190.0,174.88579398998925,-0.4122101540756673
12.56439471244812,3.3390002250671387,-143.53237078367795,-129.63237403085137,0.3712868757632538,-0.4078980488968703,1,320.0,190.0,176.46762921632205,-0.4078980488968703
12.573981761932373,3.3390002250671387,-143.46183946795082,-129.52241466349534,0.37180253659574414,-0.40853072051533756,1,320.0,190.0,176.53816053204918,-0.40853072051533756
12.583091020584106,3.3330001831054688,-143.3913081522237,-129.3993690129985,0.3723018786602129,-0.40916303947722615,1,320.0,190.0,176.6086918477763,-0.40916303947722615
12.594630718231201,3.3330001831054688,-143.32077683649658,-129.28940964564248,0.37281637446761384,-0.409795005782536,1,320.0,190.0,176.67922316350342,-0.409795005782536
12.604430675506592,3.323000192642212,-143.25024552076945,-129.15752965235058,0.3733039061239254,-0.4104266194312673,1,320.0,191.0,176.74975447923055,-0.4104266194312673
12.61386251449585,3.323000192642212,-141.7108180236746,-127.48974755021383,0.3687351186051462,-0.40626591076255847,1,320.0,191.0,178.2891819763254,-0.40626591076255847
12.623017311096191,3.315000057220459,-141.6302135420731,-127.35146832383168,0.3692059408751067,-0.406877336452347,1,320.0,191.0,178.3697864579269,-0.406877336452347
12.633816242218018,3.315000057220459,-141.54960906047162,-127.2308259640291,0.3696973241731637,-0.4074883591197277,1,320.0,191.0,178.45039093952838,-0.4074883591197277
12.643613815307617,3.302000045776367,-141.46900457887014,-127.08133260514387,0.37015333880552725,-0.4080989787647002,1,320.0,192.0,178.53099542112986,-0.4080989787647002
12.652961254119873,3.302000045776367,-140.0041647512697,-125.71887235659622,0.3665933535306751,-0.4041947025843745,1,320.0,192.0,179.9958352487303,-0.4041947025843745
12.663117170333862,3.2920000553131104,-139.91407197229833,-125.5673618944636,0.36703937778558826,-0.40478616160947034,1,320.0,192.0,180.08592802770167,-0.40478616160947034
12.67392873764038,3.2920000553131104,-139.82397919332695,-125.43820744353309,0.36751158348168933,-0.4053771701706713,1,320.0,192.0,180.17602080667305,-0.4053771701706713
12.683377742767334,3.2760002613067627,-138.54953708570736,-124.12484630096081,0.3641951696066903,-0.40210512065641013,1,320.0,192.0,181.45046291429264,-0.40210512065641013
12.6937735080719,3.2760002613067627,-138.45132608450083,-123.98782183424557,0.3646506793558032,-0.40267952408538477,1,320.0,192.0,181.54867391549917,-0.40267952408538477
12.70367956161499,3.265000104904175,-138.3531150832943,-123.82578456028679,0.36507536354985415,-0.4032534364593534,1,320.0,192.0,181.6468849167057,-0.4032534364593534
12.713484764099121,3.265000104904175,-138.2549040820878,-123.68876009357155,0.3655293779902637,-0.40382685777831606,1,320.0,192.0,181.7450959179122,-0.40382685777831606
12.723788261413574,3.247000217437744,-138.15669308088127,-123.5104219173478,0.36593292428838187,-0.40439978804227267,1,320.0,192.0,181.84330691911873,-0.40439978804227267
12.733238458633423,3.247000217437744,-137.0161245296649,-122.38436640586045,0.3631598471270473,-0.40157279938668455,1,320.0,192.0,182.9838754703351,-0.40157279938668455
12.743913412094116,3.2340002059936523,-136.91076890506912,-122.21042403769782,0.36356216840544064,-0.40213092648169496,1,320.0,192.0,183.08923109493088,-0.40213092648169496
12.754739761352539,3.2340002059936523,-136.80541328047335,-122.06662046305065,0.36399993721817936,-0.40268852679858247,1,320.0,192.0,183.19458671952665,-0.40268852679858247
12.763087034225464,3.2150001525878906,-136.70005765587757,-121.87830639854047,0.36438335187275983,-0.4032456003373469,1,320.0,192.0,183.29994234412243,-0.4032456003373469
12.773485660552979,3.2150001525878906,-135.70394247202827,-120.90726754469716,0.3621221159358322,-0.40089767099928864,1,320.0,192.0,184.29605752797173,-0.40089767099928864
12.78337836265564,3.202000141143799,-135.5924831446665,-120.72702070089782,0.3625094548267775,-0.40144188222217786,1,320.0,192.0,184.4075168553335,-0.40144188222217786
12.794928312301636,3.202000141143799,-135.4810238173047,-120.5775487074172,0.36293297617813786,-0.40198553614843024,1,320.0,192.0,184.5189761826953,-0.40198553614843024
12.803611993789673,3.181000232696533,-135.36956448994292,-120.37780425898906,0.363295171861319,-0.40252863277804585,1,320.0,191.0,184.63043551005708,-0.40252863277804585
12.812953472137451,3.181000232696533,-134.6072778182242,-119.44563480710855,0.36116516480682526,-0.4009493181363486,1,320.0,191.0,185.3927221817758,-0.4009493181363486
12.823781967163086,3.1670000553131104,-134.49135980078,-119.25689506126865,0.3615349615871237,-0.40148267331441945,1,320.0,191.0,185.50864019922,-0.40148267331441945
12.834704160690308,3.1670000553131104,-134.37544178333582,-119.10206096150044,0.3619446709722094,-0.40201544890240304,1,320.0,191.0,185.62455821666418,-0.40201544890240304
12.84395146369934,3.1460001468658447,-134.25952376589163,-118.8957731366979,0.3622916044481298,-0.4025476449002995,1,320.0,191.0,185.74047623410837,-0.4025476449002995
12.853790998458862,3.1460001468658447,-133.60713676593133,-118.30606516034946,0.36128183860299523,-0.4013303961316429,1,320.0,191.0,186.39286323406867,-0.4013303961316429
12.86386775970459,3.132000207901001,-133.48754401497868,-118.11354579102833,0.3616413830887649,-0.4018543225505746,1,320.0,191.0,186.51245598502132,-0.4018543225505746
12.875081300735474,3.132000207901001,-133.36795126402603,-117.95573286926239,0.3620417862469921,-0.4023776510057515,1,320.0,191.0,186.63204873597397,-0.4023776510057515
12.883915901184082,3.1100001335144043,-133.24835851307338,-117.74271525959102,0.36237487869168444,-0.4029003814971737,1,320.0,191.0,186.75164148692662,-0.4029003814971737
12.893445491790771,3.1100001335144043,-132.69608340396724,-117.15711031094389,0.361378915920028,-0.40201206079914154,1,320.0,191.0,187.30391659603276,-0.40201206079914154
12.903653621673584,3.0960001945495605,-132.57352708306752,-116.96080658130575,0.3617281554773688,-0.4025278608494772,1,320.0,191.0,187.42647291693248,-0.4025278608494772
12.913319826126099,3.0960001945495605,-132.4509707621678,-116.80006358492369,0.3621192641996349,-0.4030430481182084,1,320.0,191.0,187.5490292378322,-0.4030430481182084
12.923839807510376,3.074000120162964,-132.32841444126808,-116.5827486338707,0.3624414000015407,-0.4035576226053351,1,320.0,191.0,187.67158555873192,-0.4035576226053351
12.93329906463623,3.074000120162964,-131.86730378983867,-116.10337819418937,0.3617919833159998,-0.40296799319070226,1,320.0,191.0,188.13269621016133,-0.40296799319070226
12.94386339187622,3.06000018119812,-131.74242869176607,-115.90400594747362,0.36213225664967824,-0.40347685521647403,1,320.0,191.0,188.25757130823393,-0.40347685521647403
12.953935384750366,3.06000018119812,-131.61755359369346,-115.74108065426192,0.36251545170109556,-0.4039850928667553,1,320.0,191.0,188.38244640630654,-0.4039850928667553
12.96387505531311,3.0380001068115234,-131.49267849562085,-115.52016470802239,0.3628279533891482,-0.4044927061415463,1,320.0,191.0,188.50732150437915,-0.4044927061415463
12.973102807998657,3.0380001068115234,-131.11453521857726,-115.13732980010117,0.36249238600256006,-0.4041741123114718,1,320.0,191.0,188.88546478142274,-0.4041741123114718
12.983723640441895,3.0230002403259277,-130.9879254719256,-114.9328487606283,0.36282167299899576,-0.4046771202428494,1,320.0,191.0,189.0120745280744,-0.4046771202428494
12.993643045425415,3.0230002403259277,-130.86131572527393,-114.76841729359631,0.36319819732502534,-0.4051794951254938,1,320.0,191.0,189.13868427472607,-0.4051794951254938
13.003914833068848,3.001000165939331,-130.73470597862226,-114.54448072695607,0.3635021958486918,-0.40568123695940494,1,320.0,190.0,189.26529402137774,-0.40568123695940494
13.013245105743408,3.001000165939331,-130.53351651309978,-114.35079089324505,0.3637814026295753,-0.40593923260903486,1,320.0,190.0,189.46648348690022,-0.40593923260903486
13.023886919021606,2.9870002269744873,-130.40639595120044,-114.14781023342415,0.3641048551498963,-0.40643448178064057,1,320.0,190.0,189.59360404879956,-0.40643448178064057
13.034454584121704,2.9870002269744873,-130.2792753893011,-113.98317836848175,0.364473508415189,-0.40692909948078293,1,320.0,190.0,189.7207246106989,-0.40692909948078293
13.043164014816284,2.9650001525878906,-130.15215482740174,-113.75751021779756,0.364761540446708,-0.4074159273167425,1,320.0,189.0,189.84784517259826,-0.4074159273167425
13.053565979003906,2.9650001525878906,-130.1110298951059,-113.6333841077021,0.3652540474621259,-0.4081824582400304,1,320.0,189.0,189.8889701048941,-0.4081824582400304
13.063000440597534,2.9650001525878906,-129.98449836773338,-113.46902969044221,0.36561423881305344,-0.40866916930499997,1,320.0,189.0,190.01550163226662,-0.40866916930499997
13.073686599731445,2.950000047683716,-129.85796684036086,-113.26250757669818,0.3659185670144989,-0.40915038907598,1,320.0,189.0,190.14203315963914,-0.40915038907598
13.082994222640991,2.9280002117156982,-129.73143531298834,-113.03548141347248,0.36619096669886947,-0.409623856830007,1,320.0,188.0,190.26856468701166,-0.409623856830007
13.09340786933899,2.9280002117156982,-129.8348441435419,-112.9741631164905,0.3668736602959525,-0.41084628066562856,1,320.0,188.0,190.1651558564581,-0.41084628066562856
13.103032112121582,2.9140000343322754,-129.70988771357423,-112.77011033220451,0.36716840194242806,-0.41131699477351,1,320.0,188.0,190.29011228642577,-0.41131699477351
13.113734722137451,2.9140000343322754,-129.58493128360658,-112.6064617150361,0.3675108455307975,-0.41178711096486326,1,320.0,188.0,190.41506871639342,-0.41178711096486326
13.123363971710205,2.9140000343322754,-129.45997485363893,-112.4428130978677,0.3678525060605197,-0.4122566292396883,1,320.0,188.0,190.54002514636107,-0.4122566292396883
13.133793354034424,2.892000198364258,-129.59232482934942,-112.4750588390865,0.36895800613210644,-0.4135572271059708,1,320.0,188.0,190.40767517065058,-0.4135572271059708
13.14388370513916,2.892000198364258,-129.46913108649753,-112.31319288224486,0.36929500844192675,-0.41402178366879283,1,320.0,188.0,190.53086891350247,-0.41402178366879283
13.15341067314148,2.878000020980835,-129.34593734364563,-112.10984813942162,0.3695773504934338,-0.4144812303599834,1,320.0,188.0,190.65406265635437,-0.4144812303599834
13.163161993026733,2.878000020980835,-129.22274360079373,-111.94798218257999,0.36990870712744295,-0.4149400986565449,1,320.0,187.0,190.77725639920627,-0.4149400986565449
13.173524141311646,2.8560001850128174,-129.4820007571232,-112.1208004882678,0.37145997021585975,-0.41663806604645637,1,320.0,187.0,190.5179992428768,-0.41663806604645637
13.183259963989258,2.8560001850128174,-129.361427221801,-111.96167999994441,0.3717885278768573,-0.41709361488621266,1,320.0,187.0,190.638572778199,-0.41709361488621266
13.19417929649353,2.8420002460479736,-129.2408536864788,-111.7599633866918,0.3720611226410957,-0.41754408085455086,1,320.0,187.0,190.7591463135212,-0.41754408085455086
13.204079627990723,2.820000171661377,-129.1202801511566,-111.53299969403936,0.37229624140638534,-0.41798688994226446,1,320.0,186.0,190.8797198488434,-0.41798688994226446
13.213382244110107,2.820000171661377,-129.4935775075416,-111.79858439639276,0.3739966097777597,-0.4200391960841107,1,320.0,186.0,190.5064224924584,-0.4200391960841107
13.223792552947998,2.820000171661377,-129.37638781715592,-111.64237385180792,0.37431712997319533,-0.42048723107573827,1,320.0,186.0,190.62361218284408,-0.42048723107573827
13.233226299285889,2.806000232696533,-129.25919812677023,-111.44240331053865,0.37458032783944994,-0.42093020880201326,1,320.0,186.0,190.74080187322977,-0.42093020880201326
13.243386507034302,2.806000232696533,-129.14200843638454,-111.28619276595381,0.3748953324110261,-0.42137265741676794,1,320.0,185.0,190.85799156361546,-0.42137265741676794
13.253895998001099,2.7850000858306885,-129.6174910071347,-111.60973838842762,0.37690460733523634,-0.42374000020950187,1,320.0,185.0,190.3825089928653,-0.42374000020950187
13.26328706741333,2.7850000858306885,-129.50436246883703,-111.45727104949522,0.37721902462449197,-0.42418215920885044,1,320.0,185.0,190.49563753116297,-0.42418215920885044
13.27369737625122,2.7710001468658447,-129.39123393053936,-111.25986582800277,0.37747474145550514,-0.42461928469862864,1,320.0,185.0,190.60876606946064,-0.42461928469862864
13.28405475616455,2.7710001468658447,-129.27810539224168,-111.10739848907038,0.3777837086963914,-0.42505590931176196,1,320.0,184.0,190.72189460775832,-0.42505590931176196
13.293844938278198,2.749000072479248,-129.84485147221915,-111.5373965576022,0.38013206819629547,-0.42770147762043387,1,320.0,184.0,190.15514852778085,-0.42770147762043387
13.303459644317627,2.749000072479248,-129.73638202184182,-111.38941143377316,0.3804415362693784,-0.4281385866338796,1,320.0,184.0,190.26361797815818,-0.4281385866338796
13.314345359802246,2.7350001335144043,-129.6279125714645,-111.19522657279866,0.38069082376858393,-0.4285706844074735,1,320.0,184.0,190.3720874285355,-0.4285706844074735
13.323137521743774,2.7350001335144043,-129.51944312108716,-111.04724144896963,0.38099490906683997,-0.4290023116947902,1,320.0,183.0,190.48055687891284,-0.4290023116947902
13.333500623703003,2.7140002250671387,-130.16739328700058,-111.47707991998311,0.38332085333788035,-0.43189284239486403,1,320.0,183.0,189.83260671299942,-0.43189284239486403
13.34303331375122,2.7140002250671387,-130.0641079137816,-111.33353632533955,0.38362566529010594,-0.4323262247225947,1,320.0,183.0,189.9358920862184,-0.4323262247225947
13.354475259780884,2.700000047683716,-129.96082254056265,-111.1425137307159,0.38386879387316236,-0.4327546157860218,1,320.0,183.0,190.03917745943735,-0.4327546157860218
13.363115072250366,2.700000047683716,-129.85753716734368,-110.99897013607234,0.3841682871959005,-0.43318256788660053,1,320.0,181.0,190.14246283265632,-0.43318256788660053
13.373445510864258,2.67900013923645,-130.67852682390563,-111.62632906755307,0.3871232703661405,-0.43661677238029306,1,320.0,181.0,189.32147317609437,-0.43661677238029306
13.383213758468628,2.67900013923645,-130.58157642983326,-111.48856414256734,0.3874259257429543,-0.4370485481199248,1,320.0,181.0,189.41842357016674,-0.4370485481199248
13.39393925666809,2.6650002002716064,-130.4846260357609,-111.30198876138753,0.3876653298694844,-0.43747534996824267,1,320.0,181.0,189.5153739642391,-0.43747534996824267
13.404202222824097,2.6650002002716064,-130.38767564168853,-111.1642238364018,0.3879627330968781,-0.4379017482604967,1,320.0,181.0,189.61232435831147,-0.4379017482604967
13.41359281539917,2.6440000534057617,-131.16125255458513,-111.8673157734744,0.39114800227366553,-0.44115922973517535,1,320.0,181.0,188.83874744541487,-0.44115922973517535
13.423100471496582,2.6440000534057617,-131.0702692152251,-111.73582346238712,0.3914494457497095,-0.44158874855191765,1,320.0,181.0,188.9297307847749,-0.44158874855191765
13.433727741241455,2.630000114440918,-130.97928587586506,-111.55413155219198,0.3916859985754665,-0.4420133091721032,1,320.0,181.0,189.02071412413494,-0.4420133091721032
13.44401240348816,2.630000114440918,-130.88830253650502,-111.42263924110469,0.3919822550889475,-0.44243749903515484,1,320.0,180.0,189.11169746349498,-0.44243749903515484
13.453436613082886,2.6090002059936523,-131.71818834054068,-112.19211346849215,0.3953668299193685,-0.4458569742985701,1,320.0,180.0,188.28181165945932,-0.4458569742985701
13.463945865631104,2.6090002059936523,-131.6335175872411,-112.06732086714939,0.3956678696536582,-0.4462848652868945,1,320.0,180.0,188.3664824127589,-0.4462848652868945
13.473386287689209,2.5950000286102295,-131.54884683394152,-111.890878491661,0.39590230368906065,-0.44670781141909444,1,320.0,180.0,188.45115316605848,-0.44670781141909444
13.484079837799072,2.5950000286102295,-131.46417608064195,-111.76608589031822,0.39619821984293113,-0.4471304199266596,1,320.0,179.0,188.53582391935805,-0.4471304199266596
13.493612051010132,2.575000047683716,-132.34312164172718,-112.4960502848749,0.39942895135107,-0.4506880771081077,1,320.0,179.0,187.65687835827282,-0.4506880771081077
13.503162860870361,2.575000047683716,-132.2650569599306,-112.37763042027633,0.399729334446728,-0.4511151931674988,1,320.0,179.0,187.7349430400694,-0.4511151931674988
13.513545989990234,2.561000108718872,-132.18699227813403,-112.20609282657442,0.39996137364203865,-0.4515373753226364,1,320.0,179.0,187.81300772186597,-0.4515373753226364
13.523439645767212,2.561000108718872,-132.10892759633745,-112.08767296197585,0.4002566919787196,-0.45195925283033206,1,320.0,178.0,187.89107240366255,-0.45195925283033206
13.533926010131836,2.5400002002716064,-133.03027737186937,-112.87351232426981,0.40366041248064055,-0.45563261559624735,1,320.0,178.0,186.96972262813063,-0.45563261559624735
13.543434858322144,2.5400002002716064,-132.95906461140876,-112.76184629363193,0.4039605464085631,-0.45605905274901837,1,320.0,178.0,187.04093538859124,-0.45605905274901837
13.554023027420044,2.5260000228881836,-132.88785185094815,-112.59548314032169,0.40419046239921386,-0.4564805645988809,1,320.0,178.0,187.11214814905185,-0.4564805645988809
13.563332796096802,2.5260000228881836,-132.81663909048754,-112.48381710968381,0.4044855889311582,-0.4569018047720582,1,320.0,177.0,187.18336090951246,-0.4569018047720582
13.573585748672485,2.505000114440918,-133.77428880848367,-113.22018944472802,0.40771083374570827,-0.46067057883956986,1,320.0,177.0,186.22571119151633,-0.46067057883956986
13.58301329612732,2.505000114440918,-133.71013027670975,-113.11490877081454,0.4080100918136247,-0.46109667300486196,1,320.0,177.0,186.28986972329025,-0.46109667300486196
13.593740463256836,2.491000175476074,-133.64597174493582,-112.95328202454,0.4082371731263932,-0.4615178481850417,1,320.0,177.0,186.35402825506418,-0.4615178481850417
13.603421449661255,2.491000175476074,-133.5818132131619,-112.84800135062652,0.4085314772922367,-0.46193878421426604,1,320.0,176.0,186.4181867868381,-0.46193878421426604
13.614030599594116,2.4710001945495605,-134.57017064628846,-113.64241497544177,0.41192138998398475,-0.46578473278228383,1,320.0,176.0,185.42982935371154,-0.46578473278228383
13.623619794845581,2.4710001945495605,-134.5132289071154,-113.5438632892137,0.41222068557298186,-0.4662110751600058,1,320.0,176.0,185.4867710928846,-0.4662110751600058
13.633101224899292,2.4570000171661377,-134.45628716794235,-113.3872892631202,0.4124458099476766,-0.46663250210477764,1,320.0,176.0,185.54371283205765,-0.46663250210477764
13.643893241882324,2.4570000171661377,-134.3993454287693,-113.28873757689213,0.41274020215568863,-0.46705372163926206,1,320.0,174.0,185.6006545712307,-0.46705372163926206
13.653223276138306,2.436000108718872,-135.51431511134723,-114.22653972267882,0.41658932219832345,-0.47128893520515536,1,320.0,174.0,184.48568488865277,-0.47128893520515536
13.663687467575073,2.436000108718872,-135.46540921723656,-114.13570031698089,0.4168900621066456,-0.4717165689881315,1,320.0,174.0,184.53459078276344,-0.4717165689881315
13.67300271987915,2.4220001697540283,-135.41650332312588,-113.98503574540331,0.417114481471201,-0.4721392876419812,1,320.0,174.0,184.58349667687412,-0.4721392876419812
13.683780193328857,2.4220001697540283,-135.3675974290152,-113.89419633970537,0.4174103681006861,-0.47256183243535654,1,320.0,173.0,184.6324025709848,-0.47256183243535654
13.69319486618042,2.4020001888275146,-136.4937567098733,-114.76513754264634,0.4210148125494754,-0.4768089823426648,1,320.0,173.0,183.5062432901267,-0.4768089823426648
13.70371150970459,2.4020001888275146,-136.45290864272457,-114.6814883474284,0.4213163921860092,-0.4772382321712942,1,320.0,173.0,183.54709135727543,-0.4772382321712942
13.713043451309204,2.388000011444092,-136.41206057557582,-114.5361788874045,0.4215394613779967,-0.47766256434481574,1,320.0,173.0,183.58793942442418,-0.47766256434481574
13.723683595657349,2.388000011444092,-136.37121250842708,-114.45252969218656,0.42183623262504155,-0.4780867547755431,1,320.0,172.0,183.62878749157292,-0.4780867547755431
13.733078718185425,2.367000102996826,-137.50502113425216,-115.35304932835497,0.4255290847246327,-0.4823338524904809,1,320.0,172.0,182.49497886574784,-0.4823338524904809
13.745181560516357,2.367000102996826,-137.47222841349947,-115.27679349800505,0.42583153619967506,-0.48276431260157876,1,320.0,172.0,182.52777158650053,-0.48276431260157876
13.753543376922607,2.3540000915527344,-137.43943569274677,-115.1414730467798,0.42605890557082193,-0.4831901938579529,1,320.0,172.0,182.56056430725323,-0.4831901938579529
13.763118028640747,2.3540000915527344,-137.40664297199407,-115.06521721642987,0.426356894361016,-0.48361596411095975,1,320.0,171.0,182.59335702800593,-0.48361596411095975
13.774356603622437,2.3330001831054688,-138.54489325062795,-115.99381516901914,0.43012447296013734,-0.48785282060030555,1,320.0,171.0,181.45510674937205,-0.48785282060030555
13.7837975025177,2.3330001831054688,-138.52013138065794,-115.92511504404877,0.43042835330912343,-0.4882847247575771,1,320.0,171.0,181.47986861934206,-0.4882847247575771
13.793166875839233,2.320000171661377,-138.49536951068794,-115.79548187614806,0.4306549186475279,-0.4887120452924341,1,320.0,171.0,181.50463048931206,-0.4887120452924341
13.80401873588562,2.320000171661377,-138.47060764071793,-115.72678175117768,0.4309543769270069,-0.4891392841131096,1,320.0,170.0,181.52939235928207,-0.4891392841131096
13.813452243804932,2.2990000247955322,-139.61040005398542,-116.57705249841628,0.4344497311797354,-0.4933564011638657,1,320.0,170.0,180.38959994601458,-0.4933564011638657
13.823935747146606,2.2990000247955322,-139.59362478858876,-116.515340524682,0.43475406038683084,-0.4937896011505438,1,320.0,170.0,180.40637521141124,-0.4937896011505438
13.83332896232605,2.2860000133514404,-139.5768495231921,-116.39073699159056,0.43497873237043405,-0.4942182104079438,1,320.0,170.0,180.4231504768079,-0.4942182104079438
13.843977451324463,2.2860000133514404,-139.56007425779543,-116.32902501785628,0.4352786758212683,-0.494646765732865,1,320.0,169.0,180.43992574220457,-0.494646765732865
13.853355646133423,2.265000104904175,-140.69879469174754,-117.30775439403833,0.43917722808893517,-0.498835600635002,1,320.0,169.0,179.30120530825246,-0.498835600635002
13.863848209381104,2.265000104904175,-140.68994412770516,-117.25388605767809,0.4394834015307114,-0.49926991194335246,1,320.0,169.0,179.31005587229484,-0.49926991194335246
13.873269081115723,2.252000093460083,-140.68109356366278,-117.13507169352735,0.43970745709549985,-0.499699623122226,1,320.0,169.0,179.31890643633722,-0.499699623122226
13.883853435516357,2.252000093460083,-140.6722429996204,-117.08120335716711,0.4400092792857315,-0.500129306598832,1,320.0,168.0,179.3277570003796,-0.500129306598832
13.893476963043213,2.2310001850128174,-141.807541480227,-117.97139927723492,0.4436024173232821,-0.5042822000896514,1,320.0,168.0,178.192458519773,-0.5042822000896514
13.904072284698486,2.2310001850128174,-141.80653799131662,-117.92473709386678,0.44390933613619066,-0.5047174055892173,1,320.0,168.0,178.19346200868338,-0.5047174055892173
13.913577318191528,2.2190001010894775,-141.80553450240623,-117.81616353420473,0.4441380926527416,-0.5051483538047585,1,320.0,168.0,178.19446549759377,-0.5051483538047585
13.923569440841675,2.2190001010894775,-141.80453101349585,-117.76950135083659,0.44444100061782965,-0.505579298962167,1,320.0,166.0,178.19546898650415,-0.505579298962167
13.933894634246826,2.203000068664551,-143.03530470095848,-118.70430559525325,0.4481113867229889,-0.5100208803286604,1,320.0,166.0,176.96469529904152,-0.5100208803286604
13.94355297088623,2.203000068664551,-143.0427494595084,-118.66494880452645,0.4484210434280166,-0.5104600151324747,1,320.0,166.0,176.9572505404916,-0.5104600151324747
13.95394515991211,2.194000005722046,-143.05019421805832,-118.57794355075912,0.44867059228669104,-0.5108959536745219,1,320.0,166.0,176.94980578194168,-0.5108959536745219
13.9636549949646,2.194000005722046,-143.05763897660825,-118.53858676003232,0.4489772018209932,-0.5113319144391735,1,320.0,167.0,176.94236102339175,-0.5113319144391735
13.973869800567627,2.182000160217285,-144.06928159777053,-119.30823103992563,0.45205001993579996,-0.5150378611388075,1,320.0,167.0,175.93071840222947,-0.5150378611388075
13.983411312103271,2.182000160217285,-144.08361385888517,-119.27486321289356,0.45236243581193036,-0.5154808269888097,1,320.0,167.0,175.91638614111483,-0.5154808269888097
13.993225812911987,2.1760001182556152,-144.09794611999982,-119.20911326946076,0.4526340107080661,-0.515921673706341,1,320.0,167.0,175.90205388000018,-0.515921673706341
14.004302501678467,2.1760001182556152,-144.11227838111446,-119.17574544242869,0.45294434604246137,-0.5163625625607243,1,320.0,167.0,175.88772161888554,-0.5163625625607243
14.01298975944519,2.1690001487731934,-145.02428174962117,-119.8024304103581,0.4554828836517585,-0.5197278892088291,1,320.0,167.0,174.97571825037883,-0.5197278892088291
14.023462772369385,2.1690001487731934,-145.04477097436427,-119.77385055999387,0.45579862695413087,-0.5201763696756403,1,320.0,167.0,174.95522902563573,-0.5201763696756403
14.033327341079712,2.1650002002716064,-145.06526019910737,-119.7234241682607,0.4560868098168841,-0.520623459388293,1,320.0,167.0,174.93473980089263,-0.520623459388293
14.044153451919556,2.1650002002716064,-145.08574942385047,-119.69484431789648,0.4564011252904516,-0.5210706087758231,1,320.0,168.0,174.91425057614953,-0.5210706087758231
14.053380966186523,2.1610000133514404,-145.8045831129463,-120.1829246596372,0.45844390596655316,-0.5237933717430748,1,320.0,168.0,174.1954168870537,-0.5237933717430748
14.064631223678589,2.1610000133514404,-145.8298622201327,-120.15803898701688,0.45876280187157925,-0.5242469778516601,1,320.0,168.0,174.1701377798673,-0.5242469778516601
14.073790311813354,2.1590001583099365,-145.8551413273191,-120.12215410986296,0.4590677940080692,-0.5246999281100053,1,320.0,168.0,174.1448586726809,-0.5246999281100053
14.083456754684448,2.1590001583099365,-145.8804204345055,-120.09726843724265,0.4593859130837532,-0.5251529516145739,1,320.0,169.0,174.1195795654945,-0.5251529516145739
14.094307899475098,2.1570000648498535,-146.42277894000196,-120.55598219428427,0.4613028596459989,-0.5272913021385315,1,320.0,169.0,173.57722105999804,-0.5272913021385315
14.103868961334229,2.1570000648498535,-146.45160468854016,-120.53448912784981,0.46162571399562147,-0.5277495043270823,1,320.0,169.0,173.54839531145984,-0.5277495043270823
14.113906383514404,2.1570000648498535,-146.48043043707835,-120.51299606141535,0.46194850617654587,-0.5282077898941154,1,320.0,169.0,173.51956956292165,-0.5282077898941154
14.123518943786621,2.1570000648498535,-146.50925618561655,-120.49150299498089,0.4622712361887721,-0.5286661588396309,1,320.0,170.0,173.49074381438345,-0.5286661588396309
14.133732557296753,2.1560001373291016,-146.8906473636704,-120.7161804754859,0.46340762424318005,-0.5302738216206077,1,320.0,170.0,173.1093526363296,-0.5302738216206077
14.143094539642334,2.1560001373291016,-146.92189137669527,-120.6964137599674,0.463732716861762,-0.5307359187527578,1,320.0,170.0,173.07810862330473,-0.5307359187527578
14.153871536254883,2.1570000648498535,-146.95313538972013,-120.68216594485077,0.46406469266818307,-0.5311984735363271,1,320.0,170.0,173.04686461027987,-0.5311984735363271
14.163411855697632,2.1570000648498535,-146.984379402745,-120.66239922933227,0.464389988618894,-0.5316611186932092,1,320.0,171.0,173.015620597255,-0.5316611186932092
14.17379903793335,2.1570000648498535,-147.21920087766716,-120.6750611894845,0.4648209650970964,-0.5327876436844661,1,320.0,171.0,172.78079912233284,-0.5327876436844661
14.183232069015503,2.1570000648498535,-147.25184124955518,-120.65551690560588,0.46514650805865276,-0.5332527381054193,1,320.0,171.0,172.74815875044482,-0.5332527381054193
14.193644523620605,2.1579999923706055,-147.2844816214432,-120.64148599810468,0.4654789280693148,-0.5337182951231697,1,320.0,171.0,172.7155183785568,-0.5337182951231697
14.203364372253418,2.1579999923706055,-147.31712199333123,-120.62194171422607,0.4658046754476225,-0.5341839466347962,1,320.0,174.0,172.68287800666877,-0.5341839466347962
14.213870525360107,2.1590001583099365,-147.21673336355977,-120.44297877042835,0.46559952433878105,-0.534216301276321,1,320.0,174.0,172.78326663644023,-0.534216301276321
14.223191738128662,2.1590001583099365,-147.24846127029465,-120.42230322269994,0.4659236373527549,-0.5346810272392107,1,320.0,174.0,172.75153872970535,-0.5346810272392107
14.233644723892212,2.1600000858306885,-147.28018917702954,-120.40713002684004,0.4662546102206374,-0.5351462133075089,1,320.0,174.0,172.71981082297046,-0.5351462133075089
14.24361252784729,2.1600000858306885,-147.31191708376443,-120.38645447911162,0.46657892030718484,-0.5356114913867434,1,320.0,176.0,172.68808291623557,-0.5356114913867434
14.253942012786865,2.1620001792907715,-147.00914246428778,-120.03473772371002,0.465801746442533,-0.5349868999276639,1,320.0,176.0,172.99085753571222,-0.5349868999276639
14.26341962814331,2.1620001792907715,-147.03857595922113,-120.01171612689807,0.4661227546154998,-0.5354493672506522,1,320.0,176.0,172.96142404077887,-0.5354493672506522
14.272923469543457,2.1630001068115234,-147.0680094541545,-119.9941804077415,0.4664505948640893,-0.5359122877213315,1,320.0,176.0,172.9319905458455,-0.5359122877213315
14.283499956130981,2.1630001068115234,-147.09744294908785,-119.97115881092954,0.46677178512419354,-0.5363752937699052,1,320.0,178.0,172.90255705091215,-0.5363752937699052
14.293704509735107,2.1650002002716064,-146.61203668845448,-119.4586728088175,0.4654749789818289,-0.5351603972686252,1,320.0,178.0,173.38796331154552,-0.5351603972686252
14.303276777267456,2.1650002002716064,-146.63793879465857,-119.43221872405822,0.4657910804769487,-0.5356185628662282,1,320.0,178.0,173.36206120534143,-0.5356185628662282
14.313324213027954,2.1660001277923584,-146.66384090086265,-119.41123411661707,0.4661139827336189,-0.5360771705367553,1,320.0,178.0,173.33615909913735,-0.5360771705367553
14.323882102966309,2.1660001277923584,-146.68974300706674,-119.38478003185779,0.46643024450384174,-0.5365358537119305,1,320.0,180.0,173.31025699293326,-0.5365358537119305
14.333538293838501,2.1680002212524414,-146.03998390514298,-118.72771287136275,0.4646683166707563,-0.5347922277798367,1,320.0,180.0,173.96001609485702,-0.5347922277798367
14.344126224517822,2.1680002212524414,-146.06125150520185,-118.69685834584432,0.46497788613215896,-0.5352442478350935,1,320.0,180.0,173.93874849479815,-0.5352442478350935
14.353698015213013,2.1700000762939453,-146.08251910526073,-118.67690469553037,0.4653010717206525,-0.5356970603514101,1,320.0,180.0,173.91748089473927,-0.5356970603514101
14.363230228424072,2.1700000762939453,-146.1037867053196,-118.64605017001193,0.4656110860094076,-0.5361499350754608,1,320.0,182.0,173.8962132946804,-0.5361499350754608
14.37366509437561,2.1720001697540283,-145.3065754538239,-117.85935586089668,0.46343464852337607,-0.5339347905130385,1,320.0,182.0,174.6934245461761,-0.5339347905130385
14.383130073547363,2.1720001697540283,-145.3222289225882,-117.82324222778563,0.4637365343133727,-0.5343793688679714,1,320.0,182.0,174.6777710774118,-0.5343793688679714
14.392921924591064,2.1730000972747803,-145.3378823913525,-117.79256008979166,0.4640451424588889,-0.5348243564059455,1,320.0,182.0,174.6621176086475,-0.5348243564059455
14.40365719795227,2.1730000972747803,-145.3535358601168,-117.7564464566806,0.46434712690702656,-0.5352693898477205,1,320.0,184.0,174.6464641398832,-0.5352693898477205
14.413147687911987,2.1750001907348633,-144.42448649396962,-116.75295919731002,0.46147294962630514,-0.5326347973224453,1,320.0,184.0,175.57551350603038,-0.5326347973224453
14.423575401306152,2.1750001907348633,-144.43366002845443,-116.71013571605633,0.4617643975281183,-0.533070079509032,1,320.0,184.0,175.56633997154557,-0.533070079509032
14.433412790298462,2.1760001182556152,-144.44283356293923,-116.67272757266643,0.46206252560960714,-0.5335057497237918,1,320.0,184.0,175.55716643706077,-0.5335057497237918
14.444008588790894,2.1760001182556152,-144.45200709742403,-116.62990409141274,0.4623540293846118,-0.5339414469087456,1,320.0,187.0,175.54799290257597,-0.5339414469087456
14.453545093536377,2.1780002117156982,-143.30453328358982,-115.53309862790636,0.4591869998668037,-0.5306063972019418,1,320.0,187.0,176.69546671641018,-0.5306063972019418
14.464092016220093,2.1780002117156982,-143.30577310788607,-115.48297145332529,0.4594669446693604,-0.5310299205687502,1,320.0,187.0,176.69422689211393,-0.5310299205687502
14.47385573387146,2.17900013923645,-143.30701293218232,-115.43824353134293,0.45975352542597314,-0.5314538058284073,1,320.0,187.0,176.69298706781768,-0.5314538058284073
14.483379125595093,2.17900013923645,-143.30825275647857,-115.38811635676187,0.46003347932960303,-0.5318776947424468,1,320.0,189.0,176.69174724352143,-0.5318776947424468
14.493566513061523,2.180000066757202,-142.06636495847337,-114.20364400396979,0.45660369497527936,-0.5282484572914233,1,320.0,189.0,177.93363504152663,-0.5282484572914233
14.502950668334961,2.180000066757202,-142.05907788979044,-114.14569910172258,0.45687089092398286,-0.5286587871124874,1,320.0,189.0,177.94092211020956,-0.5286587871124874
14.513479948043823,2.180999994277954,-142.05179082110752,-114.09314276919429,0.4571446833273428,-0.5290694505404351,1,320.0,189.0,177.94820917889248,-0.5290694505404351
14.524127006530762,2.180999994277954,-142.0445037524246,-114.03519786694709,0.45741183836471705,-0.5294800924533126,1,320.0,192.0,177.9554962475754,-0.5294800924533126
14.533888816833496,2.183000087738037,-140.6187287436255,-112.68301108611129,0.45343708148152806,-0.5252661269148651,1,320.0,192.0,179.3812712563745,-0.5252661269148651
14.543617725372314,2.183000087738037,-140.60171195677924,-112.61611487461012,0.4536898682121701,-0.525661536364602,1,320.0,192.0,179.39828804322076,-0.525661536364602
14.553556203842163,2.184000015258789,-140.58469516993298,-112.55459126659196,0.4539492014769911,-0.5260572469234523,1,320.0,192.0,179.41530483006702,-0.5260572469234523
14.564365148544312,2.184000015258789,-140.56767838308673,-112.4876950550908,0.4542018896048438,-0.526452907112613,1,320.0,192.0,179.43232161691327,-0.526452907112613
14.57355260848999,2.18500018119812,-140.55066159624047,-112.42616742030617,0.45446111901501346,-0.5268488683670451,1,320.0,194.0,179.44933840375953,-0.5268488683670451
14.582988023757935,2.18500018119812,-139.0298197969081,-111.08905015102104,0.45057297840281196,-0.5223425359111497,1,320.0,194.0,180.9701802030919,-0.5223425359111497
14.593673467636108,2.186000108718872,-139.00249234939244,-111.01880693364734,0.4508178573346964,-0.5227218854017273,1,320.0,194.0,180.99750765060756,-0.5227218854017273
14.603590726852417,2.186000108718872,-138.97516490187678,-110.94320171797798,0.451056077699141,-0.5231011538664156,1,320.0,194.0,181.02483509812322,-0.5231011538664156
14.613752365112305,2.187000036239624,-138.94783745436112,-110.8729532104123,0.45130079498875914,-0.5234806886496313,1,320.0,197.0,181.05216254563888,-0.5234806886496313
14.623212099075317,2.187000036239624,-137.27784148762996,-109.28048749397642,0.4465957910205026,-0.518507096634337,1,320.0,197.0,182.72215851237004,-0.518507096634337
14.633044481277466,2.188000202178955,-137.23925747724007,-109.19984052950286,0.4468233382447018,-0.5188683964859437,1,320.0,197.0,182.76074252275993,-0.5188683964859437
14.644474983215332,2.188000202178955,-137.2006734668502,-109.11384086394993,0.4470442068085555,-0.5192295817430203,1,320.0,197.0,182.7993265331498,-0.5192295817430203
14.653176546096802,2.187000036239624,-137.1620894564603,-109.02248849731762,0.44725810821308987,-0.5195903094434412,1,320.0,199.0,182.8379105435397,-0.5195903094434412
14.663580179214478,2.187000036239624,-135.46360207969224,-107.4086748267482,0.4425006662914342,-0.5145430733648868,1,320.0,199.0,184.53639792030776,-0.5145430733648868
14.673430442810059,2.18500018119812,-135.4136479377094,-107.30149111889844,0.44268992655806133,-0.5148842913878646,1,320.0,199.0,184.5863520622906,-0.5148842913878646
14.684075117111206,2.18500018119812,-135.3636937957266,-107.205026117448,0.44289176349475706,-0.5152253614216742,1,320.0,199.0,184.6363062042734,-0.5152253614216742
14.693794012069702,2.180000066757202,-135.31373965374377,-107.08166892574654,0.4430596258059175,-0.5155645920058562,1,320.0,202.0,184.68626034625623,-0.5155645920058562
14.703227758407593,2.180000066757202,-133.4900460969156,-105.45129091834136,0.43826301727901884,-0.5101260251929396,1,320.0,202.0,186.5099539030844,-0.5101260251929396
14.713626384735107,2.1760001182556152,-133.4279455209228,-105.32271277248358,0.43841837231067815,-0.5104437827010262,1,320.0,202.0,186.5720544790772,-0.5104437827010262
14.724004030227661,2.1760001182556152,-133.36584494493002,-105.21574365022042,0.43859934368139986,-0.5107613576334011,1,320.0,202.0,186.63415505506998,-0.5107613576334011
14.733155012130737,2.1670000553131104,-133.30374436893723,-105.05983832261649,0.4387187693811093,-0.5110757506348398,1,320.0,204.0,186.69625563106277,-0.5110757506348398
14.74379563331604,2.1670000553131104,-131.47273462504225,-103.41726976584587,0.4338953114060291,-0.5056288007598988,1,320.0,204.0,188.52726537495775,-0.5056288007598988
14.753466844558716,2.1610000133514404,-131.3985230160371,-103.2669182942135,0.434014621873866,-0.5059211310465326,1,320.0,204.0,188.6014769839629,-0.5059211310465326
14.765336751937866,2.1610000133514404,-131.32431140703196,-103.149435519931,0.4341730337847667,-0.5062132459339688,1,320.0,204.0,188.67568859296804,-0.5062132459339688
14.773624897003174,2.1490001678466797,-131.2500997980268,-102.96562176406408,0.4342482260694498,-0.5065012079699072,1,320.0,206.0,188.7499002019732,-0.5065012079699072
14.783438682556152,2.1490001678466797,-129.41571293453796,-101.21282263919404,0.4290770802628326,-0.5010567414978007,1,320.0,206.0,190.58428706546204,-0.5010567414978007
14.793509006500244,2.140000104904175,-129.32945149578072,-101.03386793023125,0.4291502811621756,-0.5013218167419728,1,320.0,206.0,190.67054850421928,-0.5013218167419728
14.804746627807617,2.140000104904175,-129.24319005702347,-100.90519008684117,0.4292834475683184,-0.5015866461410221,1,320.0,206.0,190.75680994297653,-0.5015866461410221
14.813090562820435,2.125,-129.15692861826622,-100.69169401269372,0.42931044766875215,-0.5018463862762522,1,320.0,208.0,190.84307138173378,-0.5018463862762522
14.823498964309692,2.125,-127.32276471157306,-99.0463045740554,0.4244997868932633,-0.4964139436671492,1,320.0,208.0,192.67723528842694,-0.4964139436671492
14.832854986190796,2.114000082015991,-127.22453813549306,-98.84421743143582,0.42453256348793333,-0.49665039214064666,1,320.0,208.0,192.77546186450695,-0.49665039214064666
14.843342304229736,2.114000082015991,-127.12631155941307,-98.70515705077662,0.4246405849137672,-0.4968865670531096,1,320.0,208.0,192.87368844058693,-0.4968865670531096
14.853041410446167,2.0970001220703125,-127.02808498333307,-98.46728315399693,0.4246251827917312,-0.49711706972364633,1,320.0,209.0,192.9719150166669,-0.49711706972364633
14.863349199295044,2.0970001220703125,-125.29916765744984,-96.92166767099764,0.4201477367571903,-0.49203719964722603,1,320.0,209.0,194.70083234255014,-0.49203719964722603
14.873118162155151,2.0860002040863037,-125.18977840706684,-96.70811155726382,0.42015403199292967,-0.4922458228590154,1,320.0,209.0,194.81022159293315,-0.4922458228590154
14.88394284248352,2.0860002040863037,-125.08038915668384,-96.55942279274426,0.42023776435765464,-0.4924541490789342,1,320.0,209.0,194.91961084331615,-0.4924541490789342
14.893394947052002,2.067000150680542,-124.97099990630083,-96.29692664274222,0.4201796410657469,-0.49265624216780135,1,320.0,211.0,195.02900009369915,-0.49265624216780135
14.903822422027588,2.067000150680542,-123.23860562203762,-94.74246304004281,0.4156800162400629,-0.48757299540844085,1,320.0,211.0,196.76139437796238,-0.48757299540844085
14.913453340530396,2.067000150680542,-123.11810599617074,-94.58415096199559,0.4157423450047273,-0.48775681345152416,1,320.0,211.0,196.88189400382925,-0.48775681345152416
14.924808979034424,2.055000066757202,-122.99760637030386,-94.35278437814812,0.4157135605886546,-0.48793662010781297,1,320.0,211.0,197.00239362969614,-0.48793662010781297
14.933487176895142,2.0350000858306885,-122.87710674443697,-94.07063777563543,0.41561839246106924,-0.48810996509684057,1,320.0,212.0,197.12289325556304,-0.48810996509684057
14.943878650665283,2.0350000858306885,-121.24625654764552,-92.51092183644903,0.41110792567510684,-0.483364736965582,1,320.0,212.0,198.75374345235448,-0.483364736965582
14.95328164100647,2.0350000858306885,-121.11541714641216,-92.34301582610502,0.41114537603595874,-0.4835211158519569,1,320.0,212.0,198.88458285358786,-0.4835211158519569
14.963780164718628,2.0220000743865967,-120.9845777451788,-92.09319066724619,0.41108088396460923,-0.4836732241891149,1,320.0,212.0,199.0154222548212,-0.4836732241891149
14.974060297012329,2.0220000743865967,-120.85373834394544,-91.92528465690218,0.41111426587158983,-0.48382499823157843,1,320.0,213.0,199.14626165605455,-0.48382499823157843
14.983628034591675,2.001000165939331,-119.31762388635005,-90.33024876769889,0.4067718507442898,-0.47939390003390975,1,320.0,213.0,200.68237611364995,-0.47939390003390975
14.993310928344727,2.001000165939331,-119.1771633076106,-90.15349467887064,0.40678535499552976,-0.47952358824004016,1,320.0,213.0,200.8228366923894,-0.47952358824004016
15.004303216934204,1.9870001077651978,-119.03670272887115,-89.88516913385048,0.40668515602055966,-0.47964875864160633,1,320.0,213.0,200.96329727112885,-0.47964875864160633
15.013540267944336,1.967000126838684,-118.8962421501317,-89.57513795360855,0.40652966652867617,-0.4797676376502185,1,320.0,215.0,201.10375784986832,-0.4797676376502185
15.023356199264526,1.967000126838684,-117.34720162033962,-88.10599043162047,0.40232494014298925,-0.4752990679459754,1,320.0,215.0,202.6527983796604,-0.4752990679459754
15.033515453338623,1.9530000686645508,-117.19709634838144,-87.8253236399476,0.4021973838416302,-0.4753981637217938,1,320.0,215.0,202.80290365161858,-0.4753981637217938
15.044410228729248,1.9530000686645508,-117.04699107642325,-87.63972039905566,0.402183461601455,-0.47549690187177596,1,320.0,215.0,202.95300892357676,-0.47549690187177596
15.053363800048828,1.9530000686645508,-116.89688580446507,-87.45411715816373,0.4021690971615265,-0.47559528239592197,1,320.0,216.0,203.10311419553494,-0.47559528239592197
15.063746690750122,1.9320000410079956,-115.44029145472246,-85.83412160923142,0.39777708965620745,-0.4714323709166549,1,320.0,216.0,204.55970854527754,-0.4714323709166549
15.07374882698059,1.9320000410079956,-115.2812396022626,-85.63969168047697,0.39774331423209736,-0.47151011399379505,1,320.0,216.0,204.7187603977374,-0.47151011399379505
15.083328247070312,1.9170000553131104,-115.12218774980275,-85.33926854709452,0.3975784467569836,-0.4715831694021791,1,320.0,216.0,204.87781225019725,-0.4715831694021791
15.093866109848022,1.9170000553131104,-114.9631358973429,-85.14483861834007,0.39754032539678485,-0.47165586018416933,1,320.0,217.0,205.0368641026571,-0.47165586018416933
15.103233337402344,1.8960001468658447,-113.59280796497121,-83.61773227961537,0.39346823228800787,-0.4677772710870262,1,320.0,217.0,206.4071920350288,-0.4677772710870262
15.113619327545166,1.8960001468658447,-113.42546063414521,-83.41521278668321,0.39341205900375853,-0.46783052736350134,1,320.0,217.0,206.57453936585478,-0.46783052736350134
15.123193979263306,1.8820000886917114,-113.2581133033192,-83.10966189542312,0.3932286547571537,-0.4678794447314566,1,320.0,217.0,206.7418866966808,-0.4678794447314566
15.133584260940552,1.8820000886917114,-113.0907659724932,-82.90714240249096,0.3931684416330155,-0.46792799309851024,1,320.0,219.0,206.90923402750678,-0.46792799309851024
15.143340587615967,1.8610000610351562,-111.69975033676536,-81.46570516217317,0.3893924493799614,-0.46398482459821666,1,320.0,219.0,208.30024966323464,-0.46398482459821666
15.15380859375,1.8610000610351562,-111.5240217277158,-81.25578026088279,0.38931544257782313,-0.4640140057411434,1,320.0,219.0,208.47597827228418,-0.4640140057411434
15.163349628448486,1.8470001220703125,-111.34829311866625,-80.93852332056088,0.38910612159726865,-0.46403891145494347,1,320.0,219.0,208.65170688133375,-0.46403891145494347
15.173931121826172,1.8470001220703125,-111.17256450961669,-80.7285984192705,0.38902515454750936,-0.4640634450633603,1,320.0,220.0,208.82743549038332,-0.4640634450633603
15.183310270309448,1.8260000944137573,-109.86650867045391,-79.26474313687606,0.3851931639569726,-0.46040020651468744,1,320.0,220.0,210.13349132954608,-0.46040020651468744
15.19423246383667,1.8260000944137573,-109.68303724171098,-79.04735474903586,0.385095530697779,-0.460406536297989,1,320.0,220.0,210.31696275828904,-0.460406536297989
15.203908681869507,1.812000036239624,-109.49956581296804,-78.71805673452913,0.3848601707426738,-0.46040865471201836,1,320.0,220.0,210.50043418703194,-0.46040865471201836
15.213946104049683,1.812000036239624,-109.31609438422511,-78.50066834668893,0.38475866104112144,-0.4604104006790308,1,320.0,222.0,210.6839056157749,-0.4604104006790308
15.223389387130737,1.7910001277923584,-107.98812603898183,-77.11884761357291,0.38121218645125277,-0.45667816188832966,1,320.0,222.0,212.01187396101818,-0.45667816188832966
15.234160423278809,1.7910001277923584,-107.79681386580506,-76.89465658487964,0.38109521642478383,-0.4566617555143762,1,320.0,222.0,212.20318613419494,-0.4566617555143762
15.243947982788086,1.7780001163482666,-107.6055016926283,-76.5620893680108,0.3808450490506316,-0.4566414736386555,1,320.0,222.0,212.3944983073717,-0.4566414736386555
15.254302024841309,1.7780001163482666,-107.41418951945153,-76.33789833931752,0.3807244970506741,-0.4566208196607024,1,320.0,223.0,212.58581048054847,-0.4566208196607024
15.263869047164917,1.7570000886917114,-106.16986880666738,-74.93036148090762,0.3771124415922423,-0.4531641380545973,1,320.0,223.0,213.83013119333262,-0.4531641380545973
15.273556232452393,1.7570000886917114,-105.97134188932054,-74.69928772903414,0.37697652150858435,-0.4531264565418036,1,320.0,223.0,214.02865811067946,-0.4531264565418036
15.282923221588135,1.7430000305175781,-105.7728149719737,-74.34638049485042,0.37669113123500525,-0.4530846972528677,1,320.0,223.0,214.2271850280263,-0.4530846972528677
15.294240713119507,1.7430000305175781,-105.57428805462686,-74.11530674297694,0.37655151192068675,-0.4530425692001676,1,320.0,225.0,214.42571194537314,-0.4530425692001676
15.303561925888062,1.7230000495910645,-104.30679413342081,-72.79526852435872,0.37322605166724526,-0.44951266034061865,1,320.0,225.0,215.6932058665792,-0.44951266034061865
15.312956809997559,1.7230000495910645,-104.10094238041586,-72.5579514663253,0.37307241970387617,-0.4494538007032715,1,320.0,225.0,215.89905761958414,-0.4494538007032715
15.32424545288086,1.7090001106262207,-103.89509062741091,-72.19341939063341,0.372762944068882,-0.4493909326765364,1,320.0,225.0,216.10490937258908,-0.4493909326765364
15.333405256271362,1.7090001106262207,-103.68923887440596,-71.95610233259998,0.372605705810527,-0.4493276997775122,1,320.0,226.0,216.31076112559404,-0.4493276997775122
15.34383749961853,1.689000129699707,-102.50406580995751,-70.70837128511909,0.36942524424170964,-0.44552570070350606,1,320.0,226.0,217.49593419004248,-0.44552570070350606
15.353317737579346,1.689000129699707,-102.29150284187259,-70.46540305594222,0.3692577316653176,-0.4454491604536968,1,320.0,226.0,217.70849715812741,-0.4454491604536968
15.364024877548218,1.6760001182556152,-102.07893987378766,-70.09905059594892,0.3688189649390961,-0.44473273936350327,1,320.0,226.0,217.92106012621235,-0.44473273936350327
15.374215126037598,1.6760001182556152,-101.86637690570274,-69.85608236677206,0.36865129107270384,-0.4446549194949849,1,320.0,227.0,218.13362309429726,-0.4446549194949849
15.38356637954712,1.65500009059906,-100.75779463215567,-68.56361849766779,0.3654058629085998,-0.4407430679890012,1,320.0,227.0,219.24220536784435,-0.4407430679890012
15.392940044403076,1.65500009059906,-100.53909074641919,-68.31485456179254,0.3652304061299442,-0.4406550977650303,1,320.0,227.0,219.4609092535808,-0.4406550977650303
15.404131412506104,1.6420000791549683,-100.32038686068272,-67.9370052720556,0.36482833073027054,-0.43997013107504973,1,320.0,227.0,219.67961313931727,-0.43997013107504973
15.414241313934326,1.6420000791549683,-100.10168297494624,-67.68824133618037,0.36465288193654943,-0.43988103444121085,1,320.0,228.0,219.89831702505376,-0.43988103444121085
15.423668146133423,1.6220000982284546,-99.06433850224168,-66.47522019444943,0.3618218564795031,-0.4363887570454056,1,320.0,228.0,220.9356614977583,-0.4363887570454056
15.4335777759552,1.6220000982284546,-98.84002353499343,-66.22123900570439,0.3616398636036989,-0.43629077189098814,1,320.0,228.0,221.15997646500657,-0.43629077189098814
15.442940473556519,1.6080000400543213,-98.61570856774519,-65.82176667742013,0.3612591339958485,-0.43559346635346863,1,320.0,228.0,221.38429143225483,-0.43559346635346863
15.453660726547241,1.6080000400543213,-98.39139360049694,-65.56778548867509,0.36107738586905447,-0.43549448028889803,1,320.0,230.0,221.60860639950306,-0.43549448028889803
15.463179349899292,1.5880000591278076,-97.31924931124298,-64.41789497569803,0.3586078257306768,-0.4320469557112401,1,320.0,230.0,222.68075068875703,-0.4320469557112401
15.47352647781372,1.5880000591278076,-97.08912273338115,-64.15923122725079,0.35842263840391286,-0.43194221166501956,1,320.0,230.0,222.91087726661885,-0.43194221166501956
15.48395299911499,1.5750000476837158,-96.8589961555193,-63.75902664960755,0.35809464418613557,-0.4313258664068957,1,320.0,230.0,223.14100384448068,-0.4313258664068957
15.493210077285767,1.5750000476837158,-96.62886957765747,-63.500362901160315,0.3579118311885725,-0.4312234236290874,1,320.0,231.0,223.37113042234253,-0.4312234236290874
15.503598928451538,1.5550000667572021,-95.62801913545503,-62.40777369444319,0.35577131296809833,-0.4281355100705647,1,320.0,231.0,224.37198086454498,-0.4281355100705647
15.51298475265503,1.5550000667572021,-95.39260909044935,-62.144921284054476,0.355587221039517,-0.4280302413710041,1,320.0,231.0,224.60739090955065,-0.4280302413710041
15.52342939376831,1.5410001277923584,-95.15719904544368,-61.7221937564262,0.3552896992404686,-0.42741635614312184,1,320.0,231.0,224.8428009545563,-0.42741635614312184
15.533912897109985,1.5410001277923584,-94.921789000438,-61.45934134603748,0.3551082588596824,-0.427313676939688,1,320.0,232.0,225.078210999562,-0.427313676939688
15.543681383132935,1.5210000276565552,-93.98713627336757,-60.316884673454474,0.3529877892654647,-0.4245553768955733,1,320.0,232.0,226.01286372663242,-0.4245553768955733
15.553178310394287,1.5210000276565552,-93.74693245328497,-60.04960690656309,0.3528049730684364,-0.4244507491873057,1,320.0,232.0,226.25306754671504,-0.4244507491873057
15.563538551330566,1.5080000162124634,-93.50672863320237,-59.62643909410468,0.3525558674953451,-0.4239108357334739,1,320.0,232.0,226.49327136679761,-0.4239108357334739
15.574081659317017,1.5080000162124634,-93.26652481311977,-59.3591613272133,0.3523754902439762,-0.423808610066156,1,320.0,234.0,226.73347518688024,-0.423808610066156
15.583464622497559,1.4880000352859497,-92.2922925660005,-58.27236476948087,0.35056676538146253,-0.42107715211997965,1,320.0,234.0,227.7077074339995,-0.42107715211997965
15.594034910202026,1.4880000352859497,-92.04705617877705,-58.00115346492473,0.35038581033318855,-0.42097292914501766,1,320.0,234.0,227.95294382122296,-0.42097292914501766
15.603367805480957,1.475000023841858,-91.80181979155361,-57.56616906094499,0.3501754716394636,-0.4204719325676993,1,320.0,234.0,228.1981802084464,-0.4204719325676993
15.61391305923462,1.475000023841858,-91.55658340433017,-57.29495775638885,0.3499969830476898,-0.420370161959416,1,320.0,235.0,228.44341659566982,-0.420370161959416
15.623249769210815,1.4550000429153442,-90.64906203143958,-56.25778950711598,0.348470133361903,-0.4179503530538351,1,320.0,235.0,229.3509379685604,-0.4179503530538351
15.633705615997314,1.4550000429153442,-90.39928470036355,-55.98309800244518,0.3482917776101576,-0.4178474146189888,1,320.0,235.0,229.60071529963645,-0.4178474146189888
15.643836975097656,1.4410001039505005,-90.14950736928752,-55.52274156899573,0.34811952239057187,-0.41735623076473155,1,320.0,235.0,229.8504926307125,-0.41735623076473155
15.653503179550171,1.4410001039505005,-89.89973003821149,-55.24805006432493,0.34794390973121886,-0.4172560398652818,1,320.0,236.0,230.1002699617885,-0.4172560398652818
15.663904428482056,1.4210001230239868,-89.05403742336858,-54.355310606941025,0.3469260029200889,-0.415120808141255,1,320.0,236.0,230.94596257663142,-0.415120808141255
15.673384666442871,1.4210001230239868,-88.80017400225796,-54.07824897058695,0.3467519464923774,-0.4150202001601842,1,320.0,236.0,231.19982599774204,-0.4150202001601842
15.683785438537598,1.408000111579895,-88.54631058114734,-53.61945313474145,0.34661322225727587,-0.4145931651780133,1,320.0,236.0,231.45368941885266,-0.4145931651780133
15.693604707717896,1.408000111579895,-88.29244716003672,-53.34239149838737,0.3464416638477994,-0.4144950958340589,1,320.0,237.0,231.70755283996328,-0.4144950958340589
15.703923463821411,1.3880000114440918,-87.50402285821389,-52.37717624095032,0.34537107065655875,-0.41261594201350865,1,320.0,237.0,232.4959771417861,-0.41261594201350865
15.713236570358276,1.3880000114440918,-87.24649387524906,-52.097364560747806,0.34520074392817784,-0.41251812601450155,1,320.0,237.0,232.75350612475094,-0.41251812601450155
15.723538160324097,1.3750001192092896,-86.98896489228423,-51.62586805162893,0.3450977435257305,-0.41212603880927356,1,320.0,237.0,233.01103510771577,-0.41212603880927356
15.733354806900024,1.3750001192092896,-86.7314359093194,-51.346056371426414,0.3449299273567543,-0.41203079807234344,1,320.0,239.0,233.2685640906806,-0.41203079807234344
15.743762969970703,1.3550000190734863,-85.89501836591788,-50.414431000171206,0.3440699354692634,-0.41014899698504803,1,320.0,239.0,234.10498163408212,-0.41014899698504803
15.753130435943604,1.3550000190734863,-85.63351969622072,-50.13222768044031,0.3439038499670315,-0.4100538658970136,1,320.0,239.0,234.36648030377927,-0.4100538658970136
15.764169454574585,1.3420000076293945,-85.37202102652356,-49.64754487741458,0.3438356604234542,-0.40969837673529397,1,320.0,239.0,234.62797897347644,-0.40969837673529397
15.77401328086853,1.3420000076293945,-85.1105223568264,-49.365341557683685,0.34367209323842424,-0.40960586063694915,1,320.0,240.0,234.88947764317362,-0.40960586063694915
15.78385329246521,1.3230000734329224,-84.33285714487923,-48.478299123488945,0.34299292598712744,-0.4079890670897679,1,320.0,240.0,235.66714285512077,-0.4079890670897679
15.793631315231323,1.3230000734329224,-84.06781877021804,-48.19403324454209,0.3428312661977465,-0.40789704221611456,1,320.0,240.0,235.93218122978197,-0.40789704221611456
15.802879333496094,1.3100000619888306,-83.80278039555685,-47.69592743266666,0.3427966862865519,-0.40757655815663996,1,320.0,240.0,236.19721960444315,-0.40757655815663996
15.813394784927368,1.3100000619888306,-83.53774202089566,-47.4116615537198,0.3426375483993142,-0.4074871836697663,1,320.0,241.0,236.46225797910432,-0.4074871836697663
15.823977947235107,1.290000081062317,-82.81439385635254,-46.53205385516098,0.34213780001905314,-0.4060736462182033,1,320.0,241.0,237.18560614364748,-0.4060736462182033
15.833281517028809,1.290000081062317,-82.54621243747633,-46.24602720667147,0.34198120798437043,-0.4059856021942078,1,320.0,241.0,237.45378756252367,-0.4059856021942078
15.844413995742798,1.277000069618225,-82.27803101860012,-45.733413687987564,0.34197989590818695,-0.4056991309318659,1,320.0,241.0,237.72196898139987,-0.4056991309318659
15.854131937026978,1.277000069618225,-82.0098495997239,-45.447387039498054,0.34182582426295716,-0.40561376872512833,1,320.0,243.0,237.9901504002761,-0.40561376872512833
15.863699674606323,1.2580000162124634,-81.23568019902437,-44.503104214835346,0.34125939372405156,-0.4042068885683828,1,320.0,243.0,238.7643198009756,-0.4042068885683828
15.873010635375977,1.2580000162124634,-80.96402866382745,-44.21490054044456,0.3411072576850015,-0.40412242274329513,1,320.0,243.0,239.03597133617257,-0.40412242274329513
15.884523630142212,1.246000051498413,-80.69237712863053,-43.70530051567276,0.3411266852255183,-0.40388419597188846,1,320.0,243.0,239.30762287136946,-0.40388419597188846
15.893776178359985,1.246000051498413,-80.4207255934336,-43.417096841281975,0.34097681091484267,-0.4038021750010321,1,320.0,244.0,239.5792744065664,-0.4038021750010321
15.90329360961914,1.227000117301941,-79.70258956837517,-42.599000792290845,0.3407791329267632,-0.40260545669197684,1,320.0,244.0,240.29741043162483,-0.40260545669197684
15.913682460784912,1.227000117301941,-79.42787592061636,-42.309636945901,0.3406322298319137,-0.40252488165171263,1,320.0,244.0,240.57212407938363,-0.40252488165171263
15.922950506210327,1.2140001058578491,-79.15316227285754,-41.765964355027265,0.3406971040551619,-0.40230772266677184,1,320.0,244.0,240.84683772714246,-0.40230772266677184
15.933587789535522,1.2140001058578491,-78.87844862509873,-41.47660050863742,0.3405527131389711,-0.402229894766129,1,320.0,245.0,241.1215513749013,-0.402229894766129
15.943557977676392,1.196000099182129,-78.21202101035779,-40.587290466527094,0.3402670189016737,-0.4012323202900739,1,320.0,245.0,241.78797898964223,-0.4012323202900739
15.953235149383545,1.196000099182129,-77.93462082221639,-40.296299183581084,0.34012493338865757,-0.4011561516628476,1,320.0,245.0,242.0653791777836,-0.4011561516628476
15.96366286277771,1.184000015258789,-77.65722063407499,-39.75645242330229,0.34020473385709954,-0.40097988015498875,1,320.0,245.0,242.34277936592503,-0.40097988015498875
15.973339319229126,1.184000015258789,-77.37982044593359,-39.46546114035628,0.3400648940068349,-0.40090620815273614,1,320.0,246.0,242.6201795540664,-0.40090620815273614
15.983376264572144,1.165000081062317,-76.7610674077667,-38.67236815491726,0.3401184745698418,-0.4000680913713123,1,320.0,246.0,243.2389325922333,-0.4000680913713123
15.993881940841675,1.165000081062317,-76.48132603256883,-38.38071892479221,0.339982098886554,-0.39999678532317806,1,320.0,246.0,243.51867396743117,-0.39999678532317806
16.00387144088745,1.152999997138977,-76.20158465737096,-37.97961519267877,0.3401915295347044,-0.3998498642468024,1,320.0,246.0,243.79841534262903,-0.3998498642468024
16.013489723205566,1.152999997138977,-75.92184328217309,-37.687965962553726,0.34005761453721095,-0.3997810758945218,1,320.0,247.0,244.07815671782691,-0.3997810758945218
16.02379822731018,1.1350001096725464,-75.34700391942546,-37.2258368981264,0.3402684147248906,-0.39910001035177933,1,320.0,247.0,244.65299608057455,-0.39910001035177933
16.0333092212677,1.1350001096725464,-75.0652385655332,-36.933018403665415,0.3401378744763993,-0.3990336871790041,1,320.0,247.0,244.9347614344668,-0.3990336871790041
16.044121265411377,1.1230000257492065,-74.78347321164095,-36.640199909204426,0.34044567115324725,-0.39891483537692873,1,320.0,247.0,245.21652678835903,-0.39891483537692873
16.054009914398193,1.1230000257492065,-74.5017078577487,-36.34738141474344,0.3403177662957803,-0.39885104811598515,1,320.0,249.0,245.4982921422513,-0.39885104811598515
16.06388831138611,1.1060000658035278,-73.86627995773296,-35.91848122497963,0.3405968992723531,-0.398140260399219,1,320.0,249.0,246.13372004226704,-0.398140260399219
16.073554277420044,1.1060000658035278,-73.58208891650955,-35.624729378519916,0.3404723227281363,-0.39807841374291164,1,320.0,249.0,246.41791108349045,-0.39807841374291164
16.083879709243774,1.0940001010894775,-73.29789787528614,-35.3309775320602,0.3408045880205033,-0.39798913922860746,1,320.0,249.0,246.70210212471386,-0.39798913922860746
16.094080209732056,1.0940001010894775,-73.01370683406273,-35.03722568560049,0.3406826552325393,-0.3979298502816431,1,320.0,250.0,246.98629316593727,-0.3979298502816431
16.103363752365112,1.0770000219345093,-72.42513987599018,-34.638716961177124,0.3410538441004865,-0.39736431766756747,1,320.0,250.0,247.57486012400983,-0.39736431766756747
16.114137649536133,1.0770000219345093,-72.13886116808996,-34.344246603721025,0.34093545106768086,-0.39730734313858185,1,320.0,250.0,247.86113883191004,-0.39730734313858185
16.123740673065186,1.065000057220459,-71.85258246018974,-34.049776246264926,0.34129142869056434,-0.39724654433569523,1,320.0,250.0,248.14741753981025,-0.39724654433569523
16.133297443389893,1.065000057220459,-71.56630375228951,-33.75530588880883,0.34117568588058506,-0.397192146304979,1,320.0,251.0,248.4336962477105,-0.397192146304979
16.14372491836548,1.0480000972747803,-71.02083538081551,-33.38455170133417,0.3416285649015712,-0.3967562651875156,1,320.0,251.0,248.97916461918447,-0.3967562651875156
16.153077363967896,1.0480000972747803,-70.7327789141465,-33.089558119896594,0.34151654272742776,-0.39670450938413154,1,320.0,251.0,249.26722108585352,-0.39670450938413154
16.16374969482422,1.037000060081482,-70.44472244747747,-32.79456453845902,0.34185457172515055,-0.39666958489083604,1,320.0,251.0,249.5552775525225,-0.39666958489083604
16.17324995994568,1.037000060081482,-70.15666598080846,-32.49957095702145,0.3417449095106304,-0.39662013354989906,1,320.0,252.0,249.84333401919156,-0.39662013354989906
16.18347477912903,1.0200001001358032,-69.65079190708198,-32.15412201931539,0.34226974625791395,-0.3962989112426739,1,320.0,252.0,250.34920809291802,-0.3962989112426739
16.195119380950928,1.0200001001358032,-69.36124143675171,-31.85878236628143,0.34216395778231157,-0.3962523868312629,1,320.0,252.0,250.6387585632483,-0.3962523868312629
16.203779697418213,1.0090000629425049,-69.07169096642144,-31.563442713247476,0.3425227140454428,-0.3962419034102543,1,320.0,252.0,250.92830903357856,-0.3962419034102543
16.213279485702515,1.0090000629425049,-68.78214049609117,-31.26810306021352,0.34241928829804946,-0.3961976954133753,1,320.0,254.0,251.2178595039088,-0.3961976954133753
16.223790884017944,0.9930000305175781,-68.21160077022894,-30.743690651416664,0.3426942868670496,-0.3958388836663104,1,320.0,254.0,251.78839922977107,-0.3958388836663104
16.23335027694702,0.9930000305175781,-67.9201229913263,-30.446779785686175,0.34259357997086204,-0.39579706529690317,1,320.0,254.0,252.0798770086737,-0.39579706529690317
16.243692874908447,0.9820000529289246,-67.62864521242365,-30.149868919955686,0.3429772830431712,-0.3958124583880199,1,320.0,254.0,252.37135478757637,-0.3958124583880199
16.253376483917236,0.9820000529289246,-67.337167433521,-29.852958054225198,0.34287895142725533,-0.39577297183431154,1,320.0,255.0,252.66283256647898,-0.39577297183431154
16.263803243637085,0.9660000205039978,-66.80964124129683,-29.368902783529137,0.3426253742337726,-0.39543675049826577,1,320.0,255.0,253.19035875870316,-0.39543675049826577
16.273240089416504,0.9660000205039978,-66.51654439511884,-29.07070828543874,0.3425258469371174,-0.39539583882869306,1,320.0,255.0,253.48345560488116,-0.39539583882869306
16.283668994903564,0.9550000429153442,-66.22344754894085,-28.772513787348345,0.3424258723487151,-0.395354487513851,1,320.0,255.0,253.77655245105916,-0.395354487513851
16.293140411376953,0.9550000429153442,-65.93035070276287,-28.47431928925795,0.34232545046856555,-0.3953126965537397,1,320.0,257.0,254.06964929723713,-0.3953126965537397
16.303882122039795,0.9390000700950623,-65.34129491093077,-27.92622401056476,0.34189856348334585,-0.394884361158839,1,320.0,257.0,254.65870508906923,-0.394884361158839
16.31329345703125,0.9390000700950623,-65.04616806010955,-27.62631542424551,0.341796046835049,-0.394840269522535,1,320.0,257.0,254.95383193989045,-0.394840269522535
16.323818922042847,0.9280000329017639,-64.75104120928833,-27.326406837926264,0.34169308032387263,-0.39479573519595473,1,320.0,257.0,255.24895879071167,-0.39479573519595473
16.333627462387085,0.9280000329017639,-64.45591435846711,-27.026498251607016,0.34158966394981677,-0.39475075817909827,1,320.0,258.0,255.5440856415329,-0.39475075817909827
16.344035625457764,0.9130000472068787,-63.91274524372217,-26.622915467787948,0.3413505452391181,-0.3943817446501411,1,320.0,258.0,256.08725475627784,-0.3943817446501411
16.35347843170166,0.9130000472068787,-63.61591704730307,-26.322295770238135,0.34124573122794954,-0.39433469099143087,1,320.0,258.0,256.38408295269693,-0.39433469099143087
16.364013671875,0.9020000696182251,-63.31908885088397,-26.021676072688322,0.34114046628723466,-0.394287192090426,1,320.0,258.0,256.680911149116,-0.394287192090426
16.373661518096924,0.9020000696182251,-63.02226065446487,-25.72105637513851,0.34103475041697345,-0.3942392479471266,1,320.0,260.0,256.97773934553516,-0.3942392479471266
16.38317370414734,0.8870000243186951,-62.42018999620269,-25.246613323159643,0.3407018148554793,-0.39379264132936753,1,320.0,260.0,257.5798100037973,-0.39379264132936753
16.394527912139893,0.8870000243186951,-62.12126810822703,-24.944801352138754,0.3405943623114175,-0.3937423407253015,1,320.0,260.0,257.878731891773,-0.3937423407253015
16.403581380844116,0.8760000467300415,-61.82234622025137,-24.642989381117864,0.3404864570493991,-0.39369159173840357,1,320.0,260.0,258.17765377974865,-0.39369159173840357
16.413129329681396,0.8760000467300415,-61.52342433227571,-24.341177410096975,0.34037809906942423,-0.39364039436867365,1,320.0,260.0,258.4765756677243,-0.39364039436867365
16.423718214035034,0.8610000610351562,-61.22450244430005,-24.039365439076086,0.34026928837149284,-0.39358874861611176,1,320.0,261.0,258.7754975556999,-0.39358874861611176
16.433098316192627,0.8610000610351562,-60.695679036827464,-23.52678579079125,0.33988513234238965,-0.3932368066563406,1,320.0,261.0,259.30432096317253,-0.3932368066563406
16.44371747970581,0.8510000109672546,-60.395180896828975,-23.223528753298595,0.33977440425752314,-0.3931831603204865,1,320.0,261.0,259.60481910317105,-0.3931831603204865
16.453299283981323,0.8510000109672546,-60.09468275683049,-22.92027171580594,0.33966322128710047,-0.3931290632374225,1,320.0,263.0,259.9053172431695,-0.3931290632374225
16.463646411895752,0.8360000252723694,-59.48269364351485,-22.32307880488677,0.33916825505567494,-0.39266829303158074,1,320.0,263.0,260.51730635648516,-0.39266829303158074
16.472988605499268,0.8360000252723694,-59.18006017458373,-22.01780678195751,0.33905475119484185,-0.39261179905675564,1,320.0,263.0,260.81993982541627,-0.39261179905675564
16.48384404182434,0.8260000348091125,-58.87742670565261,-21.71253475902825,0.33894078942597433,-0.39255485113172717,1,320.0,263.0,261.1225732943474,-0.39255485113172717
16.493454933166504,0.8260000348091125,-58.57479323672149,-21.407262736098993,0.33882636974907243,-0.3924974492564953,1,320.0,265.0,261.42520676327854,-0.3924974492564953
16.503298044204712,0.8110000491142273,-57.91217443291779,-20.65817484834475,0.3381326486013255,-0.39197008521760446,1,320.0,265.0,262.08782556708223,-0.39197008521760446
16.513795852661133,0.8110000491142273,-57.607072836697384,-20.349859940216348,0.3380151822353342,-0.3919100470606737,1,320.0,265.0,262.3929271633026,-0.3919100470606737
16.52311944961548,0.8010000586509705,-57.30197124047698,-20.041545032087946,0.3378972533969807,-0.3918495512513486,1,320.0,265.0,262.698028759523,-0.3918495512513486
16.53358244895935,0.8010000586509705,-56.99686964425658,-19.733230123959544,0.337778862086265,-0.39178859778962927,1,320.0,267.0,263.00313035574345,-0.39178859778962927
16.544349431991577,0.7860000133514404,-56.28911438140036,-18.94807893292107,0.3370096291562322,-0.3911175553899753,1,320.0,267.0,263.71088561859966,-0.3911175553899753
16.55392289161682,0.7860000133514404,-55.98125178623426,-18.63649435513988,0.3368600685588973,-0.39096978134429555,1,320.0,267.0,264.0187482137657,-0.39096978134429555
16.563236474990845,0.7760000228881836,-55.67338919106816,-18.32490977735869,0.3367105079615623,-0.3908220072986158,1,320.0,267.0,264.32661080893183,-0.3908220072986158
16.574180364608765,0.7760000228881836,-55.36552659590206,-18.0133251995775,0.3365609473642273,-0.3906742332529361,1,320.0,267.0,264.63447340409795,-0.3906742332529361
16.58397078514099,0.7620000243186951,-55.05766400073596,-17.70174062179631,0.33641138676689236,-0.39052645920725637,1,320.0,269.0,264.94233599926406,-0.39052645920725637
16.59333610534668,0.7620000243186951,-54.33134513610175,-16.905277838168928,0.3356302296631968,-0.38983360906891235,1,320.0,269.0,265.66865486389827,-0.38983360906891235
16.604004621505737,0.753000020980835,-54.020614065241325,-16.590369468991454,0.3354790736459916,-0.3896844581548993,1,320.0,269.0,265.9793859347587,-0.3896844581548993
16.613892793655396,0.753000020980835,-53.7098829943809,-16.27546109981398,0.33532791762878644,-0.3895353072408863,1,320.0,269.0,266.2901170056191,-0.3895353072408863
16.62310528755188,0.7380000352859497,-53.39915192352047,-15.960552730636508,0.3351767616115812,-0.3893861563268733,1,320.0,271.0,266.6008480764795,-0.3893861563268733
16.633464574813843,0.7380000352859497,-52.63613811589073,-15.135643251266572,0.33436147801402705,-0.3886480391663145,1,320.0,271.0,267.36386188410927,-0.3886480391663145
16.64341139793396,0.7290000319480896,-52.32230812392283,-14.817240490026961,0.33420864468863204,-0.38849740077017,1,320.0,271.0,267.6776918760772,-0.38849740077017
16.654077291488647,0.7290000319480896,-52.00847813195493,-14.49883772878735,0.33405581136323703,-0.3883467623740254,1,320.0,273.0,267.9915218680451,-0.3883467623740254
16.66323757171631,0.7150000333786011,-51.192814606489215,-13.529272156182266,0.3330550268900811,-0.38754263100609687,1,320.0,273.0,268.8071853935108,-0.38754263100609687
16.67353081703186,0.7150000333786011,-50.87554617389044,-13.206407786623444,0.33290005199269285,-0.3873903421584495,1,320.0,273.0,269.1244538261096,-0.3873903421584495
16.683412790298462,0.706000030040741,-50.55827774129167,-12.883543417064622,0.33274507709530465,-0.387238053310802,1,320.0,273.0,269.44172225870835,-0.387238053310802
16.694851875305176,0.706000030040741,-50.241009308692895,-12.5606790475058,0.3325901021979164,-0.3870857644631546,1,320.0,273.0,269.7589906913071,-0.3870857644631546
16.703609466552734,0.6920000314712524,-49.92374087609412,-12.237814677946979,0.33243512730052815,-0.3869334756155072,1,320.0,275.0,270.07625912390586,-0.3869334756155072
16.713048696517944,0.6920000314712524,-49.10103816075474,-11.171970577647421,0.3313126619355257,-0.38612302231151663,1,320.0,275.0,270.89896183924526,-0.38612302231151663
16.723790407180786,0.6830000281333923,-48.78030676148407,-10.844015706448111,0.33115524359735005,-0.38596907123986673,1,320.0,275.0,271.2196932385159,-0.38596907123986673
16.73429846763611,0.6830000281333923,-48.4595753622134,-10.516060835248801,0.33099782525917437,-0.38581512016821684,1,320.0,275.0,271.5404246377866,-0.38581512016821684
16.74500584602356,0.6700000166893005,-48.13884396294273,-10.188105964049491,0.3308404069209987,-0.3856611690965669,1,320.0,278.0,271.8611560370573,-0.3856611690965669
16.754031896591187,0.6700000166893005,-47.1894668352583,-9.021651553006613,0.32959131704381517,-0.38468876241794525,1,320.0,278.0,272.8105331647417,-0.38468876241794525
16.76383399963379,0.6610000133514404,-46.86442955550986,-8.68795341714161,0.32943114193859996,-0.384532744523666,1,320.0,278.0,273.13557044449016,-0.384532744523666
16.774188995361328,0.6610000133514404,-46.539392275761415,-8.354255281276608,0.32927096683338475,-0.3843767266293867,1,320.0,278.0,273.46060772423857,-0.3843767266293867
16.784228563308716,0.6480000019073486,-46.21435499601297,-8.020557145411605,0.32911079172816954,-0.3842207087351075,1,320.0,281.0,273.78564500398704,-0.3842207087351075
16.793870449066162,0.6480000019073486,-45.152068827444516,-6.662838896189982,0.3276175798244695,-0.3831049636971712,1,320.0,281.0,274.8479311725555,-0.3831049636971712
16.80381178855896,0.6390000581741333,-44.821982817054206,-6.322128200791031,0.327454038690678,-0.3829465224121838,1,320.0,281.0,275.1780171829458,-0.3829465224121838
16.81345248222351,0.6390000581741333,-44.491896806663895,-5.981417505392081,0.3272904975568865,-0.3827880811271965,1,320.0,281.0,275.5081031933361,-0.3827880811271965
16.82411289215088,0.6270000338554382,-44.161810796273585,-5.64070680999313,0.327126956423095,-0.3826296398422091,1,320.0,284.0,275.8381892037264,-0.3826296398422091
16.834019422531128,0.6270000338554382,-42.999140873024544,-4.214540750266018,0.32555051850556394,-0.3813874551152245,1,320.0,284.0,277.00085912697546,-0.3813874551152245
16.844170093536377,0.6180000305175781,-42.66335400293569,-3.8663977364598807,0.325383409858937,-0.38122627741758186,1,320.0,284.0,277.3366459970643,-0.38122627741758186
16.854149103164673,0.6180000305175781,-42.32756713284684,-3.5182547226537437,0.32521630121231004,-0.3810650997199392,1,320.0,284.0,277.67243286715313,-0.3810650997199392
16.862953901290894,0.6050000190734863,-41.991780262757985,-3.1701117088476067,0.3250491925656831,-0.38090392202229656,1,320.0,287.0,278.00821973724203,-0.38090392202229656
16.873238563537598,0.6050000190734863,-40.740147288715754,-1.5823977683152464,0.3232686507398001,-0.37955067337546394,1,320.0,287.0,279.2598527112842,-0.37955067337546394
16.883046865463257,0.597000002861023,-40.39808987846613,-1.2257677617222136,0.32309746833663544,-0.3793864858185441,1,320.0,287.0,279.6019101215339,-0.3793864858185441
16.89431858062744,0.597000002861023,-40.05603246821651,-0.8691377551291808,0.3229262859334708,-0.3792222982616243,1,320.0,287.0,279.94396753178347,-0.3792222982616243
16.903305053710938,0.5840000510215759,-39.713975057966884,-0.512507748536148,0.3227551035303061,-0.3790581107047045,1,320.0,290.0,280.2860249420331,-0.3790581107047045
16.91377329826355,0.5840000510215759,-38.38380915959762,1.2186186431552315,0.32079489251415494,-0.3776078125569195,1,320.0,290.0,281.6161908404024,-0.3776078125569195
16.9229953289032,0.5760000348091125,-38.034986595043264,1.5846592359827554,0.32061919302959774,-0.3774403777259334,1,320.0,290.0,281.9650134049567,-0.3774403777259334
16.93368124961853,0.5760000348091125,-37.68616403048891,1.9506998288102793,0.32044349354504054,-0.3772729428949473,1,320.0,290.0,282.3138359695111,-0.3772729428949473
16.94354009628296,0.5760000348091125,-37.33734146593456,2.316740421637803,0.32026779406048334,-0.3771055080639612,1,320.0,294.0,282.66265853406543,-0.3771055080639612
16.953967809677124,0.5630000233650208,-35.83657266915324,4.174693875952961,0.31815021923086495,-0.37543869880907804,1,320.0,294.0,284.16342733084673,-0.37543869880907804
16.963346004486084,0.5550000071525574,-35.47986310266199,4.550949111876712,0.31796961671762153,-0.3752674782171623,1,320.0,294.0,284.52013689733803,-0.3752674782171623
16.974099159240723,0.5550000071525574,-35.12315353617073,4.927204347800462,0.3177890142043781,-0.37509625762524645,1,320.0,294.0,284.8768464638293,-0.37509625762524645
16.983686685562134,0.5420000553131104,-34.76644396967948,5.303459583724212,0.31760841169113474,-0.3749250370333307,1,320.0,298.0,285.2335560303205,-0.3749250370333307
16.99318218231201,0.5420000553131104,-33.11382253354264,7.374567744930667,0.3152217260150023,-0.3730670096904773,1,320.0,298.0,286.88617746645735,-0.3730670096904773
17.003470182418823,0.534000039100647,-32.748239891605486,7.762427595510696,0.3150355532867239,-0.37289153002234743,1,320.0,298.0,287.25176010839454,-0.37289153002234743
17.014282941818237,0.534000039100647,-32.382657249668334,8.150287446090724,0.31484938055844547,-0.3727160503542176,1,320.0,298.0,287.61734275033166,-0.3727160503542176
17.023609161376953,0.5220000147819519,-32.01707460773118,8.538147296670752,0.31466320783016705,-0.37254057068608776,1,320.0,302.0,287.98292539226884,-0.37254057068608776
17.03315806388855,0.5220000147819519,-30.22978908858484,10.798528328843023,0.3120395925443726,-0.37051447424997774,1,320.0,302.0,289.7702109114152,-0.37051447424997774
17.043605089187622,0.5139999985694885,-29.85447145175669,11.199210116009317,0.3118472652865327,-0.3703343217843002,1,320.0,302.0,290.1455285482433,-0.3703343217843002
17.0531907081604,0.5139999985694885,-29.47915381492854,11.59989190317561,0.31165493802869293,-0.3701541693186227,1,320.0,302.0,290.52084618507143,-0.3701541693186227
17.06353211402893,0.5020000338554382,-29.10383617810039,12.000573690341904,0.3114626107708531,-0.3699740168529452,1,320.0,307.0,290.8961638218996,-0.3699740168529452
17.07387900352478,0.5020000338554382,-27.09629513804961,14.529677221110173,0.30849959738103566,-0.36766910750522935,1,320.0,307.0,292.9037048619504,-0.36766910750522935
17.083303451538086,0.5020000338554382,-26.70980008748403,14.944934372401875,0.30830027394841564,-0.3674835898809579,1,320.0,307.0,293.29019991251596,-0.3674835898809579
17.094165563583374,0.49400001764297485,-26.323305036918452,15.360191523693572,0.3081009505157956,-0.3672980722566864,1,320.0,307.0,293.67669496308156,-0.3672980722566864
17.103374004364014,0.49400001764297485,-25.936809986352873,15.775448674985274,0.3079016270831756,-0.36711255463241493,1,320.0,312.0,294.0631900136471,-0.36711255463241493
17.113919258117676,0.4820000231266022,-23.733378504867808,18.543272053286373,0.30463966058974784,-0.36456169328765736,1,320.0,312.0,296.2666214951322,-0.36456169328765736
17.12336039543152,0.4820000231266022,-23.33444000235519,18.974640965176764,0.3044326035120405,-0.3643702028064513,1,320.0,312.0,296.66555999764483,-0.3643702028064513
17.133991956710815,0.4740000367164612,-22.935501499842573,19.40600987706716,0.3042255464343331,-0.36417871232524524,1,320.0,312.0,297.0644985001574,-0.36417871232524524
17.143702745437622,0.4620000123977661,-22.536562997329955,19.83737878895755,0.3040184893566257,-0.3639872218440392,1,320.0,318.0,297.46343700267005,-0.3639872218440392
17.15310502052307,0.4620000123977661,-20.05837975123702,22.816362308733645,0.30049466531365254,-0.3610887401810181,1,320.0,318.0,299.941620248763,-0.3610887401810181
17.1637864112854,0.4540000259876251,-19.645199967850267,23.26518048690304,0.3002792325881312,-0.3608904138849925,1,320.0,318.0,300.35480003214974,-0.3608904138849925
17.173428773880005,0.4540000259876251,-19.232020184463515,23.71399866507244,0.3000637998626099,-0.36069208758896687,1,320.0,318.0,300.7679798155365,-0.36069208758896687
17.18343186378479,0.4540000259876251,-18.818840401076763,24.16281684324184,0.2998483671370886,-0.3604937612929412,1,320.0,324.0,301.1811595989232,-0.3604937612929412
17.19460153579712,0.44200003147125244,-16.096318656816223,27.428849831914803,0.2959649383977022,-0.35728868624791893,1,320.0,324.0,303.9036813431838,-0.35728868624791893
17.20318579673767,0.44200003147125244,-15.667320001697993,27.896965784291066,0.29574024274056165,-0.3570827668934622,1,320.0,324.0,304.332679998302,-0.3570827668934622
17.2140109539032,0.4350000321865082,-15.238321346579763,28.365081736667324,0.295515547083421,-0.35687684753900545,1,320.0,324.0,304.76167865342023,-0.35687684753900545
17.223585844039917,0.4230000078678131,-14.809322691461533,28.833197689043583,0.2952908514262804,-0.3566709281845487,1,320.0,331.0,305.19067730853845,-0.3566709281845487
17.234034538269043,0.4230000078678131,-11.769264342327794,32.45437512537773,0.2909606253613094,-0.35306520675677966,1,320.0,331.0,308.2307356576722,-0.35306520675677966
17.24355125427246,0.4150000214576721,-11.322378242041356,32.944091585216746,0.2907255614605867,-0.3528507014286422,1,320.0,331.0,308.67762175795866,-0.3528507014286422
17.25435709953308,0.4150000214576721,-10.875492141754918,33.43380804505576,0.29049049755986395,-0.35263619610050473,1,320.0,331.0,309.12450785824507,-0.35263619610050473
17.263548135757446,0.40400001406669617,-10.42860604146848,33.92352450489477,0.2902554336591412,-0.35242169077236724,1,320.0,339.0,309.57139395853153,-0.35242169077236724
17.27294111251831,0.40400001406669617,-7.0053977973721215,37.9607719145782,0.28540091507238474,-0.3483315363043761,1,320.0,339.0,312.9946022026279,-0.3483315363043761
17.283382892608643,0.40400001406669617,-6.538119909495477,38.47479370633479,0.2851541846123416,-0.3481072429181953,1,320.0,339.0,313.4618800905045,-0.3481072429181953
17.294816970825195,0.3960000276565552,-6.070842021618833,38.98881549809137,0.28490745415229846,-0.3478829495320145,1,320.0,339.0,313.92915797838117,-0.3478829495320145
17.3034508228302,0.3960000276565552,-5.603564133742188,39.50283728984796,0.28466072369225526,-0.3476586561458337,1,320.0,348.0,314.39643586625783,-0.3476586561458337
17.313987016677856,0.3850000202655792,-1.7385741117177667,44.01048274814708,0.2792133307230309,-0.3430097209835412,1,320.0,348.0,318.26142588828225,-0.3430097209835412
17.32339572906494,0.3850000202655792,-1.248015057576782,44.551868899480674,0.27895346537039073,-0.3427742526375535,1,320.0,348.0,318.75198494242323,-0.3427742526375535
17.334309577941895,0.37800002098083496,-0.7574560034357976,45.093255050814264,0.2786936000177506,-0.34253878429156587,1,320.0,348.0,319.2425439965642,-0.34253878429156587
17.343591928482056,0.367000013589859,-0.26689694929481295,45.63464120214786,0.27843373466511045,-0.34230331594557817,1,320.0,357.0,319.7331030507052,-0.34230331594557817
17.353081703186035,0.367000013589859,3.990989025928135,50.55985045160013,0.2724647306231232,-0.337161583957292,1,320.0,357.0,323.9909890259281,-0.337161583957292
17.36359214782715,0.36000001430511475,4.50736430273728,51.13127746628581,0.2721904456560741,-0.3369137238244236,1,320.0,357.0,324.5073643027373,-0.3369137238244236
17.373644590377808,0.36000001430511475,5.023739579546424,51.70270448097149,0.2719161606890249,-0.3366658636915552,1,320.0,357.0,325.02373957954643,-0.3366658636915552
17.383543729782104,0.36000001430511475,5.540114856355569,52.274131495657166,0.27164187572197585,-0.3364180035586868,1,320.0,369.0,325.54011485635556,-0.3364180035586868
17.394044637680054,0.3490000069141388,10.449100313385685,57.871488870962956,0.26482184888360816,-0.33044923399851295,1,320.0,369.0,330.44910031338566,-0.33044923399851295
17.403430938720703,0.3490000069141388,10.99557939470149,58.477360013133804,0.26453103073536616,-0.33018692403948136,1,320.0,369.0,330.9955793947015,-0.33018692403948136
17.42598867416382,0.34200000762939453,11.542058476017296,59.08323115530465,0.26424021258712416,-0.32992461408044976,1,320.0,369.0,331.5420584760173,-0.32992461408044976
17.431154489517212,0.33100003004074097,12.088537557333101,59.6891022974755,0.26394939443888216,-0.32966230412141817,1,320.0,369.0,332.0885375573331,-0.32966230412141817
17.445186614990234,0.33100003004074097,12.635016638648906,60.29497343964635,0.26365857629064016,-0.3293999941623866,1,320.0,381.0,332.6350166386489,-0.3293999941623866
17.449821710586548,0.3240000009536743,18.18287403132594,66.66124998899423,0.25586695629819045,-0.3226252349901974,1,320.0,381.0,338.1828740313259,-0.3226252349901974
17.453550577163696,0.3240000009536743,18.763618009505947,67.30658619157143,0.2555571949209534,-0.322346477880671,1,320.0,381.0,338.76361800950593,-0.322346477880671
17.463850498199463,0.3240000009536743,19.344361987685954,67.95192239414864,0.2552474335437163,-0.32206772077114465,1,320.0,396.0,339.34436198768594,-0.32206772077114465
17.47344160079956,0.31300002336502075,25.63039127630882,74.94626963315866,0.24667089662571712,-0.31436035583800703,1,320.0,396.0,345.63039127630884,-0.31436035583800703
17.48328399658203,0.31300002336502075,26.250219178443817,75.63509958776316,0.24634025824750697,-0.3140628384449823,1,320.0,396.0,346.25021917844384,-0.3140628384449823
17.494017601013184,0.3070000112056732,26.870047080578814,76.32392954236767,0.24600961986929681,-0.3137653210519575,1,320.0,396.0,346.87004708057884,-0.3137653210519575
17.504933834075928,0.3070000112056732,27.48987498271381,77.01275949697215,0.24567898149108663,-0.3134678036589327,1,320.0,413.0,347.4898749827138,-0.3134678036589327
17.513514041900635,0.29600000381469727,34.70909292716157,85.05421269973057,0.23577347013490058,-0.3045763029684325,1,320.0,413.0,354.7090929271616,-0.3045763029684325
17.52372646331787,0.29600000381469727,35.37413979660628,85.79342276949225,0.23541864930141496,-0.304257080471099,1,320.0,413.0,355.3741397966063,-0.304257080471099
17.533621311187744,0.289000004529953,36.03918666605099,86.53263283925392,0.23506382846792936,-0.3039378579737656,1,320.0,413.0,356.03918666605097,-0.3039378579737656
17.5440616607666,0.289000004529953,36.704233535495696,87.2718429090156,0.23470900763444374,-0.3036186354764321,1,320.0,,356.7042335354957,-0.3036186354764321
17.553532123565674,0.27900001406669617,37.369280404940405,88.01105297877729,0.23435418680095815,-0.3032994129790987,1,320.0,,357.3692804049404,-0.3032994129790987
17.563556432724,0.27900001406669617,38.03432727438511,88.75026304853897,0.23399936596747253,-0.30298019048176517,1,320.0,,358.03432727438513,-0.30298019048176517
17.57495617866516,0.2720000147819519,38.69937414382982,89.48947311830065,0.23364454513398691,-0.30266096798443176,1,320.0,,358.6993741438298,-0.30266096798443176
17.58303213119507,0.2720000147819519,39.36442101327453,90.22868318806233,0.23328972430050132,-0.30234174548709825,1,320.0,,359.3644210132745,-0.30234174548709825
17.593863248825073,0.26200002431869507,40.02946788271924,90.96789325782402,0.2329349034670157,-0.30202252298976484,1,320.0,,360.02946788271925,-0.30202252298976484
17.60346007347107,0.26200002431869507,40.69451475216395,91.7071033275857,0.2325800826335301,-0.3017033004924313,1,320.0,,360.69451475216397,-0.3017033004924313
17.613969087600708,0.2550000250339508,41.359561621608655,92.44631339734738,0.2322252618000445,-0.3013840779950979,1,320.0,,361.35956162160863,-0.3013840779950979
17.623884916305542,0.2550000250339508,42.024608491053364,93.18552346710906,0.2318704409665589,-0.3010648554977644,1,320.0,,362.02460849105336,-0.3010648554977644
17.633631467819214,0.24500000476837158,42.68965536049807,93.92473353687075,0.23151562013307328,-0.300745633000431,1,320.0,,362.6896553604981,-0.300745633000431
17.643581867218018,0.24500000476837158,43.35470222994278,94.66394360663243,0.23116079929958766,-0.3004264105030975,1,320.0,,363.3547022299428,-0.3004264105030975
17.653926372528076,0.23800000548362732,44.01974909938749,95.40315367639411,0.23080597846610207,-0.3001071880057641,1,320.0,,364.01974909938747,-0.3001071880057641
17.663846969604492,0.23800000548362732,44.6847959688322,96.1423637461558,0.23045115763261645,-0.29978796550843057,1,320.0,,364.6847959688322,-0.29978796550843057
17.673274993896484,0.22800001502037048,45.349842838276906,96.88157381591748,0.23009633679913086,-0.29946874301109716,1,320.0,,365.3498428382769,-0.29946874301109716
17.68378257751465,0.22800001502037048,46.014889707721615,97.62078388567916,0.22974151596564524,-0.29914952051376364,1,320.0,,366.01488970772164,-0.29914952051376364
17.693429708480835,0.22100001573562622,46.67993657716632,98.35999395544084,0.22938669513215965,-0.29883029801643024,1,320.0,,366.6799365771663,-0.29883029801643024
17.70396375656128,0.22100001573562622,47.34498344661103,99.09920402520252,0.22903187429867403,-0.2985110755190967,1,320.0,,367.344983446611,-0.2985110755190967
17.71340036392212,0.2110000103712082,48.01003031605574,99.83841409496421,0.2286770534651884,-0.2981918530217633,1,320.0,,368.01003031605575,-0.2981918530217633
17.723897218704224,0.2110000103712082,48.67507718550045,100.57762416472589,0.22832223263170282,-0.2978726305244298,1,320.0,,368.67507718550047,-0.2978726305244298
17.733359336853027,0.20400001108646393,49.34012405494516,101.31683423448757,0.2279674117982172,-0.2975534080270964,1,320.0,,369.34012405494514,-0.2975534080270964
17.743915557861328,0.20400001108646393,50.005170924389866,102.05604430424926,0.2276125909647316,-0.2972341855297629,1,320.0,,370.00517092438986,-0.2972341855297629
17.75334358215332,0.1940000057220459,50.670217793834574,102.79525437401094,0.22725777013124598,-0.2969149630324295,1,320.0,,370.6702177938346,-0.2969149630324295
