time,alt,pos_x_est,pos_y_est,vel_x_cmd,vel_y_cmd,target_visible,setpoint_x,raw_x,filtered_x,cmd_y
9.033903360366821,4.50100040435791,-101.43609656763147,-103.52936163097132,0.14472237994495926,-0.13668673017979388,1,320.0,,218.56390343236853,-0.13668673017979388
9.043274641036987,4.517000198364258,-101.48428401368413,-103.61453719786279,0.1453426633112183,-0.13725197653512552,1,320.0,,218.51571598631585,-0.13725197653512552
9.053105354309082,4.517000198364258,-101.5324714597368,-103.68110219512825,0.1459409468189125,-0.13781746382768742,1,320.0,,218.4675285402632,-0.13781746382768742
9.063883781433105,4.5400004386901855,-101.58065890578946,-103.77418229554755,0.14657151385089343,-0.13838319205747954,1,320.0,,218.41934109421055,-0.13838319205747954
9.07348346710205,4.5400004386901855,-101.62884635184213,-103.840747292813,0.14717059558407605,-0.13894916122450196,1,320.0,224.0,218.37115364815787,-0.13894916122450196
9.083997011184692,4.555000305175781,-101.00032371421119,-102.85885955206376,0.14434785624868923,-0.13732900223113087,1,320.0,224.0,218.9996762857888,-0.13732900223113087
9.093406677246094,4.555000305175781,-101.0439413821079,-102.91822865484839,0.144933690315305,-0.13788656313951747,1,320.0,224.0,218.9560586178921,-0.13788656313951747
9.105098485946655,4.575000286102295,-101.08755905000461,-103.00027355757133,0.14554714556636042,-0.13844434213624354,1,320.0,224.0,218.91244094999539,-0.13844434213624354
9.11407470703125,4.575000286102295,-101.13117671790133,-103.05964266035596,0.14613368670300372,-0.13900233922130908,1,320.0,,218.86882328209867,-0.13900233922130908
9.12340760231018,4.587000370025635,-101.17479438579804,-103.132519004796,0.14673680091135574,-0.13956055439471415,1,320.0,,218.82520561420196,-0.13956055439471415
9.133856058120728,4.587000370025635,-101.21841205369475,-103.19188810758061,0.1473240032752352,-0.1401189876564587,1,320.0,,218.78158794630525,-0.1401189876564587
9.143221139907837,4.600000381469727,-101.26202972159146,-103.2658075740881,0.14792903567291463,-0.1406776390065427,1,320.0,,218.73797027840854,-0.1406776390065427
9.153964281082153,4.600000381469727,-101.30564738948817,-103.32517667687273,0.14851690447964055,-0.14123650844496619,1,320.0,224.0,218.69435261051183,-0.14123650844496619
9.163421154022217,4.6060004234313965,-100.67545777341181,-102.46666964241578,0.14613907705398263,-0.13962815360839798,1,320.0,224.0,219.3245422265882,-0.13962815360839798
9.173850774765015,4.6060004234313965,-100.71455709268804,-102.51983890409201,0.14671547936251458,-0.14017864557699292,1,320.0,224.0,219.28544290731196,-0.14017864557699292
9.183430194854736,4.611999988555908,-100.75365641196427,-102.5796765067398,0.14730018286822563,-0.14072933304218418,1,320.0,224.0,219.24634358803573,-0.14072933304218418
9.193176984786987,4.611999988555908,-100.7927557312405,-102.63284576841603,0.14787715021107917,-0.1412802160039719,1,320.0,223.0,219.2072442687595,-0.1412802160039719
9.20391297340393,4.613000392913818,-100.36701376052879,-102.00391952885298,0.14626235719945452,-0.1403389676691611,1,320.0,223.0,219.63298623947122,-0.1403389676691611
9.213584661483765,4.613000392913818,-100.40300576967583,-102.0525217867899,0.1468309425179128,-0.14088417310898593,1,320.0,223.0,219.59699423032419,-0.14088417310898593
9.22361159324646,4.611999988555908,-100.43899777882287,-102.10001387247608,0.1473984330900986,-0.1414295585088565,1,320.0,223.0,219.56100222117715,-0.1414295585088565
9.233436346054077,4.611999988555908,-100.4749897879699,-102.148616130413,0.14796749888027494,-0.14197512386877278,1,320.0,222.0,219.5250102120301,-0.14197512386877278
9.243947744369507,4.609000205993652,-100.21665845846577,-101.82640110288536,0.14735451709075315,-0.14157717441745477,1,320.0,222.0,219.78334154153424,-0.14157717441745477
9.253736734390259,4.609000205993652,-100.25068701711879,-101.8725518416156,0.14791926073643752,-0.14211926212292403,1,320.0,222.0,219.7493129828812,-0.14211926212292403
9.263293266296387,4.6010003089904785,-100.28471557577181,-101.9097949159311,0.14847350140019577,-0.1426615199711865,1,320.0,222.0,219.71528442422817,-0.1426615199711865
9.273911952972412,4.6010003089904785,-100.31874413442483,-101.95594565466135,0.14903866201494537,-0.14320394796224226,1,320.0,,219.68125586557517,-0.14320394796224226
9.283549308776855,4.594000339508057,-100.35277269307785,-101.99427575326288,0.14959462951203353,-0.14374654609609125,1,320.0,,219.64722730692216,-0.14374654609609125
9.292900323867798,4.594000339508057,-100.38680125173087,-102.04042649199312,0.15016021253096978,-0.14428931437273354,1,320.0,,219.61319874826913,-0.14428931437273354
9.303523778915405,4.581000328063965,-100.42082981038389,-102.07198740358778,0.1507084455619013,-0.14483225279216907,1,320.0,,219.5791701896161,-0.14483225279216907
9.313613653182983,4.581000328063965,-100.45485836903691,-102.11813814231803,0.1512744171390892,-0.14537536135439788,1,320.0,219.0,219.5451416309631,-0.14537536135439788
9.32401180267334,4.571000099182129,-100.55744640634886,-102.14113657116472,0.1517890667335022,-0.14613787075519763,1,320.0,219.0,219.44255359365116,-0.14613787075519763
9.333453893661499,4.571000099182129,-100.5919303534152,-102.18720846255144,0.15235528904547901,-0.14668221114344435,1,320.0,219.0,219.4080696465848,-0.14668221114344435
9.343776226043701,4.554000377655029,-100.62641430048153,-102.21398435215409,0.15289849003476297,-0.14722672395142633,1,320.0,219.0,219.37358569951846,-0.14722672395142633
9.353832244873047,4.554000377655029,-100.66089824754786,-102.2600562435408,0.15346507658564476,-0.1477714091791437,1,320.0,217.0,219.33910175245214,-0.1477714091791437
9.363952875137329,4.5420002937316895,-100.97959291376253,-102.50299794751598,0.1546879065774875,-0.14922395405544714,1,320.0,217.0,219.02040708623747,-0.14922395405544714
9.373367071151733,4.5420002937316895,-101.01596090520312,-102.55046578876048,0.1552576203159247,-0.14977267544970183,1,320.0,217.0,218.98403909479688,-0.14977267544970183
9.383918285369873,4.521000385284424,-101.0523288966437,-102.57375779100512,0.15579843950757327,-0.15032157868391374,1,320.0,217.0,218.9476711033563,-0.15032157868391374
9.393771648406982,4.521000385284424,-101.08869688808429,-102.62122563224962,0.15636850704522792,-0.1508706637580829,1,320.0,,218.91130311191571,-0.1508706637580829
9.40397024154663,4.50700044631958,-101.12506487952487,-102.652446479748,0.1569192342946247,-0.1514199306722092,1,320.0,,218.87493512047513,-0.1514199306722092
9.413856029510498,4.50700044631958,-101.16143287096546,-102.69991432099249,0.15748969527572307,-0.15196937942629274,1,320.0,,218.83856712903454,-0.15196937942629274
9.423283338546753,4.485000133514404,-101.19780086240604,-102.72163818002998,0.1580293720974682,-0.15251901002033347,1,320.0,,218.80219913759396,-0.15251901002033347
9.433808088302612,4.485000133514404,-101.23416885384663,-102.76910602127448,0.15860017903706797,-0.1530688224543314,1,320.0,212.0,218.76583114615337,-0.1530688224543314
9.443183898925781,4.469000339508057,-102.13582337922578,-103.45558002455222,0.16124433088850612,-0.15637537999957668,1,320.0,212.0,217.86417662077423,-0.15637537999957668
9.453907012939453,4.469000339508057,-102.17790434732602,-103.50739154962132,0.16182404167633715,-0.15693676668303358,1,320.0,212.0,217.82209565267397,-0.15693676668303358
9.463348627090454,4.446000099182129,-102.21998531542626,-103.53180460227522,0.1623709963625332,-0.15749836377133097,1,320.0,212.0,217.78001468457376,-0.15749836377133097
9.473124980926514,4.446000099182129,-102.2620662835265,-103.58361612734431,0.16295108827325283,-0.1580601712644689,1,320.0,210.0,217.7379337164735,-0.1580601712644689
9.484481811523438,4.430000305175781,-103.25746669245622,-104.51351386557313,0.16636374861757217,-0.16165587954457247,1,320.0,210.0,216.7425333075438,-0.16165587954457247
9.493932485580444,4.430000305175781,-103.30583079540953,-104.57123944227263,0.16695587550682295,-0.1622304456220935,1,320.0,210.0,216.69416920459048,-0.1622304456220935
9.503225803375244,4.40500020980835,-103.35419489836285,-104.59862200451008,0.16751172769153042,-0.16280525352012928,1,320.0,210.0,216.64580510163717,-0.16280525352012928
9.513911485671997,4.40500020980835,-103.40255900131616,-104.65634758120957,0.16810428012147585,-0.16338030323867986,1,320.0,208.0,216.59744099868385,-0.16338030323867986
9.523265838623047,4.389000415802002,-104.47719149912982,-105.5492776173655,0.17139253572616445,-0.16722001622855356,1,320.0,208.0,215.52280850087018,-0.16722001622855356
9.533638954162598,4.389000415802002,-104.53231482886648,-105.61263317130903,0.1719966255567532,-0.16780882579838188,1,320.0,208.0,215.46768517113352,-0.16780882579838188
9.543165445327759,4.36400032043457,-104.58743815860313,-105.64505274528166,0.1725637543092468,-0.16839791098485887,1,320.0,208.0,215.41256184139687,-0.16839791098485887
9.553887605667114,4.36400032043457,-104.6425614883398,-105.7084082992252,0.17316832301547516,-0.16898727178798456,1,320.0,,215.3574385116602,-0.16898727178798456
9.563563823699951,4.3470001220703125,-104.69768481807645,-105.75051620063209,0.1737476050781666,-0.16957690820775895,1,320.0,,215.30231518192355,-0.16957690820775895
9.573093891143799,4.3470001220703125,-104.75280814781311,-105.81387175457563,0.17435270110167173,-0.170166820244182,1,320.0,,215.2471918521869,-0.170166820244182
9.583500862121582,4.322000026702881,-104.80793147754977,-105.84566568798644,0.17492008215020463,-0.17075700789725376,1,320.0,,215.19206852245023,-0.17075700789725376
9.594103813171387,4.322000026702881,-104.86305480728643,-105.90902124192998,0.17552565392114652,-0.17134747116697416,1,320.0,203.0,215.13694519271357,-0.17134747116697416
9.603869915008545,4.305000305175781,-106.44763648781645,-107.18629944920711,0.18003100832669922,-0.17679740164808913,1,320.0,203.0,213.55236351218355,-0.17679740164808913
9.613458633422852,4.305000305175781,-106.51281379849324,-107.2577773000159,0.18065307063416988,-0.17740817848989376,1,320.0,203.0,213.48718620150674,-0.17740817848989376
9.623632669448853,4.28000020980835,-106.57799110917003,-107.29704872422691,0.1812366815868442,-0.17801928121825175,1,320.0,203.0,213.42200889082997,-0.17801928121825175
9.633567094802856,4.28000020980835,-106.64316841984682,-107.3685265750357,0.18185929764068992,-0.17863070983316315,1,320.0,200.0,213.3568315801532,-0.17863070983316315
9.643416166305542,4.264000415802002,-108.333260607316,-108.67121152891401,0.1864327026316559,-0.18440200793692643,1,320.0,200.0,211.666739392684,-0.18440200793692643
9.653971910476685,4.264000415802002,-108.40910965524535,-108.7509121363517,0.1870720979212629,-0.18503507234271788,1,320.0,200.0,211.59089034475465,-0.18503507234271788
9.6635262966156,4.23900032043457,-108.48495870317468,-108.79775761222162,0.18767230128036788,-0.18566851599374895,1,320.0,200.0,211.5150412968253,-0.18566851599374895
9.673648595809937,4.23900032043457,-108.56080775110402,-108.8774582196593,0.18831232930039143,-0.18630233889001968,1,320.0,197.0,211.43919224889598,-0.18630233889001968
9.683552265167236,4.2220001220703125,-110.34168408213122,-110.20150922812948,0.19294850492718105,-0.19235063304750716,1,320.0,197.0,209.65831591786878,-0.19235063304750716
9.693923711776733,4.2220001220703125,-110.42873157719337,-110.28953085846878,0.19360557853788055,-0.19300723369946768,1,320.0,197.0,209.5712684228066,-0.19300723369946768
9.703584671020508,4.198000431060791,-110.51577907225553,-110.3453624101402,0.19422430321193696,-0.19366426958890354,1,320.0,197.0,209.48422092774447,-0.19366426958890354
9.713518381118774,4.198000431060791,-110.60282656731768,-110.4333840404795,0.19488209608854648,-0.1943217407158147,1,320.0,196.0,209.39717343268234,-0.1943217407158147
9.723737716674805,4.182000160217285,-112.2324666984222,-111.66479301145833,0.1992155882134472,-0.19988043235246192,1,320.0,196.0,207.7675333015778,-0.19988043235246192
9.733373403549194,4.182000160217285,-112.32965406397045,-111.76047289977986,0.19988920644393193,-0.20055870546143967,1,320.0,196.0,207.67034593602955,-0.20055870546143967
9.743995666503906,4.1579999923706055,-112.4268414295187,-111.82331664896012,0.20052373552619301,-0.20123746450724517,1,320.0,196.0,207.5731585704813,-0.20123746450724517
9.754132509231567,4.1579999923706055,-112.52402879506695,-111.91899653728164,0.20119814637486527,-0.20191670948987842,1,320.0,193.0,207.47597120493305,-0.20191670948987842
9.763367176055908,4.142000198364258,-114.25282583880193,-113.29756936704447,0.20599599334212826,-0.20778457220998783,1,320.0,193.0,205.74717416119807,-0.20778457220998783
9.773969173431396,4.142000198364258,-114.36075334481161,-113.40183949444837,0.20668812669248518,-0.20848588898392356,1,320.0,193.0,205.6392466551884,-0.20848588898392356
9.78360104560852,4.118000030517578,-114.4686808508213,-113.47260845844023,0.2073404124915676,-0.2091877453953893,1,320.0,193.0,205.5313191491787,-0.2091877453953893
9.79317569732666,4.118000030517578,-114.57660835683099,-113.57687858584413,0.2080334210373815,-0.20989014144438503,1,320.0,191.0,205.423391643169,-0.20989014144438503
9.80324935913086,4.103000164031982,-116.28111979202752,-114.97336215153621,0.21288245533445818,-0.21567568969110051,1,320.0,191.0,203.71888020797246,-0.21567568969110051
9.814609050750732,4.103000164031982,-116.39957639445562,-115.08629356963174,0.21359340450402092,-0.21639983549598651,1,320.0,191.0,203.6004236055444,-0.21639983549598651
9.823697805404663,4.078999996185303,-116.51803299688372,-115.1650557805842,0.21426374443606683,-0.21712457358388465,1,320.0,191.0,203.48196700311627,-0.21712457358388465
9.83322811126709,4.078999996185303,-116.63648959931182,-115.27798719867972,0.2149756520737749,-0.2178499039547949,1,320.0,188.0,203.3635104006882,-0.2178499039547949
9.843952894210815,4.064000129699707,-118.42981890233631,-116.68935555599653,0.2198699602836387,-0.22391487430029802,1,320.0,188.0,201.5701810976637,-0.22391487430029802
9.853565692901611,4.064000129699707,-118.55934492505561,-116.81101103876973,0.22060000191816037,-0.22466310225218647,1,320.0,188.0,201.4406550749444,-0.22466310225218647
9.863987445831299,4.0410003662109375,-118.68887094777492,-116.89927066830849,0.22129040982694842,-0.2254119778341885,1,320.0,188.0,201.31112905222508,-0.2254119778341885
9.873481750488281,4.0410003662109375,-118.81839697049422,-117.0209261510817,0.22202150103703167,-0.22616150104630414,1,320.0,186.0,201.18160302950577,-0.22616150104630414
9.884061813354492,4.026000022888184,-120.58175194376194,-118.44542334172084,0.22695619388153548,-0.23212761742422278,1,320.0,186.0,199.41824805623804,-0.23212761742422278
9.893587589263916,4.026000022888184,-120.7221019053155,-118.57585572149081,0.22770559201586688,-0.23289964788761364,1,320.0,186.0,199.2778980946845,-0.23289964788761364
9.902960062026978,4.003000259399414,-120.86245186686905,-118.6722305213042,0.22841460292824947,-0.23367238010081223,1,320.0,186.0,199.13754813313096,-0.23367238010081223
9.913657903671265,4.003000259399414,-121.0028018284226,-118.80266290107417,0.2291651350984788,-0.23444581406381865,1,320.0,183.0,198.9971981715774,-0.23444581406381865
9.923156499862671,3.9880001544952393,-122.84612600568946,-120.34488684499746,0.23447516183570563,-0.24066514148243487,1,320.0,183.0,197.15387399431054,-0.24066514148243487
9.933591842651367,3.9880001544952393,-122.99778632649591,-120.48484467000175,0.2352455354490608,-0.2414621227990351,1,320.0,183.0,197.0022136735041,-0.2414621227990351
9.943418264389038,3.9660000801086426,-123.14944664730237,-120.59158200069331,0.23597657815589412,-0.24225986241723935,1,320.0,183.0,196.85055335269763,-0.24225986241723935
9.954017400741577,3.9660000801086426,-123.30110696810883,-120.73153982569761,0.23674818524502778,-0.24305836033704764,1,320.0,180.0,196.69889303189117,-0.24305836033704764
9.963544130325317,3.951000213623047,-125.2142338470713,-122.27140711494991,0.2420494883374686,-0.24949883836314513,1,320.0,180.0,194.78576615292872,-0.24949883836314513
9.973899841308594,3.951000213623047,-125.37762301655144,-122.42083862432006,0.24284091034183436,-0.25032179348160405,1,320.0,180.0,194.62237698344856,-0.25032179348160405
9.983524084091187,3.92900013923645,-125.54101218603158,-122.53639610370021,0.24359226129760903,-0.25114556554591033,1,320.0,180.0,194.4589878139684,-0.25114556554591033
9.993082523345947,3.92900013923645,-125.70440135551172,-122.68582761307036,0.24438500824691858,-0.25197015455606414,1,320.0,178.0,194.29559864448828,-0.25197015455606414
10.003725528717041,3.9140002727508545,-127.57354263693686,-124.22265778599802,0.24967555418019838,-0.25826708173300045,1,320.0,178.0,192.42645736306315,-0.25826708173300045
10.013103723526001,3.9140002727508545,-127.74831877283714,-124.38150675015763,0.2504880804709407,-0.25911555468994496,1,320.0,178.0,192.25168122716286,-0.25911555468994496
10.02348256111145,3.8930001258850098,-127.92309490873741,-124.50738770620191,0.2512616745567248,-0.25996490152756896,1,320.0,178.0,192.07690509126257,-0.25996490152756896
10.034101724624634,3.8930001258850098,-128.09787104463769,-124.66623667036151,0.25207562449706816,-0.2608151222458725,1,320.0,175.0,191.90212895536231,-0.2608151222458725
10.043243885040283,3.878000259399414,-130.0305191994991,-126.30315219966404,0.2576867233607032,-0.26731377292493474,1,320.0,175.0,189.9694808005009,-0.26731377292493474
10.053777933120728,3.878000259399414,-130.21705973639015,-126.47205211204856,0.2585217635161249,-0.268188706867886,1,320.0,175.0,189.78294026360985,-0.268188706867886
10.063703536987305,3.8570001125335693,-130.4036002732812,-126.60734066073107,0.25931714647784754,-0.26906457351352164,1,320.0,175.0,189.5963997267188,-0.26906457351352164
10.073319911956787,3.8570001125335693,-130.59014081017224,-126.77624057311559,0.26015370757557454,-0.2699413728618417,1,320.0,173.0,189.40985918982776,-0.2699413728618417
10.083590507507324,3.8420002460479736,-132.4741863214464,-128.39735610832147,0.2657125627566851,-0.27628100865531335,1,320.0,173.0,187.5258136785536,-0.27628100865531335
10.093103408813477,3.8420002460479736,-132.67211489249857,-128.5761611199004,0.2665700095761793,-0.2771818835150385,1,320.0,173.0,187.32788510750143,-0.2771818835150385
10.103704929351807,3.821000099182129,-132.87004346355073,-128.72069239454618,0.26738705056772694,-0.2780837480176188,1,320.0,173.0,187.12995653644927,-0.2780837480176188
10.113429307937622,3.821000099182129,-133.0679720346029,-128.8994974061251,0.2682461140686523,-0.2789866021630544,1,320.0,170.0,186.9320279653971,-0.2789866021630544
10.123521327972412,3.806000232696533,-135.00957772186408,-130.504707281452,0.2737522322900285,-0.2855090768477611,1,320.0,170.0,184.99042227813592,-0.2855090768477611
10.133949995040894,3.806000232696533,-135.21923129282087,-130.69327010247952,0.27463197402577394,-0.2864367572893734,1,320.0,170.0,184.78076870717913,-0.2864367572893734
10.143544673919678,3.7850000858306885,-135.42888486377765,-130.8468770386924,0.27547053673442284,-0.28736548599884043,1,320.0,170.0,184.57111513622235,-0.28736548599884043
10.153960943222046,3.7850000858306885,-135.63853843473444,-131.03543985971993,0.27635198931895444,-0.2882952629761622,1,320.0,167.0,184.36146156526556,-0.2882952629761622
10.163684844970703,3.7710001468658447,-137.6294432981476,-132.72873143069882,0.2821373107044025,-0.29497370779877136,1,320.0,167.0,182.3705567018524,-0.29497370779877136
10.173156023025513,3.7710001468658447,-137.8511009083378,-132.92759334453675,0.28304058296773077,-0.2959289524355413,1,320.0,167.0,182.1488990916622,-0.2959289524355413
10.183936357498169,3.750000238418579,-138.072758518528,-133.0908168665244,0.28390190527844855,-0.2968853053603621,1,320.0,167.0,181.927241481472,-0.2968853053603621
10.193519830703735,3.750000238418579,-138.29441612871818,-133.28967878036232,0.28480698796895587,-0.29784276657323394,1,320.0,165.0,181.70558387128182,-0.29784276657323394
10.203781366348267,3.7360000610351562,-140.22475978696264,-134.95604897943133,0.29050305859342257,-0.3043219481134312,1,320.0,165.0,179.77524021303736,-0.3043219481134312
10.213430166244507,3.7360000610351562,-140.45795621499073,-135.16498304707153,0.2914296043898262,-0.3053040736081399,1,320.0,165.0,179.54204378500927,-0.3053040736081399
10.223956823348999,3.7140002250671387,-140.69115264301882,-135.33583446526728,0.2923113052639874,-0.30628736508498866,1,320.0,165.0,179.30884735698118,-0.30628736508498866
10.234145879745483,3.7140002250671387,-140.92434907104692,-135.54476853290748,0.2932397499878202,-0.30727182254397767,1,320.0,165.0,179.07565092895308,-0.30727182254397767
10.24352240562439,3.700000286102295,-141.157545499075,-135.72922166136328,0.294139739850274,-0.30825744598510674,1,320.0,163.0,178.842454500925,-0.30825744598510674
10.254042863845825,3.700000286102295,-143.04416035377386,-137.4051378503342,0.29981557824789395,-0.3145927504970183,1,320.0,163.0,176.95583964622614,-0.3145927504970183
10.264162540435791,3.67900013923645,-143.2885439347503,-137.58691056679592,0.300721640060482,-0.31560245351386373,1,320.0,163.0,176.7114560652497,-0.31560245351386373
10.273809671401978,3.67900013923645,-143.53292751572673,-137.8057703453748,0.30167330064650355,-0.31661337844861415,1,320.0,160.0,176.46707248427327,-0.31661337844861415
10.283543586730957,3.6650002002716064,-145.44812988333547,-139.5157833371854,0.30750393719247826,-0.3230342709640117,1,320.0,160.0,174.55187011666453,-0.3230342709640117
10.292967319488525,3.6650002002716064,-145.70383149439473,-139.7449132558947,0.3084776176612089,-0.32406963205475475,1,320.0,160.0,174.29616850560527,-0.32406963205475475
10.304414749145508,3.644000291824341,-145.959533105454,-139.9362099069951,0.3094068546920643,-0.32510627165355316,1,320.0,160.0,174.040466894546,-0.32510627165355316
10.314125537872314,3.644000291824341,-146.21523471651327,-140.16533982570436,0.310382637293644,-0.3261441897604068,1,320.0,157.0,173.78476528348673,-0.3261441897604068
10.324346780776978,3.630000114440918,-148.17190205257927,-141.84045554569843,0.31609761704029776,-0.3326959160969263,1,320.0,157.0,171.82809794742073,-0.3326959160969263
10.333788871765137,3.630000114440918,-148.4391465503818,-142.07957092642414,0.3170949533518007,-0.33375880522704127,1,320.0,157.0,171.5608534496182,-0.33375880522704127
10.343722343444824,3.6090002059936523,-148.70639104818432,-142.28008363461228,0.31804696901979956,-0.3348230305796452,1,320.0,157.0,171.29360895181568,-0.3348230305796452
10.35370135307312,3.6090002059936523,-148.97363554598684,-142.519199015338,0.3190465034717471,-0.33588859215473815,1,320.0,157.0,171.02636445401316,-0.33588859215473815
10.363040924072266,3.5960001945495605,-149.24088004378936,-142.73418091247606,0.32001815265287514,-0.33695548995232016,1,320.0,155.0,170.75911995621064,-0.33695548995232016
10.37356162071228,3.5960001945495605,-151.14052251595675,-144.4092885829703,0.32567830394507113,-0.34331920863906384,1,320.0,155.0,168.85947748404325,-0.34331920863906384
10.383014678955078,3.575000286102295,-151.4188618307845,-144.61879109545328,0.326652800915528,-0.3444103101260111,1,320.0,155.0,168.5811381692155,-0.3444103101260111
10.393829822540283,3.575000286102295,-151.69720114561224,-144.86766639499461,0.3276757896069526,-0.3455028033095324,1,320.0,155.0,168.30279885438776,-0.3455028033095324
10.403550148010254,3.561000108718872,-151.97554046044,-145.09002259161207,0.3286680671558516,-0.3465966881896279,1,320.0,153.0,168.02445953956,-0.3465966881896279
10.41404104232788,3.561000108718872,-153.803822086549,-146.82867989228916,0.33452887366726086,-0.35272269182541066,1,320.0,153.0,166.196177913451,-0.35272269182541066
10.423301696777344,3.5400002002716064,-154.0927048899568,-147.04749955958565,0.33552669476581454,-0.3538398147139499,1,320.0,153.0,165.9072951100432,-0.3538398147139499
10.43413233757019,3.5400002002716064,-154.3815876933646,-147.3065091069641,0.3365740387682036,-0.35495838201650604,1,320.0,153.0,165.6184123066354,-0.35495838201650604
10.443216323852539,3.5260002613067627,-154.6704704967724,-147.53844680329937,0.33759005623782234,-0.35607839373307926,1,320.0,150.0,165.3295295032276,-0.35607839373307926
10.453946828842163,3.5260002613067627,-156.5353132316412,-149.22908522484346,0.34328908658365653,-0.3623177982770398,1,320.0,150.0,163.4646867683588,-0.3623177982770398
10.46341586112976,3.508000135421753,-156.83492575736886,-149.46270208950182,0.34431674033169407,-0.36346150793669985,1,320.0,150.0,163.16507424263114,-0.36346150793669985
10.474061727523804,3.508000135421753,-157.13453828309653,-149.73145869959313,0.34538790555730164,-0.36460671565898856,1,320.0,150.0,162.86546171690347,-0.36460671565898856
10.483416557312012,3.497000217437744,-157.4341508088242,-149.97855471249807,0.34643431354635,-0.3657534214439059,1,320.0,148.0,162.5658491911758,-0.3657534214439059
10.49380111694336,3.497000217437744,-159.2268607305821,-151.6238430554324,0.3519807379323305,-0.3717530548288443,1,320.0,148.0,160.7731392694179,-0.3717530548288443
10.503494262695312,3.4830002784729004,-159.53664741356036,-151.87420400861038,0.35304054209618707,-0.372922482085486,1,320.0,148.0,160.46335258643964,-0.372922482085486
10.514545202255249,3.4830002784729004,-159.84643409653862,-152.15234048256565,0.35413506756734625,-0.37409345827554263,1,320.0,148.0,160.15356590346138,-0.37409345827554263
10.52358889579773,3.4750001430511475,-160.15622077951687,-152.41449955717712,0.3552117309546659,-0.37526598339901407,1,320.0,146.0,159.84377922048313,-0.37526598339901407
10.533327341079712,3.4750001430511475,-161.8816195190256,-153.91449518958726,0.3602811062882764,-0.38104207815919683,1,320.0,146.0,158.1183804809744,-0.38104207815919683
10.543357133865356,3.4660000801086426,-162.20106022925444,-154.1828975331033,0.3613741035881612,-0.3822364123126176,1,320.0,146.0,157.79893977074556,-0.3822364123126176
10.554055452346802,3.4660000801086426,-162.52050093948327,-154.46936670072114,0.3624902134228062,-0.38343234366958967,1,320.0,146.0,157.47949906051673,-0.38343234366958967
10.56349515914917,3.4610002040863037,-163.98458498767303,-155.8302303418081,0.3671230431202829,-0.38835301675973233,1,320.0,146.0,156.01541501232697,-0.38835301675973233
10.573909997940063,3.4610002040863037,-164.31183852892647,-156.12410165001413,0.3682563091983802,-0.389567280201881,1,320.0,146.0,155.68816147107353,-0.389567280201881
10.583629608154297,3.455000162124634,-164.6390920701799,-156.40583694678472,0.3693764207392388,-0.3907831799117361,1,320.0,146.0,155.3609079298201,-0.3907831799117361
10.59401249885559,3.455000162124634,-164.96634561143335,-156.69970825499075,0.37051256485036105,-0.39200071588929736,1,320.0,146.0,155.03365438856665,-0.39200071588929736
10.603994369506836,3.452000141143799,-165.2935991526868,-156.98749496804072,0.3716428463808612,-0.393219888134565,1,320.0,145.0,154.7064008473132,-0.393219888134565
10.613560199737549,3.452000141143799,-166.61298424450231,-158.13277315272055,0.3755533289365293,-0.39767020227214295,1,320.0,145.0,153.38701575549769,-0.39767020227214295
10.623898983001709,3.448000192642212,-166.94701774277632,-158.4243328401221,0.37669532222561186,-0.3989057775587857,1,320.0,145.0,153.05298225722368,-0.3989057775587857
10.633944988250732,3.448000192642212,-167.28105124105033,-158.72402243122244,0.37784856984708837,-0.4001430230129197,1,320.0,145.0,152.71894875894967,-0.4001430230129197
10.64402461051941,3.446000099182129,-167.61508473932435,-159.01963940537604,0.3789984084130995,-0.4013819386345452,1,320.0,145.0,152.38491526067565,-0.4013819386345452
10.65375828742981,3.446000099182129,-168.7025290657839,-160.06257611354616,0.38257480749304745,-0.40507579461228077,1,320.0,145.0,151.2974709342161,-0.40507579461228077
10.66376256942749,3.445000171661377,-169.04171393119344,-160.36530965330692,0.38373991428902693,-0.4063280250204282,1,320.0,145.0,150.95828606880656,-0.4063280250204282
10.674306869506836,3.445000171661377,-169.380898796603,-160.67008111823918,0.3849089904525368,-0.40758195135290265,1,320.0,145.0,150.619101203397,-0.40758195135290265
10.683682441711426,3.444000244140625,-169.72008366201254,-160.97281341696623,0.3860771332780941,-0.4088375736097042,1,320.0,143.0,150.27991633798746,-0.4088375736097042
10.693186044692993,3.444000244140625,-170.80078160378451,-161.82028495225242,0.3890169651253098,-0.4125101966824143,1,320.0,143.0,149.19921839621549,-0.4125101966824143
10.70382285118103,3.444000244140625,-171.1450390746426,-162.12876896578504,0.39019778978637787,-0.4137790308428172,1,320.0,143.0,148.8549609253574,-0.4137790308428172
10.71382761001587,3.444000244140625,-171.48929654550068,-162.43725297931766,0.3913801568675136,-0.4150495862905744,1,320.0,143.0,148.51070345449932,-0.4150495862905744
10.723907947540283,3.444000244140625,-171.83355401635876,-162.74573699285028,0.392564066368717,-0.41632186302568586,1,320.0,144.0,148.16644598364124,-0.41632186302568586
10.733434915542603,3.444000244140625,-172.60162559766343,-163.4158501703075,0.39492779631440633,-0.4189767531403661,1,320.0,144.0,147.39837440233657,-0.4189767531403661
10.743994235992432,3.444000244140625,-172.94878372215194,-163.7268092334464,0.3961195812363402,-0.420258086808363,1,320.0,144.0,147.05121627784806,-0.420258086808363
10.753765106201172,3.444000244140625,-173.29594184664046,-164.0377682965853,0.39731292095358983,-0.42154115626698246,1,320.0,144.0,146.70405815335954,-0.42154115626698246
10.763156175613403,3.444000244140625,-173.64309997112898,-164.34872735972422,0.3985078154661552,-0.42282596151622437,1,320.0,,146.35690002887102,-0.42282596151622437
10.773609161376953,3.444000244140625,-173.9902580956175,-164.65968642286313,0.3997042647740362,-0.4241125025560886,1,320.0,,146.0097419043825,-0.4241125025560886
10.783913612365723,3.445000171661377,-174.337416220106,-164.97268465220725,0.40090472607251015,-0.42540077938657533,1,320.0,,145.662583779894,-0.42540077938657533
10.793827295303345,3.445000171661377,-174.68457434459452,-165.28364371534616,0.4021042951668536,-0.42669079200768456,1,320.0,,145.31542565540548,-0.42669079200768456
10.803348064422607,3.445000171661377,-175.03173246908304,-165.59460277848507,0.40330541905651274,-0.4279825404194162,1,320.0,,144.96826753091696,-0.4279825404194162
10.813709020614624,3.445000171661377,-175.37889059357155,-165.90556184162398,0.4045080977414875,-0.4292760246217703,1,320.0,,144.62110940642845,-0.4292760246217703
10.823108196258545,3.445000171661377,-175.72604871806007,-166.2165209047629,0.40571233122177797,-0.4305712446147468,1,320.0,,144.27395128193993,-0.4305712446147468
10.833818197250366,3.446000099182129,-176.0732068425486,-166.5295178930733,0.40692057519721586,-0.4318682003983458,1,320.0,,143.9267931574514,-0.4318682003983458
10.84332013130188,3.44700026512146,-176.4203649670371,-166.84251412695366,0.40813038324850703,-0.43316689197256714,1,320.0,144.0,143.5796350329629,-0.43316689197256714
10.853857278823853,3.44700026512146,-176.71666747494388,-167.20966259300107,0.4095216878160223,-0.43430224605714063,1,320.0,144.0,143.28333252505612,-0.43430224605714063
10.863329648971558,3.44700026512146,-177.06347962522474,-167.52100391645763,0.41073290242375243,-0.4356037380356038,1,320.0,144.0,142.93652037477526,-0.4356037380356038
10.87456464767456,3.448000192642212,-177.4102917755056,-167.83438068611946,0.4119481264507772,-0.4369069640748184,1,320.0,144.0,142.5897082244944,-0.4369069640748184
10.883386373519897,3.448000192642212,-177.75710392578648,-168.14572200957602,0.41316246464897294,-0.4382119241747844,1,320.0,145.0,142.24289607421352,-0.4382119241747844
10.89381718635559,3.448000192642212,-177.7793622927131,-168.24085307171387,0.41367796315309746,-0.43846725148406407,1,320.0,145.0,142.2206377072869,-0.43846725148406407
10.903311729431152,3.449000120162964,-178.12397351118565,-168.55276239361663,0.4148950181513489,-0.439771404813787,1,320.0,145.0,141.87602648881435,-0.439771404813787
10.913920640945435,3.449000120162964,-178.4685847296582,-168.86263750695386,0.4161111814748883,-0.4410772811996023,1,320.0,145.0,141.5314152703418,-0.4410772811996023
10.923500537872314,3.450000047683716,-178.81319594813075,-169.1745455923453,0.41733134390531973,-0.44238488064151005,1,320.0,,141.18680405186925,-0.44238488064151005
10.93390679359436,3.450000047683716,-179.1578071666033,-169.48442070568254,0.41855061614485284,-0.4436942031395102,1,320.0,,140.8421928333967,-0.4436942031395102
10.94318413734436,3.451000213623047,-179.50241838507586,-169.79632803998143,0.4197738865862114,-0.4450052486936026,1,320.0,,140.49758161492414,-0.4450052486936026
10.954344272613525,3.451000213623047,-179.8470296035484,-170.10620315331866,0.4209962677379827,-0.4463180173037874,1,320.0,,140.1529703964516,-0.4463180173037874
10.963627338409424,3.451000213623047,-180.19164082202096,-170.4160782666559,0.42222019826532065,-0.44763250897006457,1,320.0,145.0,139.80835917797904,-0.44763250897006457
10.973098754882812,3.451000213623047,-179.88775091139004,-170.08877742062893,0.4213900387705525,-0.4468565473464359,1,320.0,145.0,140.11224908860996,-0.4468565473464359
10.98352837562561,3.452000141143799,-180.22799302157784,-170.39639022819472,0.4226111560907724,-0.4481659778437692,1,320.0,145.0,139.77200697842216,-0.4481659778437692
10.993099212646484,3.452000141143799,-180.56823513176565,-170.70197253364316,0.42383136471997873,-0.4494771095516534,1,320.0,145.0,139.43176486823435,-0.4494771095516534
11.003511190414429,3.452000141143799,-180.90847724195345,-171.0075548390916,0.42505310126071233,-0.4507899424700885,1,320.0,145.0,139.09152275804655,-0.4507899424700885
11.013909578323364,3.453000068664551,-180.534461984141,-170.62726904964106,0.42406374926782325,-0.4498045344375482,1,320.0,145.0,139.465538015859,-0.4498045344375482
11.023885726928711,3.453000068664551,-180.8699065542185,-170.92823087045352,0.42527954460715045,-0.4511114174544123,1,320.0,145.0,139.1300934457815,-0.4511114174544123
11.033729076385498,3.454000234603882,-181.205351124296,-171.23122121164852,0.4264992891226427,-0.45241997769412673,1,320.0,145.0,138.794648875704,-0.45241997769412673
11.04410195350647,3.454000234603882,-181.5407956943735,-171.53218303246098,0.42771810422277995,-0.4537302151566916,1,320.0,146.0,138.4592043056265,-0.4537302151566916
11.053710222244263,3.454000234603882,-180.98966332881892,-171.1029138625762,0.42659000053239066,-0.4521908975265096,1,320.0,146.0,139.01033667118108,-0.4521908975265096
11.063179969787598,3.454000234603882,-181.31916487520257,-171.39898069920253,0.42780227563983825,-0.453492895206546,1,320.0,146.0,138.68083512479743,-0.453492895206546
11.073869705200195,3.455000162124634,-181.64866642158623,-171.69707434161887,0.42901847338244603,-0.4547965403943143,1,320.0,146.0,138.35133357841377,-0.4547965403943143
11.08385157585144,3.455000162124634,-181.97816796796988,-171.9931411782452,0.4302337192922888,-0.4561018330898145,1,320.0,146.0,138.02183203203012,-0.4561018330898145
11.093456983566284,3.455000162124634,-181.39158593628852,-171.40851819784558,0.42862020040781645,-0.45446478434938953,1,320.0,146.0,138.60841406371148,-0.45446478434938953
11.103342771530151,3.455000162124634,-181.7149537885652,-171.6986883214753,0.42982689799777946,-0.4557614005410644,1,320.0,146.0,138.2850462114348,-0.4557614005410644
11.113838195800781,3.4560000896453857,-182.03832164084187,-171.9908840211263,0.4310374872574664,-0.4570596335720006,1,320.0,146.0,137.96167835915813,-0.4570596335720006
11.123939514160156,3.4560000896453857,-182.36168949311855,-172.281054144756,0.43224709667654576,-0.4583594834421982,1,320.0,147.0,137.63831050688145,-0.4583594834421982
11.133390188217163,3.4560000896453857,-181.6315066260585,-171.563350488113,0.43022013299722683,-0.45627617863811243,1,320.0,147.0,138.3684933739415,-0.45627617863811243
11.143975734710693,3.4560000896453857,-181.94782366867935,-171.84677549159676,0.4314194768788654,-0.45756549820760084,1,320.0,147.0,138.05217633132065,-0.45756549820760084
11.153891801834106,3.457000255584717,-182.2641407113002,-172.1322253249826,0.4326226778055533,-0.4588563993623024,1,320.0,147.0,137.7358592886998,-0.4588563993623024
11.163761615753174,3.457000255584717,-182.58045775392105,-172.41565032846637,0.43382486606137616,-0.46014888210221694,1,320.0,148.0,137.41954224607895,-0.46014888210221694
11.173191785812378,3.457000255584717,-181.72624715277797,-171.58298650222775,0.4314425910264725,-0.4576821596135351,1,320.0,148.0,138.27375284722203,-0.4576821596135351
11.184373617172241,3.457000255584717,-182.03472985872193,-171.85894152779173,0.4326330317647882,-0.45896251250996145,1,320.0,148.0,137.96527014127807,-0.45896251250996145
11.194470167160034,3.4580001831054688,-182.3432125646659,-172.13691967290242,0.4338272901372855,-0.4602444078199175,1,320.0,148.0,137.6567874353341,-0.4602444078199175
11.20364236831665,3.4580001831054688,-182.65169527060985,-172.4128746984664,0.4350205005414546,-0.4615278455434033,1,320.0,148.0,137.34830472939015,-0.4615278455434033
11.213372468948364,3.4580001831054688,-181.79876787299932,-171.58936378318478,0.43268147188790174,-0.45908012195389336,1,320.0,148.0,138.20123212700068,-0.45908012195389336
11.223098993301392,3.4580001831054688,-182.09947323043747,-171.85795626750166,0.4338630726504195,-0.46035146574897134,1,320.0,148.0,137.90052676956253,-0.46035146574897134
11.234103679656982,3.4580001831054688,-182.40017858787562,-172.12654875181855,0.4350460163753589,-0.4616243130708365,1,320.0,148.0,137.59982141212438,-0.4616243130708365
11.2440767288208,3.4580001831054688,-182.70088394531376,-172.39514123613543,0.4362303030627198,-0.46289866391948875,1,320.0,149.0,137.29911605468624,-0.46289866391948875
11.253722906112671,3.4590001106262207,-181.74142922452876,-171.47398728615764,0.43358605973428455,-0.4601222850285854,1,320.0,149.0,138.25857077547124,-0.4601222850285854
11.263070106506348,3.4590001106262207,-182.03368878072664,-171.73459234205822,0.4347574587630755,-0.4613831649399265,1,320.0,149.0,137.96631121927336,-0.4613831649399265
11.274469137191772,3.4590001106262207,-182.3259483369245,-171.9951973979588,0.435930160817146,-0.46264550614904854,1,320.0,149.0,137.6740516630755,-0.46264550614904854
11.283034563064575,3.4590001106262207,-182.6182078931224,-172.2558024538594,0.43710416589649603,-0.4639093086559516,1,320.0,150.0,137.3817921068776,-0.4639093086559516
11.293413639068604,3.4590001106262207,-181.5656697896134,-171.24554353345124,0.43419002319264915,-0.46084721408141804,1,320.0,150.0,138.4343302103866,-0.46084721408141804
11.30306077003479,3.4590001106262207,-181.8489064218137,-171.49762172362838,0.43535000512947986,-0.4620963425721675,1,320.0,150.0,138.1510935781863,-0.4620963425721675
11.313781976699829,3.4590001106262207,-182.132143054014,-171.74969991380553,0.4365112474572615,-0.46334688724607787,1,320.0,150.0,137.867856945986,-0.46334688724607787
11.323585033416748,3.4590001106262207,-182.4153796862143,-172.00177810398267,0.43767375017599397,-0.46459884810314933,1,320.0,152.0,137.5846203137857,-0.46459884810314933
11.333224534988403,3.4600002765655518,-181.17585583424494,-170.81180556307552,0.43418945923206975,-0.4609483268008384,1,320.0,152.0,138.82414416575506,-0.4609483268008384
11.343725681304932,3.4600002765655518,-181.44886255991483,-171.05418247684383,0.4353355824409759,-0.46218317918444185,1,320.0,152.0,138.55113744008517,-0.46218317918444185
11.35358214378357,3.4600002765655518,-181.72186928558472,-171.29655939061215,0.436482917534451,-0.46341939660167364,1,320.0,152.0,138.27813071441528,-0.46341939660167364
11.363520383834839,3.4600002765655518,-181.9948760112546,-171.53893630438046,0.4376314645124948,-0.4646569790525338,1,320.0,152.0,138.0051239887454,-0.4646569790525338
11.373940229415894,3.4600002765655518,-180.80059941081544,-170.2919364248008,0.4339806966252996,-0.46116661096826006,1,320.0,152.0,139.19940058918456,-0.46116661096826006
11.383498430252075,3.4600002765655518,-181.06373533928266,-170.5242939128564,0.4351121470805306,-0.46238769275911706,1,320.0,152.0,138.93626466071734,-0.46238769275911706
11.393933534622192,3.4600002765655518,-181.32687126774988,-170.75665140091198,0.4362447593232019,-0.4636100902296165,1,320.0,152.0,138.67312873225012,-0.4636100902296165
11.404080390930176,3.4600002765655518,-181.5900071962171,-170.98900888896756,0.4373785333533134,-0.46483380337975827,1,320.0,154.0,138.4099928037829,-0.46483380337975827
11.413515567779541,3.4600002765655518,-180.22895079696798,-169.5903326709334,0.43325161304176874,-0.4608190469601531,1,320.0,154.0,139.77104920303202,-0.4608190469601531
11.423892736434937,3.4600002765655518,-180.4811446137869,-169.81170195727813,0.43436631469516884,-0.46202408526340477,1,320.0,154.0,139.5188553862131,-0.46202408526340477
11.43359088897705,3.4600002765655518,-180.73333843060584,-170.03307124362286,0.4354821231950007,-0.4632303845357405,1,320.0,154.0,139.26666156939416,-0.4632303845357405
11.443293571472168,3.4600002765655518,-180.98553224742477,-170.25444052996758,0.43659903854126414,-0.4644379447771604,1,320.0,155.0,139.01446775257523,-0.4644379447771604
11.453734159469604,3.4600002765655518,-179.58120418614047,-168.7223378071497,0.4320550170414598,-0.4602977788339537,1,320.0,155.0,140.41879581385953,-0.4602977788339537
11.463201999664307,3.4600002765655518,-179.82222174199075,-168.93187672708956,0.43315112312902315,-0.46148611100968395,1,320.0,155.0,140.17777825800925,-0.46148611100968395
11.473897457122803,3.4600002765655518,-180.06323929784102,-169.14141564702942,0.43424827691118606,-0.4626756482731935,1,320.0,155.0,139.93676070215898,-0.4626756482731935
11.48345685005188,3.4600002765655518,-180.3042568536913,-169.35095456696928,0.4353464783879487,-0.4638663906244823,1,320.0,156.0,139.6957431463087,-0.4638663906244823
11.493979215621948,3.4600002765655518,-178.86330086662235,-167.9080897964197,0.4311051641307486,-0.45962220496676254,1,320.0,156.0,141.13669913337765,-0.45962220496676254
11.503535032272339,3.4600002765655518,-179.09295390588073,-168.1064639930878,0.4321837454867158,-0.46079325338340194,1,320.0,156.0,140.90704609411927,-0.46079325338340194
11.514257669448853,3.4590001106262207,-179.3226069451391,-168.3028170402723,0.43326088322853856,-0.4619654500652377,1,320.0,156.0,140.6773930548609,-0.4619654500652377
11.523966789245605,3.4590001106262207,-179.5522599843975,-168.5011912369404,0.434341438220725,-0.4631387950122698,1,320.0,158.0,140.4477400156025,-0.4631387950122698
11.533641815185547,3.4590001106262207,-177.97800742992064,-167.03773189810104,0.4300471413337893,-0.45847785741589997,1,320.0,158.0,142.02199257007936,-0.45847785741589997
11.543132543563843,3.4590001106262207,-178.19545472061853,-167.22486164696977,0.4311078213406666,-0.4596297714383405,1,320.0,158.0,141.80454527938147,-0.4596297714383405
11.553989171981812,3.4590001106262207,-178.41290201131642,-167.4119913958385,0.4321694369962883,-0.46078277269723456,1,320.0,158.0,141.58709798868358,-0.46078277269723456
11.563800573348999,3.4590001106262207,-178.6303493020143,-167.59912114470723,0.43323198830065435,-0.46193686119258215,1,320.0,159.0,141.3696506979857,-0.46193686119258215
11.573272705078125,3.4590001106262207,-177.04157128525497,-165.91471804516243,0.42823604949080524,-0.45724405612565255,1,320.0,159.0,142.95842871474503,-0.45724405612565255
11.583678960800171,3.4590001106262207,-177.24678031160872,-166.0891670317624,0.429275834109884,-0.45837654085883517,1,320.0,159.0,142.75321968839128,-0.45837654085883517
11.59292721748352,3.4590001106262207,-177.45198933796246,-166.26361601836237,0.4303164909738958,-0.4595100516371494,1,320.0,159.0,142.54801066203754,-0.4595100516371494
11.603527784347534,3.4590001106262207,-177.6571983643162,-166.43806500496234,0.4313580200828405,-0.4606445884605955,1,320.0,160.0,142.3428016356838,-0.4606445884605955
11.614176034927368,3.4580001831054688,-176.05818359617746,-164.65815196179048,0.42607171891666196,-0.4559338340385737,1,320.0,160.0,143.94181640382254,-0.4559338340385737
11.62362551689148,3.4580001831054688,-176.25115186380373,-164.81935529414318,0.42708925969195594,-0.45704665171904424,1,320.0,160.0,143.74884813619627,-0.45704665171904424
11.633081436157227,3.4580001831054688,-176.44412013143,-164.98055862649588,0.42810760648391166,-0.45816043424085284,1,320.0,160.0,143.55587986857,-0.45816043424085284
11.643605470657349,3.4580001831054688,-176.63708839905627,-165.14176195884858,0.42912675929252914,-0.4592751816039997,1,320.0,162.0,143.36291160094373,-0.4592751816039997
11.653230905532837,3.4580001831054688,-174.92986646407098,-163.4868509732524,0.4242572830294438,-0.4542288109796536,1,320.0,162.0,145.07013353592902,-0.4542288109796536
11.66370439529419,3.4580001831054688,-175.1099268862483,-163.6357175811543,0.42525410154683185,-0.4553204331206976,1,320.0,162.0,144.8900731137517,-0.4553204331206976
11.673220872879028,3.457000255584717,-175.28998730842562,-163.78256106950948,0.42624922653820563,-0.45641295556385253,1,320.0,162.0,144.71001269157438,-0.45641295556385253
11.683748483657837,3.457000255584717,-175.47004773060294,-163.9314276774114,0.427247523606075,-0.45750637830911833,1,320.0,163.0,144.52995226939706,-0.45750637830911833
11.693363189697266,3.457000255584717,-173.77035605202363,-162.18689318239024,0.42210201002315406,-0.4525004407612956,1,320.0,163.0,146.22964394797637,-0.4525004407612956
11.7039794921875,3.457000255584717,-173.93763260982166,-162.32288310144278,0.4230768123415244,-0.45357086079370235,1,320.0,163.0,146.06236739017834,-0.45357086079370235
11.713497400283813,3.457000255584717,-174.1049091676197,-162.45887302049533,0.4240522946094899,-0.45464211720889813,1,320.0,163.0,145.8950908323803,-0.45464211720889813
11.724106550216675,3.457000255584717,-174.27218572541773,-162.59486293954788,0.4250284568270507,-0.45571421000688284,1,320.0,164.0,145.72781427458227,-0.45571421000688284
11.733851671218872,3.457000255584717,-172.58262276973798,-160.7728587437957,0.41964680179260117,-0.45075713697212055,1,320.0,164.0,147.41737723026202,-0.45075713697212055
11.743208408355713,3.457000255584717,-172.73725762553002,-160.8955182818707,0.42059847082970053,-0.4518063850871986,1,320.0,164.0,147.26274237446998,-0.4518063850871986
11.753392219543457,3.457000255584717,-172.89189248132206,-161.0181778199457,0.4215507531644903,-0.45285640637655566,1,320.0,164.0,147.10810751867794,-0.45285640637655566
11.763891458511353,3.457000255584717,-173.0465273371141,-161.1408373580207,0.42250364879697033,-0.45390720084019165,1,320.0,166.0,146.9534726628859,-0.45390720084019165
11.773557901382446,3.4560000896453857,-171.2680057444862,-159.25046348626202,0.41691995379858005,-0.4486769846468215,1,320.0,166.0,148.7319942555138,-0.4486769846468215
11.783194065093994,3.4560000896453857,-171.40946616590847,-159.35941802877133,0.41784749633973506,-0.4497037844833578,1,320.0,166.0,148.59053383409153,-0.4497037844833578
11.793617248535156,3.4560000896453857,-171.55092658733074,-159.46837257128064,0.4187755836536026,-0.45073129162200115,1,320.0,166.0,148.44907341266926,-0.45073129162200115
11.803356170654297,3.4560000896453857,-171.692387008753,-159.57732711378995,0.41970421574018274,-0.4517595060627516,1,320.0,167.0,148.307612991247,-0.4517595060627516
11.813807964324951,3.4560000896453857,-169.93853530067338,-157.63282423322443,0.4139568402148759,-0.44662606447847586,1,320.0,167.0,150.06146469932662,-0.44662606447847586
11.823179006576538,3.4560000896453857,-170.06706734805869,-157.7277716551011,0.41485941597940335,-0.44763063827207855,1,320.0,167.0,149.93293265194131,-0.44763063827207855
11.833484172821045,3.4560000896453857,-170.195599395444,-157.82271907697776,0.41576246648104026,-0.4486358547259181,1,320.0,167.0,149.804400604556,-0.4486358547259181
11.844162702560425,3.4560000896453857,-170.3241314428293,-157.91766649885443,0.4166659917197865,-0.44964171383999463,1,320.0,168.0,149.6758685571707,-0.44964171383999463
11.853761672973633,3.4560000896453857,-168.59620279060877,-156.02765957051776,0.4111127684898792,-0.44460899304538937,1,320.0,168.0,151.40379720939123,-0.44460899304538937
11.863364696502686,3.4560000896453857,-168.71206087990777,-156.10905581501524,0.4119909892623513,-0.4455915830569477,1,320.0,168.0,151.28793912009223,-0.4455915830569477
11.87330675125122,3.4560000896453857,-168.82791896920676,-156.19045205951272,0.41286961701604585,-0.44657475235895255,1,320.0,168.0,151.17208103079324,-0.44657475235895255
11.884079456329346,3.4560000896453857,-168.94377705850576,-156.2718483040102,0.41374865175096287,-0.44755850095140387,1,320.0,169.0,151.05622294149424,-0.44755850095140387
11.893699407577515,3.4560000896453857,-167.24290377142603,-154.13124376726245,0.4073962825620116,-0.442630023631797,1,320.0,169.0,152.75709622857397,-0.442630023631797
11.903178691864014,3.4560000896453857,-167.3463497144118,-154.19745901188094,0.4082467281506132,-0.443590890511952,1,320.0,169.0,152.6536502855882,-0.443590890511952
11.913825988769531,3.4560000896453857,-167.44979565739754,-154.26367425649943,0.4090975048154379,-0.4445522746218219,1,320.0,169.0,152.55020434260246,-0.4445522746218219
11.923476696014404,3.4560000896453857,-167.5532416003833,-154.32988950111792,0.4099486125564856,-0.4455141759614067,1,320.0,172.0,152.4467583996167,-0.4455141759614067
11.933705568313599,3.457000255584717,-165.67804773189405,-152.373811000313,0.4042112218075387,-0.44003405708990007,1,320.0,172.0,154.32195226810595,-0.44003405708990007
11.943206548690796,3.457000255584717,-165.76796608665322,-152.42618635958823,0.40503620317046696,-0.4409707989460443,1,320.0,172.0,154.23203391334678,-0.4409707989460443
11.95318865776062,3.457000255584717,-165.85788444141238,-152.47856171886346,0.4058614464101915,-0.4419079903939624,1,320.0,172.0,154.14211555858762,-0.4419079903939624
11.963802576065063,3.457000255584717,-165.94780279617154,-152.5309370781387,0.40668695152671247,-0.44284563143365424,1,320.0,173.0,154.05219720382846,-0.44284563143365424
11.973604440689087,3.457000255584717,-164.1211503881805,-150.53971073912362,0.4008560851207911,-0.43754086712817153,1,320.0,173.0,155.8788496118195,-0.43754086712817153
11.983176708221436,3.457000255584717,-164.19795745238022,-150.57810578722285,0.40165504970744625,-0.43845402539247313,1,320.0,173.0,155.80204254761978,-0.43845402539247313
11.993699550628662,3.457000255584717,-164.27476451657995,-150.61650083532209,0.4024542062693419,-0.43936756769209573,1,320.0,173.0,155.72523548342005,-0.43936756769209573
12.003926515579224,3.457000255584717,-164.35157158077968,-150.65489588342132,0.4032535548064782,-0.44028149402703926,1,320.0,175.0,155.64842841922032,-0.44028149402703926
12.013911962509155,3.457000255584717,-162.47161246082982,-148.73894582663976,0.39768499673817104,-0.4348198168969932,1,320.0,175.0,157.52838753917018,-0.4348198168969932
12.023711681365967,3.457000255584717,-162.53502591086817,-148.76396383230798,0.3984588381641344,-0.43570858816659364,1,320.0,175.0,157.46497408913183,-0.43570858816659364
12.03304934501648,3.457000255584717,-162.59843936090653,-148.7889818379762,0.3992328046801261,-0.43659767650344417,1,320.0,175.0,157.40156063909347,-0.43659767650344417
12.04410433769226,3.457000255584717,-162.66185281094488,-148.8139998436444,0.4000068962861462,-0.43748708190754493,1,320.0,176.0,157.33814718905512,-0.43748708190754493
12.053122282028198,3.457000255584717,-160.8387269591177,-146.76800026649678,0.3940307737962139,-0.43222775944516767,1,320.0,176.0,159.1612730408823,-0.43222775944516767
12.06368613243103,3.457000255584717,-160.88922119223946,-146.77883572883604,0.39477767052966517,-0.433092798630875,1,320.0,176.0,159.11077880776054,-0.433092798630875
12.073405981063843,3.457000255584717,-160.93971542536121,-146.7896711911753,0.39552462144042816,-0.4339580902877479,1,320.0,176.0,159.06028457463879,-0.4339580902877479
12.084105730056763,3.457000255584717,-160.99020965848297,-146.80050665351456,0.39627162652850284,-0.4348236344157864,1,320.0,178.0,159.00979034151703,-0.4348236344157864
12.093705177307129,3.457000255584717,-159.12134972067793,-144.74209710870954,0.39027229693449106,-0.42943173337586454,1,320.0,178.0,160.87865027932207,-0.42943173337586454
12.103217363357544,3.457000255584717,-159.15869436758916,-144.7387560756295,0.3909919814751731,-0.430272340423996,1,320.0,178.0,160.84130563241084,-0.430272340423996
12.113876342773438,3.457000255584717,-159.1960390145004,-144.73541504254948,0.3917116493106898,-0.431113134195362,1,320.0,178.0,160.8039609854996,-0.431113134195362
12.12350344657898,3.457000255584717,-159.23338366141164,-144.73207400946944,0.39243130044104113,-0.4319541146899625,1,320.0,179.0,160.76661633858836,-0.4319541146899625
12.13385534286499,3.457000255584717,-157.42814198025326,-142.76776778125327,0.3867560526920153,-0.42678644376368124,1,320.0,179.0,162.57185801974674,-0.42678644376368124
12.14320158958435,3.457000255584717,-157.4528582217685,-142.750987017793,0.38744967071095193,-0.42760336754460837,1,320.0,179.0,162.5471417782315,-0.42760336754460837
12.153930425643921,3.457000255584717,-157.47757446328376,-142.73420625433272,0.3881432048260713,-0.4284204149067431,1,320.0,179.0,162.52242553671624,-0.4284204149067431
12.163631200790405,3.457000255584717,-157.502290704799,-142.71742549087244,0.3888366550373733,-0.4292375858500854,1,320.0,181.0,162.497709295201,-0.4292375858500854
12.173068523406982,3.457000255584717,-155.65745245270742,-140.7413761615806,0.38313934851183123,-0.4239568337257392,1,320.0,181.0,164.34254754729258,-0.4239568337257392
12.183601379394531,3.457000255584717,-155.66935124927568,-140.711162884083,0.3838066483932545,-0.4247494590378675,1,320.0,181.0,164.33064875072432,-0.4247494590378675
12.193293571472168,3.457000255584717,-155.68125004584394,-140.6809496065854,0.38447379720829034,-0.4255421438439786,1,320.0,181.0,164.31874995415606,-0.4255421438439786
12.203866243362427,3.457000255584717,-155.6931488424122,-140.65073632908778,0.38514079495693865,-0.4263348881440726,1,320.0,181.0,164.3068511575878,-0.4263348881440726
12.213315963745117,3.457000255584717,-154.01843105180248,-138.66814827982662,0.37943831319459276,-0.4216253595175381,1,320.0,181.0,165.98156894819752,-0.4216253595175381
12.223876953125,3.457000255584717,-154.0187633169272,-138.62454594618023,0.380079113123948,-0.42239585205227237,1,320.0,181.0,165.9812366830728,-0.42239585205227237
12.23346757888794,3.457000255584717,-154.0190955820519,-138.58094361253384,0.38071969504163494,-0.42316634624833227,1,320.0,181.0,165.9809044179481,-0.42316634624833227
12.244009733200073,3.457000255584717,-154.01942784717662,-138.53734127888745,0.3813600589476537,-0.4239368421057178,1,320.0,183.0,165.98057215282338,-0.4239368421057178
12.253393650054932,3.4560000896453857,-152.30027226896678,-136.65193428402563,0.37599483677357937,-0.4190969063541589,1,320.0,183.0,167.69972773103322,-0.4190969063541589
12.263822317123413,3.4560000896453857,-152.2888096993613,-136.59571197220706,0.3766103485592581,-0.41984459531912915,1,320.0,183.0,167.7111903006387,-0.41984459531912915
12.27356505393982,3.4560000896453857,-152.27734712975584,-136.53948966038848,0.37722557923337774,-0.42059222697125137,1,320.0,183.0,167.72265287024416,-0.42059222697125137
12.283428192138672,3.4560000896453857,-152.26588456015037,-136.4832673485699,0.3778405287959383,-0.4213398013105255,1,320.0,184.0,167.73411543984963,-0.4213398013105255
12.29367971420288,3.4560000896453857,-150.6111247520447,-134.59259014912251,0.3724688597483552,-0.41672478151661596,1,320.0,184.0,169.3888752479553,-0.41672478151661596
12.303096294403076,3.4560000896453857,-150.5883876369461,-134.52378177277396,0.3730589086056008,-0.4174504389166824,1,320.0,184.0,169.4116123630539,-0.4174504389166824
12.313837051391602,3.4560000896453857,-150.5656505218475,-134.4549733964254,0.37364861342096467,-0.4181759826311733,1,320.0,184.0,169.4343494781525,-0.4181759826311733
12.32351279258728,3.4560000896453857,-150.54291340674888,-134.38616502007685,0.37423797419444677,-0.41890141266008873,1,320.0,186.0,169.45708659325112,-0.41890141266008873
12.33389949798584,3.4560000896453857,-148.84892779828223,-132.49275125894027,0.3688721384523686,-0.41417237799260964,1,320.0,186.0,171.15107220171777,-0.41417237799260964
12.343248128890991,3.4560000896453857,-148.8147223612626,-132.41142220597501,0.36943660069984013,-0.4148754050799923,1,320.0,186.0,171.1852776387374,-0.4148754050799923
12.353619575500488,3.454000234603882,-148.78051692424296,-132.32604077119842,0.3699957731819642,-0.41557826114019003,1,320.0,186.0,171.21948307575704,-0.41557826114019003
12.363578081130981,3.454000234603882,-148.74631148722332,-132.24471171823316,0.3705594018769971,-0.41628094617320255,1,320.0,187.0,171.25368851277668,-0.41628094617320255
12.373395204544067,3.452000141143799,-147.12135142001566,-130.44964386711965,0.365537441554593,-0.41179133576402155,1,320.0,187.0,172.87864857998434,-0.41179133576402155
12.383883237838745,3.452000141143799,-147.07622843271056,-130.35658105708637,0.3660775490878385,-0.412472569321419,1,320.0,187.0,172.92377156728944,-0.412472569321419
12.393590211868286,3.44700026512146,-147.03110544540547,-130.25335289714906,0.3666049420603994,-0.4131535772638799,1,320.0,187.0,172.96889455459453,-0.4131535772638799
12.403160810470581,3.44700026512146,-146.98598245810038,-130.16029008711578,0.3671440681387951,-0.41383435959140435,1,320.0,188.0,173.01401754189962,-0.41383435959140435
12.413472414016724,3.442000150680542,-145.4269205313577,-128.45546963372925,0.3624426535537986,-0.40957314203892314,1,320.0,188.0,174.5730794686423,-0.40957314203892314
12.423924446105957,3.442000150680542,-145.37140595124245,-128.35141379906565,0.36295954362119764,-0.4102333815725411,1,320.0,188.0,174.62859404875755,-0.4102333815725411
12.433340787887573,3.433000087738037,-145.3158913711272,-128.22892549108317,0.3634537022790741,-0.41089334353325835,1,320.0,188.0,174.6841086288728,-0.41089334353325835
12.444101810455322,3.433000087738037,-145.26037679101196,-128.12486965641958,0.3639694596257599,-0.4115530279210752,1,320.0,188.0,174.73962320898804,-0.4115530279210752
12.453752040863037,3.4250001907348633,-143.86524655307667,-126.5044891392759,0.35956875243513925,-0.4078394192374107,1,320.0,188.0,176.13475344692333,-0.4078394192374107
12.463300943374634,3.4250001907348633,-143.80053604419174,-126.39013739455982,0.36006348102845276,-0.40848076930696975,1,320.0,188.0,176.19946395580826,-0.40848076930696975
12.473708152770996,3.4130001068115234,-143.73582553530682,-126.25092916705673,0.3605276858012843,-0.40912179582398434,1,320.0,188.0,176.26417446469318,-0.40912179582398434
12.483921766281128,3.4130001068115234,-143.6711150264219,-126.13657742234064,0.36102114659473666,-0.4097624987884545,1,320.0,188.0,176.3288849735781,-0.4097624987884545
12.494096517562866,3.4030001163482666,-143.60640451753696,-126.00137158851975,0.3614889064520942,-0.41040287820038035,1,320.0,188.0,176.39359548246304,-0.41040287820038035
12.503597497940063,3.4030001163482666,-142.34185358448607,-124.46193972118444,0.3573300996789447,-0.40712702683776336,1,320.0,188.0,177.65814641551393,-0.40712702683776336
12.51299238204956,3.388000249862671,-142.2689094105649,-124.30628550325903,0.35776484604495046,-0.4077508383761108,1,320.0,188.0,177.7310905894351,-0.4077508383761108
12.523838520050049,3.388000249862671,-142.19596523664373,-124.18215443110643,0.3582367995305229,-0.40837428519358865,1,320.0,188.0,177.80403476335627,-0.40837428519358865
12.533150434494019,3.376000165939331,-142.12302106272256,-124.03259271590817,0.35867748843586444,-0.40899736729019687,1,320.0,189.0,177.87697893727744,-0.40899736729019687
12.543640375137329,3.376000165939331,-140.9040742034213,-122.58211895560639,0.354820623508195,-0.4058810289097856,1,320.0,189.0,179.0959257965787,-0.4058810289097856
12.553464412689209,3.3580002784729004,-140.8232696210992,-122.41038723048602,0.355226597374203,-0.40648817975910456,1,320.0,189.0,179.1767303789008,-0.40648817975910456
12.564606189727783,3.3580002784729004,-140.7424650387771,-122.27715880163315,0.35567810905358765,-0.40709492658551194,1,320.0,189.0,179.2575349612229,-0.40709492658551194
12.573551416397095,3.3460001945495605,-140.66166045645502,-122.11801946259473,0.3560977319440546,-0.4077012693890077,1,320.0,189.0,179.33833954354498,-0.4077012693890077
12.583969593048096,3.3460001945495605,-139.58829814052996,-120.8523571652557,0.3528538356348359,-0.40506953140939167,1,320.0,189.0,180.41170185947004,-0.40506953140939167
12.59353256225586,3.326000213623047,-139.50068807590387,-120.66774320127784,0.35323563759406895,-0.4056619027722199,1,320.0,189.0,180.49931192409613,-0.4056619027722199
12.60419487953186,3.326000213623047,-139.41307801127778,-120.52675022796417,0.3536690797772323,-0.406253836084725,1,320.0,189.0,180.58692198872222,-0.406253836084725
12.613523721694946,3.313000202178955,-139.32546794665168,-120.35710680271167,0.3540672932009429,-0.4068453313469069,1,320.0,188.0,180.67453205334832,-0.4068453313469069
12.624047994613647,3.313000202178955,-138.48717403055545,-119.25954359909167,0.3513794040452622,-0.40498809254419343,1,320.0,188.0,181.51282596944455,-0.40498809254419343
12.63345217704773,3.2920000553131104,-138.3944182260175,-119.06520938409608,0.351741529034188,-0.405568757669878,1,320.0,188.0,181.6055817739825,-0.405568757669878
12.644005060195923,3.2920000553131104,-138.30166242147956,-118.91765937401797,0.35215905731896435,-0.4061489590165399,1,320.0,187.0,181.69833757852044,-0.4061489590165399
12.65352749824524,3.2780001163482666,-137.67919001212715,-117.94505121508946,0.3499496341221018,-0.4050009277584965,1,320.0,187.0,182.32080998787285,-0.4050009277584965
12.664058208465576,3.2780001163482666,-137.5828026731996,-117.79206114280395,0.3503550063410731,-0.4055731769651495,1,320.0,187.0,182.4171973268004,-0.4055731769651495
12.673341989517212,3.257000207901001,-137.48641533427207,-117.59122759502169,0.3507019622217096,-0.40614494423510783,1,320.0,187.0,182.51358466572793,-0.40614494423510783
12.68396282196045,3.257000207901001,-137.39002799534452,-117.43823752273617,0.3511055653225805,-0.4067162295683715,1,320.0,187.0,182.60997200465548,-0.4067162295683715
12.693472385406494,3.242000102996826,-137.29364065641698,-117.25067397060879,0.35146674242988074,-0.4072870329649405,1,320.0,188.0,182.70635934358302,-0.4072870329649405
12.703968048095703,3.242000102996826,-136.6551141590936,-116.3409627799542,0.3494002687053975,-0.4060889324771385,1,320.0,188.0,183.3448858409064,-0.4060889324771385
12.713619709014893,3.2210001945495605,-136.5550096726267,-116.13381271515503,0.34973235769121425,-0.40665158214174135,1,320.0,188.0,183.4449903273733,-0.40665158214174135
12.72401738166809,3.2210001945495605,-136.4549051861598,-115.97563422583751,0.3501224216751624,-0.40721373128391186,1,320.0,188.0,183.5450948138402,-0.40721373128391186
12.73347020149231,3.2060000896453857,-136.3548006996929,-115.78206222048098,0.35046904557983694,-0.40777537990365,1,320.0,188.0,183.6451993003071,-0.40777537990365
12.743835687637329,3.2060000896453857,-135.80961568920932,-115.01018117369031,0.34885574539902103,-0.40688488734062517,1,320.0,188.0,184.19038431079068,-0.40688488734062517
12.753896951675415,3.184000253677368,-135.7064601406461,-114.79525082688065,0.34917180523698377,-0.4074396329830525,1,320.0,188.0,184.2935398593539,-0.4074396329830525
12.765108823776245,3.184000253677368,-135.60330459208288,-114.63286535812802,0.3495501070012712,-0.4079938628477371,1,320.0,188.0,184.39669540791712,-0.4079938628477371
12.77389144897461,3.1690001487731934,-135.50014904351966,-114.43421277978129,0.34988389497115413,-0.4085475769346788,1,320.0,187.0,184.49985095648034,-0.4085475769346788
12.784101724624634,3.1690001487731934,-135.1419141185117,-113.78765312179985,0.3486813790137904,-0.40826889791362697,1,320.0,187.0,184.8580858814883,-0.40826889791362697
12.793036937713623,3.1460001468658447,-135.03701021434304,-113.56563217304142,0.34898278203614547,-0.40881819827969634,1,320.0,187.0,184.96298978565696,-0.40881819827969634
12.805149793624878,3.1460001468658447,-134.9321063101744,-113.3999280955108,0.3493509367835863,-0.4093669741262449,1,320.0,187.0,185.0678936898256,-0.4093669741262449
12.813939332962036,3.132000207901001,-134.82720240600574,-113.19951757042499,0.3496764417413354,-0.4099152254532725,1,320.0,186.0,185.17279759399426,-0.4099152254532725
12.823295831680298,3.132000207901001,-134.638029364318,-112.66687506688541,0.3488461496346721,-0.4101881436967223,1,320.0,186.0,185.361970635682,-0.4101881436967223
12.833722352981567,3.1090002059936523,-134.53254791263817,-112.44092276700266,0.34913721148864785,-0.4107342286942697,1,320.0,186.0,185.46745208736183,-0.4107342286942697
12.843571662902832,3.1090002059936523,-134.42706646095834,-112.27270383787955,0.3494967122928895,-0.41127978628455875,1,320.0,186.0,185.57293353904166,-0.41127978628455875
12.854102611541748,3.0940001010894775,-134.32158500927852,-112.06634478922491,0.3498094131584501,-0.4118248164675893,1,320.0,185.0,185.67841499072148,-0.4118248164675893
12.863506555557251,3.0940001010894775,-134.28512641445712,-111.63719588691247,0.34931614841280906,-0.4125944027841857,1,320.0,185.0,185.71487358554288,-0.4125944027841857
12.872958183288574,3.0940001010894775,-134.18011799943835,-111.46718871764834,0.34966947575328033,-0.4131392932761604,1,320.0,185.0,185.81988200056165,-0.4131392932761604
12.883541107177734,3.072000026702881,-134.07510958441958,-111.24053214622175,0.3499536905282995,-0.41368365872605994,1,320.0,185.0,185.92489041558042,-0.41368365872605994
12.893197536468506,3.072000026702881,-133.9701011694008,-111.07052497695763,0.35030503455006734,-0.41422749913388446,1,320.0,185.0,186.0298988305992,-0.41422749913388446
12.90370774269104,3.057000160217285,-133.9697606300053,-110.69620504935615,0.35006969265299415,-0.4151121347879495,1,320.0,185.0,186.0302393699947,-0.4151121347879495
12.913164377212524,3.057000160217285,-133.8654695333138,-110.52506575006137,0.3504169508225907,-0.41565631281958626,1,320.0,185.0,186.1345304666862,-0.41565631281958626
12.924151420593262,3.0350000858306885,-133.76117843662232,-110.2958151697967,0.35069332920212215,-0.41619996939573956,1,320.0,185.0,186.23882156337768,-0.41619996939573956
12.933439016342163,3.0200002193450928,-133.65688733993082,-110.08454245274302,0.3509902246539214,-0.4167431045164094,1,320.0,184.0,186.34311266006918,-0.4167431045164094
12.943776845932007,3.0200002193450928,-133.79050085684707,-109.83452683802982,0.35107720737754594,-0.4180615295555477,1,320.0,184.0,186.20949914315293,-0.4180615295555477
12.953149557113647,3.0200002193450928,-133.68784021453743,-109.66284696815866,0.35141950576854136,-0.41860677598584883,1,320.0,184.0,186.31215978546257,-0.41860677598584883
12.963825941085815,2.998000144958496,-133.5851795722278,-109.43153661209568,0.35168854390630083,-0.4191508412354513,1,320.0,184.0,186.4148204277722,-0.4191508412354513
12.97403359413147,2.9840002059936523,-133.48251892991814,-109.2214266270749,0.35197815025659346,-0.4196897218273135,1,320.0,183.0,186.51748107008186,-0.4196897218273135
12.983644962310791,2.9840002059936523,-133.73671360235673,-109.15000214965737,0.35263995909853996,-0.42139181638231293,1,320.0,183.0,186.26328639764327,-0.42139181638231293
12.993037700653076,2.9840002059936523,-133.63649871597954,-108.9790093936128,0.35297530373400127,-0.42193439562111223,1,320.0,183.0,186.36350128402046,-0.42193439562111223
13.003632307052612,2.9620001316070557,-133.53628382960235,-108.74685009191145,0.3532301159074401,-0.42246913327357966,1,320.0,183.0,186.46371617039765,-0.42246913327357966
13.013632774353027,2.948000192642212,-133.43606894322517,-108.5364308679056,0.3535061853092315,-0.4229987091299441,1,320.0,182.0,186.56393105677483,-0.4229987091299441
13.023072004318237,2.948000192642212,-133.79855638165446,-108.52487294128282,0.35434866010809307,-0.42503669647663495,1,320.0,182.0,186.20144361834554,-0.42503669647663495
13.03330135345459,2.9260001182556152,-133.70151283989912,-108.29221021415847,0.35459089185974046,-0.42556401705038005,1,320.0,182.0,186.29848716010088,-0.42556401705038005
13.044127941131592,2.9260001182556152,-133.60446929814378,-108.1223102185383,0.35490762082066374,-0.42609087035944293,1,320.0,182.0,186.39553070185622,-0.42609087035944293
13.05353331565857,2.9120001792907715,-133.50742575638844,-107.9119481460387,0.35517100549417124,-0.42661258366429367,1,320.0,181.0,186.49257424361156,-0.42661258366429367
13.06397819519043,2.9120001792907715,-133.96690763576748,-108.05552871251994,0.356504419487514,-0.42894871014263536,1,320.0,181.0,186.03309236423252,-0.42894871014263536
13.073136568069458,2.8910000324249268,-133.87367871516062,-107.82630577596667,0.3567391008329466,-0.4294697232648852,1,320.0,181.0,186.12632128483938,-0.4294697232648852
13.08389925956726,2.8910000324249268,-133.78044979455376,-107.6585544864728,0.35704675511061573,-0.42999029564740526,1,320.0,181.0,186.21955020544624,-0.42999029564740526
13.093464612960815,2.877000093460083,-133.6872208739469,-107.44929465636025,0.35729984915476115,-0.43050574825786403,1,320.0,180.0,186.3127791260531,-0.43050574825786403
13.103873491287231,2.877000093460083,-134.23330581517897,-107.63129356625583,0.35874254577529907,-0.4331056465068701,1,320.0,180.0,185.76669418482103,-0.4331056465068701
13.113388299942017,2.8560001850128174,-134.1444592495742,-107.40286862160286,0.35896678520179703,-0.43362146098110854,1,320.0,180.0,185.8555407504258,-0.43362146098110854
13.124113082885742,2.8560001850128174,-134.05561268396943,-107.23751479230381,0.3592659427248752,-0.4341368632072415,1,320.0,180.0,185.94438731603057,-0.4341368632072415
13.133591890335083,2.8420002460479736,-133.96676611836466,-107.02956483807556,0.35950927399171667,-0.4346471643688965,1,320.0,179.0,186.03323388163534,-0.4346471643688965
13.1430504322052,2.8420002460479736,-134.58989597637895,-107.34683684300954,0.36137688518912264,-0.43747893423210205,1,320.0,179.0,185.41010402362105,-0.43747893423210205
13.153405666351318,2.821000099182129,-134.50593016904028,-107.12005620075428,0.36159241250083124,-0.4379905135437417,1,320.0,179.0,185.49406983095972,-0.4379905135437417
13.164231061935425,2.821000099182129,-134.4219643617016,-106.95801087992788,0.36188488448689127,-0.4385017106010225,1,320.0,179.0,185.5780356382984,-0.4385017106010225
13.173733234405518,2.807000160217285,-134.33799855436294,-106.75223853067948,0.36212021094811436,-0.43900782359449364,1,320.0,177.0,185.66200144563706,-0.43900782359449364
13.18311858177185,2.807000160217285,-135.13057673999612,-107.08973477554181,0.364036392816979,-0.44237216019332043,1,320.0,177.0,184.86942326000388,-0.44237216019332043
13.193512678146362,2.7860000133514404,-135.05262023379584,-106.8646486426617,0.3642434401172794,-0.44288162233973183,1,320.0,177.0,184.94737976620416,-0.44288162233973183
13.204486846923828,2.7860000133514404,-134.97466372759555,-106.70602801668628,0.36452953778476505,-0.44339073641034055,1,320.0,177.0,185.02533627240445,-0.44339073641034055
13.213320970535278,2.7860000133514404,-134.89670722139527,-106.54740739071084,0.3648149272111505,-0.44389950240514636,1,320.0,176.0,185.10329277860473,-0.44389950240514636
13.223726272583008,2.7720000743865967,-135.73967247065664,-107.05959855587467,0.3673759398344193,-0.4474065725674643,1,320.0,176.0,184.26032752934336,-0.4474065725674643
13.233286380767822,2.7720000743865967,-135.66802991475274,-106.9058849605111,0.36766507661023906,-0.44792161089813176,1,320.0,176.0,184.33197008524726,-0.44792161089813176
13.244406938552856,2.752000093460083,-135.59638735884883,-106.68718173514162,0.36786992262072304,-0.44842955203936097,1,320.0,176.0,184.40361264115117,-0.44842955203936097
13.253014087677002,2.752000093460083,-135.52474480294492,-106.53346813977805,0.3681520829216306,-0.4489371793861785,1,320.0,175.0,184.47525519705508,-0.4489371793861785
13.263447284698486,2.7380001544952393,-136.41140834133998,-107.03949005866095,0.3706762596275649,-0.4525650855175516,1,320.0,175.0,183.58859165866002,-0.4525650855175516
13.274020433425903,2.7380001544952393,-136.34633645964732,-106.8906160092228,0.37096205053608444,-0.45307942414409963,1,320.0,175.0,183.65366354035268,-0.45307942414409963
13.283613204956055,2.7180001735687256,-136.28126457795466,-106.67502000621235,0.3711615045896871,-0.4535866659765663,1,320.0,175.0,183.71873542204534,-0.4535866659765663
13.293518781661987,2.7180001735687256,-136.216192696262,-106.5261459567742,0.3714403855734697,-0.45409362832527267,1,320.0,174.0,183.783807303738,-0.45409362832527267
13.30403184890747,2.704000234603882,-137.14042008768476,-107.02495161405417,0.3739245737048902,-0.45782199522576844,1,320.0,174.0,182.85957991231524,-0.45782199522576844
13.313697099685669,2.704000234603882,-137.08213179186137,-106.8808432145695,0.37420695608028925,-0.4583360192326137,1,320.0,174.0,182.91786820813863,-0.4583360192326137
13.323203325271606,2.684000015258789,-137.02384349603798,-106.66820951607552,0.37440086880822826,-0.45884294366397094,1,320.0,174.0,182.97615650396202,-0.45884294366397094
13.333407163619995,2.684000015258789,-136.9655552002146,-106.52410111659084,0.374676405198611,-0.4593496227016006,1,320.0,172.0,183.0344447997854,-0.4593496227016006
13.343815803527832,2.6700000762939453,-138.02282327202798,-107.11585080061734,0.37744753788772817,-0.46348951622334017,1,320.0,172.0,181.97717672797202,-0.46348951622334017
13.353138208389282,2.6700000762939453,-137.97218473127816,-106.97712181570186,0.37772769260981437,-0.46400478387200955,1,320.0,172.0,182.02781526872184,-0.46400478387200955
13.363832950592041,2.6500000953674316,-137.92154619052835,-106.76799177634439,0.37791715455411834,-0.46451294403402876,1,320.0,172.0,182.07845380947165,-0.46451294403402876
13.373680353164673,2.6500000953674316,-137.87090764977853,-106.62926279142891,0.37819052550665677,-0.4650208953120553,1,320.0,171.0,182.12909235022147,-0.4650208953120553
13.3833646774292,2.63700008392334,-138.94522258176414,-107.3069402664554,0.3812178922469872,-0.4691930853834728,1,320.0,171.0,181.05477741823586,-0.4691930853834728
13.393813133239746,2.63700008392334,-138.9022986370159,-107.1741279485224,0.38149712760658294,-0.4697100343360898,1,320.0,171.0,181.0977013629841,-0.4697100343360898
13.40384578704834,2.617000102996826,-138.85937469226764,-106.96901849909096,0.38168341855209154,-0.47021986466034055,1,320.0,171.0,181.14062530773236,-0.47021986466034055
13.414582252502441,2.617000102996826,-138.81645074751938,-106.83620618115796,0.38195592916156873,-0.4707295214645336,1,320.0,170.0,181.18354925248062,-0.4707295214645336
13.423056364059448,2.6030001640319824,-139.90384024525082,-107.58290822486231,0.3851982009959961,-0.47492057061468407,1,320.0,170.0,180.09615975474918,-0.47492057061468407
13.433568239212036,2.6030001640319824,-139.86866802402162,-107.45647954303982,0.3854771184636436,-0.4754388876936726,1,320.0,170.0,180.13133197597838,-0.4754388876936726
13.443110466003418,2.5830001831054688,-139.8334958027924,-107.25571894662454,0.3856606703047743,-0.4759500721518478,1,320.0,170.0,180.1665041972076,-0.4759500721518478
13.45382046699524,2.5830001831054688,-139.7983235815632,-107.12929026480205,0.3859329201018502,-0.4764611174159413,1,320.0,169.0,180.2016764184368,-0.4764611174159413
13.463287353515625,2.570000171661377,-140.89517551304078,-107.94335330258663,0.3893693045257994,-0.48065949112782225,1,320.0,169.0,179.10482448695922,-0.48065949112782225
13.47400188446045,2.570000171661377,-140.86776708437745,-107.82371072433271,0.38964894154276064,-0.4811795070596864,1,320.0,169.0,179.13223291562255,-0.4811795070596864
13.483872890472412,2.5500001907348633,-140.8403586557141,-107.6276780153598,0.3898307595956235,-0.48169237340223914,1,320.0,169.0,179.1596413442859,-0.48169237340223914
13.493175268173218,2.5500001907348633,-140.81295022705078,-107.50803543710589,0.3901037821903014,-0.4822051335371178,1,320.0,168.0,179.18704977294922,-0.4822051335371178
13.503873109817505,2.5360000133514404,-141.9159863974937,-108.27259393801135,0.3933679334039329,-0.48639971292572287,1,320.0,168.0,178.0840136025063,-0.48639971292572287
13.513478517532349,2.5360000133514404,-141.89633123080225,-108.1593877405848,0.39364741801955505,-0.4869210086423557,1,320.0,168.0,178.10366876919775,-0.4869210086423557
13.523943424224854,2.5160000324249268,-141.8766760641108,-107.9675800979165,0.3938264459856763,-0.4874351350561098,1,320.0,168.0,178.1233239358892,-0.4874351350561098
13.533286094665527,2.5160000324249268,-141.85702089741935,-107.85437390048995,0.3940993666345902,-0.48794918697678047,1,320.0,167.0,178.14297910258065,-0.48794918697678047
13.543746948242188,2.503000020980835,-142.96327265177038,-108.68035157744106,0.3975380261270741,-0.49213059598739467,1,320.0,167.0,177.03672734822962,-0.49213059598739467
13.553246974945068,2.503000020980835,-142.95133989308195,-108.57394244619246,0.39781830176401234,-0.4926534163441149,1,320.0,167.0,177.04866010691805,-0.4926534163441149
13.56370210647583,2.4830000400543213,-142.93940713439352,-108.38669248704177,0.39799544548628063,-0.49316904489995295,1,320.0,167.0,177.06059286560648,-0.49316904489995295
13.573410511016846,2.4830000400543213,-142.9274743757051,-108.28028335579319,0.39826920369016666,-0.49368462921508693,1,320.0,165.0,177.0725256242949,-0.49368462921508693
13.583768606185913,2.4700000286102295,-144.13529537951035,-109.05507500564767,0.401522659871976,-0.4981736147392934,1,320.0,165.0,175.86470462048965,-0.4981736147392934
13.593198537826538,2.4700000286102295,-144.13172896448464,-108.95507563704419,0.4018030705404111,-0.49869901915551607,1,320.0,165.0,175.86827103551536,-0.49869901915551607
13.603737115859985,2.451000213623047,-144.12816254945892,-108.77609302976254,0.4019828767472313,-0.49921756444410614,1,320.0,165.0,175.87183745054108,-0.49921756444410614
13.61326265335083,2.451000213623047,-144.1245961344332,-108.67609366115907,0.4022571000927022,-0.4997360967955238,1,320.0,164.0,175.8754038655668,-0.4997360967955238
13.623658180236816,2.44100022315979,-145.32080471655976,-109.41509156873391,0.4053511570002697,-0.5041639236466483,1,320.0,164.0,174.67919528344024,-0.5041639236466483
13.633097410202026,2.44100022315979,-145.32546782910907,-109.32113583843065,0.405632239576754,-0.504693054460639,1,320.0,164.0,174.67453217089093,-0.504693054460639
13.643458127975464,2.427000045776367,-145.33013094165838,-109.16761672428068,0.40583747212493104,-0.5052171154544641,1,320.0,164.0,174.66986905834162,-0.5052171154544641
13.65308427810669,2.427000045776367,-145.3347940542077,-109.07366099397741,0.40611384554664565,-0.5057411930839439,1,320.0,164.0,174.6652059457923,-0.5057411930839439
13.663588762283325,2.4190001487731934,-146.416918879242,-109.87698730270128,0.4093847866310496,-0.5097763736758436,1,320.0,164.0,173.583081120758,-0.5097763736758436
13.673023223876953,2.4190001487731934,-146.42897271421688,-109.78942210860005,0.4096691864138927,-0.510310295112979,1,320.0,164.0,173.57102728578312,-0.510310295112979
13.683747291564941,2.4100000858306885,-146.44102654919178,-109.66290135616092,0.40990392326177727,-0.5108409643649576,1,320.0,164.0,173.55897345080822,-0.5108409643649576
13.69353723526001,2.4100000858306885,-146.45308038416667,-109.57533616205968,0.4101850981123394,-0.5113716761067071,1,320.0,164.0,173.54691961583333,-0.5113716761067071
13.70307445526123,2.4050002098083496,-147.4295853248732,-110.33952246974009,0.4132872826232229,-0.5150460289175246,1,320.0,164.0,172.5704146751268,-0.5150460289175246
13.713504076004028,2.4050002098083496,-147.44825482780203,-110.25794925334259,0.41357667586813085,-0.5155863443934615,1,320.0,164.0,172.55174517219797,-0.5155863443934615
13.724494457244873,2.4000000953674316,-147.46692433073088,-110.15450153353741,0.41383807938599493,-0.5161248820672926,1,320.0,164.0,172.53307566926912,-0.5161248820672926
13.733244895935059,2.4000000953674316,-147.48559383365972,-110.07292831713991,0.41412544680167135,-0.5166634850843883,1,320.0,165.0,172.51440616634028,-0.5166634850843883
13.744337558746338,2.3980000019073486,-148.26336265656934,-110.5993649633091,0.41641299475836424,-0.5196771296753776,1,320.0,165.0,171.73663734343066,-0.5196771296753776
13.753933906555176,2.3980000019073486,-148.2872392979992,-110.52202267757899,0.41670645848527327,-0.5202240455471471,1,320.0,165.0,171.7127607020008,-0.5202240455471471
13.763526201248169,2.3950002193450928,-148.31111593942907,-110.43148644274592,0.41698294487299914,-0.5207699326150299,1,320.0,165.0,171.68888406057093,-0.5207699326150299
13.773320436477661,2.3950002193450928,-148.33499258085894,-110.35414415701581,0.4172749942683847,-0.5213159029527128,1,320.0,166.0,171.66500741914106,-0.5213159029527128
13.784767389297485,2.3940000534057617,-148.93112949512744,-110.75752318713202,0.41914339198981604,-0.523727955554128,1,320.0,166.0,171.06887050487256,-0.523727955554128
13.793190479278564,2.3940000534057617,-148.95893168088435,-110.68350874440922,0.4194403067013008,-0.5242804400738323,1,320.0,166.0,171.04106831911565,-0.5242804400738323
13.802913427352905,2.3940000534057617,-148.98673386664126,-110.60949430168642,0.41973696347244277,-0.5248330214841578,1,320.0,166.0,171.01326613335874,-0.5248330214841578
13.813965559005737,2.3940000534057617,-149.01453605239817,-110.53547985896363,0.42003336230324195,-0.5253856997851043,1,320.0,167.0,170.98546394760183,-0.5253856997851043
13.82351565361023,2.3940000534057617,-149.4449282456481,-110.82680627378899,0.4215210340096225,-0.5272514910004757,1,320.0,167.0,170.5550717543519,-0.5272514910004757
13.832955598831177,2.3940000534057617,-149.4754921147003,-110.7552979929793,0.4218212063009438,-0.5278090897533153,1,320.0,167.0,170.5245078852997,-0.5278090897533153
13.843671321868896,2.3950002193450928,-149.5060559837525,-110.6881966202507,0.4221267098000799,-0.5283671688484048,1,320.0,167.0,170.4939440162475,-0.5283671688484048
13.853201866149902,2.3950002193450928,-149.5366198528047,-110.616688339441,0.4224266756243501,-0.5289253545350044,1,320.0,169.0,170.4633801471953,-0.5289253545350044
13.863548040390015,2.3960001468658447,-149.71500391114606,-110.80614572576529,0.4235687343872091,-0.52996612798108,1,320.0,169.0,170.28499608885394,-0.52996612798108
13.873024702072144,2.3960001468658447,-149.7465818040564,-110.73639743298894,0.4238715065035772,-0.5305266370780501,1,320.0,169.0,170.2534181959436,-0.5305266370780501
13.883360385894775,2.3980000019073486,-149.77815969696675,-110.6754411727714,0.42418516965874264,-0.5310880052183977,1,320.0,169.0,170.22184030303325,-0.5310880052183977
13.89405107498169,2.3980000019073486,-149.8097375898771,-110.60569287999505,0.424488038604554,-0.5316494837234811,1,320.0,170.0,170.1902624101229,-0.5316494837234811
13.903650522232056,2.4000000953674316,-149.8605341518782,-110.70271403001773,0.4253170658561779,-0.5322745028768442,1,320.0,170.0,170.1394658481218,-0.5322745028768442
13.913422346115112,2.4000000953674316,-149.89224388270088,-110.6340495450617,0.42562188767401565,-0.532837177443158,1,320.0,170.0,170.10775611729912,-0.532837177443158
13.923642873764038,2.4020001888275146,-149.92395361352357,-110.57414677846589,0.4259375667907578,-0.5334007126483349,1,320.0,170.0,170.07604638647643,-0.5334007126483349
13.933300495147705,2.4020001888275146,-149.95566334434625,-110.50548229350986,0.42624249117641544,-0.5339643589961335,1,320.0,171.0,170.04433665565375,-0.5339643589961335
13.943454504013062,2.4040000438690186,-149.89084137100176,-110.4134266135977,0.4264534399084249,-0.5342140297043525,1,320.0,171.0,170.10915862899824,-0.5342140297043525
13.95398473739624,2.4040000438690186,-149.92188890251305,-110.3445416766696,0.426758087337498,-0.5347775125886562,1,320.0,171.0,170.07811109748695,-0.5347775125886562
13.963635206222534,2.4060001373291016,-149.95293643402434,-110.28438726415393,0.4270735517015759,-0.5353418542495176,1,320.0,171.0,170.04706356597566,-0.5353418542495176
13.973350524902344,2.4060001373291016,-149.98398396553563,-110.21550232722585,0.42737829730578186,-0.535906305042463,1,320.0,173.0,170.01601603446437,-0.535906305042463
13.983722686767578,2.4080002307891846,-149.71362189471878,-109.95223402525879,0.42703143506327873,-0.5354885678720287,1,320.0,173.0,170.28637810528122,-0.5354885678720287
13.993197917938232,2.4080002307891846,-149.7426017771604,-109.88195584763953,0.42733388579811815,-0.5360504377756117,1,320.0,173.0,170.2573982228396,-0.5360504377756117
14.00360918045044,2.4110000133514404,-149.771581659602,-109.82471956227592,0.4276526089576036,-0.5366135328938451,1,320.0,173.0,170.228418340398,-0.5366135328938451
14.013648509979248,2.4110000133514404,-149.8005615420436,-109.75444138465666,0.4279554339401084,-0.5371767302386147,1,320.0,175.0,170.1994384579564,-0.5371767302386147
14.023772239685059,2.4130001068115234,-149.34464512991627,-109.43750328867338,0.4274362191056301,-0.5361592832330062,1,320.0,175.0,170.65535487008373,-0.5361592832330062
14.03345274925232,2.4130001068115234,-149.37029865465837,-109.3654735206245,0.4277361169483868,-0.5367177180825805,1,320.0,175.0,170.62970134534163,-0.5367177180825805
14.043718338012695,2.4160001277923584,-149.39595217940047,-109.30642889270216,0.42805220818808154,-0.5372773640307152,1,320.0,175.0,170.60404782059953,-0.5372773640307152
14.053855180740356,2.4160001277923584,-149.42160570414256,-109.23439912465327,0.4283524622742224,-0.5378371007923357,1,320.0,176.0,170.57839429585744,-0.5378371007923357
14.063778400421143,2.4170000553131104,-148.89963642808237,-108.76405651970461,0.4273447368437745,-0.536611217992585,1,320.0,176.0,171.10036357191763,-0.536611217992585
14.074026823043823,2.4170000553131104,-148.92153329732074,-108.68926471502314,0.4276400184134395,-0.5371650487879701,1,320.0,176.0,171.07846670267926,-0.5371650487879701
14.083353281021118,2.4200000762939453,-148.9434301665591,-108.6274120961457,0.4279514226044469,-0.5377200742365561,1,320.0,176.0,171.0565698334409,-0.5377200742365561
14.094099760055542,2.4200000762939453,-148.96532703579746,-108.55262029146425,0.4282470342615687,-0.5382751774190321,1,320.0,178.0,171.03467296420254,-0.5382751774190321
14.103572607040405,2.4220001697540283,-148.28367820541044,-107.95239924394409,0.42681150506676657,-0.5365364669688875,1,320.0,178.0,171.71632179458956,-0.5365364669688875
14.112927198410034,2.4220001697540283,-148.30074880667337,-107.87394399005295,0.42710085067876197,-0.5370841609153473,1,320.0,178.0,171.69925119332663,-0.5370841609153473
14.123310327529907,2.4240000247955322,-148.3178194079363,-107.80407990269443,0.427400796305068,-0.5376326570831491,1,320.0,178.0,171.6821805920637,-0.5376326570831491
14.134676694869995,2.4240000247955322,-148.33489000919923,-107.72562464880329,0.42769015323082615,-0.5381812140222925,1,320.0,181.0,171.66510999080077,-0.5381812140222925
14.143616437911987,2.4260001182556152,-147.40907812807245,-107.00496913686712,0.42586755867621306,-0.5356553284923473,1,320.0,181.0,172.59092187192755,-0.5356553284923473
14.15308165550232,2.4260001182556152,-147.41968064706973,-106.92204961401966,0.4261492323872804,-0.5361936027202339,1,320.0,181.0,172.58031935293027,-0.5361936027202339
14.163604497909546,2.42900013923645,-147.430283166067,-106.85196676547027,0.426446861657485,-0.5367330204809606,1,320.0,181.0,172.569716833933,-0.5367330204809606
14.173168659210205,2.42900013923645,-147.44088568506427,-106.7690472426228,0.42672879068850766,-0.53727247611919,1,320.0,183.0,172.55911431493573,-0.53727247611919
14.183600902557373,2.430000066757202,-146.3968984497912,-105.93639587854688,0.4245566211672454,-0.5343727529191622,1,320.0,183.0,173.6031015502088,-0.5343727529191622
14.192966222763062,2.430000066757202,-146.40026661060816,-105.84830398730836,0.42482931860217915,-0.5349001756897086,1,320.0,183.0,173.59973338939184,-0.5349001756897086
14.20362377166748,2.432000160217285,-146.40363477142512,-105.76874385828614,0.42511249859273015,-0.5354283425538116,1,320.0,183.0,173.59636522857488,-0.5354283425538116
14.21344804763794,2.432000160217285,-146.40700293224208,-105.68065196704762,0.4253851250996156,-0.5359565214759318,1,320.0,185.0,173.59299706775792,-0.5359565214759318
14.223613739013672,2.434000015258789,-145.2582030334769,-104.75629252557594,0.4229129189464369,-0.5327276020498596,1,320.0,185.0,174.7417969665231,-0.5327276020498596
14.233027935028076,2.434000015258789,-145.25366749359063,-104.66240554721705,0.4231754693002856,-0.5332428938055016,1,320.0,185.0,174.74633250640937,-0.5332428938055016
14.243700981140137,2.436000108718872,-145.24913195370436,-104.57702035602907,0.4234484386023619,-0.5337588955808301,1,320.0,185.0,174.75086804629564,-0.5337588955808301
14.253360271453857,2.436000108718872,-145.2445964138181,-104.48313337767017,0.4237108687055553,-0.5342748810735694,1,320.0,187.0,174.7554035861819,-0.5342748810735694
14.26304292678833,2.437000036239624,-144.00329638815967,-103.57038049927205,0.4212937249510657,-0.5307574590386215,1,320.0,187.0,175.99670361184033,-0.5307574590386215
14.273495435714722,2.437000036239624,-143.9902768687418,-103.47084713124069,0.4215460039371214,-0.5312591206980164,1,320.0,187.0,176.0097231312582,-0.5312591206980164
14.283913373947144,2.439000129699707,-143.97725734932393,-103.37979317219846,0.42180864802572854,-0.5317614555047137,1,320.0,187.0,176.02274265067607,-0.5317614555047137
14.293673515319824,2.439000129699707,-143.96423782990607,-103.2802598041671,0.422060758752225,-0.5322637434736857,1,320.0,189.0,176.03576217009393,-0.5322637434736857
14.3030686378479,2.44100022315979,-142.64177133601842,-102.185850587605,0.4190507831453023,-0.5284958942028839,1,320.0,189.0,177.35822866398158,-0.5284958942028839
14.313910245895386,2.44100022315979,-142.61976929480406,-102.07943452247098,0.4192908250869588,-0.5289832795518786,1,320.0,189.0,177.38023070519594,-0.5289832795518786
14.323265552520752,2.443000078201294,-142.5977672535897,-101.98146715839917,0.4195411624127843,-0.5294712985756671,1,320.0,189.0,177.4022327464103,-0.5294712985756671
14.333977699279785,2.443000078201294,-142.57576521237533,-101.87505109326514,0.4197809774013593,-0.5299592382270875,1,320.0,192.0,177.42423478762467,-0.5299592382270875
14.34326457977295,2.444000005722046,-141.08154964938905,-100.71114877183344,0.4165629540913654,-0.5256457811684099,1,320.0,192.0,178.91845035061095,-0.5256457811684099
14.353693962097168,2.444000005722046,-141.04944859891017,-100.59744968079013,0.4167896719769002,-0.526116448419295,1,320.0,192.0,178.95055140108983,-0.526116448419295
14.36352014541626,2.445000171661377,-141.0173475484313,-100.4879667043136,0.4170213052279724,-0.5265873523872571,1,320.0,192.0,178.9826524515687,-0.5265873523872571
14.3731107711792,2.445000171661377,-140.98524649795243,-100.3742676132703,0.4172474684035494,-0.5270581403901606,1,320.0,194.0,179.01475350204757,-0.5270581403901606
14.383628845214844,2.446000099182129,-139.43957746324685,-99.15350745533782,0.41385409562555836,-0.5225926225466454,1,320.0,194.0,180.56042253675315,-0.5225926225466454
14.393108367919922,2.446000099182129,-139.39709378240474,-99.03218536248616,0.4140665104887773,-0.5230455626582224,1,320.0,194.0,180.60290621759526,-0.5230455626582224
14.403581142425537,2.446000099182129,-139.35461010156263,-98.9108632696345,0.4142784867726005,-0.5234983491912828,1,320.0,194.0,180.64538989843737,-0.5234983491912828
14.413462162017822,2.446000099182129,-139.31212642072052,-98.78954117678285,0.414490024477028,-0.5239509821458264,1,320.0,196.0,180.68787357927948,-0.5239509821458264
14.423683404922485,2.445000171661377,-137.72306332615656,-97.51121981467689,0.410935976821441,-0.5193589263114927,1,320.0,196.0,182.27693667384344,-0.5193589263114927
14.433202981948853,2.445000171661377,-137.6699706294937,-97.38198998401027,0.41113269350525017,-0.5197925479034778,1,320.0,196.0,182.3300293705063,-0.5197925479034778
14.44367003440857,2.44100022315979,-137.61687793283082,-97.23587653540292,0.41130764966638794,-0.5202246015470118,1,320.0,196.0,182.38312206716918,-0.5202246015470118
14.453251361846924,2.44100022315979,-137.56378523616794,-97.1066467047363,0.41150240061851756,-0.5206564639240765,1,320.0,199.0,182.43621476383206,-0.5206564639240765
14.463725328445435,2.438000202178955,-135.8376959805962,-95.77777113509433,0.40780947492391717,-0.5156306558119762,1,320.0,199.0,184.1623040194038,-0.5156306558119762
14.473150968551636,2.438000202178955,-135.7731271586296,-95.64039931727214,0.4079884560264174,-0.5160412776863776,1,320.0,199.0,184.2268728413704,-0.5160412776863776
14.483299970626831,2.430000066757202,-135.70855833666297,-95.46899135241591,0.4081240681286079,-0.5164489532187201,1,320.0,199.0,184.29144166333703,-0.5164489532187201
14.493842840194702,2.430000066757202,-135.64398951469636,-95.33161953459373,0.40830003250296765,-0.5168563979175133,1,320.0,200.0,184.35601048530364,-0.5168563979175133
14.503902673721313,2.4230000972747803,-133.99933092425408,-94.05088815538436,0.4048065425102697,-0.5121078842660169,1,320.0,200.0,186.00066907574592,-0.5121078842660169
14.513415575027466,2.4230000972747803,-133.92392334896977,-93.9058790095784,0.40496660172271576,-0.5124938295655581,1,320.0,200.0,186.07607665103023,-0.5124938295655581
14.52342176437378,2.4120001792907715,-133.84851577368545,-93.71338456941643,0.4050664166840563,-0.5128758257958926,1,320.0,200.0,186.15148422631455,-0.5128758257958926
14.533950567245483,2.4120001792907715,-133.77310819840113,-93.56837542361048,0.4052227021162743,-0.5132575558374525,1,320.0,202.0,186.22689180159887,-0.5132575558374525
14.543355703353882,2.4030001163482666,-132.10457377232598,-92.34005520373606,0.40192396165755184,-0.5084402368015222,1,320.0,202.0,187.89542622767402,-0.5084402368015222
14.553901672363281,2.4030001163482666,-132.01823808185642,-92.18788392804557,0.4020647051564157,-0.5087996879814312,1,320.0,202.0,187.98176191814358,-0.5087996879814312
14.56348180770874,2.388000011444092,-131.93190239138687,-91.96967790930067,0.4021219927188983,-0.5091538888579403,1,320.0,202.0,188.06809760861313,-0.5091538888579403
14.573966026306152,2.388000011444092,-131.84556670091732,-91.81750663361018,0.4022579939387153,-0.5095077901496012,1,320.0,203.0,188.15443329908268,-0.5095077901496012
14.583518505096436,2.378000020980835,-130.2597922871263,-90.54091490003815,0.398815723158875,-0.504967987299388,1,320.0,203.0,189.7402077128737,-0.504967987299388
14.592977285385132,2.378000020980835,-130.16317120150697,-90.3813360438272,0.39893559223883346,-0.5053004541282613,1,320.0,203.0,189.83682879849303,-0.5053004541282613
14.603729963302612,2.3600001335144043,-130.06655011588765,-90.14060350770743,0.3989531912775036,-0.5056267351393265,1,320.0,203.0,189.93344988411235,-0.5056267351393265
14.613956928253174,2.3600001335144043,-129.96992903026833,-89.98102465149648,0.39906763216389995,-0.5059526876386684,1,320.0,203.0,190.03007096973167,-0.5059526876386684
14.623961925506592,2.3480000495910645,-129.873307944649,-89.76660080934819,0.3991128370091786,-0.5062744153998001,1,320.0,205.0,190.126692055351,-0.5062744153998001
14.633459329605103,2.3480000495910645,-128.23947462873554,-88.48858495479257,0.39557684515301905,-0.5015839994897585,1,320.0,205.0,191.76052537126446,-0.5015839994897585
14.643737554550171,2.3289999961853027,-128.13231359986173,-88.23325885589323,0.3955636088360471,-0.5018811258658236,1,320.0,205.0,191.86768640013827,-0.5018811258658236
14.653383731842041,2.3289999961853027,-128.02515257098793,-88.06601140177241,0.39565551121314463,-0.5021778961993711,1,320.0,206.0,191.97484742901207,-0.5021778961993711
14.663217782974243,2.31600022315979,-126.50625825721822,-86.81000313302191,0.3923204921874048,-0.49786799592221753,1,320.0,206.0,193.49374174278176,-0.49786799592221753
14.673721313476562,2.31600022315979,-126.38941911914151,-86.63571096536117,0.39239637312362197,-0.49814361021594,1,320.0,206.0,193.6105808808585,-0.49814361021594
14.683023691177368,2.2960000038146973,-126.2725799810648,-86.36587392439527,0.39235239410680156,-0.49841252641059075,1,320.0,206.0,193.72742001893522,-0.49841252641059075
14.693918704986572,2.2960000038146973,-126.15574084298808,-86.19158175673454,0.39242250423132247,-0.4986810640464332,1,320.0,206.0,193.84425915701192,-0.4986810640464332
14.703695297241211,2.2810001373291016,-126.03890170491137,-85.94444989242353,0.39240118312443645,-0.49894449670672314,1,320.0,207.0,193.96109829508862,-0.49894449670672314
14.713388919830322,2.2810001373291016,-124.57836733509158,-84.81002361258255,0.3893373239483731,-0.49482801794067294,1,320.0,207.0,195.42163266490843,-0.49482801794067294
14.723431825637817,2.259999990463257,-124.45231886439345,-84.52542556167667,0.38926206137579006,-0.49506878457729075,1,320.0,207.0,195.54768113560655,-0.49506878457729075
14.734256505966187,2.259999990463257,-124.32627039369531,-84.34455288811597,0.3893106995071039,-0.495309154161229,1,320.0,207.0,195.67372960630468,-0.495309154161229
14.743614196777344,2.246000051498413,-124.20022192299717,-84.09337051930314,0.3892712315245228,-0.4955447797036717,1,320.0,208.0,195.79977807700283,-0.4955447797036717
14.752965450286865,2.246000051498413,-122.82063674337857,-83.02477668794953,0.38642305859010806,-0.4916955414792844,1,320.0,208.0,197.17936325662143,-0.4916955414792844
14.763412475585938,2.2240002155303955,-122.68600053165339,-82.72540900934455,0.3863169571719253,-0.49190939725294747,1,320.0,208.0,197.3139994683466,-0.49190939725294747
14.774083137512207,2.2240002155303955,-122.55136431992821,-82.53845472736097,0.38634517974948457,-0.49212284103973003,1,320.0,209.0,197.4486356800718,-0.49212284103973003
14.783546447753906,2.2090001106262207,-121.259951310163,-81.35242687137938,0.3832748189381664,-0.4885621358285771,1,320.0,209.0,198.740048689837,-0.4885621358285771
14.793868064880371,2.2090001106262207,-121.11739003898514,-81.15916253900627,0.3832882053305387,-0.4887571396480534,1,320.0,209.0,198.88260996101485,-0.4887571396480534
14.803322553634644,2.187000036239624,-120.97482876780727,-80.84936462575817,0.38315636833149275,-0.48894505893796864,1,320.0,209.0,199.02517123219275,-0.48894505893796864
14.815009117126465,2.187000036239624,-120.8322674966294,-80.65610029338507,0.383163798117573,-0.4891325551772987,1,320.0,209.0,199.1677325033706,-0.4891325551772987
14.82320761680603,2.1720001697540283,-120.68970622545153,-80.3819210977149,0.383070302145698,-0.4893151025423448,1,320.0,210.0,199.31029377454848,-0.4893151025423448
14.834234952926636,2.1720001697540283,-119.45033248959835,-79.23276060694485,0.3799588341072008,-0.48592359464664403,1,320.0,210.0,200.54966751040166,-0.48592359464664403
14.843103885650635,2.1500000953674316,-119.30025705529528,-78.91206437985622,0.37980087083860065,-0.48608649239295776,1,320.0,210.0,200.69974294470472,-0.48608649239295776
14.854703187942505,2.1500000953674316,-119.1501816209922,-78.71225128924385,0.37978739287108887,-0.48624895867236195,1,320.0,210.0,200.8498183790078,-0.48624895867236195
14.864013195037842,2.134999990463257,-119.00010618668912,-78.42847349061788,0.37966940030439744,-0.48640653094966585,1,320.0,211.0,200.99989381331088,-0.48640653094966585
14.873433113098145,2.134999990463257,-117.82638645702397,-77.35164055155605,0.3767946642876855,-0.48322910710475075,1,320.0,211.0,202.17361354297603,-0.48322910710475075
14.88388466835022,2.1130001544952393,-117.66930004759396,-77.02034123080801,0.3766114142320108,-0.4833680182862655,1,320.0,211.0,202.33069995240604,-0.4833680182862655
14.893635988235474,2.1130001544952393,-117.51221363816396,-76.81452140096879,0.3765781668716706,-0.48350649237478543,1,320.0,211.0,202.48778636183604,-0.48350649237478543
14.902949810028076,2.0980000495910645,-117.35512722873395,-76.52151272791089,0.37643660802592616,-0.4836401285222617,1,320.0,212.0,202.64487277126605,-0.4836401285222617
14.913428783416748,2.0980000495910645,-116.24235379523427,-75.51137172794233,0.37377937766170377,-0.48066059060357225,1,320.0,212.0,203.75764620476573,-0.48066059060357225
14.923099756240845,2.076000213623047,-116.0787230688907,-75.16969957563762,0.3735715776109415,-0.480776485559008,1,320.0,212.0,203.9212769311093,-0.480776485559008
14.933836936950684,2.076000213623047,-115.91509234254713,-74.95837194616834,0.3735196225161456,-0.4808919403477025,1,320.0,212.0,204.08490765745287,-0.4808919403477025
14.943461656570435,2.061000108718872,-115.75146161620356,-74.65644200426227,0.37335533281856614,-0.48100261425948815,1,320.0,213.0,204.24853838379644,-0.48100261425948815
14.953861236572266,2.061000108718872,-114.69536315157015,-73.70787581044345,0.37089820713569704,-0.4782063140477835,1,320.0,213.0,205.30463684842985,-0.4782063140477835
14.963288068771362,2.0390000343322754,-114.52562172010632,-73.35600076146928,0.3706664992952021,-0.4783001046422747,1,320.0,213.0,205.4743782798937,-0.4783001046422747
14.974159955978394,2.0390000343322754,-114.35588028864248,-73.13962527729697,0.37059682889713075,-0.47839345433338304,1,320.0,213.0,205.64411971135752,-0.47839345433338304
14.983432531356812,2.0250000953674316,-114.18613885717865,-72.83535904185536,0.3704183500395109,-0.47848236662367205,1,320.0,213.0,205.81386114282134,-0.47848236662367205
14.993851661682129,2.0250000953674316,-113.28465013302132,-71.8418755066656,0.3678141047834198,-0.47618788208502716,1,320.0,213.0,206.71534986697867,-0.47618788208502716
15.003310203552246,2.003000020980835,-113.10989873484871,-71.4793665284819,0.36755832852491876,-0.47626180348423053,1,320.0,213.0,206.8901012651513,-0.47626180348423053
15.01621150970459,2.003000020980835,-112.93514733667611,-71.25767051151968,0.36747097191710937,-0.47633528669429376,1,320.0,213.0,207.0648526633239,-0.47633528669429376
15.023279428482056,1.9880000352859497,-112.7603959385035,-70.9380227927605,0.3672626115771543,-0.47640410320440196,1,320.0,214.0,207.2396040614965,-0.47640410320440196
15.033702611923218,1.9880000352859497,-111.89812618591577,-70.10888156089042,0.36519315010610964,-0.4742336408747845,1,320.0,214.0,208.10187381408423,-0.4742336408747845
15.043011903762817,1.9880000352859497,-111.7186676977163,-69.88302667414007,0.3650947353240591,-0.47429423580801366,1,320.0,214.0,208.28133230228372,-0.47429423580801366
15.053799629211426,1.9660000801086426,-111.53920920951683,-69.51056620355617,0.364815650790661,-0.47434825283475346,1,320.0,214.0,208.46079079048317,-0.47434825283475346
15.063395023345947,1.9520001411437988,-111.35975072131735,-69.18954286192027,0.36459509391712347,-0.47439793889492526,1,320.0,214.0,208.64024927868263,-0.47439793889492526
15.07376766204834,1.9520001411437988,-110.63580991845546,-68.30679156205045,0.36234910114982644,-0.47267415970425786,1,320.0,214.0,209.36419008154454,-0.47267415970425786
15.083307027816772,1.9520001411437988,-110.45262355194306,-68.07643913731518,0.36223470018931225,-0.47271721334747085,1,320.0,214.0,209.54737644805692,-0.47271721334747085
15.093864440917969,1.9300000667572021,-110.26943718543066,-67.69349339761793,0.3619325526851226,-0.4727537661675153,1,320.0,214.0,209.73056281456934,-0.4727537661675153
15.103384733200073,1.9160001277923584,-110.08625081891826,-67.36404614282603,0.3616914796665609,-0.47278604007724623,1,320.0,215.0,209.91374918108176,-0.47278604007724623
15.113690853118896,1.9160001277923584,-109.38684622564955,-66.53564501075027,0.3596213159117027,-0.47113688903978423,1,320.0,215.0,210.61315377435045,-0.47113688903978423
15.123107433319092,1.9160001277923584,-109.20012532100934,-66.301197755866,0.3594918089698844,-0.47116289227608843,1,320.0,215.0,210.79987467899065,-0.47116289227608843
15.133710145950317,1.8950001001358032,-109.01340441636913,-65.91510885138584,0.35917598735706446,-0.47118274471019217,1,320.0,215.0,210.98659558363087,-0.47118274471019217
15.143290042877197,1.880000114440918,-108.82668351172892,-65.57007931505768,0.3589062061067235,-0.47119809835948523,1,320.0,216.0,211.1733164882711,-0.47119809835948523
15.15378451347351,1.880000114440918,-108.15047631164552,-64.69056951555382,0.3566680019972337,-0.4696190597304028,1,320.0,216.0,211.84952368835448,-0.4696190597304028
15.163414478302002,1.8590000867843628,-107.9604036701126,-64.29360929884847,0.35632972027710574,-0.469622817550868,1,320.0,216.0,212.0395963298874,-0.469622817550868
15.174696207046509,1.8590000867843628,-107.77033102857968,-64.05474500522577,0.3561806407035546,-0.4696261671902944,1,320.0,216.0,212.22966897142032,-0.4696261671902944
15.183421850204468,1.8590000867843628,-107.58025838704675,-63.81588071160307,0.3560310481688811,-0.46962910864868174,1,320.0,216.0,212.41974161295326,-0.46962910864868174
15.193755149841309,1.8450000286102295,-107.02734696356788,-62.88521276479551,0.35384687145856175,-0.46844629099670104,1,320.0,216.0,212.97265303643212,-0.46844629099670104
15.203152656555176,1.8240001201629639,-106.83478959129522,-62.477574446063024,0.3534864092982104,-0.4684353018486259,1,320.0,216.0,213.16521040870478,-0.4684353018486259
15.214637041091919,1.8240001201629639,-106.64223221902256,-62.23470941847162,0.3533231747851985,-0.46842391603230593,1,320.0,216.0,213.35776778097744,-0.46842391603230593
15.223249673843384,1.8240001201629639,-106.4496748467499,-61.99184439088021,0.35315943997015686,-0.46841213354774136,1,320.0,217.0,213.5503251532501,-0.46841213354774136
15.233724117279053,1.8100000619888306,-105.90771228004867,-61.10879362177088,0.3511386835212324,-0.4672583536064147,1,320.0,217.0,214.09228771995134,-0.4672583536064147
15.243106126785278,1.7890000343322754,-105.71276194779246,-60.69042764997531,0.3507563562288264,-0.4672329316397227,1,320.0,217.0,214.28723805220756,-0.4672329316397227
15.253819227218628,1.7890000343322754,-105.51781161553625,-60.443946486242076,0.35057980452197857,-0.4672071251334835,1,320.0,217.0,214.48218838446377,-0.4672071251334835
15.26375412940979,1.7750000953674316,-105.32286128328003,-60.08039274572327,0.3502599458086252,-0.46717724780362335,1,320.0,218.0,214.67713871671998,-0.46717724780362335
15.27320909500122,1.7750000953674316,-104.79151305608652,-59.35782410362741,0.3485296028965379,-0.46605143185364534,1,320.0,218.0,215.2084869439135,-0.46605143185364534
15.283395051956177,1.7540000677108765,-104.59425861830073,-58.928616268433004,0.34812563394594587,-0.46601188672350335,1,320.0,218.0,215.40574138169927,-0.46601188672350335
15.294228315353394,1.7540000677108765,-104.39700418051494,-58.67887421690003,0.34793655317193817,-0.4659719697687127,1,320.0,218.0,215.60299581948505,-0.4659719697687127
15.303598642349243,1.7400001287460327,-104.19974974272915,-58.30683866797732,0.34759797818353366,-0.46592803401393207,1,320.0,218.0,215.80025025727085,-0.46592803401393207
15.312938690185547,1.7400001287460327,-103.77988935001386,-57.62894750376917,0.3460112702373656,-0.4651587361735334,1,320.0,218.0,216.22011064998614,-0.4651587361735334
15.323337078094482,1.7400001287460327,-103.5811100515686,-57.37627261183435,0.3458142064898432,-0.4651118261023337,1,320.0,218.0,216.4188899484314,-0.4651118261023337
15.333802223205566,1.7200000286102295,-103.38233075312334,-56.945083374287485,0.34539928055893365,-0.46505937914694945,1,320.0,218.0,216.61766924687666,-0.46505937914694945
15.343692064285278,1.7200000286102295,-103.18355145467808,-56.69240848235267,0.3451981170279351,-0.4650065743888139,1,320.0,219.0,216.81644854532192,-0.4650065743888139
15.35315990447998,1.7060000896453857,-102.76388153715695,-55.92812275147389,0.34359067892677875,-0.4642303690661951,1,320.0,219.0,217.23611846284305,-0.4642303690661951
15.363760709762573,1.686000108718872,-102.5635889730599,-55.486313817751224,0.34327242516889545,-0.463431054007663,1,320.0,219.0,217.4364110269401,-0.463431054007663
15.373530864715576,1.686000108718872,-102.36329640896284,-55.23100889790544,0.3430643547014734,-0.4633690600860317,1,320.0,219.0,217.63670359103716,-0.4633690600860317
15.383522748947144,1.686000108718872,-102.16300384486578,-54.975703978059656,0.34285584638604444,-0.4633067226625986,1,320.0,220.0,217.83699615513422,-0.4633067226625986
15.393922805786133,1.6720000505447388,-101.74396266325309,-54.243822132941006,0.3415243793543102,-0.46181814341887084,1,320.0,220.0,218.2560373367469,-0.46181814341887084
15.403618574142456,1.6720000505447388,-101.54217135615563,-53.986166568217286,0.34131310378608726,-0.4617522348574626,1,320.0,220.0,218.45782864384438,-0.4617522348574626
15.413644552230835,1.652000069618225,-101.34038004905818,-53.533467444395434,0.34108740821854117,-0.4606630701776672,1,320.0,220.0,218.65961995094182,-0.4606630701776672
15.423625230789185,1.652000069618225,-101.13858874196073,-53.275811879671714,0.3408774285726782,-0.4605954624950947,1,320.0,220.0,218.86141125803925,-0.4605954624950947
15.433056592941284,1.6390000581741333,-100.82167779027003,-52.58309177425902,0.33972122719045494,-0.45951196855310245,1,320.0,220.0,219.17832220972997,-0.45951196855310245
15.443717002868652,1.6390000581741333,-100.61909767018801,-52.32334318138233,0.3395089600763997,-0.45944196880770577,1,320.0,220.0,219.380902329812,-0.45944196880770577
15.453185319900513,1.6190000772476196,-100.416517550106,-51.85968917486659,0.3393226599464722,-0.4583711958181723,1,320.0,220.0,219.583482449894,-0.4583711958181723
15.463324785232544,1.6190000772476196,-100.21393743002398,-51.5999405819899,0.33911185216899375,-0.45829958973567786,1,320.0,221.0,219.78606256997602,-0.45829958973567786
15.47376012802124,1.6050000190734863,-99.88864426998883,-50.92331166313605,0.3381152994132816,-0.4571649496871031,1,320.0,221.0,220.11135573001116,-0.4571649496871031
15.483116149902344,1.6050000190734863,-99.68522322650996,-50.66170742872906,0.3379028525641739,-0.4570909433350624,1,320.0,221.0,220.31477677349005,-0.4570909433350624
15.493858098983765,1.5850000381469727,-99.48180218303109,-50.18642041022846,0.3377572325039149,-0.4560428558826243,1,320.0,221.0,220.5181978169689,-0.4560428558826243
15.504472255706787,1.5850000381469727,-99.27838113955222,-49.92481617582147,0.33754827912386753,-0.45597106161439915,1,320.0,221.0,220.7216188604478,-0.45597106161439915
15.513911962509155,1.5720000267028809,-99.04682419634551,-49.383272095446344,0.3369899125970158,-0.4551902243066988,1,320.0,221.0,220.9531758036545,-0.4551902243066988
15.523288011550903,1.5720000267028809,-98.84321032683776,-49.12072346742474,0.336782141545967,-0.4551202150486397,1,320.0,221.0,221.15678967316222,-0.4551202150486397
15.533971071243286,1.5520000457763672,-98.63959645733001,-48.63431390724896,0.33667371849299044,-0.4540951786986629,1,320.0,221.0,221.36040354266999,-0.4540951786986629
15.543972253799438,1.5520000457763672,-98.43598258782227,-48.371765279227354,0.336470074972212,-0.4540286308725017,1,320.0,222.0,221.56401741217775,-0.4540286308725017
15.553608417510986,1.5380001068115234,-98.18831026735405,-47.72871470222198,0.33572472145484683,-0.45317501460958065,1,320.0,222.0,221.81168973264596,-0.45317501460958065
15.563305616378784,1.5380001068115234,-97.98439442284298,-47.464658658354836,0.33552182824109605,-0.4531103265328319,1,320.0,222.0,222.01560557715703,-0.4531103265328319
15.573888778686523,1.5180001258850098,-97.78047857833191,-46.96547523649722,0.33545509436002785,-0.45210930312597314,1,320.0,222.0,222.2195214216681,-0.45210930312597314
15.583185195922852,1.5180001258850098,-97.57656273382084,-46.70141919263007,0.3352563374029194,-0.4520480816146916,1,320.0,223.0,222.42343726617918,-0.4520480816146916
15.593657493591309,1.505000114440918,-97.31438879170372,-46.08862400821501,0.3346297443696629,-0.45122446716528264,1,320.0,223.0,222.68561120829628,-0.45122446716528264
15.603260278701782,1.505000114440918,-97.11007361654511,-45.823250827570945,0.3344317791689875,-0.451164795501291,1,320.0,223.0,222.8899263834549,-0.451164795501291
15.614292621612549,1.4850000143051147,-96.9057584413865,-45.31098017295667,0.33440556197858373,-0.45018827348258206,1,320.0,223.0,223.0942415586135,-0.45018827348258206
15.624013662338257,1.4850000143051147,-96.70144326622788,-45.04560699231261,0.3342117378023416,-0.4501320751970274,1,320.0,224.0,223.2985567337721,-0.4501320751970274
15.633504629135132,1.471000075340271,-96.42625834832236,-44.53731542532073,0.3339739809311746,-0.4492528645256767,1,320.0,224.0,223.57374165167764,-0.4492528645256767
15.643885374069214,1.471000075340271,-96.22145735991712,-44.27149248970058,0.33378227407939487,-0.4491983349365453,1,320.0,224.0,223.7785426400829,-0.4491983349365453
15.653294563293457,1.4510000944137573,-96.01665637151189,-43.74569953165839,0.333791547881128,-0.4482471708153325,1,320.0,224.0,223.98334362848811,-0.4482471708153325
15.664060354232788,1.4510000944137573,-95.81185538310665,-43.47987659603825,0.33360397005914993,-0.4481961228390977,1,320.0,225.0,224.18814461689334,-0.4481961228390977
15.673441648483276,1.4380000829696655,-95.52503565939291,-42.988081980240665,0.3334212306229979,-0.44735856778976696,1,320.0,225.0,224.47496434060707,-0.44735856778976696
15.68382453918457,1.4380000829696655,-95.31967239274327,-42.72189825754516,0.3332356331164107,-0.4473089165371998,1,320.0,225.0,224.68032760725674,-0.4473089165371998
15.693344831466675,1.4180001020431519,-95.11430912609363,-42.182036020299186,0.33327979277547926,-0.4463834882253721,1,320.0,225.0,224.88569087390636,-0.4463834882253721
15.703863143920898,1.4180001020431519,-94.90894585944399,-41.915852297603685,0.33309830986932903,-0.44633732814442095,1,320.0,226.0,225.09105414055603,-0.44633732814442095
15.713807821273804,1.4040000438690186,-94.61176100405926,-41.41205196121257,0.33298659067692005,-0.44545836253563736,1,320.0,226.0,225.38823899594075,-0.44545836253563736
15.723247289657593,1.4040000438690186,-94.40576821626898,-41.14558848510475,0.3328074260655567,-0.4454137536987627,1,320.0,226.0,225.594231783731,-0.4454137536987627
15.73386025428772,1.3840000629425049,-94.1997754284787,-40.59015656028588,0.33288671456892693,-0.44451480511755603,1,320.0,226.0,225.8002245715213,-0.44451480511755603
15.74319076538086,1.3840000629425049,-93.99378264068842,-40.323693084178046,0.33271164637890205,-0.4444736981541448,1,320.0,227.0,226.00621735931156,-0.4444736981541448
15.753785133361816,1.371000051498413,-93.6874032257511,-39.93523929237611,0.33288094200946095,-0.443645056285782,1,320.0,227.0,226.3125967742489,-0.443645056285782
15.763313293457031,1.371000051498413,-93.48072215608795,-39.66926232579698,0.3327087799513618,-0.4436052581466957,1,320.0,227.0,226.51927784391205,-0.4436052581466957
15.773687362670898,1.3510000705718994,-93.2740410864248,-39.098217599020636,0.33281796724970775,-0.44273307530612127,1,320.0,227.0,226.7259589135752,-0.44273307530612127
15.783448696136475,1.3510000705718994,-93.06736001676165,-38.83224063244151,0.33264986919332706,-0.4426967907412772,1,320.0,228.0,226.93263998323835,-0.4426967907412772
15.793753862380981,1.3380000591278076,-92.75286437724131,-38.43270632698831,0.33283328731746015,-0.4418793373683737,1,320.0,228.0,227.2471356227587,-0.4418793373683737
15.803158283233643,1.3380000591278076,-92.54544405881222,-38.167211329379995,0.33266805331076027,-0.44184433729535405,1,320.0,228.0,227.45455594118778,-0.44184433729535405
15.813850402832031,1.319000005722046,-92.33802374038314,-37.59555611822027,0.33279218675349975,-0.44103984799130513,1,320.0,228.0,227.66197625961686,-0.44103984799130513
15.82351016998291,1.319000005722046,-92.13060342195405,-37.33006112061196,0.33263074144062027,-0.44100816665445775,1,320.0,229.0,227.86939657804595,-0.44100816665445775
15.834014177322388,1.3060001134872437,-91.80898404043728,-36.91873998558893,0.33282818488223936,-0.4402052903647634,1,320.0,229.0,228.19101595956272,-0.4402052903647634
15.843562841415405,1.3060001134872437,-91.60078065989283,-36.65372154074423,0.3326695605679294,-0.44017487958740603,1,320.0,229.0,228.39921934010715,-0.44017487958740603
15.854217290878296,1.2860000133514404,-91.39257727934839,-36.04772082828757,0.33283933633860735,-0.4393573179225971,1,320.0,229.0,228.6074227206516,-0.4393573179225971
15.863931894302368,1.2860000133514404,-91.18437389880394,-35.78270238344287,0.3326847058909962,-0.4393304466235575,1,320.0,230.0,228.81562610119607,-0.4393304466235575
15.873279094696045,1.2740000486373901,-90.85654335216095,-35.47681707100114,0.33309186430202925,-0.4385846581771174,1,320.0,230.0,229.14345664783906,-0.4385846581771174
15.88390564918518,1.2740000486373901,-90.64751965415833,-35.21296160593572,0.3329404596016443,-0.4385588451041782,1,320.0,230.0,229.35248034584168,-0.4385588451041782
15.89330530166626,1.255000114440918,-90.4384959561557,-34.606436678415236,0.3331187080320026,-0.43780725215058547,1,320.0,230.0,229.5615040438443,-0.43780725215058547
15.903972148895264,1.255000114440918,-90.22947225815308,-34.34258121334981,0.3329710109975024,-0.4377847834430598,1,320.0,231.0,229.77052774184693,-0.4377847834430598
15.913419008255005,1.2420001029968262,-89.89626876252068,-33.99551230795489,0.3333767725988778,-0.4370207682702474,1,320.0,231.0,230.10373123747934,-0.4370207682702474
15.923811674118042,1.2420001029968262,-89.68639349594376,-33.732741567422984,0.3332323957946897,-0.43699957039107473,1,320.0,231.0,230.31360650405622,-0.43699957039107473
15.933239698410034,1.2230000495910645,-89.47651822936685,-33.10654405576746,0.33343655541338324,-0.4362749093924601,1,320.0,231.0,230.52348177063317,-0.4362749093924601
15.943983316421509,1.2230000495910645,-89.26664296278993,-32.84377331523555,0.3332958378149204,-0.43625706952876125,1,320.0,232.0,230.73335703721006,-0.43625706952876125
15.953538179397583,1.2110000848770142,-88.92883554870369,-32.492170944318026,0.33366853399979746,-0.43555276359351697,1,320.0,232.0,231.0711644512963,-0.43555276359351697
15.965097427368164,1.2110000848770142,-88.71808295187368,-32.23041151990346,0.3335307686441012,-0.43553599560371054,1,320.0,232.0,231.28191704812633,-0.43553599560371054
15.973447561264038,1.193000078201294,-88.50733035504368,-31.603904664694547,0.33374177542564903,-0.43487416598523443,1,320.0,232.0,231.49266964495632,-0.43487416598523443
15.983994245529175,1.193000078201294,-88.29657775821367,-31.342145240279983,0.3336073893419202,-0.43486055928578743,1,320.0,233.0,231.7034222417863,-0.43486055928578743
15.993528366088867,1.1810001134872437,-87.95487110394713,-31.0685032903449,0.33415519332783716,-0.4341795911450883,1,320.0,233.0,232.04512889605286,-0.4341795911450883
16.003007888793945,1.1810001134872437,-87.74322042626302,-30.80837899107783,0.3340242612190021,-0.4341670718402052,1,320.0,233.0,232.256779573737,-0.4341670718402052
16.013489246368408,1.1630001068115234,-87.53156974857892,-30.16155967336133,0.33425667103510187,-0.43353109462230344,1,320.0,233.0,232.46843025142107,-0.43353109462230344
16.02411651611328,1.1630001068115234,-87.31991907089481,-29.901435374094262,0.3341290607499647,-0.4335217500789985,1,320.0,234.0,232.6800809291052,-0.4335217500789985
16.033690452575684,1.1510000228881836,-86.97495801893658,-29.79410509096917,0.33476943134513104,-0.4328659563973122,1,320.0,234.0,233.02504198106342,-0.4328659563973122
16.043126821517944,1.1510000228881836,-86.76239307656803,-29.53547997956209,0.3346453696116549,-0.4328577202045799,1,320.0,234.0,233.23760692343197,-0.4328577202045799
16.05360984802246,1.1330000162124634,-86.54982813419949,-29.276854868155013,0.3351577497903999,-0.4322478102756505,1,320.0,234.0,233.4501718658005,-0.4322478102756505
16.063698530197144,1.1330000162124634,-86.33726319183094,-29.018229756747935,0.33503756743532137,-0.43224276255847277,1,320.0,235.0,233.66273680816906,-0.43224276255847277
16.073225498199463,1.121000051498413,-85.98963697082466,-28.959760025863496,0.33568546915606945,-0.4316137127644729,1,320.0,235.0,234.01036302917532,-0.4316137127644729
16.083634614944458,1.121000051498413,-85.7761457342433,-28.702507645208804,0.33556876917590267,-0.4316097989141628,1,320.0,235.0,234.2238542657567,-0.4316097989141628
16.09364414215088,1.1040000915527344,-85.56265449766194,-28.445255264554113,0.33606143515878784,-0.4310583387453507,1,320.0,235.0,234.43734550233808,-0.4310583387453507
16.103667974472046,1.1040000915527344,-85.34916326108058,-28.188002883899422,0.3359483367016461,-0.43105741376380147,1,320.0,236.0,234.65083673891942,-0.43105741376380147
16.113571882247925,1.0920000076293945,-84.99940943336496,-28.11375831948923,0.3365658212826272,-0.4304558259585062,1,320.0,236.0,235.00059056663503,-0.4304558259585062
16.123149871826172,1.0920000076293945,-84.78498364464822,-27.85776109143393,0.3364560575633025,-0.43045606336541686,1,320.0,236.0,235.2150163553518,-0.43045606336541686
16.133562326431274,1.0750000476837158,-84.57055785593148,-27.60176386337863,0.33696466662381447,-0.42992959049238627,1,320.0,236.0,235.4294421440685,-0.42992959049238627
16.14347743988037,1.0750000476837158,-84.35613206721474,-27.34576663532333,0.33685848685542874,-0.42993282985175035,1,320.0,237.0,235.64386793278527,-0.42993282985175035
16.153636932373047,1.0640000104904175,-84.0047402202498,-27.35784055639828,0.3375687646231046,-0.4293899498204685,1,320.0,237.0,235.9952597797502,-0.4293899498204685
16.163228511810303,1.0640000104904175,-83.7893750382258,-27.103681917016573,0.3374660746707026,-0.4293941679181051,1,320.0,237.0,236.21062496177422,-0.4293941679181051
16.17384433746338,1.0470000505447388,-83.5740098562018,-26.849523277634866,0.33798673433239546,-0.4288926080149388,1,320.0,237.0,236.4259901437982,-0.4288926080149388
16.18407392501831,1.0470000505447388,-83.3586446741778,-26.59536463825316,0.33788760259076467,-0.4288998412164974,1,320.0,238.0,236.6413553258222,-0.4288998412164974
16.193910121917725,1.0360000133514404,-83.00605987256397,-26.483070559683107,0.33840390883054505,-0.4283845592682658,1,320.0,238.0,236.99394012743602,-0.4283845592682658
16.20404601097107,1.0360000133514404,-82.78975354398901,-26.229884925054733,0.33830754615439146,-0.4283928037035776,1,320.0,238.0,237.210246456011,-0.4283928037035776
16.213250637054443,1.0190000534057617,-82.57344721541405,-25.97669929042636,0.3388452372642036,-0.42791627811460065,1,320.0,238.0,237.42655278458597,-0.42791627811460065
16.224335193634033,1.0190000534057617,-82.35714088683909,-25.723513655797987,0.3387524191767936,-0.4279275508298485,1,320.0,240.0,237.6428591131609,-0.4279275508298485
16.23337197303772,1.0080000162124634,-81.90276953197214,-25.700247150913526,0.3393927278127576,-0.4273011271209996,1,320.0,240.0,238.09723046802787,-0.4273011271209996
16.243940591812134,1.0080000162124634,-81.68483036872892,-25.448638480074372,0.33930308356161226,-0.4273129412680919,1,320.0,240.0,238.3151696312711,-0.4273129412680919
16.253236770629883,0.9920000433921814,-81.46689120548571,-25.197029809235218,0.33981634307905445,-0.4268927156334902,1,320.0,240.0,238.5331087945143,-0.4268927156334902
16.26410460472107,0.9920000433921814,-81.2489520422425,-24.945421138396064,0.33972996973379127,-0.42690736298378096,1,320.0,241.0,238.75104795775752,-0.42690736298378096
16.273537397384644,0.9810000658035278,-80.80387462842357,-24.901319537307145,0.3403347792266818,-0.42633274298841695,1,320.0,241.0,239.19612537157644,-0.42633274298841695
16.284173011779785,0.9810000658035278,-80.58437755796524,-24.651134126356332,0.34025141672874093,-0.4263480414494198,1,320.0,241.0,239.41562244203476,-0.4263480414494198
16.293869972229004,0.9650000333786011,-80.36488048750691,-24.40094871540552,0.3402058268668081,-0.42633751837457173,1,320.0,241.0,239.63511951249308,-0.42633751837457173
16.30373215675354,0.9650000333786011,-80.14538341704858,-24.150763304454706,0.3401219640145084,-0.4263523778558773,1,320.0,242.0,239.85461658295142,-0.4263523778558773
16.31297278404236,0.9540000557899475,-79.70920814046704,-23.986348615092624,0.3401496197460703,-0.4260842363261949,1,320.0,242.0,240.29079185953296,-0.4260842363261949
16.32336711883545,0.9540000557899475,-79.48822489326592,-23.736751497971255,0.340065418257099,-0.4260973967048783,1,320.0,242.0,240.5117751067341,-0.4260973967048783
16.33393144607544,0.9380000233650208,-79.2672416460648,-23.487154380849887,0.3399808423724521,-0.4261102256086909,1,320.0,242.0,240.7327583539352,-0.4261102256086909
16.34360957145691,0.9380000233650208,-79.04625839886369,-23.23755726372852,0.33989589209212934,-0.42612272303763266,1,320.0,243.0,240.9537416011363,-0.42612272303763266
16.354039430618286,0.9280000329017639,-78.61860814159084,-23.16596248049133,0.3400427849071609,-0.4258652762652282,1,320.0,243.0,241.38139185840916,-0.4258652762652282
16.363490343093872,0.9280000329017639,-78.396207373047,-22.917586274763828,0.3399579407078238,-0.42587611820738674,1,320.0,243.0,241.603792626953,-0.42587611820738674
16.373342514038086,0.9120000600814819,-78.17380660450317,-22.669210069036325,0.33987272394417817,-0.4258866265483925,1,320.0,243.0,241.82619339549683,-0.4258866265483925
16.383944511413574,0.9120000600814819,-77.95140583595933,-22.42083386330882,0.33978713461622395,-0.4258968012882454,1,320.0,245.0,242.04859416404065,-0.4258968012882454
16.393263339996338,0.9010000228881836,-77.4309201036035,-22.23095205872172,0.3397774833774738,-0.42551776660383533,1,320.0,245.0,242.5690798963965,-0.42551776660383533
16.40390944480896,0.9010000228881836,-77.2064747691177,-21.98297706632225,0.3396914298467215,-0.42552584255543585,1,320.0,245.0,242.7935252308823,-0.42552584255543585
16.413475036621094,0.8860000371932983,-76.98202943463191,-21.73500207392278,0.3396050043534806,-0.42553358183903467,1,320.0,245.0,243.0179705653681,-0.42553358183903467
16.424128770828247,0.8860000371932983,-76.75758410014612,-21.48702708152331,0.33951820689775114,-0.42554098445463173,1,320.0,246.0,243.24241589985388,-0.42554098445463173
16.43333625793457,0.8750000596046448,-76.25462901353363,-21.189863456310476,0.3393668667580213,-0.42518471093292587,1,320.0,246.0,243.74537098646636,-0.42518471093292587
16.44373869895935,0.8750000596046448,-76.02827337051741,-20.94155107728757,0.3392790891427062,-0.4251901026343339,1,320.0,246.0,243.9717266294826,-0.4251901026343339
16.45355987548828,0.8600000143051147,-75.80191772750119,-20.693238698264665,0.3391909390588226,-0.4251951548022774,1,320.0,246.0,244.19808227249882,-0.4251951548022774
16.464969158172607,0.8600000143051147,-75.57556208448497,-20.44492631924176,0.33910241650637046,-0.4251998674367563,1,320.0,247.0,244.42443791551503,-0.4251998674367563
16.47333550453186,0.8490000367164612,-75.0890801914012,-20.15167733563149,0.33895489775927545,-0.42486488312150106,1,320.0,247.0,244.9109198085988,-0.42486488312150106
16.483831644058228,0.8490000367164612,-74.86094032649446,-19.903056733683876,0.3388654144554411,-0.42486766739683557,1,320.0,247.0,245.13905967350553,-0.42486766739683557
16.49332618713379,0.8340000510215759,-74.63280046158772,-19.65443613173626,0.3387755582207038,-0.4248701094623727,1,320.0,247.0,245.36719953841228,-0.4248701094623727
16.503883123397827,0.8340000510215759,-74.40466059668098,-19.405815529788647,0.33868532905506366,-0.4248722093181125,1,320.0,249.0,245.59533940331903,-0.4248722093181125
16.51387929916382,0.8240000605583191,-73.832656907743,-19.015210406850343,0.33840949543747234,-0.42442536581574425,1,320.0,249.0,246.167343092257,-0.42442536581574425
16.523486852645874,0.8240000605583191,-73.6021584535276,-18.765615921784466,0.33831783850852337,-0.42442512979540115,1,320.0,249.0,246.39784154647242,-0.42442512979540115
16.533677577972412,0.8090000152587891,-73.37165999931219,-18.51602143671859,0.33822580718784684,-0.4244245480273767,1,320.0,249.0,246.6283400006878,-0.4244245480273767
16.543238162994385,0.8090000152587891,-73.14116154509678,-18.26642695165271,0.3381334014754427,-0.42442362051167093,1,320.0,250.0,246.8588384549032,-0.42442362051167093
16.553587198257446,0.7990000247955322,-72.59341178728076,-17.7879276826066,0.3377153123511619,-0.4238995739246713,1,320.0,250.0,247.40658821271924,-0.4238995739246713
16.56307077407837,0.7990000247955322,-72.36073727720496,-17.536763118581234,0.33759475336042977,-0.4237878901598349,1,320.0,250.0,247.63926272279502,-0.4237878901598349
16.573421001434326,0.784000039100647,-72.12806276712917,-17.285598554555868,0.33747419436969756,-0.42367620639499853,1,320.0,250.0,247.87193723287083,-0.42367620639499853
16.583919286727905,0.784000039100647,-71.89538825705337,-17.034433990530502,0.3373536353789654,-0.4235645226301622,1,320.0,252.0,248.10461174294664,-0.4235645226301622
16.593992471694946,0.7740000486373901,-71.26928659156287,-16.4767970919371,0.33683371476404794,-0.4229401671163196,1,320.0,252.0,248.7307134084371,-0.4229401671163196
16.603383779525757,0.7740000486373901,-71.03391352553368,-16.22353040371513,0.3367121467537014,-0.4228271880446256,1,320.0,252.0,248.96608647446632,-0.4228271880446256
16.61299157142639,0.7590000629425049,-70.79854045950448,-15.97026371549316,0.33659057874335485,-0.4227142089729316,1,320.0,252.0,249.20145954049553,-0.4227142089729316
16.623581886291504,0.7590000629425049,-70.56316739347528,-15.71699702727119,0.33646901073300833,-0.42260122990123755,1,320.0,253.0,249.43683260652472,-0.42260122990123755
16.633402585983276,0.7500000596046448,-69.9679205541117,-14.987321758829374,0.3357266383708422,-0.42201930208708255,1,320.0,253.0,250.03207944588831,-0.42201930208708255
16.64394474029541,0.7500000596046448,-69.73007907698867,-14.730787335329786,0.3356035018475624,-0.4219051381780635,1,320.0,253.0,250.26992092301134,-0.4219051381780635
16.654096841812134,0.7350000143051147,-69.49223759986565,-14.474252911830199,0.3354803653242826,-0.42179097426904444,1,320.0,253.0,250.50776240013437,-0.42179097426904444
16.664126873016357,0.7350000143051147,-69.25439612274262,-14.217718488330611,0.33535722880100277,-0.4216768103600254,1,320.0,255.0,250.7456038772574,-0.4216768103600254
16.67411494255066,0.7260000109672546,-68.58686762817463,-13.434203071422054,0.33454738743901274,-0.42100272463655597,1,320.0,255.0,251.41313237182538,-0.42100272463655597
16.68351912498474,0.7260000109672546,-68.34607888400096,-13.174054031573519,0.3344225158998855,-0.4208871460393526,1,320.0,255.0,251.65392111599903,-0.4208871460393526
16.693475484848022,0.7110000252723694,-68.10529013982729,-12.913904991724984,0.33429764436075815,-0.4207715674421493,1,320.0,255.0,251.89470986017272,-0.4207715674421493
16.704068183898926,0.7110000252723694,-67.86450139565362,-12.653755951876448,0.3341727728216309,-0.42065598884494587,1,320.0,257.0,252.13549860434637,-0.42065598884494587
16.713664770126343,0.7020000219345093,-67.13240568825934,-11.721588062645267,0.33317219903618767,-0.419900192176898,1,320.0,257.0,252.86759431174067,-0.419900192176898
16.723040103912354,0.7020000219345093,-66.88824702134818,-11.456829579474963,0.3330451149642659,-0.4197829960167806,1,320.0,257.0,253.11175297865182,-0.4197829960167806
16.73381733894348,0.6880000233650208,-66.64408835443702,-11.192071096304659,0.3329180308923442,-0.41966579985666325,1,320.0,257.0,253.35591164556297,-0.41966579985666325
16.743717193603516,0.6880000233650208,-66.39992968752586,-10.927312613134355,0.33279094682042243,-0.4195486036965459,1,320.0,257.0,253.60007031247414,-0.4195486036965459
16.75384521484375,0.6790000200271606,-66.1557710206147,-10.66255412996405,0.3326638627485007,-0.41943140753642855,1,320.0,259.0,253.84422897938532,-0.41943140753642855
16.76351261138916,0.6790000200271606,-65.37876379183255,-9.605871231980803,0.3315051062131233,-0.4186200476680183,1,320.0,259.0,254.62123620816743,-0.4186200476680183
16.77297806739807,0.6650000214576721,-65.13095182159977,-9.33568317594095,0.33137541594622416,-0.41850109792230655,1,320.0,259.0,254.86904817840025,-0.41850109792230655
16.7838351726532,0.6650000214576721,-64.88313985136698,-9.065495119901097,0.33124572567932503,-0.4183821481765948,1,320.0,259.0,255.116860148633,-0.4183821481765948
16.793286323547363,0.656000018119812,-64.63532788113419,-8.795307063861245,0.3311160354124259,-0.41826319843088305,1,320.0,261.0,255.36467211886583,-0.41826319843088305
16.80373740196228,0.656000018119812,-63.80706803968938,-7.516186563602734,0.3296724127251445,-0.4173883315960763,1,320.0,261.0,256.1929319603106,-0.4173883315960763
16.813462257385254,0.6430000066757202,-63.555278551865655,-7.239084800503239,0.3295394038788568,-0.41726747264192093,1,320.0,261.0,256.4447214481344,-0.41726747264192093
16.824028491973877,0.6430000066757202,-63.303489064041926,-6.961983037403744,0.329406395032569,-0.4171466136877655,1,320.0,261.0,256.6965109359581,-0.4171466136877655
16.833927392959595,0.6340000033378601,-63.0516995762182,-6.684881274304249,0.32927338618628127,-0.41702575473361014,1,320.0,263.0,256.9483004237818,-0.41702575473361014
16.843337774276733,0.6340000033378601,-62.178384781286965,-5.207711773033079,0.3275779222758666,-0.41609568698841376,1,320.0,263.0,257.821615218713,-0.41609568698841376
16.85355830192566,0.6210000514984131,-61.922337988099656,-4.922389822018545,0.3274409677393796,-0.4159727845276839,1,320.0,263.0,258.0776620119003,-0.4159727845276839
16.864910125732422,0.6210000514984131,-61.66629119491235,-4.63706787100401,0.3273040132028926,-0.41584988206695395,1,320.0,263.0,258.33370880508767,-0.41584988206695395
16.873926639556885,0.612000048160553,-61.41024440172504,-4.351745919989476,0.3271670586664056,-0.41572697960622407,1,320.0,266.0,258.58975559827496,-0.41572697960622407
16.883392810821533,0.612000048160553,-60.39504715302911,-2.801036077139166,0.3253828995798616,-0.4146158615220006,1,320.0,266.0,259.6049528469709,-0.4146158615220006
16.89352297782898,0.5990000367164612,-60.13380183146806,-2.5070489731081658,0.32524178576992674,-0.4144904637676513,1,320.0,266.0,259.8661981685319,-0.4144904637676513
16.904002904891968,0.5990000367164612,-59.872556509907014,-2.2130618690771655,0.3251006719599918,-0.414365066013302,1,320.0,266.0,260.127443490093,-0.414365066013302
16.913858890533447,0.5910000205039978,-59.611311188345965,-1.9190747650461653,0.32495955815005695,-0.4142396682589527,1,320.0,268.0,260.38868881165405,-0.4142396682589527
16.923516273498535,0.5910000205039978,-58.57199075207056,-0.09996793827684414,0.3228333763839911,-0.41310154215635986,1,320.0,268.0,261.4280092479294,-0.41310154215635986
16.933653831481934,0.578000009059906,-58.30541832806634,0.20446091983096082,0.32268725053209935,-0.41297358739283785,1,320.0,268.0,261.69458167193363,-0.41297358739283785
16.943968534469604,0.578000009059906,-58.038845904062114,0.5088897779387658,0.3225411246802076,-0.4128456326293158,1,320.0,268.0,261.9611540959379,-0.4128456326293158
16.953279733657837,0.5700000524520874,-57.77227348005789,0.8133186360465707,0.32239499882831585,-0.4127176778657938,1,320.0,271.0,262.2277265199421,-0.4127176778657938
16.963857650756836,0.5700000524520874,-56.61059753999562,2.8714387069530183,0.31996646764833186,-0.41142475801643735,1,320.0,271.0,263.38940246000436,-0.41142475801643735
16.973265409469604,0.5570000410079956,-56.33789748767367,3.1878728446103963,0.3198145792622563,-0.41129386199132284,1,320.0,271.0,263.6621025123263,-0.41129386199132284
16.984532356262207,0.5570000410079956,-56.06519743535173,3.5043069822677744,0.31966269087618077,-0.41116296596620827,1,320.0,271.0,263.9348025646483,-0.41116296596620827
16.993716955184937,0.5490000247955322,-55.79249738302978,3.8207411199251524,0.3195108024901052,-0.41103206994109376,1,320.0,274.0,264.2075026169702,-0.41103206994109376
17.003735780715942,0.5490000247955322,-54.52217055116589,5.9892171608479785,0.3169485915564745,-0.4096028219097232,1,320.0,274.0,265.4778294488341,-0.4096028219097232
17.013494968414307,0.5360000133514404,-54.24264140590998,6.3183291521219225,0.316790617800663,-0.4094686479200004,1,320.0,274.0,265.75735859409,-0.4094686479200004
17.02492904663086,0.5360000133514404,-53.963112260654064,6.6474411433958664,0.3166326440448515,-0.40933447393027755,1,320.0,274.0,266.03688773934596,-0.40933447393027755
17.033350706100464,0.527999997138977,-53.68358311539815,6.97655313466981,0.31647467028903997,-0.40920029994055473,1,320.0,277.0,266.31641688460184,-0.40920029994055473
17.043874263763428,0.527999997138977,-52.31711776142002,9.444567906335834,0.3135330560293428,-0.4076515503640048,1,320.0,277.0,267.68288223857996,-0.4076515503640048
17.05340838432312,0.5160000324249268,-52.030148231108775,9.788321290687257,0.3133680544048541,-0.40751380498945544,1,320.0,277.0,267.9698517688912,-0.40751380498945544
17.064661264419556,0.5160000324249268,-51.74317870079753,10.13207467503868,0.3132030527803654,-0.407376059614906,1,320.0,277.0,268.25682129920244,-0.407376059614906
17.073611974716187,0.5080000162124634,-51.45620917048628,10.475828059390103,0.31303805115587674,-0.4072383142403566,1,320.0,281.0,268.54379082951374,-0.4072383142403566
17.083042860031128,0.5080000162124634,-49.90342252798016,13.210140159084299,0.30976183897189624,-0.4054531616966922,1,320.0,281.0,270.0965774720198,-0.4054531616966922
17.093807220458984,0.4960000216960907,-49.60778787304174,13.570258063236782,0.30958898237790305,-0.40531125706232174,1,320.0,281.0,270.39221212695827,-0.40531125706232174
17.10355830192566,0.4960000216960907,-49.31215321810331,13.930375967389265,0.30941612578390987,-0.40516935242795127,1,320.0,281.0,270.68784678189667,-0.40516935242795127
17.113171100616455,0.4880000352859497,-49.01651856316489,14.290493871541749,0.3092432691899167,-0.40502744779358085,1,320.0,285.0,270.9834814368351,-0.40502744779358085
17.123691082000732,0.4880000352859497,-47.297910120664675,17.362192895373866,0.30554127815336635,-0.4030335366792665,1,320.0,285.0,272.70208987933535,-0.4030335366792665
17.134049654006958,0.47600001096725464,-46.99253397354363,17.74087392873561,0.3053595112573527,-0.4028869561286484,1,320.0,285.0,273.00746602645637,-0.4028869561286484
17.143879652023315,0.47600001096725464,-46.687157826422585,18.119554962097347,0.3051777443613391,-0.4027403755780303,1,320.0,285.0,273.3128421735774,-0.4027403755780303
17.15316367149353,0.46800002455711365,-46.38178167930154,18.49823599545909,0.3049959774653254,-0.4025937950274122,1,320.0,289.0,273.6182183206985,-0.4025937950274122
17.163586616516113,0.46800002455711365,-44.516139700633815,21.869456859793726,0.30091921577674563,-0.40041642202885613,1,320.0,289.0,275.4838602993662,-0.40041642202885613
17.172941207885742,0.46800002455711365,-44.200081346439475,22.268626023769624,0.30072761457803715,-0.40026471401884284,1,320.0,289.0,275.79991865356055,-0.40026471401884284
17.183611154556274,0.45600003004074097,-43.884022992245136,22.667795187745526,0.3005360133793287,-0.40011300600882954,1,320.0,289.0,276.11597700775485,-0.40011300600882954
17.19321918487549,0.45600003004074097,-43.567964638050796,23.066964351721428,0.3003444121806203,-0.3999612979988163,1,320.0,294.0,276.4320353619492,-0.3999612979988163
17.203811645507812,0.4490000307559967,-41.47115482813022,26.70297972343987,0.29593958813676,-0.39749168477079894,1,320.0,294.0,278.52884517186976,-0.39749168477079894
17.21375846862793,0.43700000643730164,-41.14290360294208,27.124311692961065,0.2957373487913899,-0.39733412418270864,1,320.0,294.0,278.85709639705794,-0.39733412418270864
17.223915815353394,0.43700000643730164,-40.81465237775394,27.545643662482263,0.2955351094460197,-0.3971765635946183,1,320.0,294.0,279.18534762224607,-0.3971765635946183
17.233306169509888,0.4300000071525574,-40.4864011525658,27.966975632003457,0.29533287010064957,-0.397019003006528,1,320.0,299.0,279.5135988474342,-0.397019003006528
17.243672609329224,0.4300000071525574,-38.184135043169086,31.937229282846047,0.2905108970213532,-0.3942918102961376,1,320.0,299.0,281.8158649568309,-0.3942918102961376
17.253105878829956,0.4300000071525574,-37.842366276498616,32.38286334675801,0.29029699267067544,-0.39412776128813576,1,320.0,299.0,282.15763372350136,-0.39412776128813576
17.26370620727539,0.4180000126361847,-37.50059750982815,32.82849741066997,0.29008308831999774,-0.39396371228013394,1,320.0,299.0,282.49940249017186,-0.39396371228013394
17.273377656936646,0.41100001335144043,-37.15882874315768,33.274131474581935,0.28986918396931993,-0.3937996632721321,1,320.0,306.0,282.8411712568423,-0.3937996632721321
17.283820629119873,0.41100001335144043,-34.47222291581014,37.64076917526617,0.28455084560440314,-0.3905830626321657,1,320.0,306.0,285.52777708418984,-0.3905830626321657
17.29316210746765,0.39900001883506775,-34.114395567116006,38.11325617474971,0.28432405184465104,-0.3904113055047925,1,320.0,306.0,285.885604432884,-0.3904113055047925
17.304092407226562,0.39900001883506775,-33.75656821842187,38.58574317423324,0.28409725808489894,-0.3902395483774193,1,320.0,306.0,286.2434317815781,-0.3902395483774193
17.31371259689331,0.3920000195503235,-33.39874086972773,39.058230173716765,0.28387046432514684,-0.39006779125004615,1,320.0,313.0,286.6012591302723,-0.39006779125004615
17.32320547103882,0.3920000195503235,-30.369191958748825,43.87669916278501,0.27798559329479205,-0.38641769319048075,1,320.0,313.0,289.63080804125116,-0.38641769319048075
17.333555459976196,0.38100001215934753,-29.993065321868894,44.37895287823189,0.2777445115113775,-0.38623715240477835,1,320.0,313.0,290.00693467813113,-0.38623715240477835
17.344387531280518,0.38100001215934753,-29.616938684988963,44.881206593678776,0.27750342972796305,-0.386056611619076,1,320.0,313.0,290.38306131501105,-0.386056611619076
17.35318946838379,0.38100001215934753,-29.24081204810903,45.38346030912566,0.2772623479445485,-0.3858760708333736,1,320.0,321.0,290.75918795189096,-0.3858760708333736
17.363787412643433,0.37400001287460327,-25.805238217382158,50.60188504925301,0.2708808020783153,-0.381712123697735,1,320.0,321.0,294.19476178261783,-0.381712123697735
17.373358726501465,0.3630000054836273,-25.40815431636148,51.136444614624665,0.2706242134869369,-0.38152152342524503,1,320.0,321.0,294.5918456836385,-0.38152152342524503
17.383923768997192,0.3630000054836273,-25.0110704153408,51.67100417999632,0.2703676248955585,-0.38133092315275513,1,320.0,321.0,294.9889295846592,-0.38133092315275513
17.393478393554688,0.35500001907348633,-24.61398651432012,52.20556374536796,0.2701110363041801,-0.3811403228802652,1,320.0,329.0,295.3860134856799,-0.3811403228802652
17.40389847755432,0.35500001907348633,-20.817235588141614,58.07967159580264,0.26290186086112277,-0.37652304098653777,1,320.0,329.0,299.1827644118584,-0.37652304098653777
17.413453102111816,0.3440000116825104,-20.396861341711254,58.65081119179803,0.262627713855045,-0.3763212613482512,1,320.0,329.0,299.60313865828874,-0.3763212613482512
17.42488980293274,0.3440000116825104,-19.976487095280895,59.22195078779342,0.2623535668489672,-0.3761194817099646,1,320.0,329.0,300.0235129047191,-0.3761194817099646
17.433435440063477,0.3370000123977661,-19.556112848850535,59.79309038378881,0.2620794198428894,-0.3759177020716781,1,320.0,339.0,300.44388715114945,-0.3759177020716781
17.443791151046753,0.3370000123977661,-15.237233994790412,66.35078808659293,0.25400969148100183,-0.3706393643690486,1,320.0,339.0,304.7627660052096,-0.3706393643690486
17.453429222106934,0.3370000123977661,-14.790149116254382,66.96294462812617,0.2537158563410659,-0.3704247636273513,1,320.0,339.0,305.2098508837456,-0.3704247636273513
17.464208126068115,0.3270000219345093,-14.343064237718352,67.5751011696594,0.25342202120112994,-0.370210162885654,1,320.0,339.0,305.65693576228165,-0.370210162885654
17.473762035369873,0.320000022649765,-13.895979359182322,68.18725771119264,0.253128186061194,-0.3699955621439567,1,320.0,351.0,306.1040206408177,-0.3699955621439567
17.48309898376465,0.320000022649765,-8.910323855134411,75.45247724856125,0.24417029625650521,-0.36387053728273866,1,320.0,351.0,311.08967614486556,-0.36387053728273866
17.494086265563965,0.320000022649765,-8.432139724771089,76.11022199365075,0.24385457877886224,-0.36364100890016426,1,320.0,351.0,311.5678602752289,-0.36364100890016426
17.503865957260132,0.30900001525878906,-7.953955594407766,76.76796673874026,0.2435388613012193,-0.36341148051758987,1,320.0,351.0,312.0460444055922,-0.36341148051758987
17.51373839378357,0.30900001525878906,-7.475771464044444,77.42571148382976,0.24322314382357632,-0.3631819521350155,1,320.0,364.0,312.52422853595556,-0.3631819521350155
17.523240566253662,0.3020000159740448,-1.7947891496946833,85.4187397177696,0.23335434855813858,-0.3561765798683747,1,320.0,364.0,318.2052108503053,-0.3561765798683747
17.533976316452026,0.3020000159740448,-1.280950846366753,86.12675231046865,0.23301450251364306,-0.3559299374827773,1,320.0,364.0,318.71904915363325,-0.3559299374827773
17.54364776611328,0.29200002551078796,-0.7671125430388226,86.8347649031677,0.2326746564691475,-0.3556832950971799,1,320.0,364.0,319.2328874569612,-0.3556832950971799
17.553964138031006,0.29200002551078796,-0.25327423971089225,87.54277749586674,0.23233481042465196,-0.3554366527115825,1,320.0,379.0,319.7467257602891,-0.3554366527115825
17.56352663040161,0.2850000262260437,6.248569541997071,96.58373550672536,0.22114195235986858,-0.34739109983597,1,320.0,379.0,326.2485695419971,-0.34739109983597
17.572936534881592,0.2850000262260437,6.803446744161607,97.3488580845875,0.22077469352249476,-0.347124758778931,1,320.0,379.0,326.8034467441616,-0.347124758778931
17.583481788635254,0.27400001883506775,7.358323946326143,98.11398066244965,0.22040743468512092,-0.346858417721892,1,320.0,379.0,327.35832394632615,-0.346858417721892
17.59388303756714,0.27400001883506775,7.913201148490679,98.87910324031179,0.2200401758477471,-0.34659207666485303,1,320.0,,327.91320114849066,-0.34659207666485303
17.603418111801147,0.2680000066757202,8.468078350655215,99.64422581817394,0.21967291701037328,-0.3463257356078141,1,320.0,,328.4680783506552,-0.3463257356078141
17.61391806602478,0.2680000066757202,9.02295555281975,100.40934839603608,0.21930565817299946,-0.34605939455077506,1,320.0,,329.0229555528197,-0.34605939455077506
17.624162912368774,0.25699999928474426,9.577832754984286,101.17447097389822,0.21893839933562562,-0.3457930534937361,1,320.0,,329.5778327549843,-0.3457930534937361
17.634435653686523,0.25699999928474426,10.13270995714882,101.93959355176037,0.21857114049825177,-0.34552671243669714,1,320.0,,330.13270995714885,-0.34552671243669714
17.644006490707397,0.2510000169277191,10.687587159313356,102.70471612962251,0.21820388166087795,-0.34526037137965815,1,320.0,,330.68758715931335,-0.34526037137965815
17.65341567993164,0.2510000169277191,11.242464361477891,103.46983870748466,0.21783662282350413,-0.3449940303226192,1,320.0,,331.2424643614779,-0.3449940303226192
17.664157152175903,0.2410000115633011,11.797341563642426,104.2349612853468,0.21746936398613032,-0.3447276892655802,1,320.0,,331.7973415636424,-0.3447276892655802
17.67376732826233,0.2410000115633011,12.352218765806962,105.00008386320894,0.21710210514875647,-0.34446134820854124,1,320.0,,332.352218765807,-0.34446134820854124
17.683155298233032,0.23400001227855682,12.907095967971497,105.76520644107109,0.21673484631138265,-0.34419500715150225,1,320.0,,332.9070959679715,-0.34419500715150225
17.693612575531006,0.23400001227855682,13.461973170136032,106.53032901893323,0.2163675874740088,-0.34392866609446326,1,320.0,,333.46197317013605,-0.34392866609446326
17.70322608947754,0.2240000069141388,14.016850372300567,107.29545159679537,0.216000328636635,-0.34366232503742433,1,320.0,,334.01685037230055,-0.34366232503742433
17.714362382888794,0.2240000069141388,14.571727574465102,108.06057417465752,0.21563306979926117,-0.3433959839803853,1,320.0,,334.5717275744651,-0.3433959839803853
17.723846435546875,0.21700000762939453,15.126604776629637,108.82569675251966,0.21526581096188732,-0.34312964292334636,1,320.0,,335.1266047766296,-0.34312964292334636
17.73336434364319,0.21700000762939453,15.681481978794173,109.5908193303818,0.2148985521245135,-0.34286330186630737,1,320.0,,335.6814819787942,-0.34286330186630737
17.744048833847046,0.2070000171661377,16.236359180958708,110.35594190824395,0.21453129328713966,-0.3425969608092684,1,320.0,,336.2363591809587,-0.3425969608092684
17.753957271575928,0.2070000171661377,16.791236383123245,111.12106448610609,0.21416403444976584,-0.34233061975222945,1,320.0,,336.79123638312325,-0.34233061975222945
17.76346468925476,0.20000000298023224,17.34611358528778,111.88618706396824,0.21379677561239202,-0.3420642786951904,1,320.0,,337.34611358528775,-0.3420642786951904
17.77395796775818,0.20000000298023224,17.90099078745232,112.65130964183038,0.21342951677501817,-0.34179793763815147,1,320.0,,337.9009907874523,-0.34179793763815147
17.783513069152832,0.1900000125169754,18.455867989616856,113.41643221969252,0.21306225793764436,-0.3415315965811125,1,320.0,,338.4558679896169,-0.3415315965811125
