time,alt,pos_x_est,pos_y_est,vel_x_cmd,vel_y_cmd,target_visible,setpoint_x,raw_x,filtered_x,cmd_y
9.044198274612427,4.521000385284424,-104.74683564904329,-98.77945075620488,0.14271524043146933,-0.1621304654425861,1,320.0,225.0,215.2531643509567,-0.1621304654425861
9.054120779037476,4.5360002517700195,-104.86653741066159,-98.8756961522118,0.1433251133874387,-0.16279844024358137,1,320.0,,215.13346258933842,-0.16279844024358137
9.063657760620117,4.5360002517700195,-104.9862391722799,-98.95464949311261,0.14391463064398524,-0.16346701355338475,1,320.0,,215.0137608277201,-0.16346701355338475
9.073863506317139,4.560000419616699,-105.1059409338982,-99.06102532507491,0.1445375867689654,-0.1641361853719962,1,320.0,,214.89405906610182,-0.1641361853719962
9.083429336547852,4.560000419616699,-105.2256426955165,-99.13997866597572,0.14512803067137622,-0.16480595569941575,1,320.0,,214.7743573044835,-0.16480595569941575
9.093071937561035,4.574000358581543,-105.3453444571348,-99.23479056656433,0.14573797890491538,-0.16547632453564337,1,320.0,,214.6546555428652,-0.16547632453564337
9.103580474853516,4.574000358581543,-105.4650462187531,-99.31374390746514,0.14632929163353367,-0.1661472918806791,1,320.0,,214.53495378124688,-0.1661472918806791
9.113003969192505,4.593000411987305,-105.5847479803714,-99.41405951673654,0.14694674066224303,-0.16681885773452293,1,320.0,,214.4152520196286,-0.16681885773452293
9.124287366867065,4.593000411987305,-105.7044497419897,-99.49301285763735,0.14753894973561218,-0.16749102209717484,1,320.0,,214.29555025801028,-0.16749102209717484
9.134306907653809,4.604000091552734,-105.82415150360801,-99.58424994612496,0.14814635549152796,-0.16816378496863485,1,320.0,,214.175848496392,-0.16816378496863485
9.143747091293335,4.604000091552734,-105.94385326522631,-99.66320328702577,0.14873941551704406,-0.16883714634890293,1,320.0,,214.05614673477368,-0.16883714634890293
9.154175281524658,4.615000247955322,-106.06355502684461,-99.75438024535913,0.1493475997682709,-0.1695111062379791,1,320.0,,213.9364449731554,-0.1695111062379791
9.163686990737915,4.615000247955322,-106.18325678846291,-99.83333358625994,0.14994151044528314,-0.17018566463586338,1,320.0,224.0,213.81674321153707,-0.17018566463586338
9.172971487045288,4.62000036239624,-104.91130173755036,-98.9924070995289,0.14756419257858577,-0.16638201058881108,1,320.0,224.0,215.08869826244964,-0.16638201058881108
9.18348741531372,4.62000036239624,-105.02166395085317,-99.06514988003599,0.14814680966459445,-0.16703955356452874,1,320.0,224.0,214.97833604914683,-0.16703955356452874
9.19393515586853,4.625,-105.13202616415597,-99.14341603960722,0.14873644613627796,-0.16769764835131287,1,320.0,224.0,214.86797383584403,-0.16769764835131287
9.203721523284912,4.625,-105.24238837745878,-99.2161588201143,0.14931981826698704,-0.16835629494916354,1,320.0,223.0,214.75761162254122,-0.16835629494916354
9.213099718093872,4.625,-104.27831051643935,-98.61843533611744,0.14775230861627842,-0.16556806506489524,1,320.0,223.0,215.72168948356065,-0.16556806506489524
9.223520278930664,4.625,-104.38149696973007,-98.68670033780255,0.14832766011998955,-0.16621379629369276,1,320.0,223.0,215.61850303026995,-0.16621379629369276
9.232982397079468,4.622000217437744,-104.48468342302078,-98.75165279738627,0.14889936133547696,-0.16686004345475672,1,320.0,223.0,215.51531657697922,-0.16686004345475672
9.244287729263306,4.622000217437744,-104.5878698763115,-98.81991779907138,0.14947537892649443,-0.16750680654808714,1,320.0,223.0,215.41213012368848,-0.16750680654808714
9.253024339675903,4.618000030517578,-104.69105632960222,-98.88375861541948,0.15004640669918926,-0.168154085573684,1,320.0,,215.30894367039778,-0.168154085573684
9.263423442840576,4.618000030517578,-104.79424278289294,-98.95202361710459,0.1506230848192969,-0.16880188053154735,1,320.0,,215.20575721710708,-0.16880188053154735
9.27308702468872,4.610000133514404,-104.89742923618365,-99.0114169159762,0.15118941386252274,-0.16945019142167714,1,320.0,,215.10257076381635,-0.16945019142167714
9.284249544143677,4.610000133514404,-105.00061568947437,-99.0796819176613,0.15176673027413315,-0.17009901824407334,1,320.0,,214.9993843105256,-0.17009901824407334
9.29334568977356,4.6020002365112305,-105.10380214276509,-99.13904326124026,0.1523336591027341,-0.17074836099873603,1,320.0,220.0,214.8961978572349,-0.17074836099873603
9.303825378417969,4.6020002365112305,-104.50284482320878,-98.91871856781314,0.15199137626037748,-0.16915288856105568,1,320.0,220.0,215.49715517679124,-0.16915288856105568
9.313993453979492,4.588000297546387,-104.6013751502384,-98.96941633134402,0.15254706065827123,-0.1697941318292424,1,320.0,220.0,215.3986248497616,-0.1697941318292424
9.32450556755066,4.588000297546387,-104.69990547726802,-99.03577304368552,0.15312186757829946,-0.17043586774906427,1,320.0,220.0,215.30009452273197,-0.17043586774906427
9.333829402923584,4.577000141143799,-104.79843580429764,-99.08975642914501,0.15368209642299657,-0.17107809632052132,1,320.0,218.0,215.20156419570236,-0.17107809632052132
9.343557119369507,4.577000141143799,-104.52950512732725,-99.14685419342999,0.154228048950403,-0.17055178997349102,1,320.0,218.0,215.47049487267276,-0.17055178997349102
9.35388469696045,4.560000419616699,-104.62561466415588,-99.19390639592686,0.1547804811253789,-0.17119024949100614,1,320.0,218.0,215.37438533584412,-0.17119024949100614
9.364323854446411,4.560000419616699,-104.7217242009845,-99.26020211139935,0.15535633699450285,-0.1718291895562054,1,320.0,218.0,215.2782757990155,-0.1718291895562054
9.373273849487305,4.547000408172607,-104.81783373781312,-99.31168131331499,0.1559146704433682,-0.17246861016908882,1,320.0,215.0,215.18216626218688,-0.17246861016908882
9.383676767349243,4.547000408172607,-104.93688781360676,-99.58876110207993,0.15716074406056962,-0.1731814026327796,1,320.0,215.0,215.06311218639325,-0.1731814026327796
9.393832683563232,4.526000022888184,-105.03314816088094,-99.63232108524495,0.1577111776457939,-0.17382208079031303,1,320.0,215.0,214.96685183911904,-0.17382208079031303
9.404360055923462,4.526000022888184,-105.12940850815512,-99.70000224760135,0.15829089505185956,-0.17446324024958282,1,320.0,215.0,214.8705914918449,-0.17446324024958282
9.414059400558472,4.51200008392334,-105.2256688554293,-99.75147366452804,0.15885141812049422,-0.175104881010589,1,320.0,213.0,214.77433114457068,-0.175104881010589
9.423885107040405,4.51200008392334,-105.53769079280447,-100.20747501935051,0.16066453175840223,-0.17643198159007514,1,320.0,213.0,214.46230920719552,-0.17643198159007514
9.43399691581726,4.48900032043457,-105.63536775941422,-100.25084801933838,0.16121783359848435,-0.17707737078880392,1,320.0,213.0,214.36463224058576,-0.17707737078880392
9.444717407226562,4.48900032043457,-105.73304472602398,-100.32107876381819,0.1618037158856792,-0.17772324837236572,1,320.0,213.0,214.266955273976,-0.17772324837236572
9.453283786773682,4.473999977111816,-105.83072169263373,-100.3736387118771,0.16236865601690928,-0.17836961434076062,1,320.0,,214.16927830736626,-0.17836961434076062
9.463942766189575,4.473999977111816,-105.92839865924348,-100.44386945635692,0.16295515225756685,-0.17901646869398855,1,320.0,,214.0716013407565,-0.17901646869398855
9.474022626876831,4.450000286102295,-106.02607562585324,-100.48557091688787,0.16350762186478845,-0.1796638114320495,1,320.0,,213.97392437414675,-0.1796638114320495
9.485051393508911,4.450000286102295,-106.12375259246299,-100.55580166136768,0.16409467776647105,-0.18031164255494353,1,320.0,,213.876247407537,-0.18031164255494353
9.493678331375122,4.433000087738037,-106.22142955907275,-100.60562976207781,0.16465749963613358,-0.1809599620626706,1,320.0,209.0,213.77857044092724,-0.1809599620626706
9.503132820129395,4.433000087738037,-106.9301551392699,-101.34665026065491,0.1673715536476822,-0.18354578886353334,1,320.0,209.0,213.0698448607301,-0.18354578886353334
9.513759851455688,4.409000396728516,-107.03183445697609,-101.39219370445119,0.16793316674875997,-0.18420296321706564,1,320.0,209.0,212.96816554302393,-0.18420296321706564
9.525348901748657,4.409000396728516,-107.13351377468227,-101.46681810280417,0.16853005011729758,-0.1848606459671865,1,320.0,209.0,212.86648622531771,-0.1848606459671865
9.533665180206299,4.392000198364258,-107.23519309238846,-101.52064341668657,0.1691022437110399,-0.18551883711389583,1,320.0,207.0,212.76480690761156,-0.18551883711389583
9.543238401412964,4.392000198364258,-108.04676737666074,-102.36871217169697,0.17215002870379578,-0.1884264725794592,1,320.0,207.0,211.95323262333926,-0.1884264725794592
9.553908586502075,4.367000102996826,-108.1530917359921,-102.41750542474318,0.17272066813457498,-0.1890948272693368,1,320.0,207.0,211.84690826400788,-0.1890948272693368
9.564894914627075,4.367000102996826,-108.25941609532347,-102.49719068618245,0.173328776401733,-0.18976371358101105,1,320.0,207.0,211.74058390467653,-0.18976371358101105
9.573988676071167,4.350000381469727,-108.36574045465484,-102.55565924433253,0.17391171696773475,-0.19043313151448196,1,320.0,205.0,211.63425954534517,-0.19043313151448196
9.583441972732544,4.350000381469727,-109.26342325936751,-103.49344034667469,0.17723896995101268,-0.19361011045599202,1,320.0,205.0,210.73657674063247,-0.19361011045599202
9.593200922012329,4.325000286102295,-109.37492576023074,-103.54722413469244,0.17782124661730747,-0.19429078808582903,1,320.0,205.0,210.62507423976928,-0.19429078808582903
9.604759693145752,4.325000286102295,-109.48642826109396,-103.6325242243275,0.17844176934599115,-0.1949720232281704,1,320.0,205.0,210.51357173890602,-0.1949720232281704
9.613256692886353,4.308000087738037,-109.59793076195719,-103.69617605984442,0.1790366324289107,-0.19565381588301606,1,320.0,203.0,210.40206923804283,-0.19565381588301606
9.623651027679443,4.308000087738037,-110.56891888669169,-104.5942831492954,0.18223421708788226,-0.19906043832068138,1,320.0,203.0,209.43108111330832,-0.19906043832068138
9.633023262023926,4.2829999923706055,-110.68605002786676,-104.65274646831642,0.18282763680304903,-0.1997544259402308,1,320.0,203.0,209.31394997213323,-0.1997544259402308
9.643933534622192,4.2829999923706055,-110.80318116904182,-104.74336950707108,0.18346010129708998,-0.20044899921548612,1,320.0,203.0,209.1968188309582,-0.20044899921548612
9.653478145599365,4.2829999923706055,-110.92031231021689,-104.83399254582574,0.1840930189063247,-0.20114415814644723,1,320.0,201.0,209.0796876897831,-0.20114415814644723
9.664063453674316,4.266000270843506,-111.95447686385775,-105.90472642906323,0.18787932530183488,-0.20474925372312783,1,320.0,201.0,208.04552313614226,-0.20474925372312783
9.67349910736084,4.241000175476074,-112.07762242412612,-105.9690994380752,0.18848641840983962,-0.20545741650757052,1,320.0,201.0,207.9223775758739,-0.20545741650757052
9.683295011520386,4.241000175476074,-112.20076798439449,-106.06629548384147,0.18913338514217834,-0.20616619501981454,1,320.0,201.0,207.79923201560553,-0.20616619501981454
9.693411827087402,4.241000175476074,-112.32391354466286,-106.16349152960774,0.18978083785474592,-0.20687558925985985,1,320.0,200.0,207.67608645533716,-0.20687558925985985
9.704065322875977,4.223999977111816,-113.30165426960107,-107.17841196437817,0.1933883307273142,-0.2103001701697147,1,320.0,200.0,206.69834573039893,-0.2103001701697147
9.713630437850952,4.223999977111816,-113.43041577576471,-107.28178699778117,0.1940487897023867,-0.2110218360559899,1,320.0,200.0,206.56958422423529,-0.2110218360559899
9.723227262496948,4.200000286102295,-113.55917728192836,-107.35300371962748,0.19467101478720042,-0.2117441457497959,1,320.0,200.0,206.44082271807164,-0.2117441457497959
9.73393964767456,4.200000286102295,-113.687938788092,-107.45637875303048,0.1953323467210492,-0.21246709925113272,1,320.0,197.0,206.312061211908,-0.21246709925113272
9.743494987487793,4.183000087738037,-114.83667885507684,-108.53328249421574,0.19913647023494027,-0.21643525770641434,1,320.0,197.0,205.16332114492315,-0.21643525770641434
9.753734588623047,4.159000396728516,-114.9721586511759,-108.61040232312591,0.19977206604124811,-0.21717269425498908,1,320.0,197.0,205.0278413488241,-0.21717269425498908
9.763388395309448,4.159000396728516,-115.10763844727497,-108.72034126523558,0.20044759447810587,-0.2179108082025443,1,320.0,197.0,204.89236155272505,-0.2179108082025443
9.773722171783447,4.159000396728516,-115.24311824337403,-108.83028020734524,0.2011236726096742,-0.21864959954908003,1,320.0,196.0,204.75688175662597,-0.21864959954908003
9.783285140991211,4.14300012588501,-116.32466155142285,-109.96265423266956,0.2051016122327047,-0.22240327548724587,1,320.0,196.0,203.67533844857715,-0.22240327548724587
9.79384732246399,4.14300012588501,-116.46638868305774,-110.07949076651748,0.20579221352715482,-0.223155679988623,1,320.0,196.0,203.53361131694226,-0.223155679988623
9.803403854370117,4.11899995803833,-116.60811581469264,-110.1628430066704,0.20644305043037164,-0.22390879312565834,1,320.0,196.0,203.39188418530736,-0.22390879312565834
9.813469409942627,4.11899995803833,-116.74984294632753,-110.27967954051832,0.20713465266869174,-0.22466261489835188,1,320.0,194.0,203.25015705367247,-0.22466261489835188
9.823976755142212,4.103000164031982,-117.87940079669991,-111.45931967030172,0.21126344415619155,-0.2285696924217171,1,320.0,194.0,202.1205992033001,-0.2285696924217171
9.833644390106201,4.103000164031982,-118.02766863199791,-111.58334262659434,0.21197018841687565,-0.2293377521672347,1,320.0,194.0,201.97233136800207,-0.2293377521672347
9.843570947647095,4.080000400543213,-118.17593646729591,-111.67462901511244,0.21263810522817295,-0.2301065532519288,1,320.0,194.0,201.8240635327041,-0.2301065532519288
9.853442668914795,4.080000400543213,-118.32420430259391,-111.79865197140506,0.2133459260355811,-0.23087609567579934,1,320.0,191.0,201.6757956974061,-0.23087609567579934
9.86474347114563,4.064000129699707,-119.60147240973622,-113.01950584811391,0.2176065920435051,-0.23525562984498666,1,320.0,191.0,200.39852759026377,-0.23525562984498666
9.87344741821289,4.064000129699707,-119.75723626196279,-113.1509639504953,0.21833009658611527,-0.23604133264896837,1,320.0,191.0,200.2427637380372,-0.23604133264896837
9.884154558181763,4.0410003662109375,-119.91300011418936,-113.24902619964223,0.21901401641608978,-0.23682781427221117,1,320.0,191.0,200.08699988581066,-0.23682781427221117
9.894208908081055,4.0410003662109375,-120.06876396641593,-113.38048430202362,0.21973866856045757,-0.23761507471471516,1,320.0,189.0,199.93123603358407,-0.23761507471471516
9.903616189956665,4.025000095367432,-121.37110288854919,-114.63711035076605,0.22411402401159908,-0.2420748413765002,1,320.0,189.0,198.6288971114508,-0.2420748413765002
9.913156986236572,4.025000095367432,-121.53450042224503,-114.7762158486171,0.2248548316882634,-0.24287859091904646,1,320.0,189.0,198.46549957775497,-0.24287859091904646
9.924278497695923,4.003000259399414,-121.69789795594087,-114.88273601067444,0.22555706956278557,-0.24368315744926117,1,320.0,189.0,198.30210204405913,-0.24368315744926117
9.933061122894287,4.003000259399414,-121.86129548963672,-115.02184150852548,0.22629910536774944,-0.24448854096714434,1,320.0,188.0,198.13870451036328,-0.24448854096714434
9.943439245223999,3.9880001544952393,-123.08086049648035,-116.3108087468413,0.2307752355119303,-0.2486826657847256,1,320.0,188.0,196.91913950351966,-0.2486826657847256
9.952972650527954,3.9880001544952393,-123.25130883853248,-116.45774029607391,0.23153384207248978,-0.2495034603393808,1,320.0,188.0,196.74869116146752,-0.2495034603393808
9.96367335319519,3.9650001525878906,-123.4217571805846,-116.56993231616799,0.2322513221581835,-0.2503251071357463,1,320.0,188.0,196.57824281941538,-0.2503251071357463
9.973851919174194,3.9650001525878906,-123.59220552263673,-116.7168638654006,0.23301122433658966,-0.25114760617382204,1,320.0,186.0,196.40779447736327,-0.25114760617382204
9.983306884765625,3.950000286102295,-124.84064966666524,-118.0321657090355,0.2375717944377539,-0.2554345671117492,1,320.0,186.0,195.15935033333477,-0.2554345671117492
9.99380612373352,3.950000286102295,-125.01831342443991,-118.18707074846895,0.2383486158388164,-0.256272855188201,1,320.0,186.0,194.9816865755601,-0.256272855188201
10.003388404846191,3.9280002117156982,-125.19597718221458,-118.3080838291795,0.2390853719548149,-0.2571120315834417,1,320.0,186.0,194.80402281778544,-0.2571120315834417
10.013306856155396,3.9280002117156982,-125.37364093998924,-118.46298886861295,0.23986357294647812,-0.25795209629747123,1,320.0,183.0,194.62635906001077,-0.25795209629747123
10.023751020431519,3.9130001068115234,-126.74977373921664,-119.80044995614772,0.24449505469916372,-0.26264978769292635,1,320.0,183.0,193.25022626078336,-0.26264978769292635
10.03327226638794,3.9130001068115234,-126.93547944088358,-119.96344674957406,0.24529046808502322,-0.2635073119321311,1,320.0,183.0,193.06452055911643,-0.2635073119321311
10.043994188308716,3.891000270843506,-127.12118514255053,-120.09187840730321,0.2460450454663347,-0.2643657646998442,1,320.0,183.0,192.87881485744947,-0.2643657646998442
10.053217887878418,3.891000270843506,-127.30689084421748,-120.25487520072956,0.24684191599444993,-0.2652251459960656,1,320.0,181.0,192.6931091557825,-0.2652251459960656
10.063910722732544,3.877000093460083,-128.69317602521997,-121.61220510587293,0.25153357289950873,-0.26995474292909877,1,320.0,181.0,191.30682397478003,-0.26995474292909877
10.0733003616333,3.877000093460083,-128.88695702300592,-121.78338456594379,0.25234790517442346,-0.27083171491155694,1,320.0,181.0,191.11304297699408,-0.27083171491155694
10.084244728088379,3.8550002574920654,-129.08073802079187,-121.91932409265075,0.25312062922693507,-0.271709655799004,1,320.0,181.0,190.91926197920813,-0.271709655799004
10.09335470199585,3.8550002574920654,-129.27451901857782,-122.09050355272163,0.25393649709678373,-0.27258856559144007,1,320.0,179.0,190.72548098142218,-0.27258856559144007
10.103777170181274,3.8410000801086426,-130.66826354239353,-123.46254157209827,0.25867462902957494,-0.2773411669739262,1,320.0,179.0,189.33173645760647,-0.2773411669739262
10.113344192504883,3.8410000801086426,-130.87013376230016,-123.64196894417472,0.2595081517207875,-0.27823776190662564,1,320.0,179.0,189.12986623769984,-0.27823776190662564
10.123964786529541,3.819000244140625,-131.07200398220678,-123.78546162993185,0.26029927025184574,-0.2791353661904246,1,320.0,179.0,188.92799601779322,-0.2791353661904246
10.13404107093811,3.819000244140625,-131.2738742021134,-123.96488900200829,0.26113440754334755,-0.2800339798253232,1,320.0,177.0,188.7261257978866,-0.2800339798253232
10.143676280975342,3.805000066757202,-132.67254125520662,-125.34827207997509,0.26590793413904135,-0.284801158702479,1,320.0,177.0,187.32745874479338,-0.284801158702479
10.153292179107666,3.805000066757202,-132.88249619413713,-125.53598853719066,0.266760873830386,-0.28571751711016635,1,320.0,177.0,187.11750380586287,-0.28571751711016635
10.163769245147705,3.7840001583099365,-133.09245113306764,-125.68873026737711,0.26757260755794665,-0.2866349252925483,1,320.0,177.0,186.90754886693236,-0.2866349252925483
10.173540115356445,3.7840001583099365,-133.30240607199815,-125.87644672459268,0.26842724954022823,-0.2875533832496249,1,320.0,175.0,186.69759392800185,-0.2875533832496249
10.183189630508423,3.7700002193450928,-134.7036115376988,-127.26805591080812,0.2732258382032655,-0.29232719180345224,1,320.0,175.0,185.2963884623012,-0.29232719180345224
10.193595170974731,3.7700002193450928,-134.92162928975364,-127.4640800925571,0.27409838762182703,-0.2932634212523667,1,320.0,175.0,185.07837071024636,-0.2932634212523667
10.20411992073059,3.749000072479248,-135.13964704180847,-127.62444567190933,0.2749289485454093,-0.2942007407900416,1,320.0,175.0,184.86035295819153,-0.2942007407900416
10.213844299316406,3.749000072479248,-135.3576647938633,-127.82046985365831,0.27580327991277637,-0.29513915041647676,1,320.0,173.0,184.6423352061367,-0.29513915041647676
10.223767757415771,3.7350001335144043,-136.7591749525887,-129.21739081343642,0.28061727129329744,-0.299912126318508,1,320.0,173.0,183.2408250474113,-0.299912126318508
10.233282804489136,3.7350001335144043,-136.98521726409953,-129.42172032610114,0.28150957531012566,-0.3008683031786415,1,320.0,173.0,183.01478273590047,-0.3008683031786415
10.244022369384766,3.7140002250671387,-137.21125957561037,-129.5896879387042,0.2823590848849428,-0.30182561025033255,1,320.0,173.0,182.78874042438963,-0.30182561025033255
10.253583908081055,3.7140002250671387,-137.4373018871212,-129.79401745136892,0.28325325038739735,-0.3027840475335812,1,320.0,171.0,182.5626981128788,-0.3027840475335812
10.263066530227661,3.700000286102295,-138.83703164162816,-131.19354362729095,0.2880736625456137,-0.30754921949608893,1,320.0,171.0,181.16296835837184,-0.30754921949608893
10.273650646209717,3.700000286102295,-139.07104499013528,-131.4061565167189,0.2889858287955108,-0.3085253907392481,1,320.0,171.0,180.92895500986472,-0.3085253907392481
10.283030271530151,3.680000066757202,-139.3050583386424,-131.5834582879453,0.2898565082124222,-0.30950273204914985,1,320.0,171.0,180.6949416613576,-0.30950273204914985
10.293528079986572,3.680000066757202,-139.53907168714952,-131.79607117737325,0.2907706240356226,-0.3104812434257942,1,320.0,168.0,180.46092831285048,-0.3104812434257942
10.302996635437012,3.6660001277923584,-141.0364705901226,-133.19570898686231,0.2955891608040184,-0.3155611838189306,1,320.0,168.0,178.9635294098774,-0.3155611838189306
10.313582420349121,3.6660001277923584,-141.27907686981845,-133.4165651857972,0.2965212710686693,-0.3165587067389148,1,320.0,168.0,178.72092313018155,-0.3165587067389148
10.323086023330688,3.6450002193450928,-141.5216831495143,-133.59960975949423,0.29740892260590324,-0.31755744269029734,1,320.0,168.0,178.4783168504857,-0.31755744269029734
10.333642721176147,3.6450002193450928,-141.76428942921015,-133.8204659584291,0.29834305237441716,-0.3185573916730784,1,320.0,166.0,178.23571057078985,-0.3185573916730784
10.343292951583862,3.631000280380249,-143.2462921764938,-135.2178849922531,0.3031520098268762,-0.3235843491077714,1,320.0,166.0,176.7537078235062,-0.3235843491077714
10.354198932647705,3.631000280380249,-143.4973395317799,-135.446927741811,0.30410409576505476,-0.32460309263177356,1,320.0,166.0,176.5026604682201,-0.32460309263177356
10.363891363143921,3.6110000610351562,-143.74838688706598,-135.63923737084602,0.305013063506751,-0.32562309139255224,1,320.0,166.0,176.25161311293402,-0.32562309139255224
10.373451709747314,3.6110000610351562,-143.99943424235207,-135.86828012040394,0.3059672562068225,-0.32664434539010734,1,320.0,163.0,176.00056575764793,-0.32664434539010734
10.383117914199829,3.5970001220703125,-145.5663859659554,-137.36258192681277,0.311088638414932,-0.3319444095930396,1,320.0,163.0,174.4336140340446,-0.3319444095930396
10.393604040145874,3.5970001220703125,-145.82640628859073,-137.60042936680662,0.3120620574897587,-0.33298556601164503,1,320.0,163.0,174.17359371140927,-0.33298556601164503
10.403162002563477,3.577000141143799,-146.08642661122607,-137.80081163589983,0.31299152027085003,-0.33402802253186353,1,320.0,163.0,173.91357338877393,-0.33402802253186353
10.41394305229187,3.577000141143799,-146.34644693386142,-138.0386590758937,0.31396713049422215,-0.3350717791536953,1,320.0,162.0,173.65355306613858,-0.3350717791536953
10.423337936401367,3.563000202178955,-147.78535327926176,-139.51685360602835,0.3190328627901074,-0.3399516006495116,1,320.0,162.0,172.21464672073824,-0.3399516006495116
10.433946371078491,3.563000202178955,-148.0534209589469,-139.76334876132785,0.32002747372027346,-0.3410135489699285,1,320.0,162.0,171.9465790410531,-0.3410135489699285
10.443304777145386,3.5430002212524414,-148.32148863863205,-139.9716241297302,0.32097726228300494,-0.34207683762874386,1,320.0,162.0,171.67851136136795,-0.34207683762874386
10.454378604888916,3.5430002212524414,-148.5895563183172,-140.2181192850297,0.3219741470657895,-0.3431414666259576,1,320.0,159.0,171.4104436816828,-0.3431414666259576
10.464054346084595,3.5300002098083496,-150.11252587800539,-141.68111649629358,0.32698321489275795,-0.34829194925640944,1,320.0,159.0,169.88747412199461,-0.34829194925640944
10.47365117073059,3.5300002098083496,-150.38916807945532,-141.93609520356299,0.32799886981749904,-0.3493758657385467,1,320.0,159.0,169.61083192054468,-0.3493758657385467
10.48317575454712,3.509000062942505,-150.66581028090525,-142.15013842687088,0.3289664723776029,-0.35046116543169115,1,320.0,159.0,169.33418971909475,-0.35046116543169115
10.49369502067566,3.509000062942505,-150.94245248235518,-142.40511713414028,0.32998447241199685,-0.3515478483358428,1,320.0,156.0,169.05754751764482,-0.3515478483358428
10.503236293792725,3.496000051498413,-152.53899144431688,-143.74901397284816,0.334602437150313,-0.35693429006103966,1,320.0,156.0,167.46100855568312,-0.35693429006103966
10.51362681388855,3.496000051498413,-152.82465997914557,-144.01161449165758,0.33563761584534263,-0.35804121560272983,1,320.0,156.0,167.17534002085443,-0.35804121560272983
10.523308038711548,3.4760000705718994,-153.11032851397425,-144.2344398736199,0.3366261785030655,-0.35914956948709414,1,320.0,156.0,166.88967148602575,-0.35914956948709414
10.534026384353638,3.4760000705718994,-153.39599704880294,-144.4970403924293,0.33766378432759897,-0.3602593517141326,1,320.0,154.0,166.60400295119706,-0.3602593517141326
10.543605089187622,3.4620001316070557,-154.95540506020217,-145.82986016421467,0.342247388477456,-0.36552059310352064,1,320.0,154.0,165.04459493979783,-0.36552059310352064
10.55303406715393,3.4620001316070557,-155.24979084419888,-146.09997758676707,0.3433020292724527,-0.3666501049985377,1,320.0,154.0,164.75020915580112,-0.3666501049985377
10.563228368759155,3.444000244140625,-155.5441766281956,-146.33357657043004,0.34431401593570043,-0.36778108882247473,1,320.0,154.0,164.4558233718044,-0.36778108882247473
10.574156761169434,3.444000244140625,-155.83856241219232,-146.60369399298244,0.3453711753127282,-0.3689135445753317,1,320.0,153.0,164.16143758780768,-0.3689135445753317
10.58377981185913,3.433000087738037,-157.26070734743487,-147.9321445385934,0.3499255848604338,-0.3737234091159479,1,320.0,153.0,162.73929265256513,-0.3737234091159479
10.593355894088745,3.433000087738037,-157.56281642170353,-148.20966398838007,0.35099965652011966,-0.37487375408717877,1,320.0,153.0,162.43718357829647,-0.37487375408717877
10.604110479354858,3.4180002212524414,-157.8649254959722,-148.45623683771638,0.3520378251235118,-0.37602560960378106,1,320.0,153.0,162.1350745040278,-0.37602560960378106
10.613926410675049,3.4180002212524414,-158.16703457024084,-148.73375628750304,0.35311451724469334,-0.3771789756657546,1,320.0,151.0,161.83296542975916,-0.3771789756657546
10.623849153518677,3.4110002517700195,-159.5635831658094,-149.95788560863375,0.3573090866540781,-0.3819024797739424,1,320.0,151.0,160.4364168341906,-0.3819024797739424
10.633423566818237,3.4110002517700195,-159.873191666337,-150.2419911410737,0.3584012232487115,-0.38307337593290725,1,320.0,151.0,160.126808333663,-0.38307337593290725
10.643959283828735,3.4010002613067627,-160.18280016686458,-150.50521688009698,0.3594696202199399,-0.38424582013437464,1,320.0,151.0,159.81719983313542,-0.38424582013437464
10.653763771057129,3.4010002613067627,-160.49240866739217,-150.78932241253693,0.36056449347093056,-0.38541981237834466,1,320.0,150.0,159.50759133260783,-0.38541981237834466
10.663679599761963,3.3960001468658447,-161.76248311483604,-151.91380351829403,0.36442342519832605,-0.38972811930090157,1,320.0,150.0,158.23751688516396,-0.38972811930090157
10.674590826034546,3.3960001468658447,-162.0786762992638,-152.20374233534363,0.3655323704904623,-0.3909179445037112,1,320.0,150.0,157.9213237007362,-0.3909179445037112
10.68318510055542,3.390000104904175,-162.39486948369156,-152.48105224148782,0.3666275476390427,-0.392109350672443,1,320.0,150.0,157.60513051630844,-0.392109350672443
10.694061756134033,3.390000104904175,-162.71106266811933,-152.7709910585374,0.3677393291747949,-0.39330233780709695,1,320.0,150.0,157.28893733188067,-0.39330233780709695
10.70432448387146,3.386000156402588,-163.7635601106161,-153.70079595719713,0.3709575627791839,-0.3968991704132231,1,320.0,150.0,156.2364398893839,-0.3968991704132231
10.71394681930542,3.386000156402588,-164.0848033546258,-153.99518132006742,0.3720808011212286,-0.39810508632280783,1,320.0,150.0,155.9151966453742,-0.39810508632280783
10.723475694656372,3.383000135421753,-164.40604659863547,-154.28321889711617,0.3731978623081727,-0.39931260844861266,1,320.0,150.0,155.59395340136453,-0.39931260844861266
10.733070850372314,3.383000135421753,-164.72728984264515,-154.57760425998646,0.37432401276491695,-0.4005217367906375,1,320.0,149.0,155.27271015735485,-0.4005217367906375
10.743263244628906,3.382000207901001,-165.68217076674057,-155.33418228615437,0.37696429184336394,-0.4038002527154091,1,320.0,149.0,154.31782923325943,-0.4038002527154091
10.753744125366211,3.382000207901001,-166.007761503957,-155.63175336414338,0.3780995359037715,-0.40502100040758865,1,320.0,149.0,153.992238496043,-0.40502100040758865
10.763381004333496,3.38100004196167,-166.33335224117343,-155.92720423424012,0.3792337129690588,-0.4062433760534542,1,320.0,149.0,153.66664775882657,-0.4062433760534542
10.774168014526367,3.38100004196167,-166.65894297838986,-156.22477531222913,0.3803719221392067,-0.40746737965300583,1,320.0,148.0,153.34105702161014,-0.40746737965300583
10.783555746078491,3.38100004196167,-167.52406153214926,-156.8198409141999,0.38248263680505185,-0.41045402186381064,1,320.0,148.0,152.47593846785074,-0.41045402186381064
10.79318118095398,3.38100004196167,-167.85335520149445,-157.1194537813186,0.3836277695145009,-0.41168844104303237,1,320.0,148.0,152.14664479850555,-0.41168844104303237
10.803948163986206,3.38100004196167,-168.18264887083964,-157.41906664843734,0.3847744002882856,-0.41292450669060077,1,320.0,148.0,151.81735112916036,-0.41292450669060077
10.813584089279175,3.38100004196167,-168.51194254018483,-157.71867951555606,0.3859225291264058,-0.4141622188065159,1,320.0,149.0,151.48805745981517,-0.4141622188065159
10.823941230773926,3.38100004196167,-169.09257164652215,-158.16488216976174,0.38755070062476915,-0.4162220657585061,1,320.0,149.0,150.90742835347785,-0.4162220657585061
10.833383798599243,3.38100004196167,-169.42359074642118,-158.465501383222,0.3887037711878376,-0.4174664066321171,1,320.0,149.0,150.57640925357882,-0.4174664066321171
10.84401249885559,3.382000207901001,-169.75460984632022,-158.76824080457453,0.38986089969748344,-0.41871240260122755,1,320.0,149.0,150.24539015367978,-0.41871240260122755
10.853818416595459,3.382000207901001,-170.08562894621926,-159.0688600180348,0.391016987053726,-0.4199600536658375,1,320.0,149.0,149.91437105378074,-0.4199600536658375
10.863842010498047,3.383000135421753,-170.5090170916288,-159.38201101406696,0.3922111293993809,-0.4215109403296399,1,320.0,149.0,149.4909829083712,-0.4215109403296399
10.87324857711792,3.383000135421753,-170.84067044420735,-159.68270173117838,0.3933703717685705,-0.42276312770495517,1,320.0,149.0,149.15932955579265,-0.42276312770495517
10.883837699890137,3.384000062942505,-171.1723237967859,-159.98550952130705,0.3945336686643314,-0.42401697334703337,1,320.0,149.0,148.8276762032141,-0.42401697334703337
10.893283128738403,3.384000062942505,-171.50397714936443,-160.28620023841847,0.3956959285260572,-0.42527247725587447,1,320.0,149.0,148.49602285063557,-0.42527247725587447
10.904155969619751,3.385000228881836,-171.7847175845387,-160.47687033005948,0.3964960807109938,-0.42636339319068317,1,320.0,149.0,148.2152824154613,-0.42636339319068317
10.9136803150177,3.385000228881836,-172.1160212831995,-160.77679092624862,0.397659869381052,-0.42762153773549216,1,320.0,149.0,147.8839787168005,-0.42762153773549216
10.924030065536499,3.38700008392334,-172.4473249818603,-161.08093910863718,0.3988302518954615,-0.4288813387987944,1,320.0,149.0,147.5526750181397,-0.4288813387987944
10.934191226959229,3.38700008392334,-172.7786286805211,-161.38085970482632,0.39999706090941256,-0.43014279638059,1,320.0,149.0,147.2213713194789,-0.43014279638059
10.943151712417603,3.388000249862671,-172.93024528031225,-161.3597785880593,0.40011275820956843,-0.4308191268203567,1,320.0,149.0,147.06975471968775,-0.4308191268203567
10.953757286071777,3.388000249862671,-173.26031477661843,-161.65747983673955,0.4012782871071684,-0.43208151178980725,1,320.0,149.0,146.73968522338157,-0.43208151178980725
10.964037418365479,3.390000104904175,-173.5903842729246,-161.9594008196799,0.40245038929079524,-0.4333455471067392,1,320.0,149.0,146.4096157270754,-0.4333455471067392
10.973643064498901,3.390000104904175,-173.9204537692308,-162.25710206836015,0.40361891629955327,-0.4346112327711529,1,320.0,149.0,146.0795462307692,-0.4346112327711529
10.98304271697998,3.391000270843506,-173.95547244784416,-162.14590035607932,0.4034491909222683,-0.43491499139935913,1,320.0,149.0,146.04452755215584,-0.43491499139935913
10.993623495101929,3.391000270843506,-174.28351514032246,-162.44077822867848,0.4046152482605305,-0.4361800602060347,1,320.0,149.0,145.71648485967754,-0.4361800602060347
11.003137826919556,3.3930001258850098,-174.61155783280077,-162.73986800545327,0.4057878553326876,-0.4374467692261727,1,320.0,149.0,145.38844216719923,-0.4374467692261727
11.013591289520264,3.3930001258850098,-174.93960052527908,-163.03474587805243,0.40695688250919687,-0.43871511845977307,1,320.0,149.0,145.06039947472092,-0.43871511845977307
11.023124933242798,3.3940000534057617,-174.86961553138173,-162.8427738116603,0.4065330152437117,-0.43868516528413776,1,320.0,149.0,145.13038446861827,-0.43868516528413776
11.033473014831543,3.3940000534057617,-175.19492382632464,-163.13429263540988,0.40769850929538826,-0.4399515098572009,1,320.0,149.0,144.80507617367536,-0.4399515098572009
11.043419599533081,3.3960001468658447,-175.52023212126755,-163.43001605653816,0.40887052748102487,-0.4412194809717387,1,320.0,149.0,144.47976787873245,-0.4412194809717387
11.054618120193481,3.3960001468658447,-175.84554041621047,-163.72153488028775,0.41003895774392585,-0.4424890786277512,1,320.0,149.0,144.15445958378953,-0.4424890786277512
11.063323259353638,3.3970000743865967,-175.6812760640111,-163.35639575425648,0.4090598264291781,-0.4421613243722533,1,320.0,149.0,144.3187239359889,-0.4421613243722533
11.073858976364136,3.3970000743865967,-176.00322088091008,-163.64338875686514,0.4102224349760928,-0.44342767425693663,1,320.0,149.0,143.99677911908992,-0.44342767425693663
11.08366346359253,3.3990001678466797,-176.32516569780907,-163.93457856930607,0.41139153564386843,-0.44469563386570454,1,320.0,149.0,143.67483430219093,-0.44469563386570454
11.093699216842651,3.3990001678466797,-176.64711051470806,-164.22157157191472,0.4125570351048584,-0.4459652031985568,1,320.0,149.0,143.35288948529194,-0.4459652031985568
11.103597164154053,3.4000000953674316,-176.96905533160705,-164.51066078655242,0.4137264954663564,-0.44723638225549367,1,320.0,,143.03094466839295,-0.44723638225549367
11.113155841827393,3.4000000953674316,-177.29100014850604,-164.79765378916107,0.4148948753384326,-0.448509171036515,1,320.0,,142.70899985149396,-0.448509171036515
11.123863935470581,3.4020001888275146,-177.61294496540503,-165.08883583567112,0.41606973797342306,-0.4497835695416208,1,320.0,,142.38705503459497,-0.4497835695416208
11.133349895477295,3.4020001888275146,-177.93488978230403,-165.37582883827977,0.4172410087207448,-0.45105957777081107,1,320.0,151.0,142.06511021769597,-0.45105957777081107
11.143634796142578,3.4030001163482666,-177.26889463396125,-164.54131756965586,0.41475231930974454,-0.4491156396886501,1,320.0,151.0,142.73110536603875,-0.4491156396886501
11.1531662940979,3.4030001163482666,-177.58406915626918,-164.82061063067619,0.41591157403612233,-0.450381769461201,1,320.0,151.0,142.41593084373082,-0.450381769461201
11.163124799728394,3.4050002098083496,-177.8992436785771,-165.10408499120263,0.41707726369371,-0.4516494751063634,1,320.0,151.0,142.1007563214229,-0.4516494751063634
11.17537236213684,3.4050002098083496,-178.21441820088504,-165.38337805222295,0.41823933225719556,-0.45291875662413733,1,320.0,151.0,141.78558179911496,-0.45291875662413733
11.184078454971313,3.4060001373291016,-177.5242795123105,-164.555949803948,0.4157940681399964,-0.45091544279655926,1,320.0,151.0,142.4757204876895,-0.45091544279655926
11.193646669387817,3.4060001373291016,-177.83257813862224,-164.82765909840737,0.4169442575888397,-0.4521745640388264,1,320.0,151.0,142.16742186137776,-0.4521745640388264
11.203952074050903,3.4070000648498535,-178.14087676493398,-165.1014555751092,0.4180983206387575,-0.4534352267742251,1,320.0,151.0,141.85912323506602,-0.4534352267742251
11.213703155517578,3.4070000648498535,-178.44917539124572,-165.37316486956857,0.41925123761645655,-0.4546974310027555,1,320.0,151.0,141.55082460875428,-0.4546974310027555
11.224060535430908,3.4080002307891846,-178.75747401755746,-165.64696055835233,0.42040802724578885,-0.4559611767244173,1,320.0,152.0,141.24252598244254,-0.4559611767244173
11.233498573303223,3.4080002307891846,-177.879635585259,-164.659441978372,0.4174681756131654,-0.45336868740963465,1,320.0,152.0,142.120364414741,-0.45336868740963465
11.243836641311646,3.4090001583099365,-178.17983927365756,-164.9246421305641,0.4186110390064487,-0.45461983103208115,1,320.0,152.0,141.82016072634244,-0.45461983103208115
11.253497123718262,3.4090001583099365,-178.48004296205613,-165.18775766986835,0.4197527164419631,-0.45587247567296973,1,320.0,152.0,141.51995703794387,-0.45587247567296973
11.264182567596436,3.4100000858306885,-178.7802466504547,-165.45295653931475,0.42089821986799536,-0.4571266213323003,1,320.0,152.0,141.2197533495453,-0.4571266213323003
11.273971557617188,3.4100000858306885,-177.90732716852338,-164.38603470758716,0.41772083418369055,-0.4545704263131627,1,320.0,152.0,142.09267283147662,-0.4545704263131627
11.284241199493408,3.4110002517700195,-178.1995367626664,-164.64216942622124,0.4188514066931825,-0.4558120755099476,1,320.0,152.0,141.8004632373336,-0.4558120755099476
11.294284105300903,3.4110002517700195,-178.49174635680944,-164.8962215999929,0.4199807504097085,-0.45705518575470333,1,320.0,152.0,141.50825364319056,-0.45705518575470333
11.304372072219849,3.4120001792907715,-178.78395595095247,-165.15235454165963,0.4211138717124168,-0.45829975704742976,1,320.0,154.0,141.21604404904753,-0.45829975704742976
11.313811540603638,3.4120001792907715,-177.70057097261943,-164.01645078838715,0.4177323283336454,-0.4550789852802257,1,320.0,154.0,142.29942902738057,-0.4550789852802257
11.323108434677124,3.4130001068115234,-177.98341652460223,-164.26312064709234,0.418849647767327,-0.4563083170252281,1,320.0,154.0,142.01658347539777,-0.4563083170252281
11.334120750427246,3.4130001068115234,-178.26626207658504,-164.50771101710137,0.4199656947664234,-0.4575390629979904,1,320.0,154.0,141.73373792341496,-0.4575390629979904
11.34341812133789,3.4130001068115234,-178.54910762856784,-164.7523013871104,0.42108296471736983,-0.4587712231985126,1,320.0,155.0,141.45089237143216,-0.4587712231985126
11.354188919067383,3.4130001068115234,-177.38800879223788,-163.5565514411912,0.41752636773008855,-0.4553180095552653,1,320.0,155.0,142.61199120776212,-0.4553180095552653
11.363292932510376,3.4140002727508545,-177.66103156060865,-163.79342225121314,0.418629579813371,-0.4565339420351132,1,320.0,155.0,142.33896843939135,-0.4565339420351132
11.375003576278687,3.4140002727508545,-177.9340543289794,-164.02821435519087,0.41973147140992023,-0.45775123962880304,1,320.0,155.0,142.0659456710206,-0.45775123962880304
11.383760452270508,3.4140002727508545,-178.20707709735018,-164.26300645916865,0.42083453696698936,-0.4589699023363347,1,320.0,155.0,141.79292290264982,-0.4589699023363347
11.39355993270874,3.4140002727508545,-177.08416065391137,-162.9098262460633,0.4167856644196274,-0.4556599826788206,1,320.0,155.0,142.91583934608863,-0.4556599826788206
11.404810190200806,3.4150002002716064,-177.34769061985327,-163.13589659882857,0.41787262832593985,-0.45686295709105007,1,320.0,155.0,142.65230938014673,-0.45686295709105007
11.414426565170288,3.4150002002716064,-177.61122058579517,-163.35989001806345,0.4189582198791121,-0.45806724915310937,1,320.0,155.0,142.38877941420483,-0.45806724915310937
11.42403244972229,3.4160001277923584,-177.87475055173707,-163.58595909516356,0.42004743256710797,-0.45927285886499825,1,320.0,157.0,142.12524944826293,-0.45927285886499825
11.43363070487976,3.4160001277923584,-176.57711076718545,-162.19966779862347,0.4159101375782924,-0.45541402020442645,1,320.0,157.0,143.42288923281455,-0.45541402020442645
11.443973064422607,3.4160001277923584,-176.8300255448842,-162.4127120719518,0.41697785426664624,-0.4566016680653894,1,320.0,157.0,143.1699744551158,-0.4566016680653894
11.454751968383789,3.4160001277923584,-177.08294032258294,-162.62575634528014,0.4180466361763666,-0.4577905805002408,1,320.0,157.0,142.91705967741706,-0.4577905805002408
11.464385509490967,3.4170000553131104,-177.3358551002817,-162.84087500198342,0.41911898293942046,-0.45898075750898076,1,320.0,157.0,142.6641448997183,-0.45898075750898076
11.473849058151245,3.4170000553131104,-176.0931803768497,-161.42691123741636,0.41491025433165046,-0.45531900173912737,1,320.0,157.0,143.9068196231503,-0.45531900173912737
11.483009576797485,3.4170000553131104,-176.3359251145364,-161.6288918219231,0.4159607754921682,-0.45649197504992406,1,320.0,157.0,143.6640748854636,-0.45649197504992406
11.49484395980835,3.4170000553131104,-176.5786698522231,-161.83087240642985,0.41701230655560845,-0.45766616208440924,1,320.0,157.0,143.4213301477769,-0.45766616208440924
11.504310607910156,3.4180002212524414,-176.8214145899098,-162.03492659514677,0.4180673462150445,-0.4588415628425829,1,320.0,159.0,143.1785854100902,-0.4588415628425829
11.513663291931152,3.4180002212524414,-175.422029653255,-160.5982939113103,0.4138028538846945,-0.45468871140231426,1,320.0,159.0,144.577970346745,-0.45468871140231426
11.523034811019897,3.4180002212524414,-175.6536053920599,-160.78912941388603,0.4148358021348548,-0.4558448703158405,1,320.0,159.0,144.3463946079401,-0.4558448703158405
11.534546136856079,3.4180002212524414,-175.88518113086477,-160.97996491646177,0.41586970456252803,-0.4570021871080607,1,320.0,159.0,144.11481886913523,-0.4570021871080607
11.543232917785645,3.4190001487731934,-176.11675686966964,-161.17287225664776,0.41690705773203446,-0.45816066177897485,1,320.0,161.0,143.88324313033036,-0.45816066177897485
11.553767919540405,3.4190001487731934,-174.57949559227936,-159.7181907175603,0.4126013030086798,-0.4535784047728819,1,320.0,161.0,145.42050440772064,-0.4535784047728819
11.563107967376709,3.4190001487731934,-174.79903652791361,-159.89783046070258,0.413616359852754,-0.4547158490782826,1,320.0,161.0,145.20096347208639,-0.4547158490782826
11.574969291687012,3.4190001487731934,-175.01857746354787,-160.07747020384485,0.414632314895544,-0.45585439108836145,1,320.0,161.0,144.98142253645213,-0.45585439108836145
11.58343505859375,3.4190001487731934,-175.23811839918213,-160.25710994698713,0.41564916813704966,-0.4569940308031185,1,320.0,162.0,144.76188160081787,-0.4569940308031185
11.594171524047852,3.4190001487731934,-173.68287907363563,-158.68569804983227,0.4109812910652487,-0.4523720933685834,1,320.0,162.0,146.31712092636437,-0.4523720933685834
11.603820562362671,3.4200000762939453,-173.8903397938057,-158.855489655326,0.4119793184401179,-0.45349049793175655,1,320.0,162.0,146.1096602061943,-0.45349049793175655
11.613867282867432,3.4200000762939453,-174.09780051397578,-159.0232106941834,0.41297569974021764,-0.4546099397985306,1,320.0,162.0,145.90219948602422,-0.4546099397985306
11.62396502494812,3.4200000762939453,-174.30526123414586,-159.1909317330408,0.41397291964551175,-0.4557304189689053,1,320.0,163.0,145.69473876585414,-0.4557304189689053
11.633407354354858,3.4200000762939453,-172.73663099700568,-157.51747847009025,0.4089909694463435,-0.451083313002611,1,320.0,163.0,147.26336900299432,-0.451083313002611
11.644015312194824,3.4200000762939453,-172.9319969410534,-157.67266153002774,0.4099655524259186,-0.4521824121201735,1,320.0,163.0,147.0680030589466,-0.4521824121201735
11.654189348220825,3.4200000762939453,-173.12736288510112,-157.82784458996522,0.41094091132079336,-0.45328248806745636,1,320.0,163.0,146.87263711489888,-0.45328248806745636
11.663354635238647,3.4210002422332764,-173.32272882914884,-157.98509743997764,0.41191954022800814,-0.45438354084445937,1,320.0,164.0,146.67727117085116,-0.45438354084445937
11.673685789108276,3.4210002422332764,-171.744947478584,-156.32529219860874,0.4069996473856584,-0.44972469605004395,1,320.0,164.0,148.255052521416,-0.44972469605004395
11.683192014694214,3.4210002422332764,-171.92823264959463,-156.46810941516722,0.40795336859260445,-0.4508042794185047,1,320.0,164.0,148.07176735040537,-0.4508042794185047
11.69394326210022,3.4210002422332764,-172.11151782060526,-156.6109266317257,0.40890780388563325,-0.4518847792128205,1,320.0,164.0,147.88848217939474,-0.4518847792128205
11.703468322753906,3.4210002422332764,-172.29480299161588,-156.7537438482842,0.40986295326474487,-0.45296619543299127,1,320.0,165.0,147.70519700838412,-0.45296619543299127
11.713104248046875,3.4210002422332764,-170.7117871020366,-155.10928912329862,0.4050101599575092,-0.4483080269391167,1,320.0,165.0,149.2882128979634,-0.4483080269391167
11.723770380020142,3.4210002422332764,-170.8830319118409,-155.23992302624754,0.4059431202561792,-0.4493679358704411,1,320.0,165.0,149.1169680881591,-0.4493679358704411
11.733290433883667,3.4210002422332764,-171.0542767216452,-155.37055692919645,0.40687673372436395,-0.45042870102581445,1,320.0,165.0,148.9457232783548,-0.45042870102581445
11.743952512741089,3.4210002422332764,-171.22552153144952,-155.50119083214537,0.4078110003620633,-0.45149032240523684,1,320.0,167.0,148.77447846855048,-0.45149032240523684
11.753433227539062,3.4210002422332764,-169.53894938027634,-153.87369343154344,0.40303009280359725,-0.4465128864911382,1,320.0,167.0,150.46105061972366,-0.4465128864911382
11.76361632347107,3.4210002422332764,-169.697523376482,-153.99233640400936,0.40394242605257635,-0.4475516629034674,1,320.0,167.0,150.302476623518,-0.4475516629034674
11.773134469985962,3.4210002422332764,-169.85609737268766,-154.11097937647529,0.4048553525164179,-0.44859123218577757,1,320.0,167.0,150.14390262731234,-0.44859123218577757
11.783945560455322,3.4220001697540283,-170.01467136889332,-154.23169037683357,0.405771364168732,-0.4496315943380689,1,320.0,168.0,149.98532863110668,-0.4496315943380689
11.793388843536377,3.4220001697540283,-168.33985873189366,-152.5208804743591,0.40073585430636594,-0.4447103231397863,1,320.0,168.0,151.66014126810634,-0.4447103231397863
11.803574323654175,3.4220001697540283,-168.48592207700753,-152.62703963888578,0.4016263805019924,-0.44572802876430806,1,320.0,168.0,151.51407792299247,-0.44572802876430806
11.81437635421753,3.4220001697540283,-168.6319854221214,-152.73319880341245,0.40251743749344143,-0.44674646470555524,1,320.0,168.0,151.3680145778786,-0.44674646470555524
11.823994636535645,3.4220001697540283,-168.77804876723528,-152.83935796793912,0.40340902528071315,-0.44776563096352806,1,320.0,170.0,151.22195123276472,-0.44776563096352806
11.833471536636353,3.4220001697540283,-167.0156014279173,-151.15839571770968,0.3984873386589407,-0.442576822713206,1,320.0,170.0,152.9843985720827,-0.442576822713206
11.843908071517944,3.4220001697540283,-167.14863494153022,-151.25235380256942,0.3993563501297852,-0.4435722061042492,1,320.0,170.0,152.85136505846978,-0.4435722061042492
11.85347604751587,3.4220001697540283,-167.28166845514315,-151.34631188742915,0.40022583139105405,-0.44456825466286043,1,320.0,170.0,152.71833154485685,-0.44456825466286043
11.863451719284058,3.4220001697540283,-167.41470196875608,-151.4402699722889,0.40109578244274713,-0.4455649683890397,1,320.0,171.0,152.58529803124392,-0.4455649683890397
11.873875856399536,3.4220001697540283,-165.6782576416388,-149.68811056167036,0.3959586461014224,-0.44047877185550616,1,320.0,171.0,154.3217423583612,-0.44047877185550616
11.883472919464111,3.4220001697540283,-165.79852163982105,-149.76945869452544,0.39680511115432116,-0.441452081261524,1,320.0,171.0,154.20147836017895,-0.441452081261524
11.894226551055908,3.4220001697540283,-165.9187856380033,-149.85080682738052,0.3976519829478842,-0.4424259919875327,1,320.0,171.0,154.0812143619967,-0.4424259919875327
11.903898239135742,3.4220001697540283,-166.03904963618555,-149.9321549602356,0.39849926148211146,-0.4434005040335323,1,320.0,172.0,153.96095036381445,-0.4434005040335323
11.9133620262146,3.4220001697540283,-164.32969073638543,-148.11922805740332,0.3931808929313202,-0.4384200127185124,1,320.0,172.0,155.67030926361457,-0.4384200127185124
11.92395806312561,3.4220001697540283,-164.4374517042712,-148.1876313488995,0.39400391503786014,-0.43937151313849665,1,320.0,172.0,155.5625482957288,-0.43937151313849665
11.933667421340942,3.4220001697540283,-164.545212672157,-148.25603464039565,0.39482727916085747,-0.44032355236332044,1,320.0,172.0,155.454787327843,-0.44032355236332044
11.94413137435913,3.4220001697540283,-164.65297364004277,-148.32443793189182,0.3956509853003124,-0.4412761303929835,1,320.0,175.0,155.34702635995723,-0.4412761303929835
11.95366358757019,3.4220001697540283,-162.76897435882466,-146.56163486480466,0.3905126484378356,-0.43574410074805425,1,320.0,175.0,157.23102564117534,-0.43574410074805425
11.96314024925232,3.4220001697540283,-162.86311840877957,-146.61751888511316,0.39131279685663134,-0.436671389200044,1,320.0,175.0,157.13688159122043,-0.436671389200044
11.973959922790527,3.4220001697540283,-162.95726245873448,-146.67340290542165,0.3921132246955287,-0.43759914837228353,1,320.0,175.0,157.04273754126552,-0.43759914837228353
11.98426628112793,3.4220001697540283,-163.05140650868938,-146.72928692573015,0.3929139319545275,-0.43852737826477295,1,320.0,176.0,156.94859349131062,-0.43852737826477295
11.993790626525879,3.4220001697540283,-161.21600644733695,-145.01542700028335,0.38795118530667205,-0.4331719055501514,1,320.0,176.0,158.78399355266305,-0.4331719055501514
12.003167629241943,3.4220001697540283,-161.2969535883811,-145.0592070476841,0.3887290173987914,-0.4340755268873462,1,320.0,176.0,158.7030464116189,-0.4340755268873462
12.013723850250244,3.4220001697540283,-161.37790072942522,-145.10298709508487,0.3895070683911478,-0.43497955296024626,1,320.0,176.0,158.62209927057478,-0.43497955296024626
12.024007320404053,3.4220001697540283,-161.45884787046936,-145.14676714248563,0.39028533828374107,-0.4358839837688516,1,320.0,178.0,158.54115212953064,-0.4358839837688516
12.033345699310303,3.4220001697540283,-159.57003794587672,-143.37948870078725,0.38516414455777015,-0.4303721622055262,1,320.0,178.0,160.42996205412328,-0.4303721622055262
12.043193817138672,3.4220001697540283,-159.63750808744237,-143.41087755805657,0.3859188655742836,-0.43125131391584215,1,320.0,178.0,160.36249191255763,-0.43125131391584215
12.053673505783081,3.4220001697540283,-159.70497822900802,-143.4422664153259,0.38667374353508344,-0.432130802976866,1,320.0,178.0,160.29502177099198,-0.432130802976866
12.063543319702148,3.4220001697540283,-159.77244837057367,-143.4736552725952,0.3874287784401696,-0.43301062938859763,1,320.0,178.0,160.22755162942633,-0.43301062938859763
12.073090553283691,3.4220001697540283,-158.04166070586928,-141.76288836779597,0.38250750728643157,-0.42803153295766244,1,320.0,178.0,161.95833929413072,-0.42803153295766244
12.08393931388855,3.4220001697540283,-158.0968229823122,-141.78235334069922,0.38323977702061895,-0.42888821180430553,1,320.0,178.0,161.9031770176878,-0.42888821180430553
12.09369158744812,3.4220001697540283,-158.15198525875513,-141.80181831360247,0.3839721440796709,-0.42974516646233085,1,320.0,178.0,161.84801474124487,-0.42974516646233085
12.104183912277222,3.4220001697540283,-158.20714753519806,-141.82128328650572,0.38470460846358734,-0.4306023969317383,1,320.0,180.0,161.79285246480194,-0.4306023969317383
12.113566398620605,3.4220001697540283,-156.42073052445576,-140.06405773892322,0.3796470269294405,-0.4254582908084184,1,320.0,180.0,163.57926947554424,-0.4254582908084184
12.124271869659424,3.4220001697540283,-156.4632844363552,-140.07135860794068,0.38035614476530116,-0.4262916719248795,1,320.0,180.0,163.5367155636448,-0.4262916719248795
12.133867740631104,3.4220001697540283,-156.50583834825463,-140.07865947695814,0.3810652991055069,-0.42712526581090005,1,320.0,180.0,163.49416165174537,-0.42712526581090005
12.144193649291992,3.4220001697540283,-156.54839226015406,-140.0859603459756,0.3817744899500577,-0.42795907246648013,1,320.0,182.0,163.45160773984594,-0.42795907246648013
12.15363097190857,3.4220001697540283,-154.71540054675944,-138.39144394881367,0.37693657422244053,-0.422679674113581,1,320.0,182.0,165.28459945324056,-0.422679674113581
12.163474559783936,3.4220001697540283,-154.74510984099365,-138.38708997359524,0.37762328490204633,-0.42348905081586696,1,320.0,182.0,165.25489015900635,-0.42348905081586696
12.174144744873047,3.4220001697540283,-154.77481913522786,-138.3827359983768,0.3783099738117761,-0.4242985760646242,1,320.0,182.0,165.22518086477214,-0.4242985760646242
12.183194637298584,3.4220001697540283,-154.80452842946207,-138.37838202315837,0.37899664095162977,-0.4251082498598525,1,320.0,182.0,165.19547157053793,-0.4251082498598525
12.193474531173706,3.4220001697540283,-153.13542784276441,-136.64305240191453,0.37404017224088654,-0.42037982099532245,1,320.0,182.0,166.86457215723559,-0.42037982099532245
12.203885316848755,3.4220001697540283,-153.15349985266627,-136.62684079860523,0.37470385252090843,-0.42116727490646805,1,320.0,182.0,166.84650014733373,-0.42116727490646805
12.213419198989868,3.4220001697540283,-153.17157186256813,-136.61062919529593,0.37536745174291375,-0.4219548191776631,1,320.0,182.0,166.82842813743187,-0.4219548191776631
12.223189115524292,3.4220001697540283,-153.18964387247,-136.59441759198663,0.37603096990690255,-0.4227424538089077,1,320.0,184.0,166.81035612753,-0.4227424538089077
12.233464002609253,3.4220001697540283,-151.4703048626022,-134.9267978884933,0.37130989227107425,-0.4178652464025261,1,320.0,184.0,168.5296951373978,-0.4178652464025261
12.243938446044922,3.4220001697540283,-151.47647236544123,-134.89927105858038,0.3719513564304716,-0.4186300297677601,1,320.0,184.0,168.52352763455877,-0.4186300297677601
12.253657817840576,3.4210002422332764,-151.48263986828024,-134.8696762007751,0.3725901909821091,-0.4193948439705084,1,320.0,184.0,168.51736013171976,-0.4193948439705084
12.263539552688599,3.4210002422332764,-151.48880737111926,-134.8421493708622,0.37323136953306796,-0.42015968901077083,1,320.0,185.0,168.51119262888074,-0.42015968901077083
12.274415731430054,3.4210002422332764,-149.82865306306056,-133.23927915297782,0.36873522873810394,-0.4154907032947933,1,320.0,185.0,170.17134693693944,-0.4154907032947933
12.28318977355957,3.4210002422332764,-149.82340075319416,-133.2009560133007,0.3693552457505579,-0.41623351752671955,1,320.0,185.0,170.17659924680584,-0.41623351752671955
12.293808698654175,3.4210002422332764,-149.81814844332777,-133.16263287362358,0.36997507114731354,-0.4169763054970966,1,320.0,185.0,170.18185155667223,-0.4169763054970966
12.303655862808228,3.4210002422332764,-149.81289613346138,-133.12430973394646,0.3705947049283707,-0.4177190672059242,1,320.0,186.0,170.18710386653862,-0.4177190672059242
12.313348054885864,3.4210002422332764,-148.2098204628594,-131.4823217972699,0.3659839929967015,-0.4132506996769979,1,320.0,186.0,171.7901795371406,-0.4132506996769979
12.323845863342285,3.4210002422332764,-148.19361573357128,-131.43300619753728,0.36658197930801,-0.41397222208052,1,320.0,186.0,171.80638426642872,-0.41397222208052
12.333831071853638,3.4200000762939453,-148.17741100428316,-131.38162080772975,0.3671772249442796,-0.41469366346039566,1,320.0,186.0,171.82258899571684,-0.41469366346039566
12.343478679656982,3.4200000762939453,-148.16120627499504,-131.33230520799714,0.3677747077506405,-0.4154150238166249,1,320.0,187.0,171.83879372500496,-0.4154150238166249
12.354060411453247,3.4190001487731934,-146.6131731347756,-129.7572174621542,0.3633995667485624,-0.41113991353336155,1,320.0,187.0,173.3868268652244,-0.41113991353336155
12.363635063171387,3.4190001487731934,-146.5864666175519,-129.69745578977364,0.3639763400206546,-0.4118407980457809,1,320.0,187.0,173.4135333824481,-0.4118407980457809
12.374086618423462,3.4160001277923584,-146.55976010032822,-129.6314742921977,0.36454531959502445,-0.41254154902561413,1,320.0,187.0,173.44023989967178,-0.41254154902561413
12.383886575698853,3.4160001277923584,-146.53305358310453,-129.57171261981716,0.3651214641512669,-0.41324216647286116,1,320.0,188.0,173.46694641689547,-0.41324216647286116
12.393342733383179,3.4120001792907715,-145.03809210341862,-128.1570827566295,0.3612948045612524,-0.4091531802528587,1,320.0,188.0,174.96190789658138,-0.4091531802528587
12.404118776321411,3.4120001792907715,-145.00131817651194,-128.08808812035574,0.3618524514383256,-0.40983405813145324,1,320.0,188.0,174.99868182348806,-0.40983405813145324
12.413841962814331,3.4040000438690186,-144.96454424960527,-128.0024099287099,0.36238964965799414,-0.4105147521404132,1,320.0,188.0,175.03545575039473,-0.4105147521404132
12.42365312576294,3.4040000438690186,-144.9277703226986,-127.93341529243614,0.3629465231709278,-0.4111952622797388,1,320.0,188.0,175.0722296773014,-0.4111952622797388
12.43308138847351,3.3980002403259277,-143.5849940740156,-126.56733010859189,0.35929743574689615,-0.40761504788456915,1,320.0,188.0,176.4150059259844,-0.40761504788456915
12.443516492843628,3.3980002403259277,-143.5392641208852,-126.48952673280492,0.3598365193296158,-0.4082778682614171,1,320.0,188.0,176.4607358791148,-0.4082778682614171
12.453007698059082,3.38700008392334,-143.4935341677548,-126.38856297665315,0.3603473056371169,-0.40894045998849937,1,320.0,188.0,176.5064658322452,-0.40894045998849937
12.46392822265625,3.38700008392334,-143.4478042146244,-126.31075960086618,0.3608854953841769,-0.409602823065816,1,320.0,189.0,176.5521957853756,-0.409602823065816
12.47329044342041,3.378000259399414,-142.14461243290506,-125.08972892286859,0.35773274305698416,-0.40616248450766146,1,320.0,189.0,177.85538756709494,-0.40616248450766146
12.483797550201416,3.378000259399414,-142.0902583748338,-125.00421566655423,0.3582551482277397,-0.40680771092985013,1,320.0,189.0,177.9097416251662,-0.40680771092985013
12.493202686309814,3.364000082015991,-142.03590431676255,-124.8888294936825,0.358741128967762,-0.4074526655817485,1,320.0,189.0,177.96409568323745,-0.4074526655817485
12.50409746170044,3.364000082015991,-141.9815502586913,-124.80331623736814,0.3592625296413716,-0.4080973484633564,1,320.0,189.0,178.0184497413087,-0.4080973484633564
12.513768672943115,3.3540000915527344,-140.81788790077596,-123.61849525641266,0.35624102982772354,-0.4051224217386997,1,320.0,189.0,179.18211209922404,-0.4051224217386997
12.523242235183716,3.3540000915527344,-140.75592510492248,-123.52558930972238,0.3567471706382438,-0.4057518460092002,1,320.0,189.0,179.24407489507752,-0.4057518460092002
12.533040523529053,3.3370001316070557,-140.693962309069,-123.39582649548795,0.3572084343936399,-0.40638096046572136,1,320.0,189.0,179.306037690931,-0.40638096046572136
12.543492078781128,3.3370001316070557,-140.63199951321553,-123.30292054879767,0.35771346186035563,-0.40700976510826326,1,320.0,189.0,179.36800048678447,-0.40700976510826326
12.553189754486084,3.325000047683716,-139.5970757740971,-122.25163888512765,0.35514500484197,-0.4044636206542582,1,320.0,189.0,180.4029242259029,-0.4044636206542582
12.563759326934814,3.325000047683716,-139.52843890709053,-122.15233901438268,0.3556366066921479,-0.40507889860838575,1,320.0,189.0,180.47156109290947,-0.40507889860838575
12.57338809967041,3.306000232696533,-139.45980204008396,-122.01105941939065,0.3560771264752544,-0.4056938333781783,1,320.0,189.0,180.54019795991604,-0.4056938333781783
12.583999633789062,3.306000232696533,-139.39116517307738,-121.91175954864568,0.35656752542810366,-0.40630842496363584,1,320.0,189.0,180.60883482692262,-0.40630842496363584
12.593613147735596,3.2930002212524414,-138.47492129969672,-120.98496809503847,0.35441703568691607,-0.40415692807131803,1,320.0,189.0,181.52507870030328,-0.40415692807131803
12.603068351745605,3.2930002212524414,-138.40046983652093,-120.8801906748357,0.35489570373604695,-0.4047595886646897,1,320.0,189.0,181.59953016347907,-0.4047595886646897
12.613204717636108,3.2720000743865967,-138.32601837334514,-120.72802780689292,0.3553167484335501,-0.40536187700074544,1,320.0,189.0,181.67398162665486,-0.40536187700074544
12.623894214630127,3.2720000743865967,-138.25156691016934,-120.62325038669016,0.3557941317812402,-0.4059637930794854,1,320.0,188.0,181.74843308983066,-0.4059637930794854
12.633562326431274,3.259000062942505,-137.54563959513405,-119.81278654986457,0.35402928554574065,-0.4045047546613989,1,320.0,188.0,182.45436040486595,-0.4045047546613989
12.643354177474976,3.259000062942505,-137.4668559524982,-119.70337128444828,0.35449650408366334,-0.40509754856999836,1,320.0,188.0,182.5331440475018,-0.40509754856999836
12.654415607452393,3.2370002269744873,-137.38807230986237,-119.54319936204543,0.35490201377359015,-0.40568994856038465,1,320.0,188.0,182.61192769013763,-0.40568994856038465
12.664057970046997,3.2370002269744873,-137.30928866722653,-119.43378409662914,0.35536788437557376,-0.40628195463255773,1,320.0,188.0,182.69071133277347,-0.40628195463255773
12.67371129989624,3.2230000495910645,-136.69421277338458,-118.72768788038064,0.35395337081776596,-0.40512352866533696,1,320.0,188.0,183.30578722661542,-0.40512352866533696
12.68334150314331,3.2230000495910645,-136.6117497775538,-118.61440315983864,0.3544105011689147,-0.40570763181922787,1,320.0,188.0,183.3882502224462,-0.40570763181922787
12.693839073181152,3.201000213623047,-136.52928678172302,-118.44915729949462,0.35480445192299936,-0.4062913226581395,1,320.0,188.0,183.47071321827698,-0.4062913226581395
12.70355749130249,3.201000213623047,-136.44682378589224,-118.33587257895262,0.3552601896212437,-0.406874601182072,1,320.0,187.0,183.55317621410776,-0.406874601182072
12.713689088821411,3.187000036239624,-136.01619759846284,-117.72747890563572,0.35416854524251795,-0.40632130829659685,1,320.0,187.0,183.98380240153716,-0.40632130829659685
12.723272562026978,3.187000036239624,-135.9313458611369,-117.61102682054282,0.35461685787450914,-0.4068991429411114,1,320.0,187.0,184.0686541388631,-0.4068991429411114
12.733203411102295,3.1650002002716064,-135.84649412381094,-117.44136572379327,0.3550004713870287,-0.40747655332693933,1,320.0,187.0,184.15350587618906,-0.40747655332693933
12.744114398956299,3.1650002002716064,-135.761642386485,-117.32491363870037,0.35544735345311074,-0.4080535394540806,1,320.0,187.0,184.238357613515,-0.4080535394540806
12.753330707550049,3.1500000953674316,-135.39783785920594,-116.90445692918962,0.35497717803048556,-0.40771977915891866,1,320.0,187.0,184.60216214079406,-0.40771977915891866
12.764105796813965,3.1500000953674316,-135.31107217504092,-116.78617101191051,0.35541916578481025,-0.4082922156987959,1,320.0,187.0,184.68892782495908,-0.4082922156987959
12.773604154586792,3.127000093460083,-135.2243064908759,-116.61084742272836,0.3557918317149053,-0.4088642184102522,1,320.0,187.0,184.7756935091241,-0.4088642184102522
12.783252000808716,3.127000093460083,-135.1375408067109,-116.49256150544925,0.35623235142169757,-0.4094357872932878,1,320.0,186.0,184.8624591932891,-0.4094357872932878
12.794052839279175,3.1130001544952393,-134.9358723878261,-116.14645021023836,0.3560011537965458,-0.4096319485255826,1,320.0,186.0,185.0641276121739,-0.4096319485255826
12.80359411239624,3.1130001544952393,-134.84831831690445,-116.02684230521942,0.3564377585220492,-0.4102011252320611,1,320.0,186.0,185.15168168309555,-0.4102011252320611
12.813626766204834,3.0900001525878906,-134.7607642459828,-115.84875277404863,0.3568032948485144,-0.41076986416818506,1,320.0,186.0,185.2392357540172,-0.41076986416818506
12.823281526565552,3.0900001525878906,-134.67321017506117,-115.7291448690297,0.35723841108683685,-0.4113381653339544,1,320.0,185.0,185.32678982493883,-0.4113381653339544
12.833894968032837,3.075000047683716,-134.61866510670052,-115.44588170715419,0.3572183840043963,-0.4120137514876305,1,320.0,185.0,185.38133489329948,-0.4120137514876305
12.843361854553223,3.075000047683716,-134.53133752547947,-115.32541599981283,0.3576504522355858,-0.4125816150777926,1,320.0,185.0,185.46866247452053,-0.4125816150777926
12.853859663009644,3.0530002117156982,-134.44400994425843,-115.14755779921019,0.35801276018385864,-0.4131490420300487,1,320.0,185.0,185.55599005574157,-0.4131490420300487
12.863537311553955,3.0530002117156982,-134.35668236303738,-115.02709209186884,0.3584433367955083,-0.4137160323443985,1,320.0,185.0,185.64331763696262,-0.4137160323443985
12.873042106628418,3.0380001068115234,-134.3343363271627,-114.90419810961635,0.3589469732802647,-0.41449465058103463,1,320.0,185.0,185.6656636728373,-0.41449465058103463
12.88364577293396,3.0380001068115234,-134.2474546186018,-114.78398769651803,0.35937664072302933,-0.4150616298038546,1,320.0,185.0,185.7525453813982,-0.4150616298038546
12.893810033798218,3.0160000324249268,-134.1605729100409,-114.6048932139592,0.35973475181002856,-0.41562817461813173,1,320.0,185.0,185.8394270899591,-0.41562817461813173
12.903336763381958,3.0160000324249268,-134.07369120148002,-114.48468280086088,0.36016292272831485,-0.416194285023866,1,320.0,184.0,185.92630879851998,-0.416194285023866
12.913652181625366,3.002000093460083,-134.1813863823114,-114.50958071746706,0.36114216027656826,-0.41739495707941765,1,320.0,184.0,185.8186136176886,-0.41739495707941765
12.923104763031006,3.002000093460083,-134.09583977677264,-114.3906263448512,0.3615713681611535,-0.417962780351655,1,320.0,184.0,185.90416022322736,-0.417962780351655
12.933027744293213,2.9800002574920654,-134.01029317123388,-114.21128143575535,0.36192150018686664,-0.41852347546247254,1,320.0,184.0,185.98970682876612,-0.41852347546247254
12.943891525268555,2.9800002574920654,-133.92474656569513,-114.09232706313949,0.3623435120321349,-0.4190837471175376,1,320.0,183.0,186.07525343430487,-0.4190837471175376
12.954119682312012,2.9650001525878906,-134.1498325357663,-114.14440726819916,0.3634046909928782,-0.42065229098350065,1,320.0,183.0,185.8501674642337,-0.42065229098350065
12.963502645492554,2.9650001525878906,-134.06641736222213,-114.02691272315138,0.36382385479107116,-0.42121079410168194,1,320.0,183.0,185.93358263777787,-0.42121079410168194
12.973957777023315,2.944000244140625,-133.98300218867794,-113.85025684876135,0.36416518005957677,-0.4217618533658426,1,320.0,183.0,186.01699781132206,-0.4217618533658426
12.983613014221191,2.944000244140625,-133.89958701513376,-113.73276230371357,0.36457692789973245,-0.4223125072322089,1,320.0,182.0,186.10041298486624,-0.4223125072322089
12.993916034698486,2.92900013923645,-134.23035679286863,-113.91235415658852,0.36604144392761306,-0.424209345493331,1,320.0,182.0,185.76964320713137,-0.424209345493331
13.003315210342407,2.92900013923645,-134.14978358127607,-113.79719182299694,0.3664520361244813,-0.424759595017437,1,320.0,182.0,185.85021641872393,-0.424759595017437
13.013927936553955,2.9080002307891846,-134.0692103696835,-113.62131388261085,0.3667829563287945,-0.42530241737434366,1,320.0,182.0,185.9307896303165,-0.42530241737434366
13.023698568344116,2.9080002307891846,-133.98863715809094,-113.50615154901926,0.36718618593686336,-0.42584485539698447,1,320.0,181.0,186.01136284190906,-0.42584485539698447
13.033347129821777,2.8930001258850098,-134.4142649878211,-113.80038767976997,0.3690110109213003,-0.4280337212351887,1,320.0,181.0,185.5857350121789,-0.4280337212351887
13.043875455856323,2.8930001258850098,-134.3371650991991,-113.68833595036848,0.3694145789316828,-0.42857695204495183,1,320.0,181.0,185.6628349008009,-0.42857695204495183
13.053145408630371,2.872000217437744,-134.2600652105771,-113.51395227142015,0.3697365638752806,-0.42911276935677395,1,320.0,181.0,185.7399347894229,-0.42911276935677395
13.06368088722229,2.872000217437744,-134.1829653219551,-113.40190054201867,0.3701328227561801,-0.42964822584107537,1,320.0,179.0,185.8170346780449,-0.42964822584107537
13.073647260665894,2.8580000400543213,-134.79445900859284,-113.80189977324571,0.3722821127356334,-0.43242557461181536,1,320.0,179.0,185.20554099140716,-0.43242557461181536
13.08312177658081,2.8580000400543213,-134.7220839068748,-113.69365031406468,0.3726803204017098,-0.4329645085829916,1,320.0,179.0,185.2779160931252,-0.4329645085829916
13.093634366989136,2.8370001316070557,-134.64970880515673,-113.52143477474124,0.3729950089810752,-0.43349603729291974,1,320.0,179.0,185.35029119484327,-0.43349603729291974
13.103369235992432,2.8370001316070557,-134.57733370343868,-113.41318531556021,0.3733859597209346,-0.43402723362016943,1,320.0,179.0,185.42266629656132,-0.43402723362016943
13.113701581954956,2.823000192642212,-134.50495860172063,-113.26173133158214,0.3737204053352521,-0.43455338991171344,1,320.0,179.0,185.49504139827937,-0.43455338991171344
13.124453783035278,2.823000192642212,-135.10392874045533,-113.82295299128987,0.37629009201323677,-0.43726921892680237,1,320.0,179.0,184.89607125954467,-0.43726921892680237
13.133867740631104,2.802000045776367,-135.0361580674983,-113.65362904189226,0.3765989128858,-0.4377962320268016,1,320.0,179.0,184.9638419325017,-0.4377962320268016
13.1443510055542,2.802000045776367,-134.96838739454125,-113.54997115778876,0.37698606605793644,-0.43832293981991155,1,320.0,179.0,185.03161260545875,-0.43832293981991155
13.154142618179321,2.7880001068115234,-134.9006167215842,-113.4019533670126,0.37731535147083717,-0.43884462080513087,1,320.0,177.0,185.0993832784158,-0.43884462080513087
13.163667440414429,2.7880001068115234,-135.66719783215441,-114.0427445389916,0.38012497943789575,-0.44208673668713055,1,320.0,177.0,184.33280216784559,-0.44208673668713055
13.173958778381348,2.767000198364258,-135.60514644632664,-113.87675649993322,0.3804288444193369,-0.44261131082581195,1,320.0,177.0,184.39485355367336,-0.44261131082581195
13.18359637260437,2.767000198364258,-135.54309506049887,-113.77820164070353,0.3808131938504329,-0.4431356108524656,1,320.0,176.0,184.45690493950113,-0.4431356108524656
13.193902730941772,2.753000020980835,-136.32986143182075,-114.31489005694428,0.3833581643303698,-0.4464226417146741,1,320.0,176.0,183.67013856817925,-0.4464226417146741
13.203321933746338,2.753000020980835,-136.27362819796545,-114.22100172894385,0.3837460718828375,-0.4469523810167732,1,320.0,176.0,183.72637180203455,-0.4469523810167732
13.21340036392212,2.7320001125335693,-136.21739496411016,-114.05783998899275,0.38404414827413685,-0.447474722494664,1,320.0,176.0,183.78260503588984,-0.447474722494664
13.224230527877808,2.7320001125335693,-136.16116173025486,-113.96395166099232,0.3844249462232904,-0.44799682048263645,1,320.0,176.0,183.83883826974514,-0.44799682048263645
13.234126329421997,2.7180001735687256,-136.10492849639957,-113.82324916920422,0.3847449741377168,-0.448513911328961,1,320.0,175.0,183.89507150360043,-0.448513911328961
13.243550062179565,2.7180001735687256,-136.96314514501216,-114.50823377707906,0.3876601977609869,-0.4520122150196633,1,320.0,175.0,183.03685485498784,-0.4520122150196633
13.253613471984863,2.697000026702881,-136.913179200972,-114.34849273026131,0.3879536319928474,-0.4525331100587152,1,320.0,175.0,183.086820799028,-0.4525331100587152
13.263429880142212,2.697000026702881,-136.86321325693183,-114.25994249952775,0.388332119529649,-0.4530537931172461,1,320.0,175.0,183.13678674306817,-0.4530537931172461
13.274251937866211,2.684000015258789,-136.81324731289166,-114.12672837414488,0.3886527361099983,-0.4535698177608042,1,320.0,174.0,183.18675268710834,-0.4535698177608042
13.283782243728638,2.684000015258789,-137.70524765930844,-114.87455315759959,0.3917528174710529,-0.4571560573800245,1,320.0,174.0,182.29475234069156,-0.4571560573800245
13.293974161148071,2.6630001068115234,-137.66173538228702,-114.71860412128311,0.3920426212547405,-0.45767617134921035,1,320.0,174.0,182.33826461771298,-0.45767617134921035
13.303544521331787,2.6630001068115234,-137.6182231052656,-114.63578412304199,0.39241983555995374,-0.4581961044160928,1,320.0,172.0,182.3817768947344,-0.4581961044160928
13.31420373916626,2.6490001678466797,-138.6125082385843,-115.36068815201287,0.3955272260574495,-0.4620939105996867,1,320.0,172.0,181.3874917614157,-0.4620939105996867
13.32363748550415,2.6490001678466797,-138.57610674123032,-115.28374125769648,0.39591014705597966,-0.4626215088610515,1,320.0,172.0,181.42389325876968,-0.4626215088610515
13.332958936691284,2.629000186920166,-138.53970524387634,-115.13519548588886,0.39620078026722955,-0.46314203007857213,1,320.0,172.0,181.46029475612366,-0.46314203007857213
13.343869686126709,2.629000186920166,-138.50330374652236,-115.05824859157246,0.39657701876520585,-0.4636624030509777,1,320.0,172.0,181.49669625347764,-0.4636624030509777
13.353791952133179,2.615000009536743,-138.46690224916838,-114.93048767211486,0.396887737508573,-0.46417778137528526,1,320.0,171.0,181.53309775083162,-0.46417778137528526
13.363281488418579,2.615000009536743,-139.50962882833937,-115.78668733959438,0.40030089138956004,-0.46821063626550075,1,320.0,171.0,180.49037117166063,-0.46821063626550075
13.373985528945923,2.5950000286102295,-139.4806217072037,-115.64253046649935,0.40058902774035254,-0.4687320067091719,1,320.0,171.0,180.5193782927963,-0.4687320067091719
13.383928537368774,2.5950000286102295,-139.45161458606805,-115.57197765727335,0.4009652076384561,-0.46925326148694535,1,320.0,170.0,180.54838541393195,-0.46925326148694535
13.393921852111816,2.5810000896453857,-140.47631461750146,-116.48737535751647,0.40465844929510153,-0.47320436886006917,1,320.0,170.0,179.52368538249854,-0.47320436886006917
13.403273344039917,2.5810000896453857,-140.45452827860043,-116.42393704175429,0.40504248895343664,-0.4737333718078869,1,320.0,170.0,179.54547172139957,-0.4737333718078869
13.413235425949097,2.561000108718872,-140.4327419396994,-116.2848040599827,0.40532933085476064,-0.4742552670147946,1,320.0,170.0,179.5672580603006,-0.4742552670147946
13.424824476242065,2.561000108718872,-140.4109556007984,-116.22136574422052,0.4057067587872515,-0.47477707720050877,1,320.0,170.0,179.5890443992016,-0.47477707720050877
13.433808088302612,2.5470001697540283,-140.38916926189737,-116.10418662024941,0.4060151768295128,-0.4752938887655269,1,320.0,169.0,179.61083073810263,-0.4752938887655269
13.443348169326782,2.5470001697540283,-141.45383629022155,-117.13420454264306,0.40995229906731184,-0.47935224861021797,1,320.0,169.0,178.54616370977845,-0.47935224861021797
13.454038143157959,2.5270001888275146,-141.43949557344993,-117.00038422023816,0.41023836370241895,-0.4798749850912128,1,320.0,169.0,178.56050442655007,-0.4798749850912128
13.46432876586914,2.5270001888275146,-141.42515485667832,-116.94443951829314,0.4106176655131518,-0.48039766682651464,1,320.0,169.0,178.57484514332168,-0.48039766682651464
13.47326397895813,2.513000011444092,-141.4108141399067,-116.83319343274174,0.4109260917679921,-0.4809153443749187,1,320.0,167.0,178.5891858600933,-0.4809153443749187
13.483720541000366,2.513000011444092,-142.5806907453153,-117.7803829788375,0.4145701235935499,-0.4852926164453132,1,320.0,167.0,177.4193092546847,-0.4852926164453132
13.493155717849731,2.493000030517578,-142.57446372413395,-117.65115905104682,0.4148541878403352,-0.4858173032166235,1,320.0,167.0,177.42553627586605,-0.4858173032166235
13.504831790924072,2.493000030517578,-142.5682367029526,-117.60208734932931,0.4152342515982778,-0.4863419667455767,1,320.0,167.0,177.4317632970474,-0.4863419667455767
13.513129949569702,2.4800000190734863,-142.56200968177123,-117.50017554132613,0.4155467080837798,-0.4868619737627795,1,320.0,166.0,177.43799031822877,-0.4868619737627795
13.523818731307983,2.4800000190734863,-143.72250914147648,-118.47288963761669,0.4192522130354378,-0.49118411607837964,1,320.0,166.0,176.27749085852352,-0.49118411607837964
13.533043384552002,2.4600000381469727,-143.7242746858727,-118.34835890709819,0.4195347476801131,-0.4917108283479651,1,320.0,166.0,176.2757253141273,-0.4917108283479651
13.545085906982422,2.4600000381469727,-143.72604023026892,-118.30628686651002,0.4199160791897526,-0.4922375470617878,1,320.0,166.0,176.27395976973108,-0.4922375470617878
13.553974151611328,2.449000120162964,-143.72780577466514,-118.2182486400175,0.4202386789591738,-0.49276031973465884,1,320.0,165.0,176.27219422533486,-0.49276031973465884
13.563630104064941,2.449000120162964,-144.87766167778867,-119.11021308133569,0.4236598814547262,-0.4970241977400195,1,320.0,165.0,175.12233832221133,-0.4970241977400195
13.573189496994019,2.434000015258789,-144.8872913273471,-119.01114018489048,0.42396764892109473,-0.4975551742644252,1,320.0,165.0,175.1127086726529,-0.4975551742644252
13.584631443023682,2.434000015258789,-144.89692097690553,-118.97546603891331,0.4243513669962102,-0.4980861853111249,1,320.0,165.0,175.10307902309447,-0.4980861853111249
13.593864440917969,2.4250001907348633,-144.90655062646397,-118.90135059733726,0.4246860145845185,-0.49861397054629863,1,320.0,164.0,175.09344937353603,-0.49861397054629863
13.603516817092896,2.4250001907348633,-146.04461237870856,-119.82038776392488,0.42817746930644773,-0.5028186417242747,1,320.0,164.0,173.95538762129144,-0.5028186417242747
13.614060878753662,2.4150002002716064,-146.06197107184715,-119.74817955450825,0.42851442870027723,-0.5033561664518378,1,320.0,164.0,173.93802892815285,-0.5033561664518378
13.625158071517944,2.4150002002716064,-146.07932976498574,-119.71904457497604,0.4289029729049634,-0.5038937525857866,1,320.0,164.0,173.92067023501426,-0.5038937525857866
13.633171558380127,2.4100000858306885,-146.09668845812433,-119.66822888517343,0.4292638246096985,-0.5044295738757167,1,320.0,164.0,173.90331154187567,-0.5044295738757167
13.6439790725708,2.4100000858306885,-147.12030859892795,-120.50825308109349,0.4324825758024761,-0.5082441626553221,1,320.0,164.0,172.87969140107205,-0.5082441626553221
13.65315866470337,2.4040000438690186,-147.14455944370408,-120.4589272311795,0.43284619563037185,-0.5087897410888387,1,320.0,164.0,172.85544055629592,-0.5087897410888387
13.664457559585571,2.4040000438690186,-147.16881028848022,-120.4357453534463,0.43324110685649114,-0.5093354046428229,1,320.0,164.0,172.83118971151978,-0.5093354046428229
13.673362493515015,2.4010000228881836,-147.19306113325635,-120.39943899131997,0.4336192382638959,-0.509880049361596,1,320.0,164.0,172.80693886674365,-0.509880049361596
13.684165954589844,2.4010000228881836,-148.11133011398277,-121.06487158666992,0.4362567594730755,-0.5133377700963567,1,320.0,164.0,171.88866988601723,-0.5133377700963567
13.693320512771606,2.3980000019073486,-148.1417044188112,-121.03324661259597,0.436641820701675,-0.513891974519801,1,320.0,164.0,171.8582955811888,-0.513891974519801
13.705388307571411,2.3980000019073486,-148.17207872363963,-121.01478130944642,0.43704260899914904,-0.5144462851014407,1,320.0,164.0,171.82792127636037,-0.5144462851014407
13.713596820831299,2.3960001468658447,-148.20245302846806,-120.98752397373805,0.4374321466993897,-0.5149999608827189,1,320.0,165.0,171.79754697153194,-0.5149999608827189
13.72306513786316,2.3960001468658447,-148.92231163997167,-121.49381152996698,0.43954201374116864,-0.5178003433951001,1,320.0,165.0,171.07768836002833,-0.5178003433951001
13.733844757080078,2.3960001468658447,-148.95740865565435,-121.47894058857561,0.4399481301587559,-0.5183623212248194,1,320.0,165.0,171.04259134434565,-0.5183623212248194
13.74381947517395,2.3960001468658447,-148.99250567133703,-121.46406964718425,0.44035419467675224,-0.5189244215431363,1,320.0,165.0,171.00749432866297,-0.5189244215431363
13.753999948501587,2.3950002193450928,-149.0276026870197,-121.44479678924874,0.44075460604262795,-0.5194862718080477,1,320.0,166.0,170.9723973129803,-0.5194862718080477
13.763667106628418,2.3950002193450928,-149.56671115847095,-121.70479932625538,0.4420559197953353,-0.5216905597882575,1,320.0,166.0,170.43328884152905,-0.5216905597882575
13.773735761642456,2.3960001468658447,-149.60526065357791,-121.69621318525454,0.44247033625483334,-0.5222589415969966,1,320.0,166.0,170.39473934642209,-0.5222589415969966
13.78406834602356,2.3960001468658447,-149.64381014868488,-121.68322512770955,0.44287942508615286,-0.5228274579434877,1,320.0,166.0,170.35618985131512,-0.5228274579434877
13.794014930725098,2.3970000743865967,-149.68235964379184,-121.67463505144062,0.4432940656801747,-0.523396483006508,1,320.0,167.0,170.31764035620816,-0.523396483006508
13.80336332321167,2.3970000743865967,-150.056995370331,-121.81266568780941,0.4441954973900414,-0.5250608233969396,1,320.0,167.0,169.943004629669,-0.5250608233969396
13.813794136047363,2.3980000019073486,-150.09784721021913,-121.8051062288427,0.44461213488613194,-0.5256344375815207,1,320.0,167.0,169.90215278978087,-0.5256344375815207
13.823368787765503,2.3980000019073486,-150.13869905010725,-121.79315271859323,0.4450234577431649,-0.5262081945432825,1,320.0,167.0,169.86130094989275,-0.5262081945432825
13.833320379257202,2.4000000953674316,-150.17955088999537,-121.78997658734346,0.4454459113327578,-0.5267828452150689,1,320.0,168.0,169.82044911000463,-0.5267828452150689
13.843828439712524,2.4000000953674316,-150.4047280413243,-121.81736938005554,0.4459860116183745,-0.527958316581792,1,320.0,168.0,169.5952719586757,-0.527958316581792
13.8539559841156,2.4020001888275146,-150.44684268854948,-121.81444714854125,0.44640946463531783,-0.5285361704131069,1,320.0,168.0,169.55315731145052,-0.5285361704131069
13.863947868347168,2.4020001888275146,-150.48895733577467,-121.80276319866674,0.44682236263797903,-0.5291141718562801,1,320.0,168.0,169.51104266422533,-0.5291141718562801
13.8733971118927,2.4030001163482666,-150.53107198299986,-121.79545372704068,0.44724078886140206,-0.5296926972117157,1,320.0,170.0,169.46892801700014,-0.5296926972117157
13.884191036224365,2.4030001163482666,-150.51943673397201,-121.72266456186252,0.44745478511203385,-0.5300962013772841,1,320.0,170.0,169.48056326602799,-0.5300962013772841
13.893917083740234,2.4050002098083496,-150.56118311285147,-121.7193002553453,0.44787828705020444,-0.5306751432665958,1,320.0,170.0,169.43881688714853,-0.5306751432665958
13.904400825500488,2.4050002098083496,-150.60292949173092,-121.70719764202909,0.4482912605097805,-0.5312542317900852,1,320.0,170.0,169.39707050826908,-0.5312542317900852
13.913181781768799,2.4070000648498535,-150.64467587061037,-121.70381674041985,0.44871529662296505,-0.5318342201165387,1,320.0,171.0,169.35532412938963,-0.5318342201165387
13.923891305923462,2.4070000648498535,-150.52002333804316,-121.439319821346,0.44830623530893227,-0.5318720376577314,1,320.0,171.0,169.47997666195684,-0.5318720376577314
13.93298864364624,2.4100000858306885,-150.56062953816854,-121.43854231528606,0.4487333731893796,-0.5324514913493107,1,320.0,171.0,169.43937046183146,-0.5324514913493107
13.94377088546753,2.4100000858306885,-150.60123573829392,-121.42471027584217,0.44914479687182424,-0.5330310881777541,1,320.0,171.0,169.39876426170608,-0.5330310881777541
13.953147172927856,2.4110000133514404,-150.6418419384193,-121.41522166983269,0.4495617027431059,-0.5336112047203706,1,320.0,173.0,169.3581580615807,-0.5336112047203706
13.963601350784302,2.4110000133514404,-150.3140976559953,-121.07887622536619,0.4489221727953706,-0.5329908918182479,1,320.0,173.0,169.6859023440047,-0.5329908918182479
13.973244667053223,2.4110000133514404,-150.352179680295,-121.06283411540797,0.4493299714148037,-0.5335669575662483,1,320.0,173.0,169.647820319705,-0.5335669575662483
13.984063863754272,2.4140000343322754,-150.39026170459468,-121.05980021597426,0.44975427713963734,-0.5341442855834417,1,320.0,173.0,169.60973829540532,-0.5341442855834417
13.99361276626587,2.4150002002716064,-150.42834372889436,-121.04808717232751,0.45016842915623967,-0.5347221243538587,1,320.0,174.0,169.57165627110564,-0.5347221243538587
14.003154039382935,2.4150002002716064,-150.0186381779466,-120.54625308765435,0.44899389096874315,-0.5338405345753316,1,320.0,174.0,169.9813618220534,-0.5338405345753316
14.013579607009888,2.4170000553131104,-150.05365142182941,-120.53552630830356,0.4494080159521373,-0.5344141155489027,1,320.0,174.0,169.94634857817059,-0.5344141155489027
14.023121118545532,2.4170000553131104,-150.08866466571223,-120.51615496595687,0.4498116988369535,-0.5349878205568951,1,320.0,174.0,169.91133533428777,-0.5349878205568951
14.033811569213867,2.4170000553131104,-150.12367790959505,-120.49678362361018,0.4502153130987867,-0.5355616495993087,1,320.0,176.0,169.87632209040495,-0.5355616495993087
14.04328989982605,2.4190001487731934,-149.53960487529295,-119.85476823564328,0.4485721007334025,-0.534118335182971,1,320.0,176.0,170.46039512470705,-0.534118335182971
14.053592205047607,2.4210000038146973,-149.57037505724549,-119.83968428775526,0.448979730475512,-0.5346866081601314,1,320.0,176.0,170.42962494275451,-0.5346866081601314
14.06350588798523,2.4210000038146973,-149.60114523919802,-119.81598634962617,0.44937693924240674,-0.5352549904483633,1,320.0,176.0,170.39885476080198,-0.5352549904483633
14.074004173278809,2.4210000038146973,-149.63191542115055,-119.79228841149708,0.44977406382237617,-0.535823482047667,1,320.0,177.0,170.36808457884945,-0.535823482047667
14.083380699157715,2.4220001697540283,-148.9923367111537,-119.1136038934603,0.44802740803335417,-0.5342072296598355,1,320.0,177.0,171.0076632888463,-0.5342072296598355
14.094136714935303,2.4220001697540283,-149.01851214058598,-119.08538701106531,0.4484168963758427,-0.5347684010490552,1,320.0,177.0,170.98148785941402,-0.5347684010490552
14.104515314102173,2.4240000247955322,-149.04468757001825,-119.06576129520293,0.44881721963439947,-0.5353304106613622,1,320.0,177.0,170.95531242998175,-0.5353304106613622
14.113412857055664,2.4240000247955322,-149.07086299945053,-119.03754441280795,0.44920713304101406,-0.5358925134581998,1,320.0,179.0,170.92913700054947,-0.5358925134581998
14.123839616775513,2.4250001907348633,-148.2813624253563,-118.22987918274475,0.44704742407904163,-0.5337959848481303,1,320.0,179.0,171.7186375746437,-0.5337959848481303
14.133303165435791,2.4250001907348633,-148.30194658697022,-118.19628995139357,0.4474281913407324,-0.5343490115974989,1,320.0,179.0,171.69805341302978,-0.5343490115974989
14.14390230178833,2.427000045776367,-148.32253074858414,-118.17126915345736,0.44781974239943756,-0.5349028532368554,1,320.0,179.0,171.67746925141586,-0.5349028532368554
14.155077457427979,2.427000045776367,-148.34311491019807,-118.13767992210617,0.448200891508458,-0.5354567683102107,1,320.0,182.0,171.65688508980193,-0.5354567683102107
14.163676261901855,2.4280002117156982,-147.31850811974314,-117.11380426271067,0.44534494290640514,-0.5326036594201021,1,320.0,182.0,172.68149188025686,-0.5326036594201021
14.17315411567688,2.4280002117156982,-147.33192725504534,-117.0733970508462,0.445714406341605,-0.5331457374407464,1,320.0,182.0,172.66807274495466,-0.5331457374407464
14.183825731277466,2.430000066757202,-147.34534639034754,-117.04153562939112,0.4460945961452674,-0.5336886000410456,1,320.0,182.0,172.65465360965246,-0.5336886000410456
14.194423913955688,2.430000066757202,-147.35876552564974,-117.00112841752664,0.44646438654464937,-0.5342315106147555,1,320.0,184.0,172.64123447435026,-0.5342315106147555
14.203919887542725,2.431000232696533,-146.22447737136014,-115.98561816012545,0.4436464396950385,-0.5310329931932767,1,320.0,184.0,173.77552262863986,-0.5310329931932767
14.213334321975708,2.431000232696533,-146.23002820736502,-115.93849670440375,0.44400466398757865,-0.5315627922074625,1,320.0,184.0,173.76997179263498,-0.5315627922074625
14.22426962852478,2.432000160217285,-146.2355790433699,-115.89563874277846,0.44436814086674864,-0.5320929766422173,1,320.0,184.0,173.7644209566301,-0.5320929766422173
14.233490705490112,2.432000160217285,-146.2411298793748,-115.84851728705675,0.4447263328581726,-0.5326231809489672,1,320.0,186.0,173.7588701206252,-0.5326231809489672
14.244061470031738,2.433000087738037,-145.00992212036456,-114.64058140642713,0.4412911603631203,-0.5291214383140783,1,320.0,186.0,174.99007787963544,-0.5291214383140783
14.25356674194336,2.433000087738037,-145.00699365169652,-114.58547211955099,0.44163553169787095,-0.5296374117382404,1,320.0,186.0,174.99300634830348,-0.5296374117382404
14.263096570968628,2.434000015258789,-145.00406518302847,-114.53461882941447,0.4419851143625797,-0.5301537371550513,1,320.0,186.0,174.99593481697153,-0.5301537371550513
14.274247884750366,2.434000015258789,-145.00113671436043,-114.47950954253832,0.4423293922644055,-0.530670052073302,1,320.0,189.0,174.99886328563957,-0.530670052073302
14.283660173416138,2.43500018119812,-143.58372876906114,-113.20077370069029,0.43867535077267983,-0.5265747799726366,1,320.0,189.0,176.41627123093886,-0.5265747799726366
14.29309630393982,2.43500018119812,-143.5711020028654,-113.13724552611936,0.4390049968827703,-0.527074689246674,1,320.0,189.0,176.4288979971346,-0.527074689246674
14.303750991821289,2.43500018119812,-143.55847523666964,-113.07371735154842,0.43933441508550564,-0.527574553222182,1,320.0,189.0,176.44152476333036,-0.527574553222182
14.313794136047363,2.43500018119812,-143.54584847047389,-113.01018917697749,0.43966360538088606,-0.5280743718991605,1,320.0,191.0,176.45415152952611,-0.5280743718991605
14.3232262134552,2.436000108718872,-142.063795455555,-111.56889922408345,0.4354917463965484,-0.5237832562613112,1,320.0,191.0,177.936204544445,-0.5237832562613112
14.33366060256958,2.436000108718872,-142.04109315241178,-111.49589490478117,0.43580441150639815,-0.5242659410605628,1,320.0,191.0,177.95890684758822,-0.5242659410605628
14.343218326568604,2.437000036239624,-142.01839084926854,-111.42713537232025,0.4361222020613653,-0.5247488993787837,1,320.0,191.0,177.98160915073146,-0.5247488993787837
14.35413670539856,2.437000036239624,-141.9956885461253,-111.35413105301797,0.43643463660409915,-0.5252317761389784,1,320.0,194.0,178.0043114538747,-0.5252317761389784
14.363499641418457,2.437000036239624,-140.3571712828251,-109.86529467836814,0.4321301765685899,-0.5204458507155463,1,320.0,194.0,179.6428287171749,-0.5204458507155463
14.373915910720825,2.437000036239624,-140.3233891868218,-109.78258186750914,0.43242531513086435,-0.5209094239887091,1,320.0,194.0,179.6766108131782,-0.5209094239887091
14.383288621902466,2.438000202178955,-140.2896070908185,-109.70411112777212,0.4327255365781339,-0.5213732266819056,1,320.0,194.0,179.7103929091815,-0.5213732266819056
14.393688678741455,2.438000202178955,-140.25582499481519,-109.62139831691312,0.43302037018746026,-0.52183690792845,1,320.0,196.0,179.74417500518481,-0.52183690792845
14.40325117111206,2.438000202178955,-138.58001146391982,-108.09633770342609,0.4286116888910495,-0.5169461204250626,1,320.0,196.0,181.41998853608018,-0.5169461204250626
14.413790225982666,2.438000202178955,-138.5349693463246,-108.00373417607074,0.4288888381371762,-0.5173901031687704,1,320.0,196.0,181.4650306536754,-0.5173901031687704
14.423294305801392,2.438000202178955,-138.48992722872939,-107.91113064871539,0.4291656544735753,-0.5178339239860429,1,320.0,196.0,181.51007277127061,-0.5178339239860429
14.43401026725769,2.438000202178955,-138.44488511113417,-107.81852712136003,0.42944213790024677,-0.5182775828768797,1,320.0,199.0,181.55511488886583,-0.5182775828768797
14.443659782409668,2.437000036239624,-136.63775535203223,-106.25946534183787,0.4249448019584158,-0.5129747775878513,1,320.0,199.0,183.36224464796777,-0.5129747775878513
14.45310926437378,2.437000036239624,-136.58062949868173,-106.15683448466494,0.42520301336731214,-0.5133968924876787,1,320.0,199.0,183.41937050131827,-0.5133968924876787
14.463597297668457,2.433000087738037,-136.52350364533123,-106.0372010567401,0.4254393315498468,-0.5138174369454134,1,320.0,199.0,183.47649635466877,-0.5138174369454134
14.473466634750366,2.433000087738037,-136.46637779198073,-105.93457019956718,0.42569568514221556,-0.5142377767497657,1,320.0,201.0,183.53362220801927,-0.5142377767497657
14.48399543762207,2.430000066757202,-134.64503572074256,-104.34309983553666,0.42112219251771693,-0.508903903172194,1,320.0,201.0,185.35496427925744,-0.508903903172194
14.493489742279053,2.430000066757202,-134.5758111370012,-104.23034646240711,0.4213595119759599,-0.509301942218979,1,320.0,201.0,185.4241888629988,-0.509301942218979
14.503957271575928,2.4220001697540283,-134.50658655325987,-104.08331721246857,0.42155309311289535,-0.5096970436907688,1,320.0,201.0,185.49341344674013,-0.5096970436907688
14.513715982437134,2.4220001697540283,-134.43736196951852,-103.97056383933901,0.4217874044637123,-0.510091899069134,1,320.0,203.0,185.56263803048148,-0.510091899069134
14.524113178253174,2.4160001277923584,-132.60688546120508,-102.24652956673857,0.4168186613608939,-0.504741129235305,1,320.0,203.0,187.39311453879492,-0.504741129235305
14.53356409072876,2.4160001277923584,-132.52558212266123,-102.12290334453225,0.4170318250047123,-0.5051127058321061,1,320.0,203.0,187.47441787733877,-0.5051127058321061
14.544212818145752,2.4050002098083496,-132.4442787841174,-101.95149596970072,0.4171842408379837,-0.5054803524245525,1,320.0,203.0,187.5557212158826,-0.5054803524245525
14.554008960723877,2.4050002098083496,-132.36297544557354,-101.82786974749439,0.417393559817235,-0.5058477134389796,1,320.0,204.0,187.63702455442646,-0.5058477134389796
14.563791513442993,2.3960001468658447,-130.62896272084112,-100.1873861640328,0.41273490212005215,-0.5008223960367025,1,320.0,204.0,189.37103727915888,-0.5008223960367025
14.573301792144775,2.3960001468658447,-130.5363247247624,-100.05362750378805,0.4129235789244827,-0.5011668022626259,1,320.0,204.0,189.4636752752376,-0.5011668022626259
14.584115266799927,2.382000207901001,-130.4436867286837,-99.85787723575982,0.4130336876205999,-0.5015063196727775,1,320.0,204.0,189.5563132713163,-0.5015063196727775
14.593899488449097,2.382000207901001,-130.351048732605,-99.72411857551506,0.4132177241098164,-0.5018455170186045,1,320.0,206.0,189.648951267395,-0.5018455170186045
14.603269815444946,2.372000217437744,-128.6069251126628,-98.06843716423464,0.4085279971952678,-0.4967957339234787,1,320.0,206.0,191.3930748873372,-0.4967957339234787
14.61383605003357,2.372000217437744,-128.50296059466993,-97.92454755727724,0.40869121091827165,-0.49711174172658046,1,320.0,206.0,191.49703940533007,-0.49711174172658046
14.623353719711304,2.3560001850128174,-128.39899607667707,-97.70819333252655,0.40876281666916126,-0.49742225696107756,1,320.0,206.0,191.60100392332293,-0.49742225696107756
14.634119749069214,2.3560001850128174,-128.2950315586842,-97.56430372556915,0.4089208921755687,-0.4977324197558106,1,320.0,207.0,191.7049684413158,-0.4977324197558106
14.643509864807129,2.3440001010894775,-126.64625477165907,-95.99352179927128,0.4045358406853393,-0.4930008815176561,1,320.0,207.0,193.35374522834093,-0.4930008815176561
14.654120683670044,2.3440001010894775,-126.531695128527,-95.84022335419328,0.40467390572593687,-0.493288556473507,1,320.0,207.0,193.46830487147298,-0.493288556473507
14.663767576217651,2.326000213623047,-126.41713548539494,-95.60321414204988,0.40470641937730334,-0.49357015777339663,1,320.0,207.0,193.58286451460506,-0.49357015777339663
14.67334794998169,2.326000213623047,-126.30257584226287,-95.44991569697189,0.40483887776472094,-0.49385137930800815,1,320.0,209.0,193.69742415773715,-0.49385137930800815
14.68318510055542,2.313000202178955,-124.6424522825941,-93.96198995116723,0.40074186917421695,-0.4890882312285272,1,320.0,209.0,195.3575477174059,-0.4890882312285272
14.693607807159424,2.313000202178955,-124.51729217706038,-93.79995841283909,0.4008553297391242,-0.4893467671763948,1,320.0,209.0,195.48270782293963,-0.4893467671763948
14.703320264816284,2.2930002212524414,-124.39213207152666,-93.542115451332,0.40084829312525316,-0.48959867268548074,1,320.0,209.0,195.60786792847335,-0.48959867268548074
14.714067459106445,2.2930002212524414,-124.26697196599294,-93.38008391300386,0.40095570645215967,-0.48985017361445626,1,320.0,210.0,195.73302803400708,-0.48985017361445626
14.723462343215942,2.2800002098083496,-122.70085130864231,-91.87269500249772,0.39680273436132146,-0.48539852008122614,1,320.0,210.0,197.2991486913577,-0.48539852008122614
14.732942342758179,2.2800002098083496,-122.56580803133207,-91.70186980393483,0.3968911901545181,-0.4856286787984425,1,320.0,210.0,197.43419196866793,-0.4856286787984425
14.743268489837646,2.259000062942505,-122.43076475402182,-91.42722086822131,0.3968493786237313,-0.48585197771699873,1,320.0,210.0,197.56923524597818,-0.48585197771699873
14.754136562347412,2.259000062942505,-122.29572147671158,-91.25639566965842,0.3969316179051859,-0.4860748515868184,1,320.0,211.0,197.70427852328842,-0.4860748515868184
14.763715028762817,2.245000123977661,-120.81781848284422,-89.72870609266445,0.39273053339468084,-0.48191428160412747,1,320.0,211.0,199.18218151715578,-0.48191428160412747
14.773332357406616,2.245000123977661,-120.67356476590889,-89.5490571019561,0.3927936760738159,-0.48211677365154104,1,320.0,211.0,199.3264352340911,-0.48211677365154104
14.783432483673096,2.2240002155303955,-120.52931104897357,-89.26205262119207,0.39272241262601665,-0.48231248894797285,1,320.0,211.0,199.47068895102643,-0.48231248894797285
14.793990850448608,2.2240002155303955,-120.38505733203824,-89.08240363048371,0.39277942604027577,-0.4825077628279531,1,320.0,212.0,199.61494266796177,-0.4825077628279531
14.803673505783081,2.2100000381469727,-118.9899235251527,-87.64409824058154,0.3888784693293921,-0.4786196492618243,1,320.0,212.0,201.0100764748473,-0.4786196492618243
14.814035654067993,2.2100000381469727,-118.83709014979112,-87.45631553771139,0.38891768544879,-0.47879573142042664,1,320.0,212.0,201.16290985020888,-0.47879573142042664
14.82365369796753,2.188000202178955,-118.68425677442954,-87.15211480096463,0.3888114863897036,-0.47896482367260146,1,320.0,212.0,201.31574322557046,-0.47896482367260146
14.833406925201416,2.188000202178955,-118.53142339906796,-86.96433209809447,0.3888444312565466,-0.4791334620095742,1,320.0,213.0,201.46857660093204,-0.4791334620095742
14.843714237213135,2.1740000247955322,-117.2139281491752,-85.60909239307847,0.38522231484114344,-0.4754999804916675,1,320.0,213.0,202.78607185082478,-0.4754999804916675
14.853152751922607,2.1740000247955322,-117.05310640679889,-85.41381938533877,0.38523867679704643,-0.47565054527537576,1,320.0,213.0,202.9468935932011,-0.47565054527537576
14.863667726516724,2.1520001888275146,-116.89228466442258,-85.09790583642288,0.38510466254732834,-0.47579420901953895,1,320.0,213.0,203.10771533557744,-0.47579420901953895
14.873937368392944,2.1520001888275146,-116.73146292204626,-84.90263282868318,0.3851148545606672,-0.47593740959700814,1,320.0,214.0,203.26853707795374,-0.47593740959700814
14.883928775787354,2.138000011444092,-115.48677560062974,-83.62457336982574,0.3817518936809605,-0.4725420719700275,1,320.0,214.0,204.51322439937024,-0.4725420719700275
14.893461227416992,2.138000011444092,-115.31851961584954,-83.42240969061035,0.38174663402385856,-0.47266824597989765,1,320.0,214.0,204.68148038415046,-0.47266824597989765
14.903864622116089,2.116000175476074,-115.15026363106934,-83.09514899713275,0.3815857566938405,-0.47278760808420733,1,320.0,214.0,204.84973636893068,-0.47278760808420733
14.91401982307434,2.116000175476074,-114.98200764628913,-82.89298531791736,0.3815744317441833,-0.4729065007542457,1,320.0,215.0,205.01799235371087,-0.4729065007542457
14.923834323883057,2.1019999980926514,-113.80558078243773,-81.58556593659496,0.3781228450897571,-0.46973379525462444,1,320.0,215.0,206.19441921756226,-0.46973379525462444
14.933278322219849,2.1019999980926514,-113.63040970553249,-81.37637741861089,0.3780960107875765,-0.4698366417405351,1,320.0,215.0,206.3695902944675,-0.4698366417405351
14.943960905075073,2.080000162124634,-113.45523862862724,-81.03738383741258,0.37790801945934493,-0.4699327656385308,1,320.0,215.0,206.54476137137277,-0.4699327656385308
14.95358920097351,2.080000162124634,-113.280067551722,-80.8281953194285,0.37787522939788715,-0.47002841657454786,1,320.0,216.0,206.719932448278,-0.47002841657454786
14.963895320892334,2.065999984741211,-112.16762092640683,-79.59691368408176,0.3746798205030348,-0.46706375321929305,1,320.0,216.0,207.8323790735932,-0.46706375321929305
14.973674058914185,2.065999984741211,-111.98602100246703,-79.38129184374979,0.3746326254343718,-0.46714427605226494,1,320.0,216.0,208.01397899753297,-0.46714427605226494
14.983039379119873,2.0440001487731934,-111.80442107852723,-79.03088601672492,0.37441840908383983,-0.4672181657241359,1,320.0,216.0,208.19557892147276,-0.4672181657241359
14.994159698486328,2.0440001487731934,-111.62282115458743,-78.81526417639296,0.37436537074425585,-0.4672915814201378,1,320.0,217.0,208.37717884541257,-0.4672915814201378
15.003300428390503,2.0300002098083496,-110.57032677568536,-77.65448244391581,0.3714074015757636,-0.46452124045045345,1,320.0,217.0,209.42967322431463,-0.46452124045045345
15.014774322509766,2.0300002098083496,-110.3827532971974,-77.43297729884205,0.3713409853588348,-0.4645803879239062,1,320.0,217.0,209.61724670280262,-0.4645803879239062
15.023717880249023,2.009000062942505,-110.19517981870943,-77.07785370312837,0.3711092659420732,-0.46463326710815334,1,320.0,217.0,209.80482018129055,-0.46463326710815334
15.033354759216309,2.009000062942505,-110.00760634022147,-76.85634855805459,0.37103732991931615,-0.4646856731382713,1,320.0,218.0,209.99239365977854,-0.4646856731382713
15.043036222457886,1.9940000772476196,-109.01127424573929,-75.75431647311179,0.3682914963725358,-0.462096755982341,1,320.0,218.0,210.9887257542607,-0.462096755982341
15.053682565689087,1.9940000772476196,-108.81815339498432,-75.52743917958496,0.36820692932125065,-0.46213542409363645,1,320.0,218.0,211.18184660501566,-0.46213542409363645
15.063618659973145,1.9730000495910645,-108.62503254422936,-75.16161609940409,0.36795077226551376,-0.46216790947786135,1,320.0,218.0,211.37496745577064,-0.46216790947786135
15.07328724861145,1.9730000495910645,-108.43191169347439,-74.93473880587726,0.36786079827471707,-0.46219992509559293,1,320.0,219.0,211.56808830652562,-0.46219992509559293
15.082901954650879,1.9590001106262207,-107.48817653463328,-73.8994361947114,0.3653263972045861,-0.45978057724829735,1,320.0,219.0,212.51182346536672,-0.45978057724829735
15.09333872795105,1.9590001106262207,-107.28990712191279,-73.66766152833308,0.36522488584382024,-0.4597998815350303,1,320.0,219.0,212.7100928780872,-0.4597998815350303
15.102965116500854,1.9380000829696655,-107.0916377091923,-73.29144948908757,0.36494529986097995,-0.4598130881524072,1,320.0,219.0,212.9083622908077,-0.4598130881524072
15.11349892616272,1.9380000829696655,-106.8933682964718,-73.05967482270925,0.3648384952139395,-0.45982582982797005,1,320.0,219.0,213.1066317035282,-0.45982582982797005
15.123331308364868,1.9240001440048218,-106.0998754997747,-71.9789612969171,0.36216308734541725,-0.457893913532025,1,320.0,219.0,213.9001245002253,-0.457893913532025
15.133952140808105,1.9240001440048218,-105.89752336808584,-71.74203722032519,0.3620445025853139,-0.457895714291103,1,320.0,219.0,214.10247663191416,-0.457895714291103
15.143299102783203,1.9030001163482666,-105.69517123639699,-71.35485206056376,0.3617409639928819,-0.45789149861288614,1,320.0,219.0,214.304828763603,-0.45789149861288614
15.154219388961792,1.9030001163482666,-105.49281910470813,-71.11792798397184,0.3616172038440816,-0.45788682612467313,1,320.0,220.0,214.50718089529187,-0.45788682612467313
15.163362741470337,1.8900001049041748,-104.73569846657422,-70.20643938840071,0.35948671757839407,-0.4560697479718647,1,320.0,220.0,215.2643015334258,-0.4560697479718647
15.174237966537476,1.8900001049041748,-104.52954110040669,-69.96553894748529,0.35935331039180296,-0.4560549373888261,1,320.0,220.0,215.47045889959332,-0.4560549373888261
15.183477401733398,1.8690000772476196,-104.32338373423916,-69.56837616218205,0.35902785236008633,-0.45603419112073446,1,320.0,220.0,215.67661626576086,-0.45603419112073446
15.194091320037842,1.8690000772476196,-104.11722636807163,-69.32747572126662,0.3588893857853807,-0.4560129969757251,1,320.0,221.0,215.8827736319284,-0.4560129969757251
15.203719139099121,1.8550001382827759,-103.39423483636043,-68.55600403243709,0.3572371700402721,-0.4543029013586081,1,320.0,221.0,216.60576516363957,-0.4543029013586081
15.213259220123291,1.8550001382827759,-103.18453243355366,-68.3121936308522,0.3570906148958722,-0.4542718154489883,1,320.0,221.0,216.81546756644633,-0.4542718154489883
15.223664999008179,1.8350000381469727,-102.97483003074689,-67.91340514374086,0.35675383795105287,-0.45423513253312986,1,320.0,221.0,217.0251699692531,-0.45423513253312986
15.23327350616455,1.8350000381469727,-102.76512762794012,-67.66959474215598,0.3566025257546287,-0.4541980118634855,1,320.0,221.0,217.2348723720599,-0.4541980118634855
15.243773698806763,1.821000099182129,-102.17515147449674,-66.82988915698634,0.35473365074655766,-0.45291725057053767,1,320.0,221.0,217.82484852550326,-0.45291725057053767
15.253307104110718,1.821000099182129,-101.96284072358146,-66.58275076650169,0.3545737457904339,-0.4528717564253067,1,320.0,221.0,218.03715927641855,-0.4528717564253067
15.263242244720459,1.8010001182556152,-101.75052997266619,-66.1741861878907,0.3542159821235056,-0.4528207389905601,1,320.0,221.0,218.2494700273338,-0.4528207389905601
15.273999452590942,1.8010001182556152,-101.53821922175091,-65.92704779740605,0.3540514349876289,-0.45276929640347197,1,320.0,221.0,218.46178077824908,-0.45276929640347197
15.283832311630249,1.7880001068115234,-101.06955110232968,-65.13517588696638,0.3523288756669136,-0.4518784855194707,1,320.0,221.0,218.93044889767032,-0.4518784855194707
15.293284893035889,1.7880001068115234,-100.85548196413656,-64.8850353986748,0.35215653061802527,-0.4518202878800396,1,320.0,221.0,219.14451803586343,-0.4518202878800396
15.303885459899902,1.7670000791549683,-100.64141282594343,-64.45830242443174,0.35176804985658794,-0.4517563848432173,1,320.0,221.0,219.35858717405657,-0.4517563848432173
15.313555240631104,1.7670000791549683,-100.42734368775031,-64.20816193614016,0.3515910004338566,-0.4516920713287801,1,320.0,222.0,219.5726563122497,-0.4516920713287801
15.323882579803467,1.7540000677108765,-99.96811549013482,-63.452649848565116,0.3499938214358063,-0.4508249651156926,1,320.0,222.0,220.03188450986517,-0.4508249651156926
15.33335828781128,1.7540000677108765,-99.75236477763978,-63.199808784444656,0.3498095438091188,-0.4507540974851902,1,320.0,222.0,220.2476352223602,-0.4507540974851902
15.343750715255737,1.7340000867843628,-99.53661406514475,-62.77159615644151,0.34941087454808106,-0.45067784633860125,1,320.0,222.0,220.46338593485524,-0.45067784633860125
15.353381156921387,1.7340000867843628,-99.32086335264971,-62.51875509232105,0.349222187200295,-0.4506011992894081,1,320.0,223.0,220.67913664735028,-0.4506011992894081
15.363890647888184,1.7200000286102295,-98.87070799770879,-61.78739745103595,0.347729231000182,-0.4497566383954358,1,320.0,223.0,221.1292920022912,-0.4497566383954358
15.37344765663147,1.7200000286102295,-98.65334947938206,-61.532134572414144,0.3475336733924673,-0.4496733842095629,1,320.0,223.0,221.34665052061794,-0.4496733842095629
15.383647680282593,1.7000000476837158,-98.43599096105532,-61.09372169433769,0.34711449195902366,-0.4495848169834871,1,320.0,223.0,221.56400903894468,-0.4495848169834871
15.39371371269226,1.7000000476837158,-98.21863244272859,-60.83845881571588,0.3469146438148575,-0.4494958693799784,1,320.0,223.0,221.7813675572714,-0.4494958693799784
15.404000043869019,1.687000036239624,-98.00127392440186,-60.46157547930529,0.34660983032526516,-0.44883575656065655,1,320.0,224.0,221.99872607559814,-0.44883575656065655
15.41353178024292,1.687000036239624,-97.577083065917,-60.01316013978025,0.34578765179738785,-0.44807901586817545,1,320.0,224.0,222.422916934083,-0.44807901586817545
15.423886775970459,1.6670000553131104,-97.35830646919348,-59.56536766539567,0.3454470757591618,-0.4471283906974245,1,320.0,224.0,222.64169353080652,-0.4471283906974245
15.433411836624146,1.6670000553131104,-97.13952987246996,-59.30878050000187,0.34524653592263976,-0.447035058576442,1,320.0,223.0,222.86047012753005,-0.447035058576442
15.443510293960571,1.6540000438690186,-96.90670901152792,-58.73318470233998,0.3443615413399056,-0.4463452598757678,1,320.0,223.0,223.09329098847206,-0.4463452598757678
15.452938079833984,1.6540000438690186,-96.68783613937633,-58.4752814885844,0.3441595281115647,-0.446250765194395,1,320.0,223.0,223.31216386062368,-0.446250765194395
15.463011741638184,1.6340000629425049,-96.46896326722474,-58.01757428788393,0.3438524563060922,-0.4453160751040346,1,320.0,223.0,223.53103673277525,-0.4453160751040346
15.473685264587402,1.6340000629425049,-96.25009039507314,-57.75967107412835,0.3436515431332016,-0.44522042966166,1,320.0,224.0,223.74990960492687,-0.44522042966166
15.483166217803955,1.621000051498413,-96.00603305219636,-57.199275192212056,0.3428734105114795,-0.4445075857308941,1,320.0,224.0,223.99396694780364,-0.4445075857308941
15.493622541427612,1.621000051498413,-95.78698751207921,-56.94020858693477,0.34267139651478423,-0.444410744979587,1,320.0,224.0,224.2130124879208,-0.444410744979587
15.503272294998169,1.6010000705718994,-95.56794197196206,-56.47214595528158,0.3423974376389333,-0.44349265540697885,1,320.0,224.0,224.43205802803794,-0.44349265540697885
15.513795614242554,1.6010000705718994,-95.3488964318449,-56.2130793500043,0.34219666544988125,-0.44339474798556266,1,320.0,224.0,224.6511035681551,-0.44339474798556266
15.523654699325562,1.5880000591278076,-95.19544475187772,-55.76664369279174,0.34181555322821355,-0.4429652858146923,1,320.0,224.0,224.80455524812228,-0.4429652858146923
15.53313946723938,1.5880000591278076,-94.9768489845729,-55.5072453349617,0.3416165886675593,-0.44286991888041644,1,320.0,224.0,225.02315101542712,-0.44286991888041644
15.543878555297852,1.568000078201294,-94.75825321726808,-55.029009672032956,0.3413752231609207,-0.44197203858969275,1,320.0,224.0,225.24174678273192,-0.44197203858969275
15.553846597671509,1.568000078201294,-94.53965744996326,-54.76961131420292,0.34118034011144427,-0.4418803877792917,1,320.0,224.0,225.46034255003673,-0.4418803877792917
15.564147233963013,1.5550000667572021,-94.32106168265844,-54.36460352424977,0.3409656436025121,-0.44127267106309437,1,320.0,224.0,225.67893831734156,-0.44127267106309437
15.573785305023193,1.5550000667572021,-94.27561079042384,-54.09126106857046,0.34073319384501255,-0.4416791724079131,1,320.0,224.0,225.72438920957615,-0.4416791724079131
15.584342241287231,1.5350000858306885,-94.05820189933955,-53.60237668957545,0.34052324631905934,-0.44079677449092064,1,320.0,224.0,225.94179810066044,-0.44079677449092064
15.594484090805054,1.5350000858306885,-93.84079300825526,-53.34288274752355,0.3403346843908843,-0.44071251745950046,1,320.0,224.0,226.15920699174472,-0.44071251745950046
15.604031324386597,1.5220000743865967,-93.62338411717097,-52.93067209566141,0.34014269905006994,-0.44011740876782157,1,320.0,225.0,226.37661588282901,-0.44011740876782157
15.613409757614136,1.5220000743865967,-93.54750712077836,-52.66260493109644,0.3399327200542628,-0.44042794876984537,1,320.0,225.0,226.45249287922164,-0.44042794876984537
15.624050378799438,1.502000093460083,-93.33106795579688,-52.16232647815999,0.33975419556916164,-0.4395623197429458,1,320.0,225.0,226.66893204420313,-0.4395623197429458
15.633803606033325,1.502000093460083,-93.1146287908154,-51.902773795442776,0.3395719779175143,-0.4394851196225922,1,320.0,225.0,226.8853712091846,-0.4394851196225922
15.643975973129272,1.4880000352859497,-93.08709789622856,-51.54091499156965,0.33959290928927777,-0.4393711805999996,1,320.0,225.0,226.91290210377144,-0.4393711805999996
15.653450727462769,1.4880000352859497,-92.87195306662633,-51.281845467533486,0.33941387135858975,-0.4392979254303609,1,320.0,225.0,227.12804693337367,-0.4392979254303609
15.663234949111938,1.4690001010894775,-92.65680823702411,-50.78231917240879,0.3392622280947685,-0.43848580868540765,1,320.0,225.0,227.3431917629759,-0.43848580868540765
15.674652099609375,1.4690001010894775,-92.44166340742188,-50.52324964837263,0.33908697457426085,-0.43841599581888535,1,320.0,225.0,227.55833659257812,-0.43841599581888535
15.683284997940063,1.4550000429153442,-92.22651857781966,-50.082485090054554,0.3389405867974759,-0.4378076936424051,1,320.0,225.0,227.77348142218034,-0.4378076936424051
15.693694591522217,1.4550000429153442,-92.29607839686577,-49.91878979693167,0.33901514572680513,-0.438478277074129,1,320.0,225.0,227.70392160313423,-0.438478277074129
15.703366756439209,1.436000108718872,-92.08288418365318,-49.407412300976404,0.338889625861244,-0.4376759011830534,1,320.0,225.0,227.91711581634684,-0.4376759011830534
15.71430778503418,1.436000108718872,-91.86968997044059,-49.14899622091755,0.33872147187654555,-0.43761415591126374,1,320.0,225.0,228.1303100295594,-0.43761415591126374
15.723661661148071,1.4220000505447388,-91.656495757228,-48.69931208767865,0.33859628328329744,-0.43701507742235723,1,320.0,226.0,228.34350424277198,-0.43701507742235723
15.733326435089111,1.4220000505447388,-91.68328683310352,-48.63219184378303,0.3389093599719939,-0.43755618673335794,1,320.0,226.0,228.31671316689648,-0.43755618673335794
15.743979454040527,1.402000069618225,-91.47173636386782,-48.094367364397414,0.33880926880660545,-0.43672666314941055,1,320.0,226.0,228.52826363613218,-0.43672666314941055
15.754957675933838,1.402000069618225,-91.26018589463212,-47.837261537061494,0.33864911522475477,-0.4366727348902741,1,320.0,226.0,228.73981410536788,-0.4366727348902741
15.763073205947876,1.3890000581741333,-91.04863542539641,-47.39278880092269,0.33853877784666353,-0.4361223956332016,1,320.0,226.0,228.9513645746036,-0.4361223956332016
15.773809909820557,1.3890000581741333,-91.13869008965997,-47.3100711380805,0.33880161882741255,-0.4367981933406488,1,320.0,226.0,228.86130991034003,-0.4367981933406488
15.783079385757446,1.3690000772476196,-90.92920500193385,-46.7580352263506,0.3387253930057627,-0.4359771969670027,1,320.0,226.0,229.07079499806616,-0.4359771969670027
15.794986486434937,1.3690000772476196,-90.71971991420773,-46.502123603126066,0.33857275897081673,-0.4359312339894578,1,320.0,226.0,229.28028008579227,-0.4359312339894578
15.803231000900269,1.3560000658035278,-90.51023482648161,-46.048419906405414,0.3384806465750617,-0.4353891498301811,1,320.0,226.0,229.48976517351838,-0.4353891498301811
15.81385326385498,1.3560000658035278,-90.656738864218,-46.05333961125689,0.3389361278950714,-0.4361721649416431,1,320.0,226.0,229.343261135782,-0.4361721649416431
15.824829578399658,1.3360000848770142,-90.4496912647962,-45.48638009704169,0.3388799405805273,-0.4353568516295349,1,320.0,226.0,229.5503087352038,-0.4353568516295349
15.834787607192993,1.3360000848770142,-90.2426436653744,-45.23225440845984,0.3387353398649161,-0.4353191237843428,1,320.0,226.0,229.7573563346256,-0.4353191237843428
15.843520879745483,1.3230000734329224,-90.0355960659526,-44.76901654438927,0.33865913798358416,-0.4347835268790073,1,320.0,226.0,229.9644039340474,-0.4347835268790073
15.854165077209473,1.3230000734329224,-90.23233661400437,-44.75061938389222,0.33904319178628284,-0.4356496057393183,1,320.0,226.0,229.76766338599563,-0.4356496057393183
15.863816022872925,1.3040000200271606,-90.02805359693562,-44.183932562375816,0.3390030214754258,-0.4348763321138555,1,320.0,226.0,229.97194640306438,-0.4348763321138555
15.873621702194214,1.3040000200271606,-89.82377057986687,-43.93142081648381,0.33886589915789633,-0.4348468242199109,1,320.0,226.0,230.17622942013313,-0.4348468242199109
15.883769273757935,1.2910000085830688,-89.61948756279813,-43.45786555705962,0.3388060586651843,-0.43431587592744236,1,320.0,226.0,230.38051243720187,-0.43431587592744236
15.893187046051025,1.2910000085830688,-89.86079026285213,-43.5197013629618,0.33934584214322955,-0.4352448113081828,1,320.0,226.0,230.13920973714787,-0.4352448113081828
15.903732776641846,1.2710000276565552,-89.65955793478965,-42.91917449054564,0.33932861815361626,-0.4344330971040468,1,320.0,226.0,230.34044206521037,-0.4344330971040468
15.914239645004272,1.2710000276565552,-89.45832560672716,-42.66881491556835,0.339199594136758,-0.4344121344619553,1,320.0,226.0,230.54167439327284,-0.4344121344619553
15.923864364624023,1.2590000629425049,-89.25709327866467,-42.20223783001775,0.33914781769921354,-0.4339234832105681,1,320.0,227.0,230.74290672133532,-0.4339234832105681
15.933262348175049,1.2590000629425049,-89.43616290480558,-42.23429886091357,0.33960240680782683,-0.43468761602558975,1,320.0,227.0,230.5638370951944,-0.43468761602558975
15.943826913833618,1.2390000820159912,-89.2375343431314,-41.61482236074629,0.3396044793042844,-0.43387910611273595,1,320.0,227.0,230.76246565686859,-0.43387910611273595
15.953589916229248,1.2390000820159912,-89.03890578145722,-41.36639640002683,0.3394829420935378,-0.43386587794804016,1,320.0,227.0,230.96109421854277,-0.43386587794804016
15.96304440498352,1.227000117301941,-88.84027721978303,-40.88866376010481,0.3394458437974398,-0.4333821555815013,1,320.0,227.0,231.15972278021695,-0.4333821555815013
15.973475456237793,1.227000117301941,-89.0638974187759,-40.99478613508332,0.3400256940824894,-0.4342037782447472,1,320.0,227.0,230.9361025812241,-0.4342037782447472
15.983925580978394,1.2080000638961792,-88.86815994277674,-40.37497702548883,0.340037024272358,-0.4334360351560383,1,320.0,227.0,231.13184005722326,-0.4334360351560383
15.993880271911621,1.2080000638961792,-88.67242246677759,-40.128978613906106,0.3399230508491599,-0.4334304616442241,1,320.0,227.0,231.3275775332224,-0.4334304616442241
16.004297018051147,1.196000099182129,-88.47668499077844,-39.63982613211515,0.33989850714981495,-0.4329500881295923,1,320.0,227.0,231.52331500922156,-0.4329500881295923
16.013689756393433,1.196000099182129,-88.73972984587553,-39.7107493473309,0.3403850272601577,-0.4338128861559337,1,320.0,227.0,231.26027015412447,-0.4338128861559337
16.0233051776886,1.196000099182129,-88.54713380153409,-39.466921001079726,0.3402745230884851,-0.4338116599906723,1,320.0,227.0,231.45286619846593,-0.4338116599906723
16.03468370437622,1.1770000457763672,-88.35453775719265,-38.82636111029942,0.34030741784814106,-0.4330462377773727,1,320.0,227.0,231.64546224280735,-0.4330462377773727
16.043406009674072,1.165000081062317,-88.1619417128512,-38.32423801309086,0.34029656022933996,-0.4325679394034709,1,320.0,228.0,231.83805828714878,-0.4325679394034709
16.05393934249878,1.165000081062317,-88.35835512413132,-38.46406329989841,0.34088401436302657,-0.4332739634705664,1,320.0,228.0,231.64164487586868,-0.4332739634705664
16.063215970993042,1.1470000743865967,-88.16842296878838,-38.1134076646419,0.34110736235850936,-0.432547574020321,1,320.0,228.0,231.83157703121162,-0.432547574020321
16.07375478744507,1.1470000743865967,-87.97849081344543,-37.87220653137378,0.34100811351713983,-0.4325566556379059,1,320.0,228.0,232.02150918655457,-0.4325566556379059
16.083403825759888,1.1350001096725464,-87.78855865810249,-37.63100539810566,0.3411805334091905,-0.4320817875416079,1,320.0,228.0,232.2114413418975,-0.4320817875416079
16.093836545944214,1.1350001096725464,-88.0252291809191,-37.73107035480417,0.3416716957278933,-0.43282791357711814,1,320.0,228.0,231.9747708190809,-0.43282791357711814
16.103262662887573,1.1350001096725464,-87.83821861489074,-37.49220638305171,0.3415762553892082,-0.43284091917510253,1,320.0,228.0,232.16178138510926,-0.43284091917510253
16.11417055130005,1.1170001029968262,-87.65120804886237,-37.25334241129925,0.34188478461400257,-0.4321174697864586,1,320.0,228.0,232.34879195113763,-0.4321174697864586
16.123909950256348,1.1050000190734863,-87.46419748283401,-37.01447843954679,0.3420653473156581,-0.4316447384558232,1,320.0,228.0,232.535802517166,-0.4316447384558232
16.13334560394287,1.1050000190734863,-87.73641692727762,-37.17913095710718,0.3426387486013688,-0.43241676938220847,1,320.0,228.0,232.26358307272238,-0.43241676938220847
16.143862009048462,1.0880000591278076,-87.55255170681563,-36.943030739403206,0.34292671602945524,-0.4317298952215386,1,320.0,228.0,232.44744829318438,-0.4317298952215386
16.153432369232178,1.0880000591278076,-87.36868648635365,-36.70693052169923,0.3428429494832678,-0.43175283549076493,1,320.0,228.0,232.63131351364635,-0.43175283549076493
16.163724899291992,1.0880000591278076,-87.18482126589167,-36.47083030399525,0.3427588287867538,-0.4317754999621606,1,320.0,229.0,232.81517873410831,-0.4317754999621606
16.17318558692932,1.0760000944137573,-87.38706318213504,-36.59189228005416,0.34350639624102025,-0.4319092999356391,1,320.0,229.0,232.61293681786498,-0.4319092999356391
16.183698177337646,1.0760000944137573,-87.20584274426194,-36.35823857592548,0.34342634904324587,-0.4319357257104309,1,320.0,229.0,232.79415725573807,-0.4319357257104309
16.193336725234985,1.059000015258789,-87.02462230638885,-36.124584871796806,0.3437248634289142,-0.4312526446340112,1,320.0,229.0,232.97537769361116,-0.4312526446340112
16.20333766937256,1.059000015258789,-86.84340186851576,-35.89093116766813,0.34364808740149244,-0.4312816075092777,1,320.0,229.0,233.15659813148426,-0.4312816075092777
16.213786840438843,1.0470000505447388,-87.08269159672832,-36.07297923755828,0.3444614821299321,-0.43143860538512846,1,320.0,229.0,232.91730840327168,-0.43143860538512846
16.22404980659485,1.0470000505447388,-86.90435189268858,-35.84217332704218,0.34438899454520433,-0.4314714100858436,1,320.0,229.0,233.09564810731143,-0.4314714100858436
16.233822345733643,1.03000009059906,-86.72601218864884,-35.611367416526086,0.3446916917404189,-0.4307875504998972,1,320.0,229.0,233.27398781135116,-0.4307875504998972
16.244043588638306,1.03000009059906,-86.5476724846091,-35.38056150600999,0.3446224354291935,-0.4308228519493256,1,320.0,229.0,233.4523275153909,-0.4308228519493256
16.25354266166687,1.0190000534057617,-86.81962623209229,-35.414676807249634,0.34517429633429886,-0.43103292271739624,1,320.0,229.0,233.18037376790772,-0.43103292271739624
16.263144731521606,1.0190000534057617,-86.64437160743613,-35.185685941935496,0.3451082285918842,-0.4310719321152512,1,320.0,229.0,233.35562839256386,-0.4310719321152512
16.274034023284912,1.002000093460083,-86.46911698277997,-34.95669507662136,0.34542076383160253,-0.4303855375057862,1,320.0,229.0,233.53088301722005,-0.4303855375057862
16.284419059753418,1.002000093460083,-86.2938623581238,-34.72770421130722,0.3453579019521303,-0.43042700046136667,1,320.0,230.0,233.70613764187618,-0.43042700046136667
16.294032096862793,0.9910000562667847,-86.49333999997981,-34.82957931377033,0.34598617142334326,-0.430502578501415,1,320.0,230.0,233.5066600000202,-0.430502578501415
16.30354595184326,0.9910000562667847,-86.32065301938613,-34.602855523148065,0.3459267543126754,-0.4305472701637561,1,320.0,230.0,233.67934698061387,-0.4305472701637561
16.313039541244507,0.9750000238418579,-86.14796603879245,-34.3761317325258,0.34611235134649543,-0.4301189619476984,1,320.0,230.0,233.85203396120755,-0.4301189619476984
16.32425308227539,0.9750000238418579,-85.97527905819877,-34.14940794190353,0.34605474803890957,-0.4301650351156007,1,320.0,230.0,234.02472094180123,-0.4301650351156007
16.33373785018921,0.9640000462532043,-86.20945132275521,-34.10976059676049,0.34624071709406457,-0.4307413170753997,1,320.0,230.0,233.79054867724477,-0.4307413170753997
16.34321355819702,0.9640000462532043,-86.03955238462676,-33.88431876563762,0.34618333149327407,-0.43078882491367504,1,320.0,230.0,233.96044761537325,-0.43078882491367504
16.353968858718872,0.9470000267028809,-85.8696534464983,-33.65887693451476,0.34612560772973683,-0.4308360779035431,1,320.0,230.0,234.13034655350168,-0.4308360779035431
16.364338397979736,0.9470000267028809,-85.69975450836985,-33.43343510339189,0.3460675458034529,-0.430883076045004,1,320.0,231.0,234.30024549163016,-0.430883076045004
16.373912572860718,0.9360000491142273,-85.8634192170976,-33.36632970550552,0.3462155984595123,-0.4313647484895361,1,320.0,231.0,234.1365807829024,-0.4313647484895361
16.38328218460083,0.9360000491142273,-85.6958062644318,-33.141972988986716,0.34615762019506674,-0.43141283798165314,1,320.0,231.0,234.30419373556822,-0.43141283798165314
16.39427614212036,0.9200000166893005,-85.52819331176599,-32.91761627246791,0.34609930539554645,-0.43146067605434124,1,320.0,231.0,234.471806688234,-0.43146067605434124
16.403234243392944,0.9200000166893005,-85.36058035910018,-32.693259555949105,0.3460406540609513,-0.4315082627076003,1,320.0,231.0,234.6394196408998,-0.4315082627076003
16.413623094558716,0.9100000262260437,-85.56075877701397,-32.499901322557065,0.34602208689174874,-0.4320351822089525,1,320.0,231.0,234.43924122298603,-0.4320351822089525
16.423089265823364,0.9100000262260437,-85.3956665970364,-32.27575706379527,0.3459629112831388,-0.43208403146245883,1,320.0,231.0,234.60433340296362,-0.43208403146245883
16.433500289916992,0.8940000534057617,-85.23057441705882,-32.05161280503347,0.34590339945814064,-0.43213263307769517,1,320.0,231.0,234.76942558294118,-0.43213263307769517
16.444228887557983,0.8940000534057617,-85.06548223708124,-31.827468546271675,0.3458435514167544,-0.4321809870546615,1,320.0,232.0,234.93451776291874,-0.4321809870546615
16.453757286071777,0.8830000162124634,-85.19691005218576,-31.620757825128052,0.345806100907149,-0.4326157625274673,1,320.0,232.0,234.80308994781424,-0.4326157625274673
16.46336603164673,0.8830000162124634,-85.03385032851216,-31.396733062197974,0.3457456641205359,-0.43266504463559674,1,320.0,232.0,234.96614967148784,-0.43266504463559674
16.474364042282104,0.8670000433921814,-84.87079060483856,-31.172708299267896,0.3456848912967784,-0.43271408215414064,1,320.0,232.0,235.12920939516144,-0.43271408215414064
16.483328104019165,0.8670000433921814,-84.70773088116496,-30.948683536337818,0.3456237824358765,-0.4327628750830991,1,320.0,233.0,235.29226911883504,-0.4327628750830991
16.49388885498047,0.8570000529289246,-84.77627187355073,-30.729843561542843,0.3455690989459614,-0.43311345060737233,1,320.0,233.0,235.22372812644926,-0.43311345060737233
16.503276348114014,0.8570000529289246,-84.61479974521144,-30.505854339718134,0.34550734290099505,-0.4331628661853873,1,320.0,233.0,235.38520025478857,-0.4331628661853873
16.514320850372314,0.8410000205039978,-84.45332761687216,-30.281865117893425,0.3454452508721961,-0.4332120395552097,1,320.0,233.0,235.54667238312783,-0.4332120395552097
16.523279190063477,0.8410000205039978,-84.29185548853287,-30.057875896068715,0.3453828228595643,-0.43326097071683967,1,320.0,233.0,235.70814451146714,-0.43326097071683967
16.53378462791443,0.831000030040741,-84.40398011469532,-29.625984856616576,0.345048925159217,-0.4336664689674007,1,320.0,233.0,235.59601988530468,-0.4336664689674007
16.543220281600952,0.831000030040741,-84.24438359018795,-29.400570393302736,0.3449848270724163,-0.4337162292110225,1,320.0,233.0,235.75561640981203,-0.4337162292110225
16.553781032562256,0.8160000443458557,-84.08478706568059,-29.175155929988897,0.3449203908639206,-0.43376575005985746,1,320.0,233.0,235.9152129343194,-0.43376575005985746
16.563695192337036,0.8160000443458557,-83.92519054117322,-28.949741466675057,0.34485561653373004,-0.4338150315139057,1,320.0,234.0,236.0748094588268,-0.4338150315139057
16.57332181930542,0.8060000538825989,-83.97519275010772,-28.426342013575407,0.3444018733222938,-0.43413743135215094,1,320.0,234.0,236.02480724989226,-0.43413743135215094
16.583850860595703,0.8060000538825989,-83.81703319217397,-28.198884625370162,0.3443349921028933,-0.43418724031413103,1,320.0,234.0,236.18296680782603,-0.43418724031413103
16.59332013130188,0.7910000085830688,-83.65887363424021,-27.971427237164917,0.3442258125565548,-0.43411132372632283,1,320.0,234.0,236.3411263657598,-0.43411132372632283
16.604532480239868,0.7910000085830688,-83.50071407630645,-27.743969848959672,0.3441166330102163,-0.43403540713851463,1,320.0,235.0,236.49928592369355,-0.43403540713851463
16.613138914108276,0.781000018119812,-83.49400535729455,-27.138314169446367,0.34351475789784064,-0.43415679222690207,1,320.0,235.0,236.50599464270545,-0.43415679222690207
16.623766660690308,0.781000018119812,-83.33688417664007,-26.908263778022715,0.3434043337099573,-0.43408137406018793,1,320.0,235.0,236.66311582335993,-0.43408137406018793
16.633201360702515,0.7660000324249268,-83.17976299598558,-26.67821338659906,0.34329390952207395,-0.43400595589347374,1,320.0,235.0,236.82023700401442,-0.43400595589347374
16.64365291595459,0.7660000324249268,-83.0226418153311,-26.44816299517541,0.3431834853341906,-0.4339305377267596,1,320.0,236.0,236.9773581846689,-0.4339305377267596
16.653205633163452,0.7560000419616699,-82.96424453647477,-25.768799328837417,0.3424877012117887,-0.43398373587280187,1,320.0,236.0,237.03575546352522,-0.43398373587280187
16.66396975517273,0.7560000419616699,-82.80780026281938,-25.535668191059102,0.34237579826565506,-0.4339086426214473,1,320.0,236.0,237.1921997371806,-0.4339086426214473
16.673731088638306,0.7410000562667847,-82.651355989164,-25.302537053280787,0.3422638953195215,-0.4338335493700927,1,320.0,236.0,237.34864401083598,-0.4338335493700927
16.683798789978027,0.7410000562667847,-82.49491171550862,-25.06940591550247,0.3421519923733879,-0.4337584561187381,1,320.0,236.0,237.50508828449136,-0.4337584561187381
16.693795919418335,0.7310000061988831,-82.49049266635352,-24.22321918065707,0.3412413835535745,-0.4338814255558848,1,320.0,236.0,237.50950733364647,-0.4338814255558848
16.703316688537598,0.7310000061988831,-82.33509081420432,-23.985884382986356,0.3411274628506925,-0.4338068326668532,1,320.0,236.0,237.6649091857957,-0.4338068326668532
16.713684797286987,0.7170000076293945,-82.17968896205512,-23.748549585315644,0.34101354214781054,-0.4337322397778216,1,320.0,236.0,237.82031103794486,-0.4337322397778216
16.7233726978302,0.7170000076293945,-82.02428710990593,-23.51121478764493,0.34089962144492864,-0.43365764688878994,1,320.0,237.0,237.9757128900941,-0.43365764688878994
16.7337646484375,0.7070000171661377,-81.96743692439036,-22.515211386452762,0.33979725896561525,-0.43371145338782513,1,320.0,237.0,238.03256307560963,-0.43371145338782513
16.743290424346924,0.7070000171661377,-81.81271086047518,-22.27267424839254,0.3396808411393464,-0.4336371848771458,1,320.0,237.0,238.1872891395248,-0.4336371848771458
16.753607988357544,0.6930000185966492,-81.65798479656,-22.03013711033232,0.33956442331307746,-0.43356291636646654,1,320.0,237.0,238.34201520343998,-0.43356291636646654
16.76331853866577,0.6930000185966492,-81.50325873264482,-21.787599972272098,0.33944800548680854,-0.4334886478557873,1,320.0,238.0,238.49674126735516,-0.4334886478557873
16.773882627487183,0.6830000281333923,-81.3987048524107,-20.6574919620113,0.3381751752230575,-0.4334797484767927,1,320.0,238.0,238.6012951475893,-0.4334797484767927
16.783397674560547,0.6830000281333923,-81.24432284252484,-20.408868337127522,0.3380558358831133,-0.4334056451120475,1,320.0,238.0,238.75567715747516,-0.4334056451120475
16.793822050094604,0.6690000295639038,-81.08994083263897,-20.160244712243745,0.33793649654316904,-0.43333154174730226,1,320.0,238.0,238.91005916736103,-0.43333154174730226
16.803447246551514,0.6690000295639038,-80.93555882275311,-19.91162108735997,0.33781715720322486,-0.43325743838255704,1,320.0,240.0,239.0644411772469,-0.43325743838255704
16.81377863883972,0.6600000262260437,-80.68668442881547,-18.560912734783585,0.336261884536441,-0.43306021856407373,1,320.0,240.0,239.31331557118455,-0.43306021856407373
16.823453426361084,0.6600000262260437,-80.531654418018,-18.304731337753587,0.3361389174658666,-0.43298580415889093,1,320.0,240.0,239.46834558198202,-0.43298580415889093
16.833874225616455,0.6460000276565552,-80.37662440722052,-18.04854994072359,0.3360159503952922,-0.43291138975370813,1,320.0,240.0,239.6233755927795,-0.43291138975370813
16.843514919281006,0.6460000276565552,-80.22159439642304,-17.79236854369359,0.3358929833247178,-0.43283697534852533,1,320.0,241.0,239.77840560357697,-0.43283697534852533
16.853909969329834,0.6360000371932983,-79.9431836356996,-16.345160666365018,0.3342181681346538,-0.43260180197792825,1,320.0,241.0,240.0568163643004,-0.43260180197792825
16.86349868774414,0.6360000371932983,-79.7873074898567,-16.080811307593798,0.33409128044244363,-0.4325269814279237,1,320.0,241.0,240.2126925101433,-0.4325269814279237
16.87427043914795,0.6230000257492065,-79.6314313440138,-15.816461948822578,0.33396439275023343,-0.4324521608779191,1,320.0,241.0,240.3685686559862,-0.4324521608779191
16.884199380874634,0.6230000257492065,-79.47555519817091,-15.552112590051358,0.33383750505802323,-0.43237734032791453,1,320.0,243.0,240.52444480182908,-0.43237734032791453
16.893901586532593,0.6140000224113464,-79.06965082276713,-13.818016586184307,0.33179557763751394,-0.43197673982501594,1,320.0,243.0,240.93034917723287,-0.43197673982501594
16.903538703918457,0.6140000224113464,-78.9120599569017,-13.543587549590981,0.33166385169994916,-0.43190109620940054,1,320.0,243.0,241.08794004309829,-0.43190109620940054
16.91304087638855,0.6000000238418579,-78.75446909103627,-13.269158512997656,0.33153212576238433,-0.43182545259378513,1,320.0,243.0,241.24553090896373,-0.43182545259378513
16.92386770248413,0.6000000238418579,-78.59687822517084,-12.99472947640433,0.33140039982481956,-0.4317498089781697,1,320.0,245.0,241.40312177482917,-0.4317498089781697
16.933159828186035,0.5910000205039978,-78.07600915702841,-11.104861660306817,0.32916376929856006,-0.43120081659524273,1,320.0,245.0,241.9239908429716,-0.43120081659524273
16.94351100921631,0.5910000205039978,-77.91592683091116,-10.819353507259052,0.32902672538509714,-0.4311239770787065,1,320.0,245.0,242.08407316908884,-0.4311239770787065
16.953095197677612,0.578000009059906,-77.75584450479391,-10.533845354211287,0.3288896814716342,-0.43104713756217017,1,320.0,245.0,242.2441554952061,-0.43104713756217017
16.96371078491211,0.578000009059906,-77.59576217867667,-10.248337201163523,0.3287526375581713,-0.4309702980456339,1,320.0,247.0,242.40423782132333,-0.4309702980456339
16.973263263702393,0.5690000057220459,-76.97151824873093,-8.119788191520808,0.32621409338972845,-0.4302886514213456,1,320.0,247.0,243.02848175126906,-0.4302886514213456
16.983607530593872,0.5690000057220459,-76.80825250979773,-7.821639699774586,0.32607098211369023,-0.43021028386665766,1,320.0,247.0,243.19174749020226,-0.43021028386665766
16.99320340156555,0.5560000538825989,-76.64498677086452,-7.523491208028364,0.32592787083765207,-0.43013191631196973,1,320.0,247.0,243.35501322913547,-0.43013191631196973
17.003884315490723,0.5560000538825989,-76.48172103193131,-7.225342716282142,0.3257847595616139,-0.4300535487572818,1,320.0,249.0,243.51827896806867,-0.4300535487572818
17.0134699344635,0.5470000505447388,-75.76481543050119,-4.884486123344818,0.32297994901148414,-0.42925377474258275,1,320.0,249.0,244.2351845694988,-0.42925377474258275
17.024085760116577,0.5470000505447388,-75.59775253051788,-4.572327636719265,0.32283011293790387,-0.4291735845505908,1,320.0,249.0,244.40224746948212,-0.4291735845505908
17.033603191375732,0.534000039100647,-75.43068963053457,-4.260169150093713,0.3226802768643236,-0.4290933943585988,1,320.0,249.0,244.56931036946543,-0.4290933943585988
17.043473482131958,0.534000039100647,-75.26362673055127,-3.9480106634681604,0.32253044079074333,-0.4290132041666068,1,320.0,252.0,244.73637326944873,-0.4290132041666068
17.05325198173523,0.5260000228881836,-74.36295722112844,-1.3181653076370878,0.3193605713389107,-0.42797709690210134,1,320.0,252.0,245.63704277887155,-0.42797709690210134
17.063593864440918,0.5260000228881836,-74.19086277197862,-0.9901106236695867,0.31920310509060634,-0.42789449156650944,1,320.0,252.0,245.80913722802137,-0.42789449156650944
17.073662042617798,0.5130000114440918,-74.01876832282879,-0.6620559397020855,0.3190456388423019,-0.4278118862309175,1,320.0,252.0,245.9812316771712,-0.4278118862309175
17.08347463607788,0.5130000114440918,-73.84667387367897,-0.3340012557345844,0.31888817259399754,-0.4277292808953256,1,320.0,255.0,246.15332612632102,-0.4277292808953256
17.09361433982849,0.5049999952316284,-72.78108995161166,2.55271714208628,0.3153966427918972,-0.4264824152189841,1,320.0,255.0,247.21891004838835,-0.4264824152189841
17.103290557861328,0.5049999952316284,-72.60286729084726,2.898321034146665,0.3152307529237082,-0.42639686834181717,1,320.0,255.0,247.39713270915274,-0.42639686834181717
17.113407611846924,0.492000013589859,-72.42464463008285,3.2439249262070504,0.31506486305551923,-0.4263113214646503,1,320.0,255.0,247.57535536991713,-0.4263113214646503
17.124106645584106,0.492000013589859,-72.24642196931845,3.5895288182674356,0.3148989731873303,-0.42622577458748334,1,320.0,259.0,247.75357803068155,-0.42622577458748334
17.133907079696655,0.484000027179718,-70.93234192328802,6.804511397940251,0.31099411617066886,-0.4246601395409876,1,320.0,259.0,249.06765807671198,-0.4246601395409876
17.143476009368896,0.484000027179718,-70.74632862398694,7.169795834820791,0.31081877964096616,-0.42457085315732307,1,320.0,259.0,249.25367137601307,-0.42457085315732307
17.154090642929077,0.47200003266334534,-70.56031532468586,7.5350802717013305,0.3106434431112635,-0.42448156677365856,1,320.0,259.0,249.43968467531414,-0.42448156677365856
17.164042949676514,0.47200003266334534,-70.37430202538478,7.90036470858187,0.3104681065815609,-0.42439228038999405,1,320.0,263.0,249.6256979746152,-0.42439228038999405
17.17379069328308,0.46400001645088196,-68.8375206553138,11.406627589384438,0.3061998680308361,-0.4225428541437067,1,320.0,263.0,251.1624793446862,-0.4225428541437067
17.183267831802368,0.46400001645088196,-68.64224259610727,11.79345562933114,0.3060141905716617,-0.42244912067528756,1,320.0,263.0,251.35775740389272,-0.42244912067528756
17.19395637512207,0.4520000219345093,-68.44696453690074,12.180283669277841,0.30582851311248727,-0.42235538720686844,1,320.0,263.0,251.55303546309926,-0.42235538720686844
17.2037193775177,0.4520000219345093,-68.25168647769421,12.567111709224543,0.30564283565331285,-0.42226165373844926,1,320.0,268.0,251.7483135223058,-0.42226165373844926
17.213871717453003,0.4440000355243683,-66.41503092780498,16.532568056465884,0.3007939463558116,-0.4200290865358553,1,320.0,268.0,253.584969072195,-0.4200290865358553
17.223371505737305,0.4440000355243683,-66.20849476410973,16.94394168183613,0.3005964870156339,-0.4199299491772816,1,320.0,268.0,253.79150523589027,-0.4199299491772816
17.233315467834473,0.4320000112056732,-66.00195860041448,17.355315307206375,0.3003990276754562,-0.41983081181870785,1,320.0,268.0,253.99804139958553,-0.41983081181870785
17.24396014213562,0.4320000112056732,-65.79542243671924,17.766688932576624,0.30020156833527845,-0.41973167446013415,1,320.0,273.0,254.20457756328076,-0.41973167446013415
17.253847122192383,0.4240000247955322,-63.69059608812417,22.14052786412229,0.2948407088520693,-0.4171589175100018,1,320.0,273.0,256.30940391187585,-0.4171589175100018
17.263354063034058,0.4240000247955322,-63.47103958857219,22.5790799627931,0.2946302038447073,-0.41705353039021686,1,320.0,273.0,256.5289604114278,-0.41705353039021686
17.27396035194397,0.41200003027915955,-63.25148308902021,23.017632061463907,0.2944196988373453,-0.4169481432704319,1,320.0,273.0,256.7485169109798,-0.4169481432704319
17.283557176589966,0.41200003027915955,-63.031926589468235,23.45618416013471,0.29420919382998334,-0.416842756150647,1,320.0,279.0,256.96807341053176,-0.416842756150647
17.294060707092285,0.4050000309944153,-60.5871984705023,28.29255697658937,0.28826796825291734,-0.4138377881727949,1,320.0,279.0,259.4128015294977,-0.4138377881727949
17.303940057754517,0.4050000309944153,-60.352379483610754,28.761273797136575,0.28804298417905466,-0.4137250750590869,1,320.0,279.0,259.6476205163892,-0.4137250750590869
17.313825607299805,0.39400002360343933,-60.11756049671921,29.229990617683782,0.287818000105192,-0.413612361945379,1,320.0,279.0,259.8824395032808,-0.413612361945379
17.323373556137085,0.39400002360343933,-59.88274150982766,29.69870743823099,0.28759301603132936,-0.413499648831671,1,320.0,286.0,260.11725849017233,-0.413499648831671
17.33297848701477,0.38600000739097595,-57.033824580495946,35.146742519806544,0.28087955619926885,-0.40998054346908225,1,320.0,286.0,262.96617541950405,-0.40998054346908225
17.343408823013306,0.38600000739097595,-56.781075383300156,35.649612698627955,0.2806381785134346,-0.40985922385442825,1,320.0,286.0,263.21892461669984,-0.40985922385442825
17.3532497882843,0.3750000298023224,-56.528326186104366,36.15248287744936,0.2803968008276003,-0.4097379042397743,1,320.0,286.0,263.4716738138956,-0.4097379042397743
17.363809823989868,0.3750000298023224,-56.275576988908576,36.65535305627077,0.28015542314176606,-0.4096165846251203,1,320.0,294.0,263.7244230110914,-0.4096165846251203
17.37334966659546,0.3680000305175781,-52.96505968972787,42.7479134366084,0.2726301894267686,-0.40551072529136273,1,320.0,294.0,267.03494031027213,-0.40551072529136273
17.384075164794922,0.3680000305175781,-52.69133706728083,43.28912365486676,0.27237040852200456,-0.4053793384325881,1,320.0,294.0,267.3086629327192,-0.4053793384325881
17.39331078529358,0.3570000231266022,-52.41761444483378,43.83033387312513,0.2721106276172406,-0.40524795157381355,1,320.0,294.0,267.58238555516624,-0.40524795157381355
17.40408492088318,0.3570000231266022,-52.143891822386735,44.3715440913835,0.27185084671247656,-0.405116564715039,1,320.0,302.0,267.85610817761324,-0.405116564715039
17.413285493850708,0.3490000069141388,-48.42170556709932,51.03610505137095,0.2636117927941325,-0.40049152169243907,1,320.0,302.0,271.5782944329007,-0.40049152169243907
17.423823595046997,0.3490000069141388,-48.12432966448509,51.61931580844224,0.26333185163073825,-0.4003487812591842,1,320.0,302.0,271.8756703355149,-0.4003487812591842
17.433404207229614,0.33900001645088196,-47.826953761870854,52.20252656551352,0.26305191046734405,-0.40020604082592937,1,320.0,302.0,272.17304623812913,-0.40020604082592937
17.444204092025757,0.33900001645088196,-47.52957785925662,52.78573732258481,0.26277196930394986,-0.40006330039267457,1,320.0,302.0,272.4704221407434,-0.40006330039267457
17.453855276107788,0.3320000171661377,-47.232201956642385,53.36894807965609,0.2624920281405556,-0.3999205599594197,1,320.0,313.0,272.76779804335763,-0.3999205599594197
17.46337103843689,0.3320000171661377,-42.77684702712558,61.045145563792104,0.25297176335982985,-0.3943610503595099,1,320.0,313.0,277.2231529728744,-0.3943610503595099
17.47385573387146,0.32100000977516174,-42.4509632975635,61.67698707076623,0.25266847943648224,-0.3942046261693201,1,320.0,313.0,277.5490367024365,-0.3942046261693201
17.483431816101074,0.32100000977516174,-42.12507956800142,62.30882857774036,0.2523651955131347,-0.3940482019791303,1,320.0,325.0,277.8749204319986,-0.3940482019791303
17.493555784225464,0.3140000104904175,-37.055891928613974,71.06251841694478,0.2414822397774141,-0.3877130612432059,1,320.0,325.0,282.94410807138604,-0.3877130612432059
17.50316834449768,0.3140000104904175,-36.69749211014341,71.75003646235976,0.2411522311156149,-0.38754102933034007,1,320.0,325.0,283.3025078898566,-0.38754102933034007
17.513830184936523,0.30400002002716064,-36.33909229167284,72.43755450777473,0.24082222245381574,-0.3873689974174742,1,320.0,325.0,283.66090770832716,-0.3873689974174742
17.523454666137695,0.30400002002716064,-35.980692473202275,73.12507255318971,0.24049221379201655,-0.38719696550460836,1,320.0,340.0,284.0193075267977,-0.38719696550460836
17.533817052841187,0.2970000207424164,-29.984986210403925,83.06447902095638,0.22810940953747103,-0.379680994801581,1,320.0,340.0,290.0150137895961,-0.379680994801581
17.54328942298889,0.2970000207424164,-29.58793612779266,83.81542947595486,0.22774895331907175,-0.3794904107619276,1,320.0,340.0,290.41206387220734,-0.3794904107619276
17.55319356918335,0.28600001335144043,-29.190886045181394,84.5663799309533,0.2273884971006725,-0.3792998267222742,1,320.0,340.0,290.8091139548186,-0.3792998267222742
17.56360673904419,0.28600001335144043,-28.793835962570128,85.31733038595178,0.22702804088227324,-0.3791092426826208,1,320.0,,291.20616403742986,-0.3791092426826208
17.573935985565186,0.27900001406669617,-28.396785879958863,86.06828084095022,0.226667584663874,-0.37891865864296737,1,320.0,,291.6032141200411,-0.37891865864296737
17.583456993103027,0.27900001406669617,-27.999735797347597,86.81923129594868,0.22630712844547474,-0.378728074603314,1,320.0,,292.0002642026524,-0.378728074603314
17.5937557220459,0.26900002360343933,-27.60268571473633,87.57018175094714,0.22594667222707546,-0.3785374905636606,1,320.0,,292.3973142852637,-0.3785374905636606
17.603303909301758,0.26900002360343933,-27.205635632125066,88.3211322059456,0.2255862160086762,-0.37834690652400715,1,320.0,,292.79436436787495,-0.37834690652400715
17.61347532272339,0.26200002431869507,-26.8085855495138,89.07208266094406,0.22522575979027692,-0.37815632248435377,1,320.0,,293.1914144504862,-0.37815632248435377
17.62397027015686,0.26200002431869507,-26.411535466902535,89.82303311594252,0.22486530357187767,-0.3779657384447003,1,320.0,,293.58846453309746,-0.3779657384447003
17.633115768432617,0.25200000405311584,-26.01448538429127,90.57398357094098,0.22450484735347842,-0.37777515440504694,1,320.0,,293.9855146157087,-0.37777515440504694
17.644385814666748,0.25200000405311584,-25.617435301680004,91.32493402593944,0.22414439113507917,-0.3775845703653935,1,320.0,,294.38256469832,-0.3775845703653935
17.654470205307007,0.24500000476837158,-25.22038521906874,92.0758844809379,0.2237839349166799,-0.3773939863257401,1,320.0,,294.77961478093124,-0.3773939863257401
17.663941621780396,0.24500000476837158,-24.823335136457473,92.82683493593636,0.22342347869828064,-0.37720340228608673,1,320.0,,295.17666486354256,-0.37720340228608673
17.673713207244873,0.23500001430511475,-24.426285053846208,93.57778539093482,0.22306302247988136,-0.3770128182464333,1,320.0,,295.5737149461538,-0.3770128182464333
17.683438301086426,0.23500001430511475,-24.029234971234942,94.32873584593328,0.2227025662614821,-0.3768222342067799,1,320.0,,295.9707650287651,-0.3768222342067799
17.693596124649048,0.22800001502037048,-23.632184888623676,95.07968630093174,0.22234211004308285,-0.3766316501671265,1,320.0,,296.36781511137633,-0.3766316501671265
17.703051805496216,0.22800001502037048,-23.23513480601241,95.8306367559302,0.2219816538246836,-0.3764410661274731,1,320.0,,296.7648651939876,-0.3764410661274731
17.71412968635559,0.21700000762939453,-22.838084723401145,96.58158721092866,0.22162119760628435,-0.3762504820878197,1,320.0,,297.16191527659885,-0.3762504820878197
17.72438359260559,0.21700000762939453,-22.44103464078988,97.33253766592712,0.22126074138788507,-0.37605989804816625,1,320.0,,297.5589653592101,-0.37605989804816625
17.733838081359863,0.21000000834465027,-22.043984558178614,98.08348812092558,0.22090028516948582,-0.37586931400851287,1,320.0,,297.95601544182136,-0.37586931400851287
17.743293523788452,0.21000000834465027,-21.64693447556735,98.83443857592404,0.22053982895108654,-0.3756787299688594,1,320.0,,298.3530655244326,-0.3756787299688594
17.75421905517578,0.20000000298023224,-21.249884392956083,99.5853890309225,0.22017937273268728,-0.37548814592920604,1,320.0,,298.75011560704394,-0.37548814592920604
17.763683080673218,0.20000000298023224,-20.852834310344818,100.33633948592096,0.21981891651428803,-0.37529756188955266,1,320.0,,299.1471656896552,-0.37529756188955266
17.773130655288696,0.19300000369548798,-20.455784227733552,101.08728994091942,0.21945846029588878,-0.3751069778498992,1,320.0,,299.54421577226645,-0.3751069778498992
