time,alt,pos_x_est,pos_y_est,vel_x_cmd,vel_y_cmd,target_visible,setpoint_x,raw_x,filtered_x,cmd_y
9.053741216659546,4.515000343322754,-95.88142688190294,-99.92555458802633,0.1203074945740359,-0.11715307581503623,1,320.0,,224.11857311809706,-0.11715307581503623
9.063267469406128,4.538000106811523,-95.88681340331075,-99.95175077505041,0.12083868875234005,-0.11763897370774216,1,320.0,,224.11318659668925,-0.11763897370774216
9.074719667434692,4.538000106811523,-95.89219992471857,-99.95140811270196,0.1213380345980854,-0.11812489853305515,1,320.0,,224.10780007528143,-0.11812489853305515
9.083890199661255,4.553000450134277,-95.89758644612638,-99.96822424846395,0.12185805508224212,-0.11861085029097515,1,320.0,,224.10241355387362,-0.11861085029097515
9.093315362930298,4.553000450134277,-95.9029729675342,-99.9678815861155,0.12235748329535455,-0.1190968289815022,1,320.0,,224.0970270324658,-0.1190968289815022
9.103604316711426,4.575000286102295,-95.90835948894201,-99.99249349657728,0.12288698005539159,-0.11958283460463628,1,320.0,,224.091640511058,-0.11958283460463628
9.113409280776978,4.575000286102295,-95.91374601034983,-99.99215083422882,0.12338652961474458,-0.12006886716037742,1,320.0,,224.08625398965017,-0.12006886716037742
9.123903751373291,4.587000370025635,-95.91913253175764,-100.00531541353575,0.12390235368698058,-0.12055492664872558,1,320.0,229.0,224.08086746824236,-0.12055492664872558
9.133480072021484,4.587000370025635,-95.25948578025739,-99.06202446784022,0.12136956976466433,-0.11890235357956337,1,320.0,229.0,224.7405142197426,-0.11890235357956337
9.143627405166626,4.6020002365112305,-95.26041465367766,-99.07214248092934,0.12187707209277593,-0.11937977030093608,1,320.0,229.0,224.73958534632234,-0.11937977030093608
9.153083801269531,4.6020002365112305,-95.26134352709792,-99.06547933554816,0.12236440371499624,-0.11985719166667588,1,320.0,229.0,224.73865647290208,-0.11985719166667588
9.16368293762207,4.609000205993652,-95.26227240051819,-99.06660870834884,0.12286109200589881,-0.1203346176767828,1,320.0,229.0,224.73772759948181,-0.1203346176767828
9.173217058181763,4.609000205993652,-94.71262793993249,-98.41258659912258,0.12127241776852568,-0.11904644640461427,1,320.0,229.0,225.28737206006753,-0.11904644640461427
9.183172225952148,4.617000102996826,-94.70988294315553,-98.41047943918143,0.12176194157379222,-0.11951670182319771,1,320.0,229.0,225.29011705684445,-0.11951670182319771
9.193763971328735,4.617000102996826,-94.70713794637858,-98.39949659166925,0.12224075963973595,-0.11998694351679726,1,320.0,229.0,225.29286205362143,-0.11998694351679726
9.20319128036499,4.619000434875488,-94.70439294960163,-98.39072808554887,0.12272219107281923,-0.12045717148541292,1,320.0,,225.29560705039836,-0.12045717148541292
9.213611841201782,4.619000434875488,-94.70164795282467,-98.37974523803669,0.12320091038199481,-0.1209273857290447,1,320.0,,225.29835204717534,-0.1209273857290447
9.22372555732727,4.619000434875488,-94.69890295604772,-98.36876239052451,0.12367957477693281,-0.12139758624769259,1,320.0,,225.30109704395227,-0.12139758624769259
9.233214378356934,4.619000434875488,-94.69615795927076,-98.35777954301233,0.12415818425763325,-0.12186777304135661,1,320.0,,225.30384204072925,-0.12186777304135661
9.243735790252686,4.617000102996826,-94.69341296249381,-98.34458235410834,0.124634070542719,-0.12233794611003673,1,320.0,,225.30658703750618,-0.12233794611003673
9.2531259059906,4.617000102996826,-94.69066796571686,-98.33359950659616,0.12511255912323735,-0.12280810545373295,1,320.0,,225.30933203428316,-0.12280810545373295
9.264066934585571,4.611000061035156,-94.6879229689399,-98.31596275212117,0.12558297483162797,-0.1232782510724453,1,320.0,,225.31207703106008,-0.1232782510724453
9.274043798446655,4.611000061035156,-94.68517797216295,-98.30497990460898,0.12606132031413642,-0.12374838296617378,1,320.0,,225.31482202783707,-0.12374838296617378
9.283174514770508,4.605000019073486,-94.68243297538599,-98.28732518670506,0.12653157127858522,-0.12421850113491836,1,320.0,226.0,225.317567024614,-0.12421850113491836
9.293737411499023,4.605000019073486,-94.58089660143908,-97.9525489078689,0.12598048305339132,-0.1243745626793198,1,320.0,226.0,225.41910339856094,-0.1243745626793198
9.303768396377563,4.593000411987305,-94.57750160702923,-97.92603827323143,0.12643830048319252,-0.12484337619406315,1,320.0,226.0,225.42249839297077,-0.12484337619406315
9.313411712646484,4.593000411987305,-94.57410661261939,-97.91292502760214,0.12691212921357536,-0.1253121727338344,1,320.0,226.0,225.4258933873806,-0.1253121727338344
9.323222160339355,4.583000183105469,-94.57071161820954,-97.88859113517513,0.12737237149833885,-0.12578095229863365,1,320.0,,225.42928838179046,-0.12578095229863365
9.33364486694336,4.583000183105469,-94.5673166237997,-97.87547788954585,0.12784601299303144,-0.12624971488846085,1,320.0,,225.43268337620032,-0.12624971488846085
9.343067169189453,4.567000389099121,-94.56392162938985,-97.8443063371701,0.12829782866186637,-0.12671846050331598,1,320.0,,225.43607837061015,-0.12671846050331598
9.353393077850342,4.567000389099121,-94.56052663498001,-97.83119309154081,0.12877124873256895,-0.12718718914319907,1,320.0,,225.43947336501998,-0.12718718914319907
9.363639116287231,4.555000305175781,-94.55713164057016,-97.80444956000156,0.12922817874252185,-0.1276559008081101,1,320.0,222.0,225.44286835942984,-0.1276559008081101
9.374179601669312,4.555000305175781,-95.05994255864356,-98.26034270430281,0.13118314553641083,-0.12972386707660796,1,320.0,222.0,224.94005744135643,-0.12972386707660796
9.383457660675049,4.535000324249268,-95.05984520908042,-98.22740164837289,0.1316347532775368,-0.13019904948317762,1,320.0,222.0,224.94015479091956,-0.13019904948317762
9.393928289413452,4.535000324249268,-95.05974785951729,-98.21734371376763,0.1321137704745793,-0.13067423140299944,1,320.0,222.0,224.9402521404827,-0.13067423140299944
9.403658628463745,4.521000385284424,-95.05965050995415,-98.19114276571521,0.13257328505074498,-0.13114941283607345,1,320.0,,224.94034949004583,-0.13114941283607345
9.413339138031006,4.521000385284424,-95.05955316039102,-98.18108483110996,0.1330521209533742,-0.13162459378239966,1,320.0,,224.94044683960897,-0.13162459378239966
9.423553943634033,4.499000072479248,-95.05945581082788,-98.14544835636087,0.13350008442545713,-0.13209977424197802,1,320.0,,224.9405441891721,-0.13209977424197802
9.433945178985596,4.499000072479248,-95.05935846126475,-98.13539042175562,0.1339786918560396,-0.13257495421480858,1,320.0,,224.94064153873524,-0.13257495421480858
9.443767309188843,4.484000205993652,-95.05926111170162,-98.10774374789,0.1344360545661403,-0.13305013370089133,1,320.0,218.0,224.94073888829837,-0.13305013370089133
9.453243017196655,4.484000205993652,-96.09153287502114,-98.96103155590279,0.13762717713731643,-0.13676910176004028,1,320.0,218.0,223.90846712497887,-0.13676910176004028
9.463751077651978,4.460000038146973,-96.09810147305399,-98.92815051913253,0.13808236064578777,-0.13725747458504498,1,320.0,218.0,223.901898526946,-0.13725747458504498
9.4737708568573,4.460000038146973,-96.10467007108683,-98.92366715800654,0.13857159894822663,-0.1377458802530398,1,320.0,218.0,223.89532992891316,-0.1377458802530398
9.48399806022644,4.444000244140625,-96.11123866911967,-98.9000756255911,0.13903778948745607,-0.1382343187640248,1,320.0,215.0,223.88876133088033,-0.1382343187640248
9.493635177612305,4.444000244140625,-97.35928576051931,-100.0079859095364,0.14301533651616732,-0.14261604728731447,1,320.0,215.0,222.6407142394807,-0.14261604728731447
9.50350046157837,4.419000148773193,-97.37384527716817,-99.9805181587332,0.14348227780599715,-0.14312038793367893,1,320.0,215.0,222.6261547228318,-0.14312038793367893
9.513946533203125,4.419000148773193,-97.38840479381703,-99.98319484680198,0.1439854058059137,-0.14362480137762665,1,320.0,215.0,222.61159520618298,-0.14362480137762665
9.523220777511597,4.403000354766846,-97.40296431046589,-99.96639299723805,0.14446507555142318,-0.1441292876191576,1,320.0,,222.5970356895341,-0.1441292876191576
9.533652305603027,4.403000354766846,-97.41752382711475,-99.96906968530682,0.14496813292553223,-0.1446338466582718,1,320.0,,222.58247617288526,-0.1446338466582718
9.543578147888184,4.378000259399414,-97.43208334376361,-99.94101480846008,0.14543417214735843,-0.14513847849496925,1,320.0,,222.56791665623638,-0.14513847849496925
9.553164958953857,4.378000259399414,-97.44664286041247,-99.94369149652886,0.14593710263052362,-0.14564318312924995,1,320.0,,222.55335713958755,-0.14564318312924995
9.563152551651001,4.361000061035156,-97.46120237706133,-99.92526162833506,0.14641461309683274,-0.1461479605611139,1,320.0,210.0,222.53879762293866,-0.1461479605611139
9.573803663253784,4.361000061035156,-99.2643467572924,-101.18861074253482,0.15085952124848157,-0.15224562167765665,1,320.0,210.0,220.7356532427076,-0.15224562167765665
9.583806276321411,4.336000442504883,-99.2903648276962,-101.16801353567966,0.15134064466793376,-0.1527732951862797,1,320.0,210.0,220.70963517230382,-0.1527732951862797
9.593549489974976,4.336000442504883,-99.31638289809999,-101.17876671095142,0.15185944231181464,-0.15330109878525475,1,320.0,210.0,220.6836171019,-0.15330109878525475
9.604151248931885,4.319000244140625,-99.34240096850378,-101.16798576329747,0.15235234510344636,-0.15382903247458182,1,320.0,208.0,220.6575990314962,-0.15382903247458182
9.613621711730957,4.319000244140625,-101.07514557822923,-102.60024008353129,0.1573121623343812,-0.15968921030477323,1,320.0,208.0,218.92485442177076,-0.15968921030477323
9.623881816864014,4.293000221252441,-101.11208201053512,-102.58681012483015,0.15780898043456398,-0.16023909443359297,1,320.0,208.0,218.88791798946488,-0.16023909443359297
9.6333327293396,4.293000221252441,-101.14901844284101,-102.6066570029227,0.15834582997328966,-0.16078916324457426,1,320.0,208.0,218.850981557159,-0.16078916324457426
9.643881559371948,4.277000427246094,-101.1859548751469,-102.60581720411007,0.15885785130073504,-0.16133941673771707,1,320.0,206.0,218.8140451248531,-0.16133941673771707
9.653273105621338,4.277000427246094,-102.8711271944673,-104.04705820202048,0.16383560741080672,-0.16703938018470188,1,320.0,206.0,217.1288728055327,-0.16703938018470188
9.663881063461304,4.252000331878662,-102.91860829686595,-104.04335118097715,0.1643513757414596,-0.16761095054906458,1,320.0,206.0,217.08139170313405,-0.16761095054906458
9.673705816268921,4.252000331878662,-102.9660893992646,-104.07229149780827,0.16490646557914598,-0.1681827583189393,1,320.0,206.0,217.0339106007354,-0.1681827583189393
9.683132410049438,4.235000133514404,-103.01357050166325,-104.07880263536835,0.16543467295739492,-0.16875480349432598,1,320.0,203.0,216.98642949833675,-0.16875480349432598
9.693681716918945,4.235000133514404,-104.79018168806681,-105.40862112292679,0.1700573576987784,-0.17473350642642013,1,320.0,203.0,215.2098183119332,-0.17473350642642013
9.703818559646606,4.210000038146973,-104.84873885246536,-105.41256841957455,0.1705891572968536,-0.17532801871796072,1,320.0,203.0,215.15126114753463,-0.17532801871796072
9.713356733322144,4.210000038146973,-104.90729601686391,-105.44984160124133,0.17116113432285993,-0.1759228237953233,1,320.0,203.0,215.0927039831361,-0.1759228237953233
9.724106550216675,4.194000244140625,-104.96585318126246,-105.46556980145287,0.17170733601212101,-0.17651792165850788,1,320.0,,215.03414681873755,-0.17651792165850788
9.73389482498169,4.194000244140625,-105.02441034566101,-105.50284298311965,0.17227957804503674,-0.17711331230751445,1,320.0,,214.975589654339,-0.17711331230751445
9.743474245071411,4.170000076293945,-105.08296751005956,-105.50747567561359,0.17281267465440756,-0.177708995742343,1,320.0,,214.91703248994042,-0.177708995742343
9.754031896591187,4.170000076293945,-105.14152467445811,-105.54474885728037,0.1733851262166941,-0.17830497196299355,1,320.0,,214.8584753255419,-0.17830497196299355
9.763988018035889,4.154000282287598,-105.20008183885666,-105.56004421956443,0.1739312808725328,-0.1789012409694661,1,320.0,199.0,214.79991816114335,-0.1789012409694661
9.773499965667725,4.154000282287598,-107.30204860128065,-107.39910880854136,0.1801443033363231,-0.1858944697546095,1,320.0,199.0,212.69795139871934,-0.1858944697546095
9.78366231918335,4.130000114440918,-107.37372029376996,-107.41464627275971,0.18070002152474895,-0.18651734438706552,1,320.0,199.0,212.62627970623004,-0.18651734438706552
9.793017864227295,4.130000114440918,-107.44539198625928,-107.46348328580308,0.18129594335683,-0.187140577377984,1,320.0,199.0,212.55460801374073,-0.187140577377984
9.803894996643066,4.11400032043457,-107.5170636787486,-107.48989646573118,0.18186508865507237,-0.18776416872736493,1,320.0,197.0,212.4829363212514,-0.18776416872736493
9.813275814056396,4.11400032043457,-109.51195443139939,-109.27105606158983,0.18788745147159114,-0.19441211836490135,1,320.0,197.0,210.48804556860063,-0.19441211836490135
9.823884963989258,4.090000152587891,-109.5959811937627,-109.29704302168065,0.18846512103880855,-0.19506093038570615,1,320.0,197.0,210.4040188062373,-0.19506093038570615
9.833445072174072,4.090000152587891,-109.680007956126,-109.35700875479462,0.18908386496231927,-0.19571016254032275,1,320.0,197.0,210.31999204387398,-0.19571016254032275
9.843913793563843,4.075000286102295,-109.76403471848931,-109.39552654184385,0.18967706393948758,-0.19635981482875117,1,320.0,,210.2359652815107,-0.19635981482875117
9.853327512741089,4.075000286102295,-109.84806148085262,-109.45549227495782,0.19029630028059913,-0.1970098872509914,1,320.0,,210.1519385191474,-0.1970098872509914
9.863883972167969,4.052000045776367,-109.93208824321593,-109.48224941932763,0.19087582010093956,-0.19766037980704343,1,320.0,,210.06791175678407,-0.19766037980704343
9.87371563911438,4.052000045776367,-110.01611500557924,-109.5422151524416,0.1914954900564385,-0.19831129249690732,1,320.0,,209.98388499442075,-0.19831129249690732
9.88323163986206,4.0370001792907715,-110.10014176794255,-109.58031125651677,0.1920891069376113,-0.198962625320583,1,320.0,,209.89985823205745,-0.198962625320583
9.893658876419067,4.0370001792907715,-110.18416853030585,-109.64027698963073,0.1927092672022962,-0.1996143782780705,1,320.0,,209.81583146969416,-0.1996143782780705
9.902875661849976,4.0370001792907715,-110.26819529266916,-109.7002427227447,0.19332972729564668,-0.2002665513693698,1,320.0,,209.73180470733084,-0.2002665513693698
9.913323402404785,4.014000415802002,-110.35222205503247,-109.7263444389231,0.1939096810772554,-0.20091914459448093,1,320.0,,209.64777794496752,-0.20091914459448093
9.923704862594604,3.999000072479248,-110.43624881739578,-109.76400559446697,0.19450369449188035,-0.20157215795340389,1,320.0,190.0,209.56375118260422,-0.20157215795340389
9.933229446411133,3.999000072479248,-113.25764137196613,-112.41324328596893,0.20322989798119878,-0.21079429013706008,1,320.0,190.0,206.74235862803386,-0.21079429013706008
9.943605661392212,3.9760000705718994,-113.35923537736714,-112.45528572201543,0.2038426253330647,-0.21148299912042812,1,320.0,190.0,206.64076462263284,-0.21148299912042812
9.953202486038208,3.9760000705718994,-113.46082938276815,-112.53186829527301,0.2044971837624501,-0.2121722160738232,1,320.0,190.0,206.53917061723183,-0.2121722160738232
9.963969945907593,3.9620001316070557,-113.56242338816917,-112.58722192794838,0.2051265442313003,-0.2128619409972452,1,320.0,187.0,206.43757661183082,-0.2128619409972452
9.974698066711426,3.9620001316070557,-116.24328342294552,-115.13542495901294,0.21351481122655888,-0.22162201739323312,1,320.0,187.0,203.75671657705448,-0.22162201739323312
9.98332142829895,3.9620001316070557,-116.36141685480368,-115.22785668638114,0.21420186858283263,-0.22234558459573694,1,320.0,187.0,203.63858314519632,-0.22234558459573694
9.993760585784912,3.940000295639038,-116.47955028666183,-115.28661104423006,0.2148488068674725,-0.2230697424654,1,320.0,187.0,203.52044971333817,-0.2230697424654
10.003645181655884,3.940000295639038,-116.59768371851999,-115.37904277159826,0.21553662015417233,-0.2237944910022224,1,320.0,185.0,203.40231628148,-0.2237944910022224
10.013110160827637,3.9250001907348633,-119.05149451359424,-117.58070134696432,0.22287106743684265,-0.2318301227161032,1,320.0,185.0,200.94850548640576,-0.2318301227161032
10.023768186569214,3.9250001907348633,-119.18461394974314,-117.68681491928417,0.22358683779822291,-0.23258578910923058,1,320.0,185.0,200.81538605025685,-0.23258578910923058
10.033266305923462,3.9030001163482666,-119.31773338589204,-117.75858361289883,0.224261753148625,-0.23334212109953872,1,320.0,185.0,200.68226661410796,-0.23334212109953872
10.043886661529541,3.889000177383423,-119.45085282204094,-117.84263052649021,0.22495182259756713,-0.2340991186870276,1,320.0,183.0,200.54914717795907,-0.2340991186870276
10.053295850753784,3.889000177383423,-121.72960184346198,-119.93647182703306,0.2318965534631815,-0.2415791471829353,1,320.0,183.0,198.27039815653802,-0.2415791471829353
10.063879013061523,3.867000102996826,-121.8765108851475,-120.02034699394986,0.23259730539845141,-0.24236482058738368,1,320.0,183.0,198.1234891148525,-0.24236482058738368
10.073320627212524,3.867000102996826,-122.02341992683301,-120.13923536275581,0.23334066761783231,-0.24315122853704044,1,320.0,183.0,197.97658007316699,-0.24315122853704044
10.084115982055664,3.867000102996826,-122.17032896851853,-120.25812373156177,0.2340846242790573,-0.24393837103190566,1,320.0,180.0,197.82967103148147,-0.24393837103190566
10.09363079071045,3.8530001640319824,-124.42957583738563,-122.34571144173692,0.24105025104033795,-0.25135456069649786,1,320.0,180.0,195.57042416261436,-0.25135456069649786
10.102972507476807,3.8530001640319824,-124.59009469754703,-122.47742912038241,0.24182069940031442,-0.2521701338021793,1,320.0,180.0,195.40990530245296,-0.2521701338021793
10.113416194915771,3.832000255584717,-124.75061355770843,-122.57507790365834,0.24255075332976386,-0.2529865095021615,1,320.0,180.0,195.24938644229155,-0.2529865095021615
10.124920845031738,3.832000255584717,-124.91113241786984,-122.70679558230383,0.24332234852204992,-0.2538036877964445,1,320.0,178.0,195.08886758213015,-0.2538036877964445
10.133451700210571,3.818000078201294,-127.04319287551107,-124.69633439526046,0.2499800327151402,-0.26082017335664404,1,320.0,178.0,192.95680712448893,-0.26082017335664404
10.14415431022644,3.818000078201294,-127.21645439249464,-124.84020792705783,0.2507768819929323,-0.2616641694489868,1,320.0,178.0,192.78354560750535,-0.2616641694489868
10.153598546981812,3.7970001697540283,-127.38971590947821,-124.9493555956243,0.25153260597319016,-0.2625090318489145,1,320.0,178.0,192.6102840905218,-0.2625090318489145
10.163314819335938,3.7970001697540283,-127.56297742646179,-125.09322912742167,0.2523307203569841,-0.2633547605564271,1,320.0,176.0,192.43702257353823,-0.2633547605564271
10.174051284790039,3.7830002307891846,-129.5906334157526,-127.00277944478118,0.25873860324922643,-0.2700444648182469,1,320.0,176.0,190.4093665842474,-0.2700444648182469
10.183557271957397,3.7830002307891846,-129.7759234790948,-127.15825767195919,0.2595609684101999,-0.27091569251165304,1,320.0,176.0,190.2240765209052,-0.27091569251165304
10.194150686264038,3.76200008392334,-129.96121354243704,-127.27833348056686,0.2603414510479319,-0.2717878466553759,1,320.0,176.0,190.03878645756296,-0.2717878466553759
10.204221725463867,3.76200008392334,-130.14650360577926,-127.43381170774487,0.2611651939790842,-0.27266092724941543,1,320.0,173.0,189.85349639422074,-0.27266092724941543
10.213795900344849,3.748000144958496,-132.1976964544534,-129.38762661010583,0.26771630866541873,-0.2794283810769752,1,320.0,173.0,187.8023035455466,-0.2794283810769752
10.22331190109253,3.748000144958496,-132.3951366308852,-129.55497016618534,0.2685648957835451,-0.2803272849718478,1,320.0,173.0,187.6048633691148,-0.2803272849718478
10.233839988708496,3.7270002365112305,-132.592576807317,-129.68621560992784,0.2693708213940857,-0.2812271760676025,1,320.0,173.0,187.407423192683,-0.2812271760676025
10.243249416351318,3.7270002365112305,-132.79001698374879,-129.85355916600736,0.27022090145721117,-0.28212805436423943,1,320.0,170.0,187.20998301625121,-0.28212805436423943
10.253679037094116,3.7140002250671387,-134.86287899756366,-131.73959789681368,0.27655809144513793,-0.28896819841493804,1,320.0,170.0,185.13712100243634,-0.28896819841493804
10.263323307037354,3.7140002250671387,-135.07258049145923,-131.91832560463143,0.27743215632254237,-0.28989520311007005,1,320.0,170.0,184.92741950854077,-0.28989520311007005
10.273937225341797,3.693000078201294,-135.2822819853548,-132.06025872695287,0.27826277736296284,-0.29082325631267153,1,320.0,170.0,184.7177180146452,-0.29082325631267153
10.283947706222534,3.693000078201294,-135.4919834792504,-132.23898643477062,0.27913844554451805,-0.29175235802274246,1,320.0,168.0,184.5080165207496,-0.29175235802274246
10.293376922607422,3.680000066757202,-137.4768355868652,-134.17266255616005,0.2856311498639143,-0.2983174894721551,1,320.0,168.0,182.5231644131348,-0.2983174894721551
10.303873300552368,3.680000066757202,-137.69819016323527,-134.36306169618095,0.2865314441404203,-0.2992716059146153,1,320.0,168.0,182.30180983676473,-0.2992716059146153
10.31349229812622,3.6590001583099365,-137.91954473960533,-134.5159502847963,0.28738749019818266,-0.30022682912995746,1,320.0,168.0,182.08045526039467,-0.30022682912995746
10.325167179107666,3.6590001583099365,-138.1408993159754,-134.7063494248172,0.28828950091333183,-0.3011831591181814,1,320.0,165.0,181.8591006840246,-0.3011831591181814
10.33336329460144,3.6460001468658447,-140.15505382878482,-136.5753970974737,0.2945808346534642,-0.3078458707482843,1,320.0,165.0,179.84494617121518,-0.3078458707482843
10.34381651878357,3.6460001468658447,-140.38822490830682,-136.7770149026528,0.2955066610941923,-0.30882761716825224,1,320.0,165.0,179.61177509169318,-0.30882761716825224
10.353298902511597,3.626000165939331,-140.62139598782883,-136.9422163689308,0.29638961393557056,-0.30981052944361775,1,320.0,165.0,179.37860401217117,-0.30981052944361775
10.363831281661987,3.626000165939331,-140.85456706735084,-137.14383417410988,0.29731727447265605,-0.31079460757438093,1,320.0,162.0,179.14543293264916,-0.31079460757438093
10.373547077178955,3.6120002269744873,-142.8940657433474,-138.95361162348453,0.30342725971837103,-0.31754224514516666,1,320.0,162.0,177.1059342566526,-0.31754224514516666
10.383006811141968,3.6120002269744873,-143.13918938563899,-139.1660410428248,0.3043780052267935,-0.31855208946284475,1,320.0,162.0,176.86081061436101,-0.31855208946284475
10.39338731765747,3.5920002460479736,-143.38431302793057,-139.34133112603578,0.30528505998227684,-0.31956315939873425,1,320.0,162.0,176.61568697206943,-0.31956315939873425
10.404068946838379,3.5920002460479736,-143.62943667022216,-139.55376054537604,0.306237744088212,-0.32057545495283535,1,320.0,160.0,176.37056332977784,-0.32057545495283535
10.413568019866943,3.579000234603882,-145.58589552017847,-141.41817546953004,0.3125225046977449,-0.3270612014465792,1,320.0,160.0,174.41410447982153,-0.3270612014465792
10.424065589904785,3.579000234603882,-145.84238605045738,-141.64173946161432,0.3134989901855541,-0.3280982020131662,1,320.0,160.0,174.15761394954262,-0.3280982020131662
10.433298587799072,3.559000253677368,-146.0988765807363,-141.82744159461964,0.3144309699531336,-0.32913648503240456,1,320.0,160.0,173.9011234192637,-0.32913648503240456
10.443817853927612,3.559000253677368,-146.3553671110152,-142.05100558670392,0.31540950177156823,-0.3301760505042943,1,320.0,157.0,173.6446328889848,-0.3301760505042943
10.453195810317993,3.5460002422332764,-148.34063403881345,-143.9610332445564,0.3218436447174916,-0.33675730053552444,1,320.0,157.0,171.65936596118655,-0.33675730053552444
10.463692426681519,3.5460002422332764,-148.6086486575846,-144.19600491860825,0.32284659075094685,-0.33782196132133774,1,320.0,157.0,171.3913513424154,-0.33782196132133774
10.473412036895752,3.5260002613067627,-148.87666327635577,-144.39237091927393,0.323804191806342,-0.338887962180245,1,320.0,157.0,171.12333672364423,-0.338887962180245
10.483963012695312,3.5260002613067627,-149.14467789512693,-144.62734259332578,0.32480929452817087,-0.339955303112246,1,320.0,154.0,170.85532210487307,-0.339955303112246
10.493496656417847,3.513000249862671,-151.1540044598259,-146.4730534008679,0.33103945783983,-0.3466163680169956,1,320.0,154.0,168.8459955401741,-0.3466163680169956
10.503905534744263,3.513000249862671,-151.4336660886131,-146.71896822517178,0.3320681504701205,-0.34770913030198325,1,320.0,154.0,168.5663339113869,-0.34770913030198325
10.513306617736816,3.4930002689361572,-151.71332771740032,-146.92551142557673,0.33305062986773437,-0.34880329089511497,1,320.0,154.0,168.28667228259968,-0.34880329089511497
10.524001359939575,3.4930002689361572,-151.99298934618753,-147.1714262498806,0.3340815847881484,-0.3498988497963905,1,320.0,152.0,168.00701065381247,-0.3498988497963905
10.533374547958374,3.4800002574920654,-153.9190356523339,-148.8548926339108,0.3397917557057127,-0.35629378014073876,1,320.0,152.0,166.0809643476661,-0.35629378014073876
10.543822288513184,3.4800002574920654,-154.2097442131168,-149.11062658085987,0.3408441895749559,-0.35741367913474387,1,320.0,152.0,165.7902557868832,-0.35741367913474387
10.553186655044556,3.4610002040863037,-154.50045277389972,-149.32821937337016,0.3418519420228351,-0.3585350316715529,1,320.0,152.0,165.49954722610028,-0.3585350316715529
10.563701391220093,3.4610002040863037,-154.79116133468264,-149.58395332031924,0.3429067425257755,-0.3596578377511658,1,320.0,149.0,165.20883866531736,-0.3596578377511658
10.57304334640503,3.449000120162964,-156.74297460553672,-151.3271153015292,0.34880715183490396,-0.36613724353269306,1,320.0,149.0,163.25702539446328,-0.36613724353269306
10.583458185195923,3.449000120162964,-157.04486154959787,-151.5930225129955,0.34988420560122857,-0.3672847321733145,1,320.0,149.0,162.95513845040213,-0.3672847321733145
10.593999862670898,3.43500018119812,-157.34674849365902,-151.83033581054258,0.35092813323733774,-0.36843373024865617,1,320.0,149.0,162.65325150634098,-0.36843373024865617
10.603730201721191,3.43500018119812,-157.64863543772017,-152.09624302200888,0.3520077031062073,-0.3695842377587181,1,320.0,148.0,162.35136456227983,-0.3695842377587181
10.613225221633911,3.427000045776367,-159.41691423054,-153.69303830075958,0.35741972844498954,-0.37547166285403616,1,320.0,148.0,160.58308576946,-0.37547166285403616
10.624027967453003,3.427000045776367,-159.72869586117707,-153.96803686493513,0.3585195669063248,-0.3766444442901066,1,320.0,148.0,160.27130413882293,-0.3766444442901066
10.633776426315308,3.4160001277923584,-160.04047749181416,-154.22028557719648,0.35959336678892445,-0.3778187846343301,1,320.0,148.0,159.95952250818584,-0.3778187846343301
10.643613815307617,3.4160001277923584,-160.35225912245124,-154.49528414137203,0.36069584148664197,-0.3789946838867069,1,320.0,148.0,159.64774087754876,-0.3789946838867069
10.653412818908691,3.4110002517700195,-160.66404075308833,-154.7598911515166,0.36178716935457306,-0.3801721420472368,1,320.0,147.0,159.33595924691167,-0.3801721420472368
10.663982629776001,3.4110002517700195,-162.2621424912211,-156.23122150293906,0.36676191111281553,-0.3855117979178858,1,320.0,147.0,157.7378575087789,-0.3855117979178858
10.673656702041626,3.4050002098083496,-162.58262619876632,-156.50180083153722,0.367869115311291,-0.3867092914979338,1,320.0,147.0,157.41737380123368,-0.3867092914979338
10.683231592178345,3.4050002098083496,-162.90310990631153,-156.78489269314284,0.3689927500086834,-0.3879083874965197,1,320.0,146.0,157.09689009368847,-0.3879083874965197
10.692983388900757,3.4020001888275146,-164.34867191816153,-158.0183407793016,0.3732073949376463,-0.39275160376137486,1,320.0,146.0,155.65132808183847,-0.39275160376137486
10.703280210494995,3.4020001888275146,-164.67677828734355,-158.3079140259795,0.3743464224037897,-0.39396871529583,1,320.0,146.0,155.32322171265645,-0.39396871529583
10.714001417160034,3.3980002403259277,-165.00488465652558,-158.5891045100346,0.375476796507206,-0.39518746736213106,1,320.0,146.0,154.99511534347442,-0.39518746736213106
10.724061250686646,3.3980002403259277,-165.3329910257076,-158.87867775671248,0.37661867779200303,-0.39640785996027805,1,320.0,,154.6670089742924,-0.39640785996027805
10.733535051345825,3.3970000743865967,-165.66109739488962,-159.16615170025045,0.37775947728274983,-0.39762989309027086,1,320.0,,154.33890260511038,-0.39762989309027086
10.744067192077637,3.3970000743865967,-165.98920376407165,-159.45572494692834,0.3789042438034979,-0.3988535667521097,1,320.0,,154.01079623592835,-0.3988535667521097
10.75351095199585,3.3960001468658447,-166.31731013325367,-159.7431980936769,0.38004792757006456,-0.40007888094579436,1,320.0,,153.68268986674633,-0.40007888094579436
10.763869762420654,3.3960001468658447,-166.6454165024357,-160.0327713403548,0.3811955793227798,-0.401305835671325,1,320.0,,153.3545834975643,-0.401305835671325
10.773518085479736,3.3950002193450928,-166.97352287161772,-160.32024318883597,0.3823421467569014,-0.4025344309287015,1,320.0,144.0,153.02647712838228,-0.4025344309287015
10.783094644546509,3.3950002193450928,-168.32323406890336,-161.38838835794058,0.3860146646925618,-0.4070738894734858,1,320.0,144.0,151.67676593109664,-0.4070738894734858
10.793647527694702,3.3960001468658447,-168.65826773454438,-161.68534234211833,0.3871794361852857,-0.4083192212109278,1,320.0,144.0,151.34173226545562,-0.4083192212109278
10.804110288619995,3.3960001468658447,-168.9933014001854,-161.98019492809937,0.3883431602631034,-0.4095662281166979,1,320.0,144.0,151.0066985998146,-0.4095662281166979
10.81385588645935,3.3960001468658447,-169.32833506582642,-162.2750475140804,0.389508358603851,-0.4108149101907963,1,320.0,145.0,150.67166493417358,-0.4108149101907963
10.823522329330444,3.3960001468658447,-170.29424934987114,-163.2291198740847,0.3928093053198321,-0.4141077913757245,1,320.0,145.0,149.70575065012886,-0.4141077913757245
10.833768606185913,3.3970000743865967,-170.63355739150325,-163.53053894094373,0.3939886608947677,-0.4153681288126405,1,320.0,145.0,149.36644260849675,-0.4153681288126405
10.844131708145142,3.3970000743865967,-170.97286543313535,-163.82985790787345,0.3951669929446227,-0.4166301627897648,1,320.0,145.0,149.02713456686465,-0.4166301627897648
10.853948831558228,3.3980002403259277,-171.31217347476746,-164.13127617794308,0.396349351249596,-0.4178938933070971,1,320.0,,148.68782652523254,-0.4178938933070971
10.863373756408691,3.3980002403259277,-171.65148151639957,-164.4305951448728,0.397530686985636,-0.41915932036463766,1,320.0,,148.34851848360043,-0.41915932036463766
10.87389612197876,3.3990001678466797,-171.99078955803168,-164.73201161849488,0.39871604681207506,-0.4204264439623864,1,320.0,,148.00921044196832,-0.4204264439623864
10.8842294216156,3.3990001678466797,-172.3300975996638,-165.0313305854246,0.3999003862253178,-0.4216952641003432,1,320.0,,147.6699024003362,-0.4216952641003432
10.893978357315063,3.4000000953674316,-172.6694056412959,-165.33274576438336,0.40108874816889023,-0.4229657807785082,1,320.0,144.0,147.3305943587041,-0.4229657807785082
10.90334677696228,3.4000000953674316,-173.40620578954224,-165.97543793457803,0.4033856479297946,-0.42552242742595514,1,320.0,144.0,146.59379421045776,-0.42552242742595514
10.913692712783813,3.4020001888275146,-173.74819868264302,-166.28126525196578,0.40458404703691975,-0.4268015598910893,1,320.0,144.0,146.25180131735698,-0.4268015598910893
10.925031661987305,3.4020001888275146,-174.0901915757438,-166.58290352545214,0.40577892748273064,-0.428082402320689,1,320.0,144.0,145.9098084242562,-0.428082402320689
10.933572053909302,3.4030001163482666,-174.43218446884458,-166.88663413385376,0.4069778373834818,-0.4293649547147541,1,320.0,144.0,145.56781553115542,-0.4293649547147541
10.94397258758545,3.4030001163482666,-174.95656464447214,-167.3429387328187,0.4086749587916769,-0.43123790569761644,1,320.0,144.0,145.04343535552786,-0.43123790569761644
10.95374083518982,3.4050002098083496,-175.2997872440692,-167.6498011097971,0.4098814426495999,-0.4325262717533533,1,320.0,144.0,144.7002127559308,-0.4325262717533533
10.964290618896484,3.4050002098083496,-175.64300984366625,-167.95248218726937,0.411084422353503,-0.43381635392208806,1,320.0,144.0,144.35699015633375,-0.43381635392208806
10.97441554069519,3.4060001373291016,-175.9862324432633,-168.25725173328973,0.4122914320673939,-0.4351081522038208,1,320.0,145.0,144.0137675567367,-0.4351081522038208
10.98384165763855,3.4060001373291016,-176.2171933900542,-168.44214005732871,0.4131175012041867,-0.4360395596858965,1,320.0,145.0,143.7828066099458,-0.4360395596858965
10.992958784103394,3.4080002307891846,-176.55965988424785,-168.7482013528601,0.4143285157655886,-0.43733331777835016,1,320.0,145.0,143.44034011575215,-0.43733331777835016
11.004556894302368,3.4080002307891846,-176.9021263784415,-169.05008907182457,0.41553603147370516,-0.4386287882032747,1,320.0,145.0,143.0978736215585,-0.4386287882032747
11.01337218284607,3.4090001583099365,-177.24459287263514,-169.35406140367692,0.41674756857894635,-0.4399259709606702,1,320.0,145.0,142.75540712736486,-0.4399259709606702
11.024327516555786,3.4090001583099365,-177.33624559536258,-169.41845687744967,0.4171922775614586,-0.44041607239154745,1,320.0,145.0,142.66375440463742,-0.44041607239154745
11.033025741577148,3.4110002517700195,-177.67702354600834,-169.72291161185072,0.4184062378007991,-0.44171339105005236,1,320.0,145.0,142.32297645399166,-0.44171339105005236
11.045144081115723,3.4110002517700195,-178.0178014966541,-170.02320047124718,0.4196167004344311,-0.44301241359831056,1,320.0,145.0,141.9821985033459,-0.44301241359831056
11.053886651992798,3.4120001792907715,-178.35857944729986,-170.3255700985387,0.4208311718376736,-0.44431314003632194,1,320.0,145.0,141.64142055270014,-0.44431314003632194
11.064084768295288,3.4120001792907715,-178.32992877198222,-170.17590725396883,0.42059365405661153,-0.44442424559127114,1,320.0,145.0,141.67007122801778,-0.44442424559127114
11.07425594329834,3.4130001068115234,-178.66821951169953,-170.47524626238197,0.4218052370980192,-0.44572353557649036,1,320.0,145.0,141.33178048830047,-0.44572353557649036
11.084955930709839,3.4130001068115234,-179.00651025141684,-170.77250578209896,0.42301581105059016,-0.44702451701540824,1,320.0,145.0,140.99348974858316,-0.44702451701540824
11.093335151672363,3.4140002727508545,-179.34480099113415,-171.07184400786014,0.42423037614154285,-0.4483271899080248,1,320.0,145.0,140.65519900886585,-0.4483271899080248
11.1039719581604,3.4140002727508545,-179.2115405338522,-170.84459377225602,0.42375205427440576,-0.44811050060528623,1,320.0,145.0,140.7884594661478,-0.44811050060528623
11.113830089569092,3.4150002002716064,-179.54665515871395,-171.1403974103258,0.42496272062714113,-0.4494103714309139,1,320.0,145.0,140.45334484128605,-0.4494103714309139
11.123827695846558,3.4150002002716064,-179.8817697835757,-171.4341241148652,0.4261723632931627,-0.4507119178296659,1,320.0,145.0,140.1182302164243,-0.4507119178296659
11.133089303970337,3.4160001277923584,-180.21688440843744,-171.72992647726983,0.42738597576043463,-0.4520151398015422,1,320.0,,139.78311559156256,-0.4520151398015422
11.14358901977539,3.4160001277923584,-180.55199903329918,-172.02365318180924,0.428598566071791,-0.4533200373465427,1,320.0,,139.44800096670082,-0.4533200373465427
11.153031587600708,3.4180002212524414,-180.88711365816093,-172.32152787393377,0.42981762334171003,-0.4546266104646676,1,320.0,,139.11288634183907,-0.4546266104646676
11.163817405700684,3.4180002212524414,-181.22222828302267,-172.61525457847318,0.43103317166004973,-0.45593485915591686,1,320.0,,138.77777171697733,-0.45593485915591686
11.173637866973877,3.4180002212524414,-181.55734290788442,-172.9089812830126,0.4322501886119121,-0.45724478342029035,1,320.0,,138.44265709211558,-0.45724478342029035
11.183096885681152,3.4180002212524414,-181.89245753274616,-173.202707987552,0.4334686741972972,-0.45855638325778814,1,320.0,,138.10754246725384,-0.45855638325778814
11.193604230880737,3.4190001487731934,-182.2275721576079,-173.49850652970167,0.43469112498052526,-0.45986965866841034,1,320.0,,137.7724278423921,-0.45986965866841034
11.203317880630493,3.4190001487731934,-182.56268678246965,-173.79223323424108,0.43591255819214375,-0.4611846096521568,1,320.0,,137.43731321753035,-0.4611846096521568
11.213524103164673,3.4200000762939453,-182.8978014073314,-174.08803050541684,0.4371379550700818,-0.4625012362090275,1,320.0,146.0,137.1021985926686,-0.4625012362090275
11.224128723144531,3.4200000762939453,-182.10391131947134,-173.13364539946596,0.4343490024387197,-0.4601891966058471,1,320.0,146.0,137.89608868052866,-0.4601891966058471
11.233398199081421,3.4210002422332764,-182.4314596408186,-173.42107736497624,0.43556102618415693,-0.4614944118896679,1,320.0,146.0,137.5685403591814,-0.4614944118896679
11.244116306304932,3.4210002422332764,-182.75900796216584,-173.7064395404116,0.4367719929923814,-0.46280126491509543,1,320.0,146.0,137.24099203783416,-0.46280126491509543
11.253801107406616,3.4210002422332764,-183.0865562835131,-173.99180171584695,0.43798438661148303,-0.46410975568212964,1,320.0,147.0,136.9134437164869,-0.46410975568212964
11.263251543045044,3.4210002422332764,-182.17883033503006,-172.9620847550134,0.43497645660756984,-0.46145432839963585,1,320.0,147.0,137.82116966496994,-0.46145432839963585
11.27387285232544,3.4220001697540283,-182.49812182205736,-173.24072469142547,0.4361770281547215,-0.4627499687931789,1,320.0,147.0,137.50187817794264,-0.4627499687931789
11.28359866142273,3.4220001697540283,-182.81741330908466,-173.51729659994518,0.4373765009279449,-0.46404720564415713,1,320.0,147.0,137.18258669091534,-0.46404720564415713
11.293977499008179,3.4230000972747803,-183.13670479611196,-173.79593526888686,0.43857984700701924,-0.46534603895257043,1,320.0,148.0,136.86329520388804,-0.46534603895257043
11.303340435028076,3.4230000972747803,-182.13246466541477,-172.70126060645228,0.435384350879659,-0.46240175109002296,1,320.0,148.0,137.86753533458523,-0.46240175109002296
11.312918901443481,3.4230000972747803,-182.44292327901195,-172.96868120552043,0.43657009900456833,-0.46368651604273464,1,320.0,148.0,137.55707672098805,-0.46368651604273464
11.32365107536316,3.4230000972747803,-182.75338189260913,-173.23610180458857,0.4377571842324731,-0.4649728332885143,1,320.0,148.0,137.24661810739087,-0.4649728332885143
11.333989143371582,3.4230000972747803,-183.0638405062063,-173.50352240365672,0.43894560656337317,-0.466260702827362,1,320.0,149.0,136.9361594937937,-0.466260702827362
11.34351110458374,3.4230000972747803,-181.97665002587985,-172.35221496181967,0.4355873628487278,-0.4630696940929908,1,320.0,149.0,138.02334997412015,-0.4630696940929908
11.353868246078491,3.4240002632141113,-182.27778776144999,-172.61224009447704,0.436762454208389,-0.46434244831448224,1,320.0,149.0,137.72221223855001,-0.46434244831448224
11.36342453956604,3.4240002632141113,-182.57892549702012,-172.87019924068102,0.4379363561800371,-0.4656167082246515,1,320.0,149.0,137.42107450297988,-0.4656167082246515
11.373966932296753,3.4240002632141113,-182.88006323259026,-173.128158386885,0.43911154794741636,-0.4668924738234986,1,320.0,150.0,137.11993676740974,-0.4668924738234986
11.383358001708984,3.4240002632141113,-181.72091464992565,-171.92715876628534,0.43561111555444754,-0.46348857548716493,1,320.0,150.0,138.27908535007435,-0.46348857548716493
11.394266366958618,3.4240002632141113,-182.01231397012785,-172.17538835034907,0.43676986799707573,-0.46474831624125823,1,320.0,150.0,137.98768602987215,-0.46474831624125823
11.403802394866943,3.4240002632141113,-182.30371329033005,-172.4236179344128,0.4379298615876243,-0.46600951399195245,1,320.0,150.0,137.69628670966995,-0.46600951399195245
11.414198160171509,3.4240002632141113,-182.59511261053225,-172.6718475184765,0.4390910963260931,-0.46727216873924776,1,320.0,151.0,137.40488738946775,-0.46727216873924776
11.423754692077637,3.4240002632141113,-181.37319650313938,-171.42713973234828,0.43546616360089385,-0.4636835254682522,1,320.0,151.0,138.62680349686062,-0.4636835254682522
11.433793067932129,3.4240002632141113,-181.65449845692612,-171.66540791947696,0.4366104124650456,-0.464929360305081,1,320.0,151.0,138.34550154307388,-0.464929360305081
11.443406343460083,3.4240002632141113,-181.93580041071286,-171.90367610660564,0.43775585267013306,-0.4661766016516786,1,320.0,151.0,138.06419958928714,-0.4661766016516786
11.453909873962402,3.4240002632141113,-182.2171023644996,-172.14194429373433,0.4389024842161562,-0.4674252495080452,1,320.0,152.0,137.7828976355004,-0.4674252495080452
11.463330507278442,3.4240002632141113,-180.9403180328589,-170.85883554167907,0.4351688244256432,-0.46367603576617333,1,320.0,152.0,139.0596819671411,-0.46367603576617333
11.473779439926147,3.4240002632141113,-181.2112140728654,-171.08694298392192,0.4362979880712542,-0.4649071670845455,1,320.0,152.0,138.7887859271346,-0.4649071670845455
11.48330807685852,3.4240002632141113,-181.4821101128719,-171.31505042616476,0.4374282922540764,-0.46613965288311754,1,320.0,152.0,138.5178898871281,-0.46613965288311754
11.493422508239746,3.4240002632141113,-181.7530061528784,-171.5431578684076,0.4385597369741099,-0.4673734931618898,1,320.0,154.0,138.2469938471216,-0.4673734931618898
11.503792762756348,3.4240002632141113,-180.32015129943161,-170.11830924860544,0.43438449789433436,-0.4631377557744242,1,320.0,154.0,139.67984870056839,-0.4631377557744242
11.51351022720337,3.4240002632141113,-180.57965429837202,-170.3353633165741,0.43549663959247964,-0.4643520576446446,1,320.0,154.0,139.42034570162798,-0.4643520576446446
11.524445056915283,3.4240002632141113,-180.83915729731243,-170.55241738454276,0.4366098665609648,-0.46556765702985964,1,320.0,154.0,139.16084270268757,-0.46556765702985964
11.534067630767822,3.4240002632141113,-181.09866029625283,-170.76947145251143,0.43772417879978975,-0.4667845539300694,1,320.0,155.0,138.90133970374717,-0.4667845539300694
11.54342532157898,3.4240002632141113,-179.63640663588228,-169.22081156941397,0.43316444804084686,-0.4624689018906095,1,320.0,155.0,140.36359336411772,-0.4624689018906095
11.553442239761353,3.4240002632141113,-179.88437920255538,-169.4260408275257,0.43425785335471856,-0.46366589086663,1,320.0,155.0,140.11562079744462,-0.46366589086663
11.56309461593628,3.4240002632141113,-180.13235176922848,-169.63127008563742,0.4353522848148808,-0.4648641197054839,1,320.0,155.0,139.86764823077152,-0.4648641197054839
11.574252128601074,3.4240002632141113,-180.38032433590158,-169.83649934374915,0.43644774242133366,-0.46606358840717116,1,320.0,156.0,139.61967566409842,-0.46606358840717116
11.583636283874512,3.4240002632141113,-178.89292585671407,-168.28555358734002,0.43189404059921316,-0.46168104452288433,1,320.0,156.0,141.10707414328593,-0.46168104452288433
11.593661546707153,3.4240002632141113,-179.12925798892536,-168.47900286317721,0.43296857474453365,-0.46286028937148255,1,320.0,156.0,140.87074201107464,-0.46286028937148255
11.604228973388672,3.4240002632141113,-179.36559012113665,-168.6724521390144,0.43404407613623336,-0.4640407158807418,1,320.0,156.0,140.63440987886335,-0.4640407158807418
11.61390733718872,3.4240002632141113,-179.60192225334794,-168.8659014148516,0.4351205447743123,-0.4652223240506621,1,320.0,158.0,140.39807774665206,-0.4652223240506621
11.623586416244507,3.4240002632141113,-177.9883196829129,-167.2089772339324,0.43023838545312854,-0.4604469317940623,1,320.0,158.0,142.0116803170871,-0.4604469317940623
11.633787631988525,3.4240002632141113,-178.21222177922255,-167.38999352580208,0.43129255497100116,-0.46160667541852995,1,320.0,158.0,141.78777822077745,-0.46160667541852995
11.643416404724121,3.4240002632141113,-178.4361238755322,-167.57100981767178,0.4323476295703331,-0.4627675385534792,1,320.0,158.0,141.5638761244678,-0.4627675385534792
11.6540048122406,3.4240002632141113,-178.66002597184183,-167.75202610954148,0.43340360925112453,-0.46392952119890996,1,320.0,159.0,141.33997402815817,-0.46392952119890996
11.663395643234253,3.4240002632141113,-177.0403613989209,-166.10699317329065,0.42857284672829843,-0.45914849538291364,1,320.0,159.0,142.9596386010791,-0.45914849538291364
11.673660039901733,3.4230000972747803,-177.25185472811225,-166.27365261882295,0.42960420632603125,-0.46028854665158375,1,320.0,159.0,142.74814527188775,-0.46028854665158375
11.683267831802368,3.4230000972747803,-177.4633480573036,-166.44237805080866,0.43063888873466816,-0.46142965538689984,1,320.0,159.0,142.5366519426964,-0.46142965538689984
11.69388198852539,3.4230000972747803,-177.67484138649493,-166.61110348279436,0.431674414770465,-0.46257182158886195,1,320.0,160.0,142.32515861350507,-0.46257182158886195
11.703281879425049,3.4230000972747803,-176.05166194907713,-164.8747244664618,0.4265615806897439,-0.4577931774801858,1,320.0,160.0,143.94833805092287,-0.4577931774801858
11.713871479034424,3.4230000972747803,-176.25078498795673,-165.03060472216933,0.4275737900202038,-0.45891337905178115,1,320.0,160.0,143.74921501204327,-0.45891337905178115
11.723664283752441,3.4230000972747803,-176.44990802683634,-165.18648497787686,0.4285867787519422,-0.4600345762385708,1,320.0,160.0,143.55009197316366,-0.4600345762385708
11.733132362365723,3.4230000972747803,-176.64903106571595,-165.3423652335844,0.4296005468849592,-0.4611567690405549,1,320.0,162.0,143.35096893428405,-0.4611567690405549
11.743633508682251,3.4230000972747803,-174.9215591947682,-163.52665004111896,0.4242445097901871,-0.4560547777788294,1,320.0,162.0,145.0784408052318,-0.4560547777788294
11.753649950027466,3.4220001697540283,-175.10767012427263,-163.66714749602446,0.4252314424735538,-0.45715364924485613,1,320.0,162.0,144.89232987572737,-0.45715364924485613
11.763124465942383,3.4220001697540283,-175.29378105377705,-163.80971171135192,0.4262215680905035,-0.4582534512655303,1,320.0,162.0,144.70621894622295,-0.4582534512655303
11.774118900299072,3.4220001697540283,-175.47989198328148,-163.9522759266794,0.4272124065285299,-0.459354183840852,1,320.0,164.0,144.52010801671852,-0.459354183840852
11.783451795578003,3.4220001697540283,-173.66158578394428,-162.0681240344788,0.4216485436676519,-0.45397255890697574,1,320.0,164.0,146.33841421605572,-0.45397255890697574
11.793730974197388,3.4220001697540283,-173.83413682870338,-162.19697751243825,0.42261415272876546,-0.45504879084483024,1,320.0,164.0,146.16586317129662,-0.45504879084483024
11.803333044052124,3.4220001697540283,-174.00668787346248,-162.3258309903977,0.42358040605726877,-0.45612588553790845,1,320.0,164.0,145.99331212653752,-0.45612588553790845
11.814169645309448,3.4210002422332764,-174.17923891822159,-162.45261644046477,0.4245448116795516,-0.45720384298621053,1,320.0,165.0,145.82076108177841,-0.45720384298621053
11.823727369308472,3.4210002422332764,-172.38487286306602,-160.509970431452,0.41880550984147014,-0.4519144331672645,1,320.0,165.0,147.61512713693398,-0.4519144331672645
11.833719491958618,3.4210002422332764,-172.5440969247682,-160.62478832114667,0.41974641525070955,-0.45296822252593094,1,320.0,165.0,147.4559030752318,-0.45296822252593094
11.84368085861206,3.4210002422332764,-172.7033209864704,-160.73960621084134,0.4206878947493974,-0.4540228080049059,1,320.0,165.0,147.2966790135296,-0.4540228080049059
11.854105949401855,3.4200000762939453,-172.8625450481726,-160.8523543104611,0.42162745424049336,-0.45507818960418944,1,320.0,166.0,147.1374549518274,-0.45507818960418944
11.863850831985474,3.4200000762939453,-171.0926886066992,-158.86031753652284,0.4157424529007826,-0.4498828558723409,1,320.0,166.0,148.9073113933008,-0.4498828558723409
11.873202085494995,3.4200000762939453,-171.238822770251,-158.96083923022198,0.4166578831293727,-0.45091441098245433,1,320.0,166.0,148.761177229749,-0.45091441098245433
11.884217023849487,3.4200000762939453,-171.3849569338028,-159.06136092392111,0.4175738159664313,-0.4519466967633855,1,320.0,166.0,148.6150430661972,-0.4519466967633855
11.893394708633423,3.4200000762939453,-171.53109109735462,-159.16188261762025,0.41849025141195834,-0.45297971321513447,1,320.0,168.0,148.46890890264538,-0.45297971321513447
11.903870105743408,3.4200000762939453,-169.68436449965637,-157.23084588461197,0.41281787226100475,-0.4475496582001197,1,320.0,168.0,150.31563550034363,-0.4475496582001197
11.913409233093262,3.4190001487731934,-169.81695731347392,-157.31549271400553,0.41370602591984706,-0.4485578543632681,1,320.0,168.0,150.18304268652608,-0.4485578543632681
11.9241304397583,3.4190001487731934,-169.94955012729147,-157.40221011003544,0.41459709784563314,-0.4495667134904856,1,320.0,168.0,150.05044987270853,-0.4495667134904856
11.933881044387817,3.4190001487731934,-170.08214294110903,-157.48892750606535,0.4154886033583994,-0.45057623558177223,1,320.0,170.0,149.91785705889097,-0.45057623558177223
11.943248510360718,3.4190001487731934,-168.16954404148177,-155.5144313886064,0.4096896548208193,-0.4449475412285177,1,320.0,170.0,151.83045595851823,-0.4449475412285177
11.953691005706787,3.4190001487731934,-168.28822211065298,-155.58712503345774,0.41055482281980815,-0.44593139602207643,1,320.0,170.0,151.71177788934702,-0.44593139602207643
11.963142395019531,3.4190001487731934,-168.4069001798242,-155.65981867830908,0.41142035428702134,-0.44691584420598096,1,320.0,170.0,151.5930998201758,-0.44691584420598096
11.974018573760986,3.4180002212524414,-168.5255782489954,-155.73044048555016,0.41228375265813844,-0.44790088578023146,1,320.0,171.0,151.4744217510046,-0.44790088578023146
11.983376502990723,3.4180002212524414,-166.65885980022918,-153.8220620653727,0.40671448331058446,-0.4424369553570731,1,320.0,171.0,153.34114019977082,-0.4424369553570731
11.99388313293457,3.4180002212524414,-166.76401399412157,-153.8812612917118,0.40755492868864995,-0.44339696045971455,1,320.0,171.0,153.23598600587843,-0.44339696045971455
12.00318431854248,3.4180002212524414,-166.86916818801396,-153.9404605180509,0.40839567006284705,-0.4443574913333255,1,320.0,171.0,153.13083181198604,-0.4443574913333255
12.013316631317139,3.4180002212524414,-166.97432238190635,-153.99965974439002,0.409236707433176,-0.44531854797790593,1,320.0,173.0,153.02567761809365,-0.44531854797790593
12.023910760879517,3.4180002212524414,-165.05105905390204,-152.0529913249514,0.4035575422912921,-0.43968632872679636,1,320.0,173.0,154.94894094609796,-0.43968632872679636
12.0339834690094,3.4170000553131104,-165.14238138595186,-152.09643885376303,0.40437016152013483,-0.4406216274321859,1,320.0,173.0,154.85761861404814,-0.4406216274321859
12.043397665023804,3.4170000553131104,-165.2337037180017,-152.14195998678485,0.40518549667969495,-0.4415573827492357,1,320.0,173.0,154.7662962819983,-0.4415573827492357
12.05304741859436,3.4170000553131104,-165.32502605005152,-152.18748111980668,0.40600105944492015,-0.4424935946779458,1,320.0,174.0,154.67497394994848,-0.4424935946779458
12.063472032546997,3.4170000553131104,-163.4559243007501,-150.3114176273344,0.40056646405690305,-0.4370535434023224,1,320.0,174.0,156.5440756992499,-0.4370535434023224
12.073790073394775,3.4170000553131104,-163.53386527014004,-150.34382250607229,0.4013570690239189,-0.437964741891941,1,320.0,174.0,156.46613472985996,-0.437964741891941
12.083292722702026,3.4170000553131104,-163.61180623952998,-150.37622738481016,0.4021478360153284,-0.4388763300864066,1,320.0,174.0,156.38819376047002,-0.4388763300864066
12.093475341796875,3.4170000553131104,-163.68974720891993,-150.40863226354804,0.4029387650311316,-0.4397883079857191,1,320.0,175.0,156.31025279108007,-0.4397883079857191
12.103785276412964,3.4170000553131104,-161.87332263897125,-148.4986715254835,0.3974083377262848,-0.43453537570732526,1,320.0,175.0,158.12667736102875,-0.43453537570732526
12.113491773605347,3.4170000553131104,-161.938321643669,-148.51780651163205,0.39817388874222126,-0.4354230661211809,1,320.0,175.0,158.061678356331,-0.4354230661211809
12.124138593673706,3.4170000553131104,-162.00332064836678,-148.5369414977806,0.3989395354330884,-0.43631108153006004,1,320.0,175.0,157.99667935163322,-0.43631108153006004
12.133867979049683,3.4170000553131104,-162.06831965306455,-148.55607648392913,0.3997052777988863,-0.4371994219339627,1,320.0,177.0,157.93168034693545,-0.4371994219339627
12.14333176612854,3.4170000553131104,-160.20190814584168,-146.61924456703767,0.3941021268005967,-0.43179905843309085,1,320.0,177.0,159.79809185415832,-0.43179905843309085
12.153435945510864,3.4160001277923584,-160.25370155309633,-146.62293167340843,0.3948396659866087,-0.4326624790295619,1,320.0,177.0,159.74629844690367,-0.4326624790295619
12.163924217224121,3.4160001277923584,-160.30549496035098,-146.62869316315414,0.3955797232401193,-0.43352615859306926,1,320.0,177.0,159.69450503964902,-0.43352615859306926
12.173972129821777,3.4160001277923584,-160.35728836760563,-146.63445465289985,0.3963198093010787,-0.4343900971236129,1,320.0,178.0,159.64271163239437,-0.4343900971236129
12.183307647705078,3.4160001277923584,-158.5507138506293,-144.77841410553503,0.39099482587791334,-0.4292003834653856,1,320.0,178.0,161.4492861493707,-0.4292003834653856
12.193754434585571,3.4160001277923584,-158.58979199852692,-144.7714368391579,0.39171031034245657,-0.4300402262028553,1,320.0,178.0,161.41020800147308,-0.4300402262028553
12.203068971633911,3.4160001277923584,-158.62887014642453,-144.76445957278077,0.39242575992066797,-0.4308802643310646,1,320.0,178.0,161.37112985357547,-0.4308802643310646
12.214020013809204,3.4160001277923584,-158.66794829432214,-144.75748230640363,0.3931411746125474,-0.4317204978500133,1,320.0,180.0,161.33205170567786,-0.4317204978500133
12.22356629371643,3.4160001277923584,-156.8180365500545,-142.87706884880157,0.3877511172806727,-0.4264048008698198,1,320.0,180.0,163.1819634499455,-0.4264048008698198
12.232990741729736,3.4160001277923584,-156.8441817210527,-142.8572650940011,0.38844163910038215,-0.42722039598362294,1,320.0,180.0,163.1558182789473,-0.42722039598362294
12.24337124824524,3.4160001277923584,-156.8703268920509,-142.83746133920062,0.38913206190131755,-0.42803612182328105,1,320.0,180.0,163.1296731079491,-0.42803612182328105
12.25436806678772,3.4160001277923584,-156.89647206304912,-142.81765758440014,0.38982238568347904,-0.42885197838879413,1,320.0,181.0,163.10352793695088,-0.42885197838879413
12.26402759552002,3.4160001277923584,-155.1123174434991,-141.1212854967755,0.3850468288017213,-0.423766206012114,1,320.0,181.0,164.8876825565009,-0.423766206012114
12.274072408676147,3.4160001277923584,-155.12606145309587,-141.08999668596138,0.3857147322121742,-0.42455832913089564,1,320.0,181.0,164.87393854690413,-0.42455832913089564
12.283389806747437,3.4160001277923584,-155.13980546269264,-141.05870787514726,0.386382479178573,-0.42535052096972525,1,320.0,181.0,164.86019453730736,-0.42535052096972525
12.294232845306396,3.4160001277923584,-155.1535494722894,-141.02741906433315,0.3870500697009177,-0.42614278152860274,1,320.0,182.0,164.8464505277106,-0.42614278152860274
12.30379867553711,3.4160001277923584,-153.43261128108114,-139.19767490509997,0.3818525447974765,-0.42127812301352763,1,320.0,182.0,166.56738871891886,-0.42127812301352763
12.313216209411621,3.4160001277923584,-153.43446630487114,-139.1540600266629,0.38249597724348533,-0.4220475213736,1,320.0,182.0,166.56553369512886,-0.4220475213736
12.323882341384888,3.4160001277923584,-153.43632132866114,-139.11044514822584,0.383139191615102,-0.4228169290087913,1,320.0,182.0,166.56367867133886,-0.4228169290087913
12.333762645721436,3.4160001277923584,-153.43817635245114,-139.06683026978877,0.38378218791232643,-0.4235863459191015,1,320.0,184.0,166.56182364754886,-0.4235863459191015
12.343266248703003,3.4160001277923584,-151.67693319380646,-137.3222556899775,0.3788764574163438,-0.4186045684578705,1,320.0,184.0,168.32306680619354,-0.4186045684578705
12.354034185409546,3.4160001277923584,-151.66669931647368,-137.26697797061158,0.37949645904295776,-0.41935062130165346,1,320.0,184.0,168.33330068352632,-0.41935062130165346
12.3634352684021,3.4160001277923584,-151.6564654391409,-137.21170025124565,0.3801161842809749,-0.4200966229760499,1,320.0,184.0,168.3435345608591,-0.4200966229760499
12.374333620071411,3.4160001277923584,-151.64623156180812,-137.1564225318797,0.38073563313039516,-0.4208425734810596,1,320.0,185.0,168.35376843819188,-0.4208425734810596
12.383860349655151,3.4160001277923584,-149.95323689950675,-135.49248801079796,0.37610616705587957,-0.41609805180685433,1,320.0,185.0,170.04676310049325,-0.41609805180685433
12.393269300460815,3.4160001277923584,-149.93146070796084,-135.4261762678011,0.37670372384562234,-0.41682157768053907,1,320.0,185.0,170.06853929203916,-0.41682157768053907
12.403749465942383,3.4160001277923584,-149.90968451641493,-135.35986452480427,0.3773009490766501,-0.417544994673266,1,320.0,185.0,170.09031548358507,-0.417544994673266
12.413371324539185,3.4160001277923584,-149.88790832486902,-135.29355278180742,0.377897842748963,-0.4182683027850353,1,320.0,187.0,170.11209167513098,-0.4182683027850353
12.42390513420105,3.4160001277923584,-148.15914382204366,-133.60491518323246,0.3732001130852848,-0.41342092311565876,1,320.0,187.0,171.84085617795634,-0.41342092311565876
12.433358907699585,3.4160001277923584,-148.1256554372141,-133.52747214316463,0.3737748187979192,-0.4141213653310494,1,320.0,187.0,171.8743445627859,-0.4141213653310494
12.443809747695923,3.4160001277923584,-148.09216705238455,-133.4500291030968,0.37434913729535324,-0.41482164010451583,1,320.0,187.0,171.90783294761545,-0.41482164010451583
12.453392028808594,3.4160001277923584,-148.058678667555,-133.37258606302896,0.374923068577587,-0.41552174743605813,1,320.0,188.0,171.941321332445,-0.41552174743605813
12.463891983032227,3.4140002727508545,-146.40216092368232,-131.76188784115504,0.37050069831843807,-0.41092420483806014,1,320.0,188.0,173.59783907631768,-0.41092420483806014
12.473437309265137,3.4140002727508545,-146.35753343181952,-131.67395032831348,0.37105354305466975,-0.4116024395149839,1,320.0,188.0,173.64246656818048,-0.4116024395149839
12.48398208618164,3.4110002517700195,-146.31290593995672,-131.57977385283658,0.3715984301533617,-0.4122804510544483,1,320.0,188.0,173.68709406004328,-0.4122804510544483
12.493486642837524,3.4110002517700195,-146.26827844809392,-131.49183633999505,0.3721503643196518,-0.41295823945645344,1,320.0,188.0,173.73172155190608,-0.41295823945645344
12.503823041915894,3.4070000648498535,-144.7816659964291,-129.85345396982794,0.36765774057797057,-0.40892857498894175,1,320.0,188.0,175.2183340035709,-0.40892857498894175
12.513408184051514,3.4070000648498535,-144.72713971171464,-129.75493034976196,0.3681882868856402,-0.409586779145843,1,320.0,188.0,175.27286028828536,-0.409586779145843
12.523824453353882,3.4000000953674316,-144.6726134270002,-129.64176840058263,0.3687007013886279,-0.4102447106713206,1,320.0,188.0,175.3273865729998,-0.4102447106713206
12.533393859863281,3.4000000953674316,-144.61808714228573,-129.54324478051666,0.3692301892684513,-0.41090236956537474,1,320.0,189.0,175.38191285771427,-0.41090236956537474
12.543784141540527,3.3940000534057617,-143.1873463540544,-128.08468203617528,0.36534488831292905,-0.40706670167987435,1,320.0,189.0,176.8126536459456,-0.40706670167987435
12.553313493728638,3.3940000534057617,-143.123371017102,-127.976906919201,0.36585544270715586,-0.407705548130617,1,320.0,189.0,176.876628982898,-0.407705548130617
12.563773393630981,3.383000135421753,-143.05939568014958,-127.84591449857764,0.36633748137490074,-0.4083440747046748,1,320.0,189.0,176.94060431985042,-0.4083440747046748
12.573369026184082,3.383000135421753,-142.99542034319717,-127.73813938160337,0.3668468419314397,-0.40898228140204795,1,320.0,190.0,177.00457965680283,-0.40898228140204795
12.583763122558594,3.374000072479248,-141.61819467448672,-126.34158874600078,0.36318705678216023,-0.40533227085918805,1,320.0,190.0,178.38180532551328,-0.40533227085918805
12.593277215957642,3.374000072479248,-141.54520123515502,-126.22509485459221,0.3636783895867429,-0.4059524047381658,1,320.0,190.0,178.45479876484498,-0.4059524047381658
12.60360050201416,3.3600001335144043,-141.47220779582332,-126.07865398925803,0.3641330538182882,-0.4065721736499469,1,320.0,190.0,178.52779220417668,-0.4065721736499469
12.613152265548706,3.3600001335144043,-141.39921435649163,-125.96216009784946,0.36462307194908716,-0.4071915775945313,1,320.0,191.0,178.60078564350837,-0.4071915775945313
12.623876810073853,3.3500001430511475,-140.07324359221,-124.72898741685646,0.3615105645804684,-0.4037192070718709,1,320.0,191.0,179.92675640779,-0.4037192070718709
12.633318662643433,3.3500001430511475,-139.9916449134667,-124.60497237515284,0.3619847713922998,-0.40432124688194626,1,320.0,191.0,180.0083550865333,-0.40432124688194626
12.643791913986206,3.3330001831054688,-139.9100462347234,-124.4440077302187,0.36241383385702997,-0.404922878698628,1,320.0,191.0,180.0899537652766,-0.404922878698628
12.653528213500977,3.3330001831054688,-139.82844755598012,-124.31999268851509,0.3628866157704282,-0.40552410252191584,1,320.0,190.0,180.17155244401988,-0.40552410252191584
12.664088487625122,3.321000099182129,-138.75366601653985,-123.2345733349367,0.36027350928104507,-0.40288163913288955,1,320.0,190.0,181.24633398346015,-0.40288163913288955
12.673696517944336,3.321000099182129,-138.6652456915573,-123.10413570612721,0.36073250480500435,-0.40346886097136825,1,320.0,190.0,181.3347543084427,-0.40346886097136825
12.683117866516113,3.302000045776367,-138.57682536657472,-122.93161119011356,0.36114013344173856,-0.4040556407082221,1,320.0,190.0,181.42317463342528,-0.4040556407082221
12.694315195083618,3.302000045776367,-138.48840504159216,-122.80117356130407,0.36159761415497366,-0.404641978343451,1,320.0,190.0,181.51159495840784,-0.404641978343451
12.704024076461792,3.2900002002716064,-138.3999847166096,-122.64389189831611,0.36202209561887966,-0.40522787387705494,1,320.0,189.0,181.6000152833904,-0.40522787387705494
12.713613986968994,3.2900002002716064,-137.5463683679859,-121.72006374128055,0.35988785148856217,-0.40331509136361626,1,320.0,189.0,182.4536316320141,-0.40331509136361626
12.722943782806396,3.2690000534057617,-137.45269412721356,-121.53670197657026,0.36027550088079274,-0.40388994574532555,1,320.0,189.0,182.54730587278644,-0.40388994574532555
12.733375310897827,3.2690000534057617,-137.35901988644122,-121.40081684555882,0.36071944280780677,-0.40446433175583096,1,320.0,190.0,182.64098011355878,-0.40446433175583096
12.742981433868408,3.25600004196167,-136.5242482148623,-120.58294136124462,0.3589974807230746,-0.4026188678087008,1,320.0,190.0,183.4757517851377,-0.4026188678087008
12.753349542617798,3.25600004196167,-136.42548611014894,-120.44257814286533,0.35943125775173373,-0.4031824807135955,1,320.0,190.0,183.57451388985106,-0.4031824807135955
12.763111591339111,3.2350001335144043,-136.32672400543558,-120.25368674655715,0.3598058565098967,-0.4037455998079667,1,320.0,190.0,183.67327599456442,-0.4037455998079667
12.774647235870361,3.2350001335144043,-136.22796190072222,-120.11332352817786,0.3602379872654824,-0.4043082250918143,1,320.0,190.0,183.77203809927778,-0.4043082250918143
12.783099889755249,3.2200002670288086,-136.12919979600886,-119.93788968760208,0.36062715610522955,-0.40487035656513826,1,320.0,190.0,183.87080020399114,-0.40487035656513826
12.79355263710022,3.2200002670288086,-135.39849166314403,-119.16576275523173,0.358995534547499,-0.40336922579863077,1,320.0,190.0,184.60150833685597,-0.40336922579863077
12.80294132232666,3.199000120162964,-135.2953919802127,-118.97138192376147,0.35935713445935347,-0.40392198313901423,1,320.0,190.0,184.7046080197873,-0.40392198313901423
12.81355357170105,3.199000120162964,-135.1922922972814,-118.82668237853997,0.3597776284169804,-0.40447422498098307,1,320.0,190.0,184.8077077027186,-0.40447422498098307
12.823127746582031,3.184000253677368,-134.56762280489727,-118.13720015175775,0.35849314126829923,-0.40332352431964125,1,320.0,190.0,185.43237719510273,-0.40332352431964125
12.833515167236328,3.184000253677368,-134.46094333735093,-117.98900795827858,0.3589052556759156,-0.4038678136752724,1,320.0,190.0,185.53905666264907,-0.4038678136752724
12.842950344085693,3.1620001792907715,-134.35426386980458,-117.78750016578552,0.35925238382575286,-0.40441156963356584,1,320.0,190.0,185.64573613019542,-0.40441156963356584
12.853503465652466,3.1620001792907715,-134.24758440225824,-117.63930797230634,0.35966274973343937,-0.4049547921945215,1,320.0,189.0,185.75241559774176,-0.4049547921945215
12.863274097442627,3.1470000743865967,-133.81441304293827,-117.15595420022206,0.35905401906260526,-0.40443163293463574,1,320.0,189.0,186.18558695706173,-0.40443163293463574
12.873842477798462,3.1470000743865967,-133.70549215641222,-117.00571372035844,0.3594587590553707,-0.40496945533158657,1,320.0,189.0,186.29450784358778,-0.40496945533158657
12.88326644897461,3.125000238418579,-133.59657126988617,-116.80082424828241,0.35979689581012086,-0.4055067331241048,1,320.0,189.0,186.40342873011383,-0.4055067331241048
12.894456386566162,3.125000238418579,-133.48765038336012,-116.6505837684188,0.36019986015312666,-0.40604346631219035,1,320.0,189.0,186.51234961663988,-0.40604346631219035
12.903951406478882,3.1100001335144043,-133.37872949683407,-116.46261473035696,0.3605566103811042,-0.40657965489584325,1,320.0,189.0,186.62127050316593,-0.40657965489584325
12.913459777832031,3.1100001335144043,-133.02490565652013,-116.11467509269826,0.3603125664238751,-0.4063159019374857,1,320.0,189.0,186.97509434347987,-0.4063159019374857
12.92333197593689,3.0870001316070557,-132.91430380706652,-115.90447654599399,0.36063985055055997,-0.40684775123717676,1,320.0,189.0,187.08569619293348,-0.40684775123717676
12.93408203125,3.0870001316070557,-132.8037019576129,-115.7528791002387,0.36103669801115484,-0.40737904752762044,1,320.0,188.0,187.1962980423871,-0.40737904752762044
12.943960666656494,3.073000192642212,-132.61246867393882,-115.5381603385402,0.36130113603077413,-0.40764660671237546,1,320.0,188.0,187.38753132606118,-0.40764660671237546
12.953397512435913,3.073000192642212,-132.50131341375786,-115.38637759189145,0.3616959286227551,-0.40817572696722715,1,320.0,188.0,187.49868658624214,-0.40817572696722715
12.963918209075928,3.0500001907348633,-132.3901581535769,-115.17448962842988,0.36201753551474336,-0.40870429144577786,1,320.0,188.0,187.6098418464231,-0.40870429144577786
12.97484040260315,3.0500001907348633,-132.27900289339593,-115.02270688178113,0.36241050975317374,-0.4092323001480277,1,320.0,188.0,187.72099710660407,-0.4092323001480277
12.98336410522461,3.0350000858306885,-132.16784763321496,-114.83120669553433,0.3627548655631553,-0.4097597530739766,1,320.0,187.0,187.83215236678504,-0.4097597530739766
12.993837833404541,3.0350000858306885,-132.14221581462138,-114.73251889837623,0.3633194133671702,-0.4105657795126752,1,320.0,187.0,187.85778418537862,-0.4105657795126752
13.003828287124634,3.013000249862671,-132.03164746624688,-114.52209366745392,0.36363951355840063,-0.41109325573195704,1,320.0,187.0,187.96835253375312,-0.41109325573195704
13.0147123336792,3.013000249862671,-131.92107911787238,-114.37067528935889,0.3640296648811334,-0.41162017910949705,1,320.0,187.0,188.07892088212762,-0.41162017910949705
13.024323225021362,2.998000144958496,-131.81051076949788,-114.17849986014042,0.3643693760142505,-0.4121458906405089,1,320.0,187.0,188.18948923050212,-0.4121458906405089
13.033926963806152,2.998000144958496,-131.82188414099483,-114.23924482948681,0.36544953332514996,-0.413068948616216,1,320.0,187.0,188.17811585900517,-0.413068948616216
13.043445825576782,2.9760000705718994,-131.71215232452317,-114.02871969665408,0.36576020506117024,-0.4135879284921711,1,320.0,187.0,188.28784767547683,-0.4135879284921711
13.055252313613892,2.9760000705718994,-131.60242050805152,-113.87875677948692,0.3661428106391519,-0.4141063662929335,1,320.0,187.0,188.39757949194848,-0.4141063662929335
13.063992500305176,2.9610002040863037,-131.49268869157987,-113.68695650228996,0.366470000668773,-0.41461933108656757,1,320.0,186.0,188.50731130842013,-0.41461933108656757
13.07342529296875,2.9610002040863037,-131.63944150820024,-113.89080087739396,0.36800091203014207,-0.41596850670502966,1,320.0,186.0,188.36055849179976,-0.41596850670502966
13.083656787872314,2.939000129699707,-131.53146872442645,-113.68108525597691,0.36830032238208094,-0.41647653820179176,1,320.0,186.0,188.46853127557355,-0.41647653820179176
13.09350061416626,2.939000129699707,-131.42349594065266,-113.53354883348254,0.3686736325898712,-0.4169840463004495,1,320.0,186.0,188.57650405934734,-0.4169840463004495
13.10306978225708,2.9250001907348633,-131.31552315687887,-113.34592896134868,0.36899396608048457,-0.4174864349777295,1,320.0,185.0,188.68447684312113,-0.4174864349777295
13.113614320755005,2.9250001907348633,-131.5837528293281,-113.57592178281608,0.37059314500163404,-0.4192154315228468,1,320.0,185.0,188.4162471706719,-0.4192154315228468
13.123793363571167,2.9030001163482666,-131.4783596257708,-113.36715858782647,0.3708819734576033,-0.4197144680127408,1,320.0,185.0,188.5216403742292,-0.4197144680127408
13.13369345664978,2.9030001163482666,-131.3729664222135,-113.22221084319092,0.3712466908650601,-0.42021300309443826,1,320.0,185.0,188.6270335777865,-0.42021300309443826
13.143958330154419,2.888000249862671,-131.2675732186562,-113.03316297132392,0.3715533500186513,-0.4207061142777587,1,320.0,184.0,188.7324267813438,-0.4207061142777587
13.15367341041565,2.888000249862671,-131.6446120049881,-113.38796659999214,0.3735421888261984,-0.4227721843331005,1,320.0,184.0,188.3553879950119,-0.4227721843331005
13.163690328598022,2.867000102996826,-131.5425263376336,-113.18388288616717,0.3738255741721235,-0.42326365630782714,1,320.0,184.0,188.4574736623664,-0.42326365630782714
13.175666093826294,2.867000102996826,-131.44044067027912,-113.04236141879817,0.37418337366231047,-0.4237546517976752,1,320.0,184.0,188.55955932972088,-0.4237546517976752
13.183313846588135,2.8520002365112305,-131.33835500292463,-112.8555557505523,0.3744817281502695,-0.42424024565817087,1,320.0,183.0,188.66164499707537,-0.42424024565817087
13.1942617893219,2.8520002365112305,-131.81263688556106,-113.2202028895654,0.37648450556983476,-0.4266050395761586,1,320.0,183.0,188.18736311443894,-0.4266050395761586
13.203858852386475,2.8310000896453857,-131.71450242844693,-113.01789800736717,0.37675907916465445,-0.4270902013920068,1,320.0,183.0,188.28549757155307,-0.4270902013920068
13.21394419670105,2.8310000896453857,-131.6163679713328,-112.87984651081959,0.37711012489149853,-0.4275749139973556,1,320.0,183.0,188.3836320286672,-0.4275749139973556
13.2238130569458,2.81600022315979,-131.51823351421868,-112.69527840348016,0.3774002797895156,-0.42805424550234716,1,320.0,182.0,188.48176648578132,-0.42805424550234716
13.233290910720825,2.81600022315979,-132.07918169972774,-113.27120016501611,0.3800739296182857,-0.4306824322439903,1,320.0,182.0,187.92081830027226,-0.4306824322439903
13.243608474731445,2.7950000762939453,-131.98556527381504,-113.07202894232664,0.3803423349025038,-0.43116237778223554,1,320.0,182.0,188.01443472618496,-0.43116237778223554
13.253393173217773,2.7950000762939453,-131.89194884790234,-112.93887175378902,0.38068935948479515,-0.43164190321675167,1,320.0,182.0,188.10805115209766,-0.43164190321675167
13.263698101043701,2.7810001373291016,-131.79833242198964,-112.76111802712069,0.3809781239295224,-0.43211639562601467,1,320.0,181.0,188.20166757801036,-0.43211639562601467
13.273137331008911,2.7810001373291016,-132.4362633820118,-113.32329201041796,0.38358723218711943,-0.4349759903139454,1,320.0,181.0,187.5637366179882,-0.4349759903139454
13.283840894699097,2.760000228881836,-132.34766163952486,-113.12710593660634,0.38384956822939853,-0.435451998009905,1,320.0,181.0,187.65233836047514,-0.435451998009905
13.29354190826416,2.760000228881836,-132.25905989703793,-112.99871517300556,0.38419269372449716,-0.4359276158581469,1,320.0,181.0,187.74094010296207,-0.4359276158581469
13.30315613746643,2.746000051498413,-132.170458154551,-112.82451504103256,0.3844761325888093,-0.43639821783402355,1,320.0,180.0,187.829541845449,-0.43639821783402355
13.313651084899902,2.746000051498413,-132.87649901449038,-113.47438552900836,0.38735176964971696,-0.4394596374489053,1,320.0,180.0,187.12350098550962,-0.4394596374489053
13.324115991592407,2.7250001430511475,-132.7933444874956,-113.28167920065685,0.3876090493377606,-0.43993252336210453,1,320.0,180.0,187.2066555125044,-0.43993252336210453
13.334092855453491,2.7250001430511475,-132.71018996050083,-113.15862335961573,0.38794937893221826,-0.44040505067137636,1,320.0,180.0,187.28981003949917,-0.44040505067137636
13.343234300613403,2.7110002040863037,-132.62703543350605,-112.98849678830888,0.38822853539931057,-0.44087257745071784,1,320.0,179.0,187.37296456649395,-0.44087257745071784
13.353705644607544,2.7110002040863037,-133.39305220101684,-113.71607979838998,0.3913374119490297,-0.44410872470838253,1,320.0,179.0,186.60694779898316,-0.44410872470838253
13.362988233566284,2.690000057220459,-133.31571880164807,-113.52727147053619,0.3915904946938084,-0.4445791835601479,1,320.0,179.0,186.68428119835193,-0.4445791835601479
13.373919010162354,2.690000057220459,-133.2383854022793,-113.41004681732261,0.3919289825739787,-0.4450493156782899,1,320.0,179.0,186.7616145977207,-0.4450493156782899
13.383355140686035,2.6760001182556152,-133.16105200291054,-113.24443639653387,0.3922047442910132,-0.4455144604463072,1,320.0,178.0,186.83894799708946,-0.4455144604463072
13.393755435943604,2.6760001182556152,-133.9795866596886,-114.04057135993534,0.3955163419537291,-0.4489005092637445,1,320.0,178.0,186.0204133403114,-0.4489005092637445
13.40345811843872,2.6560001373291016,-133.90839470272513,-113.85954372465179,0.3957704873414994,-0.4493694597154314,1,320.0,178.0,186.09160529727487,-0.4493694597154314
13.414387702941895,2.6560001373291016,-133.83720274576166,-113.74858042370127,0.3961082505423654,-0.44983811543239205,1,320.0,178.0,186.16279725423834,-0.44983811543239205
13.423696756362915,2.642000198364258,-133.76601078879818,-113.58790040990787,0.39638171291332547,-0.4503017946246598,1,320.0,177.0,186.23398921120182,-0.4503017946246598
13.433235883712769,2.642000198364258,-134.630225683002,-114.44418182531172,0.3998683529176533,-0.4538153383540446,1,320.0,177.0,185.369774316998,-0.4538153383540446
13.443451166152954,2.622000217437744,-134.5654464884157,-114.26784460225637,0.40012010442196444,-0.45428326627920057,1,320.0,177.0,185.4345535115843,-0.45428326627920057
13.454934358596802,2.622000217437744,-134.50066729382937,-114.16351233091486,0.4004578388009151,-0.4547509315246872,1,320.0,177.0,185.49933270617063,-0.4547509315246872
13.463546514511108,2.6080000400543213,-134.43588809924304,-114.00807584575308,0.4007296274950372,-0.4552136287748044,1,320.0,176.0,185.56411190075696,-0.4552136287748044
13.47311282157898,2.6080000400543213,-135.33951639916032,-114.81553819741114,0.40403549613508427,-0.45883384282123485,1,320.0,176.0,184.66048360083968,-0.45883384282123485
13.483844757080078,2.5880000591278076,-135.28137652196418,-114.64342976978786,0.4042841004550689,-0.4593011420533889,1,320.0,176.0,184.71862347803582,-0.4593011420533889
13.493633031845093,2.5880000591278076,-135.22323664476804,-114.54534868292302,0.4046211482020343,-0.4597682104702219,1,320.0,176.0,184.77676335523196,-0.4597682104702219
13.503905534744263,2.575000047683716,-135.1650967675719,-114.39849222535575,0.4048953645297283,-0.46023065520222184,1,320.0,174.0,184.8349032324281,-0.46023065520222184
13.513380289077759,2.575000047683716,-136.20361312966108,-115.36233781907897,0.4086904723536934,-0.4642688649461686,1,320.0,174.0,183.79638687033892,-0.4642688649461686
13.524125814437866,2.555000066757202,-136.15299221368662,-115.19546474572648,0.4089380470540948,-0.46473741462695295,1,320.0,174.0,183.84700778631338,-0.46473741462695295
13.533748626708984,2.555000066757202,-136.10237129771215,-115.10466450517026,0.4092765561679013,-0.46520576751891796,1,320.0,174.0,183.89762870228785,-0.46520576751891796
13.543826818466187,2.5410001277923584,-136.0517503817377,-114.9598530586225,0.4095456653026798,-0.46566916183156015,1,320.0,173.0,183.9482496182623,-0.46566916183156015
13.553380727767944,2.5410001277923584,-137.10889429025093,-115.86066916727373,0.4131127379564452,-0.46974460232264464,1,320.0,173.0,182.89110570974907,-0.46974460232264464
13.564014911651611,2.5210001468658447,-137.06586889341585,-115.69839779068818,0.41335795550462195,-0.4702141648632355,1,320.0,173.0,182.93413110658415,-0.4702141648632355
13.573633909225464,2.5210001468658447,-137.02284349658078,-115.61439668365996,0.41369677796202725,-0.4706835637997391,1,320.0,173.0,182.97715650341922,-0.4706835637997391
13.584389686584473,2.508000135421753,-136.9798180997457,-115.47880477409517,0.41396942280364374,-0.4711483472841481,1,320.0,171.0,183.0201819002543,-0.4711483472841481
13.593995571136475,2.508000135421753,-138.1526792909523,-116.42166802278967,0.41765212220892256,-0.4755778061384578,1,320.0,171.0,181.8473207090477,-0.4755778061384578
13.603824377059937,2.4880001544952393,-138.11799119337442,-116.26421268074256,0.417895678714544,-0.47604997940195015,1,320.0,171.0,181.88200880662558,-0.47604997940195015
13.614375829696655,2.4880001544952393,-138.08330309579654,-116.18725275297763,0.41823554342634317,-0.47652202362570606,1,320.0,171.0,181.91669690420346,-0.47652202362570606
13.62385630607605,2.4750001430511475,-138.04861499821865,-116.05722486578237,0.4185074710199067,-0.4769894522257886,1,320.0,170.0,181.95138500178135,-0.4769894522257886
13.633252382278442,2.4750001430511475,-139.22256975674566,-117.03601459231776,0.42228547157309215,-0.4813979948235332,1,320.0,170.0,180.77743024325434,-0.4813979948235332
13.644088983535767,2.455000162124634,-139.19616970454027,-116.88347745889389,0.42252759070961443,-0.4818726408846048,1,320.0,170.0,180.80383029545973,-0.4818726408846048
13.654736518859863,2.455000162124634,-139.16976965233488,-116.81375713958121,0.4228688364153804,-0.48234719091547584,1,320.0,170.0,180.83023034766512,-0.48234719091547584
13.664308071136475,2.442000150680542,-139.1433696001295,-116.68942734215496,0.4231403060879944,-0.48281712275265337,1,320.0,168.0,180.8566303998705,-0.48281712275265337
13.673931360244751,2.442000150680542,-140.4169010894651,-117.69853938395454,0.42699501838403975,-0.4875259039464208,1,320.0,168.0,179.5830989105349,-0.4875259039464208
13.68385100364685,2.4230000972747803,-140.39941550534385,-117.55527469257842,0.4272413036726951,-0.4880043922002788,1,320.0,168.0,179.60058449465615,-0.4880043922002788
13.69444990158081,2.4230000972747803,-140.3819299212226,-117.49295262182264,0.427584498395313,-0.48848281824916706,1,320.0,168.0,179.6180700787774,-0.48848281824916706
13.704701900482178,2.4090001583099365,-140.36444433710133,-117.37011391701182,0.4278505282222649,-0.48895626935895176,1,320.0,167.0,179.63555566289867,-0.48895626935895176
13.713098287582397,2.4090001583099365,-141.62432293436703,-118.30332999213988,0.43143531730717244,-0.4935950266240315,1,320.0,167.0,178.37567706563297,-0.4935950266240315
13.724063634872437,2.390000104904175,-141.61559745429503,-118.16448958817244,0.4316793304547203,-0.4940766702862389,1,320.0,167.0,178.38440254570497,-0.4940766702862389
13.734448671340942,2.390000104904175,-141.60687197422303,-118.10899487164345,0.43202316558303977,-0.49455828362740084,1,320.0,167.0,178.39312802577697,-0.49455828362740084
13.743948698043823,2.377000093460083,-141.59814649415102,-117.99565115983353,0.43229335318555534,-0.495035264703705,1,320.0,166.0,178.40185350584898,-0.495035264703705
13.753334522247314,2.377000093460083,-142.84298217536318,-118.9591321139209,0.4359555611379202,-0.49959997157967345,1,320.0,166.0,177.15701782463682,-0.49959997157967345
13.76417851448059,2.3580000400543213,-142.84285391882116,-118.82484616181111,0.4361978283600064,-0.5000847691751812,1,320.0,166.0,177.15714608117884,-0.5000847691751812
13.774303913116455,2.3580000400543213,-142.84272566227915,-118.77633982517332,0.4365428664416413,-0.5005695663352578,1,320.0,166.0,177.15727433772085,-0.5005695663352578
13.783225536346436,2.3470001220703125,-142.84259740573714,-118.67749089048618,0.4368238942068079,-0.5010504349177634,1,320.0,164.0,177.15740259426286,-0.5010504349177634
13.793803453445435,2.3470001220703125,-144.17224174686558,-119.66623684196315,0.44054756479134816,-0.5058675829679538,1,320.0,164.0,175.82775825313442,-0.5058675829679538
13.803321599960327,2.3320000171661377,-144.1812337395661,-119.55537273611952,0.4408126472606779,-0.5063584968737347,1,320.0,164.0,175.8187662604339,-0.5063584968737347
13.813754796981812,2.3320000171661377,-144.1902257322666,-119.51398039732734,0.44116095801397937,-0.5068494407228518,1,320.0,164.0,175.8097742677334,-0.5068494407228518
13.824018955230713,2.325000047683716,-144.19921772496713,-119.43983882856983,0.4414676326118283,-0.5073378910399963,1,320.0,164.0,175.80078227503287,-0.5073378910399963
13.833402633666992,2.325000047683716,-145.40075410840532,-120.34822477556892,0.44491063418663535,-0.5117151805830138,1,320.0,164.0,174.59924589159468,-0.5117151805830138
13.843404293060303,2.315000057220459,-145.41792545399775,-120.26619287935065,0.44520757103746855,-0.5122138476484569,1,320.0,164.0,174.58207454600225,-0.5122138476484569
13.853806257247925,2.315000057220459,-145.43509679959018,-120.23131482365679,0.4455609778353179,-0.5127125711647011,1,320.0,164.0,174.56490320040982,-0.5127125711647011
13.863990783691406,2.31000018119812,-145.45226814518261,-120.17269592507718,0.44588420079061464,-0.5132095330234767,1,320.0,164.0,174.54773185481739,-0.5132095330234767
13.873519659042358,2.31000018119812,-146.53526561471207,-120.9052510629047,0.44873836834554615,-0.5171821686797407,1,320.0,164.0,173.46473438528793,-0.5171821686797407
13.883599042892456,2.30400013923645,-146.5597474124097,-120.84700070969154,0.44906242918606976,-0.5176893316645583,1,320.0,164.0,173.4402525875903,-0.5176893316645583
13.893290519714355,2.30400013923645,-146.58422921010734,-120.81738644278946,0.44942075678764615,-0.5181965744600452,1,320.0,164.0,173.41577078989266,-0.5181965744600452
13.903903007507324,2.302000045776367,-146.60871100780497,-120.77819078218974,0.4497668550197445,-0.5187031639883908,1,320.0,164.0,173.39128899219503,-0.5187031639883908
13.913313150405884,2.302000045776367,-147.58209599121767,-121.34987369213977,0.4520851832082853,-0.5223042042601833,1,320.0,164.0,172.41790400878233,-0.5223042042601833
13.923736095428467,2.2990000247955322,-147.6130864507565,-121.30997869378976,0.4524312633735932,-0.5228207663190291,1,320.0,164.0,172.3869135492435,-0.5228207663190291
13.933673620223999,2.2990000247955322,-147.64407691029533,-121.28448880970049,0.4527945468976138,-0.5233374290193942,1,320.0,164.0,172.35592308970467,-0.5233374290193942
13.943844556808472,2.2980000972747803,-147.67506736983415,-121.25418861974526,0.453151656541226,-0.5238538232003686,1,320.0,165.0,172.32493263016585,-0.5238538232003686
13.95319652557373,2.2980000972747803,-148.44613110333393,-121.67889184354658,0.45498255223491757,-0.5267837243003709,1,320.0,165.0,171.55386889666607,-0.5267837243003709
13.963474750518799,2.2970001697540283,-148.48219795250031,-121.65167516463231,0.4553443478285689,-0.5273084581092452,1,320.0,165.0,171.51780204749969,-0.5273084581092452
13.974125623703003,2.2970001697540283,-148.5182648016667,-121.6292732931814,0.45571184855309865,-0.5278333088648932,1,320.0,165.0,171.4817351983333,-0.5278333088648932
13.983806610107422,2.2970001697540283,-148.5543316508331,-121.60687142173049,0.4560792766395506,-0.5283582765673149,1,320.0,166.0,171.4456683491669,-0.5283582765673149
13.99336314201355,2.2970001697540283,-149.1405734814991,-121.8974926755318,0.457467424639953,-0.530677524261092,1,320.0,166.0,170.8594265185009,-0.530677524261092
14.003885984420776,2.2980000972747803,-149.18041422774607,-121.88205277762461,0.4578444040533679,-0.5312094236370362,1,320.0,166.0,170.81958577225393,-0.5312094236370362
14.013707637786865,2.2980000972747803,-149.22025497399304,-121.86179807225406,0.45821553997130293,-0.5317414522962116,1,320.0,166.0,170.77974502600696,-0.5317414522962116
14.02408742904663,2.2990000247955322,-149.26009572024,-121.84635367274947,0.45859270273300273,-0.532273983361812,1,320.0,167.0,170.73990427976,-0.532273983361812
14.03340482711792,2.2990000247955322,-149.6777627810338,-121.91383636806287,0.4592501493925586,-0.5340387801148975,1,320.0,167.0,170.3222372189662,-0.5340387801148975
14.044024229049683,2.3010001182556152,-149.72019525306817,-121.90379177991348,0.459634588005583,-0.5345766640606624,1,320.0,167.0,170.27980474693183,-0.5345766640606624
14.053492069244385,2.3010001182556152,-149.76262772510253,-121.88413891532299,0.46000743276593026,-0.5351146860180553,1,320.0,167.0,170.23737227489747,-0.5351146860180553
14.063173770904541,2.3030002117156982,-149.8050601971369,-121.87407639208357,0.4603923626063967,-0.5356535950473789,1,320.0,168.0,170.1949398028631,-0.5356535950473789
14.0738844871521,2.3030002117156982,-150.06923026151426,-121.84027459953188,0.4607195781217681,-0.5369157637278107,1,320.0,168.0,169.93076973848574,-0.5369157637278107
14.0831298828125,2.305000066757202,-150.1131837802359,-121.8300959943891,0.4611048345041111,-0.5374582522374125,1,320.0,168.0,169.8868162197641,-0.5374582522374125
14.093820095062256,2.305000066757202,-150.1571372989575,-121.81034607282342,0.4614785408726241,-0.5380008841453765,1,320.0,168.0,169.8428627010425,-0.5380008841453765
14.103517770767212,2.307000160217285,-150.20109081767913,-121.80015077487606,0.4618642885565304,-0.5385444104922512,1,320.0,169.0,169.79890918232087,-0.5385444104922512
14.11405324935913,2.307000160217285,-150.32574954661922,-121.57361382376568,0.46156413372329264,-0.539351275732747,1,320.0,169.0,169.67425045338078,-0.539351275732747
14.12343978881836,2.31000018119812,-150.37025668307055,-121.56674343089018,0.46195402039164746,-0.5398971469552425,1,320.0,169.0,169.62974331692945,-0.5398971469552425
14.132912158966064,2.31000018119812,-150.41476381952188,-121.5455750015786,0.46232668008966327,-0.5404431639386302,1,320.0,169.0,169.58523618047812,-0.5404431639386302
14.143485307693481,2.312000036239624,-150.4592709559732,-121.53391569443875,0.4627113201755841,-0.5409900789247389,1,320.0,171.0,169.5407290440268,-0.5409900789247389
14.154672145843506,2.312000036239624,-150.35636719673647,-121.1332307648886,0.46184679111928695,-0.5410563997708494,1,320.0,171.0,169.64363280326353,-0.5410563997708494
14.1633460521698,2.315000057220459,-150.399863121385,-121.12369064246195,0.462233537122689,-0.541603034451954,1,320.0,171.0,169.600136878615,-0.541603034451954
14.174302577972412,2.315000057220459,-150.44335904603355,-121.0999187993213,0.46260312691129646,-0.5421498121259172,1,320.0,171.0,169.55664095396645,-0.5421498121259172
14.183876514434814,2.317000150680542,-150.4868549706821,-121.0856131525455,0.4629846345620834,-0.542697485262175,1,320.0,172.0,169.5131450293179,-0.542697485262175
14.193269491195679,2.317000150680542,-150.27914184308065,-120.62899677084894,0.46194308912634746,-0.542426045430899,1,320.0,172.0,169.72085815691935,-0.542426045430899
14.202891826629639,2.320000171661377,-150.32091450703157,-120.61642153388829,0.46232603308481945,-0.5429722317100241,1,320.0,172.0,169.67908549296843,-0.5429722317100241
14.213317155838013,2.320000171661377,-150.3626871709825,-120.58968043476426,0.46269188976305686,-0.5435185558389581,1,320.0,172.0,169.6373128290175,-0.5435185558389581
14.22388219833374,2.322000026702881,-150.40445983493342,-120.57236065482196,0.4630695976871393,-0.5440657697854943,1,320.0,174.0,169.59554016506658,-0.5440657697854943
14.233315467834473,2.322000026702881,-150.001324653514,-119.86397111451787,0.46121286802541345,-0.5431621545634115,1,320.0,174.0,169.998675346486,-0.5431621545634115
14.243850231170654,2.325000047683716,-150.0400452928237,-119.8466544360553,0.46158908006836463,-0.5437056269985019,1,320.0,174.0,169.9599547071763,-0.5437056269985019
14.253171443939209,2.325000047683716,-150.0787659321334,-119.81523729477829,0.4619482674866542,-0.5442492276957145,1,320.0,174.0,169.9212340678666,-0.5442492276957145
14.26418948173523,2.326000213623047,-150.1174865714431,-119.78851237317389,0.46231329656321996,-0.5447933320110419,1,320.0,176.0,169.8825134285569,-0.5447933320110419
14.273561716079712,2.326000213623047,-149.53827024164067,-118.95450948534466,0.46005512360977185,-0.5433222912185929,1,320.0,176.0,170.46172975835933,-0.5433222912185929
14.28294587135315,2.3289999961853027,-149.57275187880904,-118.93163401513762,0.46042282339840435,-0.5438606246498858,1,320.0,176.0,170.42724812119096,-0.5438606246498858
14.293304920196533,2.3289999961853027,-149.6072335159774,-118.89471119469219,0.4607735436906804,-0.5443990726464178,1,320.0,176.0,170.3927664840226,-0.5443990726464178
14.30353331565857,2.3310000896453857,-149.64171515314578,-118.86713282066243,0.4611359800529452,-0.5449383834517287,1,320.0,177.0,170.35828484685422,-0.5449383834517287
14.312997102737427,2.3310000896453857,-149.00531485350658,-117.92104503963763,0.4585220122112885,-0.5432898555935985,1,320.0,177.0,170.99468514649342,-0.5432898555935985
14.323400020599365,2.3340001106262207,-149.03519428161783,-117.891869279336,0.458880170715578,-0.5438227433214793,1,320.0,177.0,170.96480571838217,-0.5438227433214793
14.333831548690796,2.3340001106262207,-149.0650737097291,-117.84870964286317,0.4592214046310624,-0.544355730697261,1,320.0,177.0,170.9349262902709,-0.544355730697261
14.343437671661377,2.3340001106262207,-149.09495313784035,-117.80555000639033,0.45956249460914733,-0.5448888177209438,1,320.0,179.0,170.90504686215965,-0.5448888177209438
14.35380506515503,2.3350000381469727,-148.30716706058874,-116.76451085522669,0.45663975620235187,-0.542755708345436,1,320.0,179.0,171.69283293941126,-0.542755708345436
14.363511323928833,2.3350000381469727,-148.33143735114328,-116.71447390878214,0.4569692464344197,-0.5432798888804068,1,320.0,179.0,171.66856264885672,-0.5432798888804068
14.373902797698975,2.3380000591278076,-148.35570764169782,-116.67836948687851,0.4573162102913163,-0.5438052630930637,1,320.0,179.0,171.64429235830218,-0.5438052630930637
14.383538484573364,2.3380000591278076,-148.37997793225236,-116.62833254043396,0.4576462877451705,-0.5443307184898459,1,320.0,182.0,171.62002206774764,-0.5443307184898459
14.393025875091553,2.3400001525878906,-147.35578332193384,-115.50380936650326,0.4544534536494349,-0.541437606342716,1,320.0,182.0,172.64421667806616,-0.541437606342716
14.40335988998413,2.3400001525878906,-147.37286121067143,-115.44633793975052,0.454771233213469,-0.5419517989504752,1,320.0,182.0,172.62713878932857,-0.5419517989504752
14.413906335830688,2.3420000076293945,-147.38993909940902,-115.39811583557864,0.45510052736929224,-0.54246678566545,1,320.0,182.0,172.61006090059098,-0.54246678566545
14.423877000808716,2.3430001735687256,-147.4070169881466,-115.34526381577537,0.4554243767188406,-0.5429821982554359,1,320.0,184.0,172.5929830118534,-0.5429821982554359
14.433293104171753,2.3430001735687256,-146.27189928617537,-113.93195327209447,0.45132064525249804,-0.5397399732267355,1,320.0,184.0,173.72810071382463,-0.5397399732267355
14.443689346313477,2.3460001945495605,-146.2810732024074,-113.87901155724137,0.4516403181239522,-0.5402432178086873,1,320.0,184.0,173.7189267975926,-0.5402432178086873
14.45303750038147,2.3460001945495605,-146.29024711863946,-113.81223917916705,0.45194316951045627,-0.5407464932608718,1,320.0,184.0,173.70975288136054,-0.5407464932608718
14.464075565338135,2.3470001220703125,-146.2994210348715,-113.75006822451485,0.4522516177543335,-0.5412501653053321,1,320.0,186.0,173.7005789651285,-0.5412501653053321
14.473692655563354,2.3470001220703125,-145.06626809807833,-112.28843954959508,0.44800522099838347,-0.5377022199430384,1,320.0,186.0,174.93373190192167,-0.5377022199430384
14.483296632766724,2.3470001220703125,-145.0669197725096,-112.2120985925191,0.44829148612614705,-0.5381915148489608,1,320.0,186.0,174.9330802274904,-0.5381915148489608
14.493775129318237,2.3490002155303955,-145.0675714469409,-112.14494896544252,0.4485891154744678,-0.5386815373211493,1,320.0,186.0,174.9324285530591,-0.5386815373211493
14.503727436065674,2.3490002155303955,-145.06822312137217,-112.06860800836654,0.44887545776687027,-0.5391715619911103,1,320.0,189.0,174.93177687862783,-0.5391715619911103
14.513142585754395,2.3510000705718994,-143.6478950611283,-110.57534630145821,0.44452216216584106,-0.5350280147011071,1,320.0,189.0,176.3521049388717,-0.5350280147011071
14.523839950561523,2.3510000705718994,-143.63879898753083,-110.48922251170096,0.4447919909866592,-0.5355022394817126,1,320.0,189.0,176.36120101246917,-0.5355022394817126
14.533394575119019,2.3530001640319824,-143.62970291393336,-110.41225653797576,0.44507310132120653,-0.5359771517224016,1,320.0,189.0,176.37029708606664,-0.5359771517224016
14.544348001480103,2.3530001640319824,-143.62060684033588,-110.32613274821853,0.44534293096276123,-0.536452033195618,1,320.0,191.0,176.37939315966412,-0.536452033195618
14.55377984046936,2.3540000915527344,-142.1347445396167,-108.69332861399977,0.44055908565242285,-0.5321110065522979,1,320.0,191.0,177.8652554603833,-0.5321110065522979
14.563308715820312,2.3540000915527344,-142.1155180726017,-108.59656346660414,0.44081056686773834,-0.5325689958530834,1,320.0,191.0,177.8844819273983,-0.5325689958530834
14.574096918106079,2.3560001850128174,-142.0962916055867,-108.50893111941426,0.44107325337779413,-0.5330276305869325,1,320.0,191.0,177.9037083944133,-0.5330276305869325
14.584200859069824,2.3560001850128174,-142.07706513857173,-108.41216597201863,0.4413246524937086,-0.5334862001430494,1,320.0,193.0,177.92293486142827,-0.5334862001430494
14.59371042251587,2.3570001125335693,-140.53497470498124,-106.66040445603852,0.4361691094067542,-0.528978486490431,1,320.0,193.0,179.46502529501876,-0.528978486490431
14.603041410446167,2.3570001125335693,-140.50530167105447,-106.55225505957657,0.4364008086862662,-0.5294195431251669,1,320.0,193.0,179.49469832894553,-0.5294195431251669
14.613449096679688,2.3590002059936523,-140.4756286371277,-106.45321354985543,0.4366436337224582,-0.5298612015050921,1,320.0,193.0,179.5243713628723,-0.5298612015050921
14.624667167663574,2.3590002059936523,-140.44595560320093,-106.34506415339347,0.436875161856931,-0.5303027590708693,1,320.0,196.0,179.55404439679907,-0.5303027590708693
14.633164405822754,2.3600001335144043,-138.75516050590625,-104.4890662904296,0.4313969124486797,-0.5253270927583147,1,320.0,196.0,181.24483949409375,-0.5253270927583147
14.643736124038696,2.3600001335144043,-138.71409253935335,-104.36889584452445,0.43160756219430174,-0.5257494391593858,1,320.0,196.0,181.28590746064665,-0.5257494391593858
14.653108358383179,2.3620002269744873,-138.67302457280044,-104.25780847369893,0.43182925524632376,-0.5261723393268808,1,320.0,196.0,181.32697542719956,-0.5261723393268808
14.6637601852417,2.3620002269744873,-138.63195660624754,-104.13763802779377,0.4320396394278137,-0.5265950996579264,1,320.0,198.0,181.36804339375246,-0.5265950996579264
14.673329830169678,2.3620002269744873,-136.91098619503677,-102.18640203231675,0.4262779095939741,-0.5215390077420041,1,320.0,198.0,183.08901380496323,-0.5215390077420041
14.68382978439331,2.3620002269744873,-136.8583945304567,-102.05367094842434,0.4264661251007915,-0.5219419006555426,1,320.0,198.0,183.1416054695433,-0.5219419006555426
14.693167924880981,2.3600001335144043,-136.80580286587664,-101.91185678945229,0.42664244845712596,-0.5223439304334544,1,320.0,198.0,183.19419713412336,-0.5223439304334544
14.703696250915527,2.3600001335144043,-136.75321120129658,-101.77912570555988,0.4268292202178264,-0.522745781399689,1,320.0,200.0,183.24678879870342,-0.522745781399689
14.713281154632568,2.3570001125335693,-135.00847602788602,-99.83697449495071,0.4211418114334845,-0.5176278350752422,1,320.0,200.0,184.99152397211398,-0.5176278350752422
14.723821878433228,2.3570001125335693,-134.94427676194175,-99.6919249967394,0.42130595691922906,-0.5180085944529884,1,320.0,200.0,185.05572323805825,-0.5180085944529884
14.733202934265137,2.3510000705718994,-134.88007749599748,-99.5194531593764,0.4214351176849974,-0.5183871128193949,1,320.0,200.0,185.11992250400252,-0.5183871128193949
14.743772506713867,2.3510000705718994,-134.81587823005322,-99.37440366116509,0.42159669535304206,-0.5187654143527692,1,320.0,202.0,185.18412176994678,-0.5187654143527692
14.753292798995972,2.3460001945495605,-133.05321164646583,-97.4473585407211,0.41599224756521963,-0.5136026651682992,1,320.0,202.0,186.94678835353417,-0.5136026651682992
14.763927936553955,2.3460001945495605,-132.977361469168,-97.2902426956692,0.41613109026514766,-0.5139591138415622,1,320.0,202.0,187.022638530832,-0.5139591138415622
14.77351975440979,2.3360002040863037,-132.90151129187015,-97.08687670135984,0.41621132128969424,-0.5143119847443282,1,320.0,202.0,187.09848870812985,-0.5143119847443282
14.783123970031738,2.3360002040863037,-132.8256611145723,-96.92976085630795,0.41634652772634706,-0.5146646023074631,1,320.0,203.0,187.1743388854277,-0.5146646023074631
14.793790340423584,2.3289999961853027,-131.1513644607811,-95.01891079856838,0.41082737133981606,-0.5098017760262892,1,320.0,203.0,188.8486355392189,-0.5098017760262892
14.803266763687134,2.3289999961853027,-131.06454954780398,-94.84998883135827,0.41093980406615155,-0.5101330600953393,1,320.0,203.0,188.93545045219602,-0.5101330600953393
14.813988447189331,2.31600022315979,-130.97773463482685,-94.61990931151497,0.41097500819676286,-0.5104597990197877,1,320.0,203.0,189.02226536517315,-0.5104597990197877
14.823709487915039,2.31600022315979,-130.8909197218497,-94.45098734430486,0.4110830456371677,-0.5107862523231241,1,320.0,205.0,189.1090802781503,-0.5107862523231241
14.833412408828735,2.305999994277954,-129.19907191372508,-92.55230071719022,0.4056450208482014,-0.5058749153227218,1,320.0,205.0,190.80092808627492,-0.5058749153227218
14.843860626220703,2.305999994277954,-129.10124715208593,-92.37183946965695,0.4057300614057085,-0.5061790411788596,1,320.0,205.0,190.89875284791407,-0.5061790411788596
14.853191375732422,2.2900002002716064,-129.0034223904468,-92.1143716642341,0.405718168933938,-0.5064776875666911,1,320.0,205.0,190.9965776095532,-0.5064776875666911
14.863900661468506,2.2900002002716064,-128.90559762880764,-91.93391041670083,0.4057981023440213,-0.5067760184696174,1,320.0,207.0,191.09440237119236,-0.5067760184696174
14.87357211112976,2.2790000438690186,-127.20126216554719,-89.95626457803878,0.400124545117178,-0.5018315664481442,1,320.0,207.0,192.79873783445282,-0.5018315664481442
14.883099794387817,2.2790000438690186,-127.09241748552375,-89.76384327255117,0.4001806594493015,-0.5021073308509645,1,320.0,207.0,192.90758251447625,-0.5021073308509645
14.893901824951172,2.261000156402588,-126.98357280550032,-89.48247412416701,0.40012511000590517,-0.5023770329978572,1,320.0,207.0,193.01642719449967,-0.5023770329978572
14.903510570526123,2.261000156402588,-126.87472812547688,-89.2900528186794,0.40017569136574394,-0.5026463920118535,1,320.0,208.0,193.12527187452312,-0.5026463920118535
14.913335084915161,2.249000072479248,-125.2634977253742,-87.44555323851591,0.3949593955507079,-0.4980123688157152,1,320.0,208.0,194.73650227462582,-0.4980123688157152
14.923858165740967,2.249000072479248,-125.14434743864955,-87.24221211611273,0.39498780002696476,-0.49826015171919874,1,320.0,208.0,194.85565256135044,-0.49826015171919874
14.933278560638428,2.2290000915527344,-125.0251971519249,-86.93706969994162,0.39488874329411083,-0.49850131132199443,1,320.0,208.0,194.97480284807511,-0.49850131132199443
14.944227457046509,2.2290000915527344,-124.90604686520025,-86.73372857753843,0.3949112233481332,-0.49874210483550685,1,320.0,208.0,195.09395313479973,-0.49874210483550685
14.953802585601807,2.2160000801086426,-124.7868965784756,-86.46315441055012,0.3948493823544715,-0.49897847668202716,1,320.0,209.0,195.2131034215244,-0.49897847668202716
14.963177919387817,2.2160000801086426,-123.24281748646455,-84.69260276846751,0.3897584986313947,-0.49456922028693573,1,320.0,209.0,196.75718251353544,-0.49456922028693573
14.974190473556519,2.196000099182129,-123.11389713415818,-84.37340425398968,0.3896277369136616,-0.4947826264471259,1,320.0,209.0,196.88610286584182,-0.4947826264471259
14.98380970954895,2.196000099182129,-122.98497678185181,-84.1593175073133,0.3896224691978646,-0.4949956471354308,1,320.0,210.0,197.0150232181482,-0.4949956471354308
14.993263244628906,2.182000160217285,-121.54902338325762,-82.3640969940858,0.38461363036884144,-0.4909435795686101,1,320.0,210.0,198.45097661674237,-0.4909435795686101
15.003898620605469,2.182000160217285,-121.41114269461362,-82.1396837135669,0.38458705723049286,-0.49113689271753036,1,320.0,210.0,198.5888573053864,-0.49113689271753036
15.013290405273438,2.1610000133514404,-121.27326200596961,-81.8010834139566,0.3844181645182999,-0.4913234315381778,1,320.0,210.0,198.72673799403037,-0.4913234315381778
15.024765014648438,2.1610000133514404,-121.13538131732561,-81.5766701334377,0.3843856448694625,-0.49150957016012187,1,320.0,210.0,198.8646186826744,-0.49150957016012187
15.033162355422974,2.1460001468658447,-120.9975006286816,-81.26921754777838,0.38424953810478485,-0.49169077121747623,1,320.0,212.0,199.00249937131838,-0.49169077121747623
15.043636560440063,2.1460001468658447,-119.52019036560418,-79.66938256537837,0.37972995638384177,-0.4875063958844186,1,320.0,212.0,200.47980963439582,-0.4875063958844186
15.053122758865356,2.125,-119.37312958227136,-79.31715573691082,0.3795303636901907,-0.4876656598713693,1,320.0,212.0,200.62687041772864,-0.4876656598713693
15.064198970794678,2.125,-119.22606879893854,-79.08331568121737,0.379472177448712,-0.4878245102498669,1,320.0,212.0,200.77393120106146,-0.4878245102498669
15.073970317840576,2.1100001335144043,-119.07900801560572,-78.76335386912318,0.37930679160747593,-0.48797848159685775,1,320.0,213.0,200.92099198439428,-0.48797848159685775
15.083366394042969,2.1100001335144043,-117.69086424324367,-77.18913640507796,0.37487713010152235,-0.4840885749259235,1,320.0,213.0,202.30913575675635,-0.4840885749259235
15.093579530715942,2.0880000591278076,-117.53530103880531,-76.81737615907403,0.3746399610808255,-0.48422159511679697,1,320.0,213.0,202.4646989611947,-0.48422159511679697
15.104140996932983,2.0880000591278076,-117.37973783436696,-76.57435343528596,0.37455661606494295,-0.4843541921757315,1,320.0,213.0,202.62026216563305,-0.4843541921757315
15.113961458206177,2.074000120162964,-117.22417462992861,-76.24786659135336,0.374369557396927,-0.4844822632745019,1,320.0,214.0,202.7758253700714,-0.4844822632745019
15.123764753341675,2.074000120162964,-115.91830527630393,-74.69897167407748,0.3700283957161897,-0.48086303332347874,1,320.0,214.0,204.08169472369607,-0.48086303332347874
15.13386058807373,2.052000045776367,-115.75486398049503,-74.31335089168273,0.3697610948986656,-0.48097133907402384,1,320.0,214.0,204.24513601950497,-0.48097133907402384
15.143919467926025,2.052000045776367,-115.59142268468614,-74.06138465275669,0.36965351686206677,-0.4810792149739423,1,320.0,214.0,204.40857731531386,-0.4810792149739423
15.154034852981567,2.0370001792907715,-115.42798138887724,-73.7164951153342,0.369430759463788,-0.48118233251246023,1,320.0,215.0,204.57201861112276,-0.48118233251246023
15.163669347763062,2.0370001792907715,-114.19817805925808,-72.29495167733025,0.3655098206581247,-0.47781213755252844,1,320.0,215.0,205.80182194074192,-0.47781213755252844
15.173150300979614,2.015000104904175,-114.02743513080854,-71.8959694568285,0.36521347803487475,-0.4778965906849383,1,320.0,215.0,205.97256486919144,-0.4778965906849383
15.184608697891235,2.015000104904175,-113.856692202359,-71.6359948466535,0.3650832848583754,-0.4779806105571225,1,320.0,215.0,206.143307797641,-0.4779806105571225
15.193328619003296,2.001000165939331,-113.68594927390946,-71.28583175868035,0.3648414819763565,-0.4780602181782033,1,320.0,216.0,206.31405072609056,-0.4780602181782033
15.203881978988647,2.001000165939331,-112.52659169666083,-69.87904816375534,0.36097278833840696,-0.47492007587198504,1,320.0,216.0,207.47340830333917,-0.47492007587198504
15.213198900222778,1.9790000915527344,-112.34908039802488,-69.46669137629623,0.3606479799364991,-0.47498203671361067,1,320.0,216.0,207.65091960197512,-0.47498203671361067
15.224653244018555,1.9790000915527344,-112.17156909938893,-69.19886534721769,0.3604959529403806,-0.47504356309629236,1,320.0,216.0,207.82843090061107,-0.47504356309629236
15.233742475509644,1.9640001058578491,-111.99405780075298,-68.83047492293592,0.3602197658940224,-0.4751004552468676,1,320.0,217.0,208.00594219924702,-0.4751004552468676
15.243179321289062,1.9640001058578491,-110.90003527782204,-67.54102199161622,0.3567370308743318,-0.4721726131850629,1,320.0,217.0,209.09996472217796,-0.4721726131850629
15.253690242767334,1.943000078201294,-110.71624969869058,-67.12256894725436,0.35639312869051337,-0.4722130840704151,1,320.0,217.0,209.28375030130942,-0.4722130840704151
15.263832330703735,1.943000078201294,-110.53246411955911,-66.84774903356589,0.35622093837550284,-0.4722531216812287,1,320.0,217.0,209.4675358804409,-0.4722531216812287
15.27385401725769,1.9280000925064087,-110.34867854042764,-66.46824522321279,0.35591974014736877,-0.47228858794600465,1,320.0,217.0,209.65132145957236,-0.47228858794600465
15.283230066299438,1.9280000925064087,-109.41708575185005,-65.28656550846009,0.3527907664343516,-0.4698887485334537,1,320.0,217.0,210.58291424814996,-0.4698887485334537
15.293758869171143,1.9070000648498535,-109.22818092028356,-64.85595964896004,0.35242110030197027,-0.4699097376535193,1,320.0,217.0,210.77181907971644,-0.4699097376535193
15.303727149963379,1.9070000648498535,-109.03927608871707,-64.57493165893027,0.35223029038194037,-0.46993029843184864,1,320.0,217.0,210.9607239112829,-0.46993029843184864
15.31354546546936,1.8930001258850098,-108.85037125715058,-64.19217173327978,0.3519142875147564,-0.469946621122057,1,320.0,218.0,211.14962874284942,-0.469946621122057
15.322983980178833,1.8930001258850098,-107.96519261889144,-63.109514828989944,0.34910965239936304,-0.46769547243322984,1,320.0,218.0,212.03480738110858,-0.46769547243322984
15.333801984786987,1.8720000982284546,-107.7715212318269,-62.667280558459346,0.3487155859617331,-0.4676980087115034,1,320.0,218.0,212.2284787681731,-0.4676980087115034
15.343525171279907,1.8720000982284546,-107.57784984476235,-62.3807647722897,0.34850775710085197,-0.4677001227861055,1,320.0,218.0,212.42215015523766,-0.4677001227861055
15.353979349136353,1.8580000400543213,-107.38417845769781,-61.98829652731288,0.34816976010913814,-0.4676980561951728,1,320.0,219.0,212.61582154230217,-0.4676980561951728
15.36336350440979,1.8580000400543213,-106.5422730340775,-60.996631125401834,0.34566233512822053,-0.465584934071001,1,320.0,219.0,213.45772696592252,-0.465584934071001
15.373751640319824,1.8370001316070557,-106.34416375100577,-60.54304355091723,0.34524471637738907,-0.46556972812895303,1,320.0,219.0,213.65583624899423,-0.46556972812895303
15.383474349975586,1.8370001316070557,-106.14605446793404,-60.2517002171526,0.3450211810793997,-0.46555410764316507,1,320.0,219.0,213.85394553206595,-0.46555410764316507
15.393882513046265,1.8230000734329224,-105.9479451848623,-59.84991669061348,0.3446621820621311,-0.465534364420147,1,320.0,220.0,214.0520548151377,-0.465534364420147
15.403301000595093,1.8230000734329224,-105.14641609815504,-58.84040585408525,0.34209672896489557,-0.46354945393407193,1,320.0,220.0,214.85358390184496,-0.46354945393407193
15.413784742355347,1.8020000457763672,-104.94417543390848,-58.37495456193562,0.34165522920489316,-0.4635171782207309,1,320.0,220.0,215.05582456609153,-0.4635171782207309
15.423609495162964,1.8020000457763672,-104.74193476966192,-58.07869421404015,0.34141616457596435,-0.46348449701483496,1,320.0,220.0,215.25806523033808,-0.46348449701483496
15.433862209320068,1.7880001068115234,-104.53969410541536,-57.66721562820129,0.34103599470314405,-0.46344775144304196,1,320.0,221.0,215.46030589458462,-0.46344775144304196
15.443387985229492,1.7880001068115234,-103.77586251298325,-56.74437900161662,0.33875328886577744,-0.4615819940306678,1,320.0,221.0,216.22413748701675,-0.4615819940306678
15.453866243362427,1.7680001258850098,-103.56977652214229,-56.27575001748744,0.33829898354256666,-0.46153354484517584,1,320.0,221.0,216.4302234778577,-0.46153354484517584
15.463790655136108,1.7680001258850098,-103.36369053130133,-55.975199375167804,0.33804579517219957,-0.4614846999745167,1,320.0,221.0,216.63630946869867,-0.4614846999745167
15.473954439163208,1.7540000677108765,-103.15760454046037,-55.55448370063975,0.3376456565739457,-0.4614318488875285,1,320.0,222.0,216.84239545953963,-0.4614318488875285
15.483386516571045,1.7540000677108765,-102.42898747762544,-54.711277712963934,0.33562213043974787,-0.45967711986678567,1,320.0,222.0,217.57101252237456,-0.45967711986678567
15.49382996559143,1.7340000867843628,-102.2193232627709,-54.23163947437249,0.33514607962363974,-0.45961309528932504,1,320.0,222.0,217.7806767372291,-0.45961309528932504
15.50372314453125,1.7340000867843628,-102.00965904791636,-53.927372799663736,0.33487991635477676,-0.4595486859779846,1,320.0,222.0,217.99034095208364,-0.4595486859779846
15.513996362686157,1.7200000286102295,-101.79999483306182,-53.49766984583588,0.3344605686197323,-0.45948032891813995,1,320.0,223.0,218.20000516693818,-0.45948032891813995
15.52364993095398,1.7200000286102295,-101.1042862306782,-52.82884582480495,0.3330040614090298,-0.4578288518009984,1,320.0,223.0,218.8957137693218,-0.4578288518009984
15.53293490409851,1.7000000476837158,-100.8912933007679,-52.33893244960245,0.33250775849681286,-0.4577498200604096,1,320.0,223.0,219.1087066992321,-0.4577498200604096
15.543692350387573,1.7000000476837158,-100.6783003708576,-52.032169073854604,0.3322306987479974,-0.45767041558216803,1,320.0,223.0,219.32169962914242,-0.45767041558216803
15.55321478843689,1.686000108718872,-100.4653074409473,-51.594344683933926,0.33214514205632806,-0.456926088179743,1,320.0,224.0,219.5346925590527,-0.456926088179743
15.563766479492188,1.686000108718872,-99.80036176078545,-50.98281309768586,0.330888370463246,-0.45539078367541375,1,320.0,224.0,220.19963823921455,-0.45539078367541375
15.573539733886719,1.6660001277923584,-99.58427326116596,-50.48250463186892,0.3309136615083487,-0.4543890684400703,1,320.0,224.0,220.41572673883405,-0.4543890684400703
15.583050012588501,1.6660001277923584,-99.36818476154647,-50.17365380065095,0.33063708054928737,-0.4543025572812738,1,320.0,224.0,220.63181523845353,-0.4543025572812738
15.593449831008911,1.6530001163482666,-99.15209626192699,-49.7376045938291,0.33056702042854214,-0.45362577374497776,1,320.0,225.0,220.847903738073,-0.45362577374497776
15.604097843170166,1.6530001163482666,-98.51591429956713,-49.17854134820665,0.32950865195347095,-0.45222359505490073,1,320.0,225.0,221.48408570043287,-0.45222359505490073
15.613898515701294,1.633000135421753,-98.29694813129716,-48.667903015345786,0.32957636827229175,-0.45125557470058314,1,320.0,225.0,221.70305186870286,-0.45125557470058314
15.623833417892456,1.633000135421753,-98.07798196302718,-48.35733821215549,0.32930102381231224,-0.45116269444194174,1,320.0,225.0,221.92201803697282,-0.45116269444194174
15.634116411209106,1.6190000772476196,-97.85901579475721,-47.90345749439825,0.32927723764356354,-0.45046239544897654,1,320.0,225.0,222.14098420524277,-0.45046239544897654
15.64381194114685,1.6190000772476196,-97.35087655636983,-47.392396646327484,0.32839444692015274,-0.44949023406549293,1,320.0,225.0,222.64912344363017,-0.44949023406549293
15.653642416000366,1.599000096321106,-97.12992931929381,-46.87088490027371,0.32850345508612,-0.4485508273821582,1,320.0,225.0,222.8700706807062,-0.4485508273821582
15.663149118423462,1.599000096321106,-96.90898208221779,-46.55894653743594,0.32823047321512117,-0.4484533698204531,1,320.0,225.0,223.0910179177822,-0.4484533698204531
15.673981428146362,1.5860000848770142,-96.68803484514177,-46.10763280210889,0.32821804164332696,-0.447816714431031,1,320.0,226.0,223.31196515485823,-0.447816714431031
15.683401823043823,1.5860000848770142,-96.19528031337745,-45.741555954397604,0.3277883866254646,-0.4469202626971036,1,320.0,226.0,223.80471968662255,-0.4469202626971036
15.69370436668396,1.5660001039505005,-95.9724707810839,-45.209790711239236,0.3279360542420451,-0.44601684924623003,1,320.0,226.0,224.0275292189161,-0.44601684924623003
15.703463554382324,1.5660001039505005,-95.74966124879035,-44.89748141707095,0.3276704787241226,-0.4459229587535172,1,320.0,226.0,224.25033875120965,-0.4459229587535172
15.71396541595459,1.5530000925064087,-95.5268517164968,-44.43914621423296,0.32768584875979473,-0.44531101549839053,1,320.0,227.0,224.4731482835032,-0.44531101549839053
15.723429441452026,1.5530000925064087,-95.0485899193365,-44.20443778913413,0.32764498757691446,-0.44448918167107415,1,320.0,227.0,224.9514100806635,-0.44448918167107415
15.733988046646118,1.533000111579895,-94.82402997125924,-43.66260583309979,0.32782556739399743,-0.44362127594873324,1,320.0,227.0,225.17597002874078,-0.44362127594873324
15.743630409240723,1.533000111579895,-94.59947002318198,-43.35082827736068,0.32756852738654685,-0.44353120470234775,1,320.0,227.0,225.400529976818,-0.44353120470234775
15.753700256347656,1.5200001001358032,-94.37491007510472,-42.885886650100645,0.32760833239459775,-0.442943742178751,1,320.0,228.0,225.6250899248953,-0.442943742178751
15.763181924819946,1.5200001001358032,-93.91030273173735,-42.769959197793725,0.32789648662293136,-0.44219122864739285,1,320.0,228.0,226.08969726826265,-0.44219122864739285
15.773496866226196,1.5000001192092896,-93.68409776637571,-42.21808419034913,0.32810471591467705,-0.44135836928645605,1,320.0,228.0,226.31590223362429,-0.44135836928645605
15.784101724624634,1.5000001192092896,-93.45789280101408,-41.90764877291943,0.32785714193339993,-0.4412723511333302,1,320.0,228.0,226.54210719898592,-0.4412723511333302
15.793806076049805,1.4870001077651978,-93.23168783565245,-41.43637463100691,0.3279182649476583,-0.44070914744854384,1,320.0,229.0,226.76831216434755,-0.44070914744854384
15.803247928619385,1.4870001077651978,-92.77994643484365,-41.32653278427262,0.32821106547303097,-0.44002104293146305,1,320.0,229.0,227.22005356515635,-0.44002104293146305
15.813962697982788,1.467000126838684,-92.5521957528303,-40.763780778558,0.3284468017771297,-0.4392227914517048,1,320.0,229.0,227.4478042471697,-0.4392227914517048
15.823583602905273,1.467000126838684,-92.32444507081695,-40.45472013155877,0.32820862217247804,-0.4391410431809165,1,320.0,229.0,227.67555492918305,-0.4391410431809165
15.833243131637573,1.4540001153945923,-92.0966943888036,-39.97655447603312,0.32829095307594214,-0.438601885571231,1,320.0,229.0,227.9033056111964,-0.438601885571231
15.84369707107544,1.4540001153945923,-91.75812480346396,-39.871803163578,0.3285848130918493,-0.438235371344904,1,320.0,229.0,228.24187519653606,-0.438235371344904
15.853006601333618,1.4350000619888306,-91.52961455764292,-39.310785830159034,0.3288230521269655,-0.43750102611964525,1,320.0,229.0,228.4703854423571,-0.43750102611964525
15.863533735275269,1.4350000619888306,-91.30110431182187,-39.00312553970042,0.3285938944246247,-0.4374243206821052,1,320.0,229.0,228.69889568817814,-0.4374243206821052
15.873921394348145,1.4220000505447388,-91.07259406600083,-38.51772047660553,0.3286969832584737,-0.43690598666678676,1,320.0,231.0,228.92740593399918,-0.43690598666678676
15.883323669433594,1.4220000505447388,-90.63467393998525,-38.51818777530586,0.32924203182560086,-0.43630730947351626,1,320.0,231.0,229.36532606001475,-0.43630730947351626
15.893333911895752,1.4030001163482666,-90.4047282633281,-37.94617209769311,0.3295019266773405,-0.43560546093367,1,320.0,231.0,229.59527173667192,-0.43560546093367
15.903986930847168,1.4030001163482666,-90.17478258667094,-37.64062391313189,0.3292824775670015,-0.43553308213477476,1,320.0,231.0,229.82521741332906,-0.43553308213477476
15.91311264038086,1.3900001049041748,-89.94483691001379,-37.148011779818816,0.3294034786667164,-0.435038398615213,1,320.0,231.0,230.0551630899862,-0.435038398615213
15.923656225204468,1.3900001049041748,-89.61943535999588,-37.243125272940944,0.3301551123814614,-0.4347376241909864,1,320.0,231.0,230.38056464000414,-0.4347376241909864
15.933635711669922,1.371000051498413,-89.38883531863557,-36.6596975007389,0.33043262652044025,-0.434063434013334,1,320.0,231.0,230.61116468136441,-0.434063434013334
15.943636417388916,1.371000051498413,-89.15823527727527,-36.3568959136426,0.33022342166635604,-0.43399631871834954,1,320.0,231.0,230.84176472272475,-0.43399631871834954
15.953874826431274,1.3580000400543213,-88.92763523591496,-35.85695856211821,0.33035972679800296,-0.43352224804171313,1,320.0,232.0,231.07236476408502,-0.43352224804171313
15.963298797607422,1.3580000400543213,-88.60332371142837,-36.03695100153112,0.3312781791408991,-0.43323908812147377,1,320.0,232.0,231.39667628857163,-0.43323908812147377
15.973531007766724,1.3390001058578491,-88.372081219726,-35.44151897288755,0.3315696549990147,-0.4325925744796237,1,320.0,232.0,231.627918780274,-0.4325925744796237
15.983968496322632,1.3390001058578491,-88.14083872802362,-35.142027238299534,0.33137109444284923,-0.4325307732626986,1,320.0,232.0,231.85916127197638,-0.4325307732626986
15.993736982345581,1.3260000944137573,-87.90959623632125,-34.634492083092354,0.3315203243328517,-0.4320773381845411,1,320.0,233.0,232.09040376367875,-0.4320773381845411
16.003247261047363,1.3260000944137573,-87.58646977268357,-34.99136180457084,0.3327968452055019,-0.4318117284721352,1,320.0,233.0,232.41353022731641,-0.4318117284721352
16.013859510421753,1.3070000410079956,-87.35459732014476,-34.383823007915154,0.333094513827104,-0.4311928889314955,1,320.0,233.0,232.64540267985524,-0.4311928889314955
16.023714065551758,1.3070000410079956,-87.12272486760595,-34.0888313183639,0.3329075887685166,-0.4311364519400895,1,320.0,233.0,232.87727513239406,-0.4311364519400895
16.03401255607605,1.2950000762939453,-86.89085241506714,-33.59105112747443,0.3330381477488978,-0.4307325952892066,1,320.0,234.0,233.10914758493286,-0.4307325952892066
16.04354953765869,1.2950000762939453,-86.56899349465033,-33.90472432356972,0.3341678128654885,-0.4304839448489979,1,320.0,234.0,233.43100650534967,-0.4304839448489979
16.05366802215576,1.2760000228881836,-86.33650405568437,-33.28390327016526,0.33447318136387644,-0.4298925502345983,1,320.0,234.0,233.66349594431563,-0.4298925502345983
16.063182830810547,1.2760000228881836,-86.10401461671842,-32.99308485224007,0.3342969958921886,-0.4298412944465646,1,320.0,234.0,233.89598538328158,-0.4298412944465646
16.073278188705444,1.2640000581741333,-85.87152517775246,-32.48799249693536,0.3344363741263879,-0.4294567009182929,1,320.0,235.0,234.12847482224754,-0.4294567009182929
16.083622455596924,1.2640000581741333,-85.55100472285228,-32.862258465125606,0.3356426322038028,-0.42922486026333784,1,320.0,235.0,234.44899527714773,-0.42922486026333784
16.093762397766113,1.246000051498413,-85.31791167390166,-32.245709644412585,0.3359276962620397,-0.42868795015749545,1,320.0,235.0,234.68208832609832,-0.42868795015749545
16.103334188461304,1.246000051498413,-85.08481862495104,-31.959451568905838,0.3357620869003232,-0.4286416899589118,1,320.0,235.0,234.91518137504897,-0.4286416899589118
16.11310338973999,1.2340000867843628,-84.85172557600042,-31.446849753487893,0.33590826680814184,-0.4282761394985409,1,320.0,236.0,235.14827442399957,-0.4282761394985409
16.123688459396362,1.2340000867843628,-84.53260387823664,-31.975600075192705,0.33736984086926447,-0.42806045501590945,1,320.0,236.0,235.46739612176336,-0.42806045501590945
16.133790969848633,1.215000033378601,-84.29892092181029,-31.326020355801024,0.3376780260344995,-0.42752369325046197,1,320.0,236.0,235.7010790781897,-0.42752369325046197
16.143474578857422,1.215000033378601,-84.06523796538394,-31.045350878429108,0.3375239153751279,-0.4274827077857652,1,320.0,236.0,235.93476203461606,-0.4274827077857652
16.15335202217102,1.2030000686645508,-83.8315550089576,-30.5247617398752,0.3376731911587053,-0.4271364429024501,1,320.0,237.0,236.1684449910424,-0.4271364429024501
16.16399621963501,1.2030000686645508,-83.51388259884503,-30.989719656811307,0.3389451611348222,-0.4269371670580806,1,320.0,237.0,236.48611740115496,-0.4269371670580806
16.17346715927124,1.1850000619888306,-83.27962369401322,-30.3437494710089,0.33923037633017183,-0.42645253414770073,1,320.0,237.0,236.72037630598678,-0.42645253414770073
16.183944702148438,1.1850000619888306,-83.04536478918142,-30.06819305116943,0.3390867224550771,-0.42641663483055336,1,320.0,237.0,236.9546352108186,-0.42641663483055336
16.19345259666443,1.1730000972747803,-82.81110588434962,-29.53838176662734,0.33924031655476455,-0.4260894284244884,1,320.0,238.0,237.18889411565038,-0.4260894284244884
16.204001665115356,1.1730000972747803,-82.49492434439767,-30.044973282275933,0.3405287614303238,-0.42590585837341904,1,320.0,238.0,237.50507565560233,-0.42590585837341904
16.213561296463013,1.156000018119812,-82.26010364332943,-29.492448755047754,0.34084810152050377,-0.42547077852733683,1,320.0,238.0,237.73989635667056,-0.42547077852733683
16.224060535430908,1.156000018119812,-82.02528294226119,-29.222256027011483,0.34071468847005665,-0.42543977406759453,1,320.0,238.0,237.97471705773881,-0.42543977406759453
16.233890295028687,1.1440000534057617,-81.79046224119294,-28.95206329897521,0.3410440221931379,-0.42513139474769734,1,320.0,238.0,238.20953775880707,-0.42513139474769734
16.243183374404907,1.1440000534057617,-81.57680482410233,-29.49471103848711,0.3423352004399333,-0.42513953130927423,1,320.0,238.0,238.42319517589766,-0.42513953130927423
16.253833055496216,1.1260000467300415,-81.34212925806774,-29.23009266406939,0.3428732725950965,-0.42470229499525225,1,320.0,238.0,238.65787074193224,-0.42470229499525225
16.263400316238403,1.1260000467300415,-81.10745369203316,-28.965474289651667,0.34275106969177976,-0.4246770492604863,1,320.0,238.0,238.89254630796682,-0.4246770492604863
16.274112939834595,1.1150000095367432,-80.87277812599858,-28.700855915233944,0.3430404623685107,-0.42440720793374453,1,320.0,239.0,239.1272218740014,-0.42440720793374453
16.28346824645996,1.1150000095367432,-80.65095182906673,-29.274441949487972,0.3443209556857638,-0.4244053098164875,1,320.0,239.0,239.34904817093326,-0.4244053098164875
16.292952060699463,1.097000002861023,-80.41636438419974,-29.015572038316343,0.34484790858790054,-0.42398981187989215,1,320.0,239.0,239.58363561580026,-0.42398981187989215
16.303316116333008,1.097000002861023,-80.18177693933275,-28.756702127144713,0.3447364983033812,-0.4239700358400444,1,320.0,239.0,239.81822306066726,-0.4239700358400444
16.313655853271484,1.0860000848770142,-79.94718949446576,-28.497832215973084,0.3450231128447512,-0.42371560605494196,1,320.0,240.0,240.05281050553424,-0.42371560605494196
16.323288917541504,1.0860000848770142,-79.71793581620918,-29.097666045350472,0.34628102985518305,-0.4237061992941523,1,320.0,240.0,240.28206418379082,-0.4237061992941523
16.33332872390747,1.069000005722046,-79.48338495161268,-28.844685333574553,0.3467608612619572,-0.4233335995253376,1,320.0,240.0,240.51661504838734,-0.4233335995253376
16.343658685684204,1.069000005722046,-79.24883408701618,-28.591704621798634,0.34665980279244185,-0.4233190133331707,1,320.0,240.0,240.75116591298382,-0.4233190133331707
16.353492736816406,1.069000005722046,-79.01428322241968,-28.338723910022715,0.34655836485185887,-0.42330407531470676,1,320.0,241.0,240.9857167775803,-0.42330407531470676
16.364017486572266,1.0570000410079956,-78.77828978460872,-28.960512527141383,0.34820245062680755,-0.4230448986057158,1,320.0,241.0,241.22171021539128,-0.4230448986057158
16.374306201934814,1.040000081062317,-78.54372902627323,-28.713531330214423,0.34866949111824724,-0.4226937044739455,1,320.0,241.0,241.45627097372676,-0.4226937044739455
16.383785724639893,1.040000081062317,-78.30916826793774,-28.466550133287463,0.3485788210770857,-0.4226845053978322,1,320.0,241.0,241.69083173206226,-0.4226845053978322
16.393531560897827,1.040000081062317,-78.07460750960225,-28.219568936360503,0.3484877805641289,-0.42267495448058146,1,320.0,241.0,241.92539249039777,-0.42267495448058146
16.4041907787323,1.0290000438690186,-77.93350902667684,-28.85938882632847,0.35004268322060544,-0.42258820839388983,1,320.0,241.0,242.06649097332314,-0.42258820839388983
16.413577795028687,1.0130000114440918,-77.69958928207602,-28.61848978045247,0.35046387672128754,-0.4222734991493515,1,320.0,241.0,242.30041071792397,-0.4222734991493515
16.422971725463867,1.0130000114440918,-77.4656695374752,-28.377590734576472,0.3503828618940981,-0.4222696968220005,1,320.0,241.0,242.5343304625248,-0.4222696968220005
16.43373417854309,1.0130000114440918,-77.23174979287437,-28.136691688700473,0.3503014857183399,-0.4222655436150326,1,320.0,242.0,242.76825020712562,-0.4222655436150326
16.44331693649292,1.002000093460083,-77.07542122645394,-28.79096263831717,0.35179660881499975,-0.4221631987548463,1,320.0,242.0,242.92457877354605,-0.4221631987548463
16.453447103500366,0.9850000739097595,-76.84203365207314,-28.5562032441985,0.3522338664410533,-0.42184688347862,1,320.0,242.0,243.15796634792684,-0.42184688347862
16.463881254196167,0.9850000739097595,-76.60864607769234,-28.32144385007983,0.35216249028332985,-0.4218486034569122,1,320.0,242.0,243.39135392230764,-0.4218486034569122
16.474012851715088,0.9740000367164612,-76.37525850331154,-28.086684455961162,0.35224378006875623,-0.4217598301968302,1,320.0,243.0,243.62474149668844,-0.4217598301968302
16.483407020568848,0.9740000367164612,-76.20496807641287,-28.651147845348078,0.35321549867084784,-0.42184433028348806,1,320.0,243.0,243.79503192358715,-0.42184433028348806
16.493682384490967,0.9580000638961792,-75.97201326902753,-28.421870113341228,0.35314807816465454,-0.42184646999584663,1,320.0,243.0,244.0279867309725,-0.42184646999584663
16.503047704696655,0.9580000638961792,-75.73905846164219,-28.19259238133438,0.35308031374186327,-0.4218482602759941,1,320.0,243.0,244.26094153835783,-0.4218482602759941
16.51431703567505,0.9580000638961792,-75.50610365425685,-27.96331464932753,0.3530122054024739,-0.4218497011239305,1,320.0,243.0,244.49389634574317,-0.4218497011239305
16.524049520492554,0.9470000267028809,-75.42402821907096,-28.44472254895763,0.3538708843783123,-0.4220476235602608,1,320.0,243.0,244.57597178092902,-0.4220476235602608
16.533401250839233,0.9470000267028809,-75.19210826670971,-28.22031928445238,0.3538055012902765,-0.4220490901455275,1,320.0,243.0,244.8078917332903,-0.4220490901455275
16.54384207725525,0.9310000538825989,-74.96018831434846,-27.99591601994713,0.35373978159734387,-0.42205020885086564,1,320.0,243.0,245.03981168565156,-0.42205020885086564
16.553701639175415,0.9310000538825989,-74.7282683619872,-27.771512755441883,0.3536737252995145,-0.4220509796762752,1,320.0,245.0,245.2717316380128,-0.4220509796762752
16.56312084197998,0.9200000166893005,-74.52379256506052,-28.277167017352,0.35455974147729274,-0.4220872053659194,1,320.0,245.0,245.47620743493948,-0.4220872053659194
16.57388401031494,0.9050000309944153,-74.29206084922694,-28.057771139359545,0.35449651811256544,-0.4220874122335932,1,320.0,245.0,245.70793915077306,-0.4220874122335932
16.583317041397095,0.9050000309944153,-74.06032913339337,-27.83837526136709,0.35443296565402105,-0.42208727150369313,1,320.0,245.0,245.93967086660663,-0.42208727150369313
16.59415912628174,0.9050000309944153,-73.82859741755979,-27.618979383374636,0.3543690841016598,-0.42208678317621934,1,320.0,245.0,246.1714025824402,-0.42208678317621934
16.60354447364807,0.8940000534057617,-73.71517428602131,-28.14504720240317,0.35527738604895587,-0.4222402895599963,1,320.0,245.0,246.2848257139787,-0.4222402895599963
16.613914251327515,0.8940000534057617,-73.48425404290012,-27.930764422938708,0.3552164264614473,-0.42223967422436254,1,320.0,245.0,246.51574595709988,-0.42223967422436254
16.623326063156128,0.8790000677108765,-73.25333379977893,-27.716481643474246,0.35515514544976956,-0.42223871250836403,1,320.0,245.0,246.74666620022106,-0.42223871250836403
16.63418483734131,0.8790000677108765,-73.02241355665774,-27.502198864009785,0.35509354301392265,-0.42223740441200086,1,320.0,246.0,246.97758644334226,-0.42223740441200086
16.6437566280365,0.8680000305175781,-72.89022709404107,-27.944177712856572,0.35588776471962486,-0.4223645560161391,1,320.0,246.0,247.10977290595895,-0.4223645560161391
16.65314483642578,0.8680000305175781,-72.65998406563283,-27.7343962299895,0.35582867120219364,-0.42236302933860154,1,320.0,246.0,247.34001593436716,-0.42236302933860154
16.663663387298584,0.8530000448226929,-72.42974103722459,-27.524614747122428,0.3557692630125381,-0.42236115729652146,1,320.0,246.0,247.57025896277543,-0.42236115729652146
16.673628091812134,0.8530000448226929,-72.19949800881635,-27.314833264255356,0.35570954015065825,-0.4223589398898987,1,320.0,247.0,247.80050199118364,-0.4223589398898987
16.68316674232483,0.843000054359436,-72.05010378103749,-27.67924012448458,0.3563985796112755,-0.4224618511802159,1,320.0,247.0,247.94989621896252,-0.4224618511802159
16.693801641464233,0.843000054359436,-71.82041529732908,-27.473397019180176,0.35634098501625816,-0.42245933133098185,1,320.0,247.0,248.17958470267092,-0.42245933133098185
16.703206539154053,0.8280000686645508,-71.59072681362066,-27.267553913875773,0.3562830816565829,-0.4224564669490222,1,320.0,247.0,248.40927318637932,-0.4224564669490222
16.714818477630615,0.8280000686645508,-71.36103832991225,-27.06171080857137,0.35622486953224963,-0.4224532580343371,1,320.0,248.0,248.63896167008775,-0.4224532580343371
16.72370219230652,0.8180000185966492,-71.1958835451884,-27.354623862043432,0.3568170197403398,-0.4225338944500049,1,320.0,248.0,248.8041164548116,-0.4225338944500049
16.73311161994934,0.8180000185966492,-70.96663770220513,-27.152201756794284,0.3567605854324555,-0.4225303064019263,1,320.0,248.0,249.03336229779487,-0.4225303064019263
16.74348545074463,0.8030000329017639,-70.73739185922187,-26.949779651545136,0.3567038474914132,-0.4225263744850832,1,320.0,248.0,249.26260814077813,-0.4225263744850832
16.753131866455078,0.8030000329017639,-70.50814601623861,-26.747357546295987,0.35664680591721304,-0.42252209869947555,1,320.0,249.0,249.4918539837614,-0.42252209869947555
16.763858318328857,0.7930000424385071,-70.32857639128129,-26.97444338586621,0.3571093308971547,-0.42247679328734977,1,320.0,249.0,249.67142360871873,-0.42247679328734977
16.773322105407715,0.7930000424385071,-70.0996712816968,-26.774967312091626,0.3570135823817429,-0.42236691883474925,1,320.0,249.0,249.9003287183032,-0.42236691883474925
16.783674240112305,0.7780000567436218,-69.87076617211231,-26.575491238317042,0.3569178338663311,-0.42225704438214867,1,320.0,249.0,250.12923382788767,-0.42225704438214867
16.793248414993286,0.7780000567436218,-69.64186106252782,-26.37601516454246,0.3568220853509193,-0.42214716992954815,1,320.0,250.0,250.35813893747218,-0.42214716992954815
16.803651571273804,0.7680000066757202,-69.44912727832711,-26.542554402016727,0.3572032884697713,-0.42208443004270224,1,320.0,250.0,250.55087272167287,-0.42208443004270224
16.813122987747192,0.7680000066757202,-69.22047027148905,-26.345588863949345,0.357108745011499,-0.42197467467941996,1,320.0,250.0,250.77952972851097,-0.42197467467941996
16.823580980300903,0.753000020980835,-68.99181326465099,-26.148623325881964,0.3570142015532266,-0.42186491931613773,1,320.0,250.0,251.008186735349,-0.42186491931613773
16.833109140396118,0.753000020980835,-68.76315625781292,-25.951657787814582,0.3569196580949543,-0.42175516395285545,1,320.0,252.0,251.2368437421871,-0.42175516395285545
16.84341788291931,0.7430000305175781,-68.45742188600603,-25.961571009704095,0.35709469694243856,-0.42154496959924725,1,320.0,252.0,251.54257811399395,-0.42154496959924725
16.85413098335266,0.7430000305175781,-68.2282361970418,-25.766024475811527,0.35700083460617016,-0.42143496046854445,1,320.0,252.0,251.77176380295822,-0.42143496046854445
16.8634512424469,0.7290000319480896,-67.99905050807756,-25.57047794191896,0.3569069722699017,-0.42132495133784165,1,320.0,252.0,252.00094949192243,-0.42132495133784165
16.874067306518555,0.7290000319480896,-67.76986481911332,-25.37493140802639,0.3568131099336333,-0.4212149422071388,1,320.0,253.0,252.2301351808867,-0.4212149422071388
16.88344383239746,0.7190000414848328,-67.46292413140729,-25.242515707464307,0.3568015129952206,-0.4210036110192205,1,320.0,253.0,252.5370758685927,-0.4210036110192205
16.893935441970825,0.7190000414848328,-67.23320511196123,-25.04740219522055,0.3567078585093436,-0.4208933458898864,1,320.0,253.0,252.76679488803876,-0.4208933458898864
16.903257846832275,0.7050000429153442,-67.00348609251516,-24.85228868297679,0.3566142040234666,-0.4207830807605523,1,320.0,253.0,252.99651390748483,-0.4207830807605523
16.91406273841858,0.7050000429153442,-66.7737670730691,-24.657175170733034,0.3565205495375896,-0.42067281563121817,1,320.0,254.0,253.2262329269309,-0.42067281563121817
16.92368459701538,0.6950000524520874,-66.46589886261361,-24.496686397635756,0.35647201433880565,-0.4204607147661598,1,320.0,254.0,253.5341011373864,-0.4204607147661598
16.933135986328125,0.6950000524520874,-66.23564380880055,-24.301810380494523,0.35637847385057786,-0.42035019234032955,1,320.0,254.0,253.76435619119945,-0.42035019234032955
16.943543195724487,0.6810000538825989,-66.00538875498748,-24.10693436335329,0.35628493336235006,-0.42023966991449924,1,320.0,254.0,253.99461124501252,-0.42023966991449924
16.953195571899414,0.6810000538825989,-65.77513370117441,-23.912058346212056,0.35619139287412227,-0.420129147488669,1,320.0,255.0,254.2248662988256,-0.420129147488669
16.963610649108887,0.6710000038146973,-65.46659136869032,-23.625065877668995,0.3559778160256362,-0.4199166094093568,1,320.0,255.0,254.53340863130967,-0.4199166094093568
16.973042249679565,0.6710000038146973,-65.23579933354625,-23.42955802333121,0.35588397225555407,-0.41980582923248766,1,320.0,255.0,254.76420066645375,-0.41980582923248766
16.98330545425415,0.6570000052452087,-65.00500729840219,-23.234050168993427,0.355790128485472,-0.4196950490556185,1,320.0,255.0,254.99499270159782,-0.4196950490556185
16.99382710456848,0.6570000052452087,-64.77421526325813,-23.038542314655643,0.35569628471538983,-0.41958426887874933,1,320.0,257.0,255.22578473674187,-0.41958426887874933
17.003315210342407,0.6480000019073486,-64.36423017807279,-22.53614629611463,0.3552025371349162,-0.4192399834974901,1,320.0,257.0,255.63576982192723,-0.4192399834974901
17.013864517211914,0.6480000019073486,-64.13220903842564,-22.338533462680402,0.3551076829748678,-0.4191286133504595,1,320.0,257.0,255.86779096157437,-0.4191286133504595
17.023462772369385,0.6340000033378601,-63.90018789877849,-22.140920629246175,0.3550128288148193,-0.4190172432034288,1,320.0,257.0,256.0998121012215,-0.4190172432034288
17.03412103652954,0.6340000033378601,-63.66816675913134,-21.943307795811947,0.35491797465477093,-0.4189058730563982,1,320.0,259.0,256.33183324086866,-0.4189058730563982
17.043673276901245,0.625,-63.16666469320532,-21.347426663073946,0.3543041402460729,-0.41844334446072623,1,320.0,259.0,256.83333530679465,-0.41844334446072623
17.053154468536377,0.625,-62.93279515685794,-21.14708206743152,0.35420797484016453,-0.4183310870832795,1,320.0,259.0,257.06720484314206,-0.4183310870832795
17.063861846923828,0.6110000014305115,-62.698925620510565,-20.946737471789092,0.35411180943425613,-0.41821882970583274,1,320.0,259.0,257.3010743794894,-0.41821882970583274
17.073671340942383,0.6110000014305115,-62.46505608416319,-20.746392876146665,0.3540156440283478,-0.418106572328386,1,320.0,262.0,257.53494391583683,-0.418106572328386
17.083019018173218,0.6020000576972961,-61.7802222791548,-19.965670831266443,0.35316319407384095,-0.41740666753492367,1,320.0,262.0,258.2197777208452,-0.41740666753492367
17.093466997146606,0.6020000576972961,-61.543259538081934,-19.761345374182646,0.3530651178544407,-0.4172929254192087,1,320.0,262.0,258.45674046191806,-0.4172929254192087
17.104904174804688,0.5879999995231628,-61.30629679700907,-19.55701991709885,0.3529670416350405,-0.4171791833034937,1,320.0,262.0,258.69370320299095,-0.4171791833034937
17.113731622695923,0.5879999995231628,-61.0693340559362,-19.35269446001505,0.3528689654156403,-0.4170654411877787,1,320.0,262.0,258.9306659440638,-0.4170654411877787
17.123191118240356,0.5790000557899475,-60.83237131486334,-19.148369002931254,0.35277088919624006,-0.41695169907206375,1,320.0,264.0,259.16762868513666,-0.41695169907206375
17.133642196655273,0.5790000557899475,-60.095982792407604,-18.101909262050192,0.35157573146627397,-0.41618733531417496,1,320.0,264.0,259.9040172075924,-0.41618733531417496
17.14302158355713,0.5660000443458557,-59.85559590744216,-17.8918099961802,0.3514748838186564,-0.41607194960939153,1,320.0,264.0,260.14440409255786,-0.41607194960939153
17.153796911239624,0.5660000443458557,-59.61520902247671,-17.681710730310208,0.3513740361710388,-0.4159565639046081,1,320.0,266.0,260.38479097752327,-0.4159565639046081
17.163333892822266,0.5570000410079956,-58.809629348895804,-16.4971093462949,0.35000378670492877,-0.41510494916521495,1,320.0,266.0,261.1903706511042,-0.41510494916521495
17.173893928527832,0.5570000410079956,-58.56536799312973,-16.280329740410053,0.34989973249410405,-0.41498770371444726,1,320.0,266.0,261.4346320068703,-0.41498770371444726
17.183268785476685,0.5440000295639038,-58.32110663736366,-16.063550134525208,0.34979567828327934,-0.4148704582636795,1,320.0,266.0,261.67889336263636,-0.4148704582636795
17.19450283050537,0.5440000295639038,-58.07684528159759,-15.846770528640363,0.3496916240724546,-0.41475321281291183,1,320.0,266.0,261.92315471840243,-0.41475321281291183
17.204105138778687,0.5350000262260437,-57.83258392583152,-15.629990922755518,0.34958756986162987,-0.41463596736214414,1,320.0,269.0,262.1674160741685,-0.41463596736214414
17.213845252990723,0.5350000262260437,-56.884227450918814,-14.21474527044954,0.3479226210390238,-0.4136017011238961,1,320.0,269.0,263.11577254908116,-0.4136017011238961
17.223198652267456,0.5230000019073486,-56.63514063573366,-13.989752073652198,0.3478146243045611,-0.41348213945260726,1,320.0,269.0,263.36485936426635,-0.41348213945260726
17.233842849731445,0.5230000019073486,-56.38605382054851,-13.764758876854856,0.3477066275700984,-0.41336257778131835,1,320.0,273.0,263.6139461794515,-0.41336257778131835
17.243330478668213,0.5139999985694885,-55.19461755706798,-12.057400178236286,0.34566805922420923,-0.4120157391053452,1,320.0,273.0,264.805382442932,-0.4120157391053452
17.253928899765015,0.5139999985694885,-54.93907283130364,-11.822248346684347,0.3455551863450643,-0.41189307763697836,1,320.0,273.0,265.06092716869637,-0.41189307763697836
17.263250589370728,0.5020000338554382,-54.6835281055393,-11.587096515132409,0.34544231346591936,-0.4117704161686115,1,320.0,273.0,265.3164718944607,-0.4117704161686115
17.27429485321045,0.5020000338554382,-54.427983379774965,-11.35194468358047,0.34532944058677445,-0.4116477547002446,1,320.0,273.0,265.57201662022504,-0.4116477547002446
17.283796548843384,0.4930000305175781,-54.17243865401063,-11.116792852028532,0.34521656770762954,-0.4115250932318777,1,320.0,276.0,265.82756134598935,-0.4115250932318777
17.29326367378235,0.4930000305175781,-52.87088370176034,-9.121557624858916,0.3428116240896446,-0.4100402636761206,1,320.0,276.0,267.12911629823964,-0.4100402636761206
17.30309510231018,0.48100003600120544,-52.6081716161737,-8.874345537399112,0.3426929622876639,-0.40991416187503904,1,320.0,276.0,267.3918283838263,-0.40991416187503904
17.314361095428467,0.48100003600120544,-52.34545953058706,-8.627133449939308,0.34257430048568316,-0.4097880600739574,1,320.0,276.0,267.65454046941295,-0.4097880600739574
17.32308030128479,0.47300001978874207,-52.082747445000415,-8.379921362479504,0.3424556386837025,-0.4096619582728758,1,320.0,280.0,267.9172525549996,-0.4096619582728758
17.333388566970825,0.47300001978874207,-50.58089661384939,-6.042658952710525,0.3396158057072904,-0.4079225419024946,1,320.0,280.0,269.4191033861506,-0.4079225419024946
17.34357190132141,0.4610000252723694,-50.309696795167504,-5.781130640086364,0.3394902721172308,-0.4077923659895273,1,320.0,280.0,269.6903032048325,-0.4077923659895273
17.354554414749146,0.4610000252723694,-50.03849697648562,-5.519602327462202,0.3393647385271712,-0.40766219007655996,1,320.0,280.0,269.9615030235144,-0.40766219007655996
17.36328911781311,0.453000009059906,-49.76729715780373,-5.258074014838041,0.33923920493711157,-0.40753201416359264,1,320.0,284.0,270.23270284219626,-0.40753201416359264
17.373988389968872,0.453000009059906,-48.0874308040147,-2.51446540139861,0.33588259258949793,-0.40556808915049875,1,320.0,284.0,271.91256919598527,-0.40556808915049875
17.383738040924072,0.4410000145435333,-47.80658440897219,-2.235939753664759,0.33574890027858567,-0.4054332828808783,1,320.0,284.0,272.1934155910278,-0.4054332828808783
17.394217252731323,0.4410000145435333,-47.52573801392968,-1.9574141059309085,0.33561520796767347,-0.40529847661125795,1,320.0,284.0,272.4742619860703,-0.40529847661125795
17.403108596801758,0.43300002813339233,-47.24489161888717,-1.6788884581970578,0.3354815156567612,-0.4051636703416375,1,320.0,289.0,272.75510838111285,-0.4051636703416375
17.413722038269043,0.43300002813339233,-45.30513902591672,1.426167565502734,0.3316687286428219,-0.40286958318916805,1,320.0,289.0,274.69486097408327,-0.40286958318916805
17.422987937927246,0.42100003361701965,-45.012934248308845,1.724046214257946,0.3315257468914194,-0.4027293248959163,1,320.0,289.0,274.98706575169115,-0.4027293248959163
17.434494256973267,0.42100003361701965,-44.72072947070097,2.021924863013158,0.33138276514001686,-0.4025890666026645,1,320.0,289.0,275.279270529299,-0.4025890666026645
17.4433753490448,0.4130000174045563,-44.42852469309309,2.31980351176837,0.3312397833886144,-0.4024488083094127,1,320.0,295.0,275.5714753069069,-0.4024488083094127
17.454131603240967,0.4130000174045563,-42.15565174506595,5.847364177458996,0.32689320325560073,-0.39973060783113323,1,320.0,295.0,277.84434825493406,-0.39973060783113323
17.46322512626648,0.4020000100135803,-41.84988678859786,6.167354084659895,0.3267396081001443,-0.39958384065202857,1,320.0,295.0,278.15011321140213,-0.39958384065202857
17.47442317008972,0.4020000100135803,-41.54412183212976,6.487343991860794,0.32658601294468786,-0.3994370734729239,1,320.0,295.0,278.45587816787025,-0.3994370734729239
17.483629941940308,0.39400002360343933,-41.238356875661665,6.8073338990616925,0.32643241778923143,-0.3992903062938192,1,320.0,301.0,278.7616431243383,-0.3992903062938192
17.492966890335083,0.39400002360343933,-38.668748022351664,10.811703309710424,0.32148353410640784,-0.3961971041299044,1,320.0,301.0,281.3312519776483,-0.3961971041299044
17.50376296043396,0.3830000162124634,-38.347484816597515,11.15691643662559,0.32131783180548856,-0.3960428977911424,1,320.0,301.0,281.6525151834025,-0.3960428977911424
17.513243436813354,0.3830000162124634,-38.026221610843365,11.502129563540755,0.3211521295045693,-0.39588869145238037,1,320.0,301.0,281.9737783891566,-0.39588869145238037
17.523972988128662,0.3750000298023224,-37.704958405089215,11.847342690455921,0.32098642720365,-0.39573448511361836,1,320.0,308.0,282.2950415949108,-0.39573448511361836
17.53341054916382,0.3750000298023224,-34.770190359981086,16.478350493012808,0.315242675913553,-0.3921787490398402,1,320.0,308.0,285.2298096400189,-0.3921787490398402
17.543052911758423,0.36400002241134644,-34.43103509245922,16.85290418280189,0.31506289014245425,-0.3920159545114297,1,320.0,308.0,285.56896490754076,-0.3920159545114297
17.554975032806396,0.36400002241134644,-34.09187982493735,17.22745787259097,0.31488310437135547,-0.3918531599830192,1,320.0,308.0,285.90812017506266,-0.3918531599830192
17.56395125389099,0.3570000231266022,-33.75272455741548,17.60201156238005,0.3147033186002567,-0.39169036545460867,1,320.0,316.0,286.2472754425845,-0.39169036545460867
17.5734224319458,0.3570000231266022,-30.3917108820318,22.89214426079372,0.30812566549284937,-0.38759447389557633,1,320.0,316.0,289.6082891179682,-0.38759447389557633
17.58299970626831,0.3460000157356262,-30.031867239552863,23.300351195684208,0.30792972616410197,-0.38742174894718645,1,320.0,316.0,289.96813276044713,-0.38742174894718645
17.593876361846924,0.3460000157356262,-29.672023597073927,23.708558130574694,0.3077337868353545,-0.3872490239987965,1,320.0,316.0,290.3279764029261,-0.3872490239987965
17.603208541870117,0.33800002932548523,-29.312179954594992,24.11676506546518,0.30753784750660706,-0.38707629905040664,1,320.0,325.0,290.68782004540503,-0.38707629905040664
17.613653659820557,0.33800002932548523,-25.47053311072945,30.195682125925714,0.29996092181081146,-0.38237166515355925,1,320.0,325.0,294.52946688927057,-0.38237166515355925
17.623135089874268,0.3270000219345093,-25.08685077315225,30.642714440039324,0.29974634630003694,-0.3821874976315222,1,320.0,325.0,294.91314922684774,-0.3821874976315222
17.633928298950195,0.3270000219345093,-24.70316843557505,31.089746754152934,0.2995317707892624,-0.3820033301094852,1,320.0,325.0,295.29683156442496,-0.3820033301094852
17.64332127571106,0.320000022649765,-24.319486097997853,31.53677906826654,0.2993171952784879,-0.3818191625874481,1,320.0,336.0,295.68051390200213,-0.3818191625874481
17.65373706817627,0.320000022649765,-19.847551780538186,38.52015189930075,0.29059451084850607,-0.3763134710346539,1,320.0,336.0,300.1524482194618,-0.3763134710346539
17.663498401641846,0.30900001525878906,-19.435876417290874,39.01193975900674,0.29035845267584726,-0.3761158668602952,1,320.0,336.0,300.5641235827091,-0.3761158668602952
17.67426371574402,0.30900001525878906,-19.024201054043562,39.50372761871272,0.29012239450318833,-0.3759182626859365,1,320.0,336.0,300.97579894595646,-0.3759182626859365
17.683974027633667,0.3020000159740448,-18.61252569079625,39.99551547841871,0.2898863363305295,-0.37572065851157777,1,320.0,349.0,301.38747430920375,-0.37572065851157777
17.69339108467102,0.3020000159740448,-13.376256634091982,48.08753369250309,0.2797567756312317,-0.3692427012859823,1,320.0,349.0,306.623743365908,-0.3692427012859823
17.70373773574829,0.29100000858306885,-12.931543370191523,48.63136648518022,0.27949573589074667,-0.36902923891931005,1,320.0,349.0,307.06845662980845,-0.36902923891931005
17.71392059326172,0.29100000858306885,-12.486830106291064,49.175199277857345,0.27923469615026164,-0.36881577655263786,1,320.0,349.0,307.51316989370895,-0.36881577655263786
17.723983764648438,0.2840000092983246,-12.042116842390605,49.71903207053448,0.2789736564097766,-0.3686023141859656,1,320.0,364.0,307.9578831576094,-0.3686023141859656
17.733444690704346,0.2840000092983246,-5.921774966442822,59.1021876222148,0.26720541928865305,-0.3610002112550028,1,320.0,364.0,314.0782250335572,-0.3610002112550028
17.743720769882202,0.27400001883506775,-5.438192212288131,59.706556435361236,0.26691532225834275,-0.36076809153300854,1,320.0,364.0,314.56180778771187,-0.36076809153300854
17.753324031829834,0.27400001883506775,-4.95460945813344,60.31092524850767,0.26662522522803245,-0.36053597181101427,1,320.0,364.0,315.04539054186654,-0.36053597181101427
17.76399564743042,0.2670000195503235,-4.471026703978749,60.91529406165411,0.26633512819772215,-0.36030385208902005,1,320.0,,315.52897329602126,-0.36030385208902005
17.773625373840332,0.2670000195503235,-3.9874439498240584,61.519662874800545,0.26604503116741185,-0.3600717323670258,1,320.0,,316.01255605017593,-0.3600717323670258
17.783759593963623,0.25600001215934753,-3.5038611956693675,62.12403168794698,0.2657549341371016,-0.3598396126450315,1,320.0,,316.49613880433066,-0.3598396126450315
17.793715000152588,0.25600001215934753,-3.0202784415146766,62.72840050109342,0.2654648371067913,-0.3596074929230373,1,320.0,,316.9797215584853,-0.3596074929230373
17.803837776184082,0.24900001287460327,-2.5366956873599857,63.332769314239854,0.265174740076481,-0.359375373201043,1,320.0,,317.46330431264,-0.359375373201043
17.813228845596313,0.24900001287460327,-2.053112933205295,63.93713812738629,0.2648846430461707,-0.3591432534790488,1,320.0,,317.9468870667947,-0.3591432534790488
17.823028326034546,0.23800000548362732,-1.569530179050604,64.54150694053273,0.2645945460158604,-0.3589111337570545,1,320.0,,318.4304698209494,-0.3589111337570545
17.833646059036255,0.23800000548362732,-1.0859474248959131,65.14587575367916,0.26430444898555017,-0.3586790140350603,1,320.0,,318.9140525751041,-0.3586790140350603
17.843939781188965,0.23100000619888306,-0.6023646707412224,65.7502445668256,0.2640143519552398,-0.35844689431306603,1,320.0,,319.3976353292588,-0.35844689431306603
17.853328704833984,0.23100000619888306,-0.11878191658653159,66.35461337997204,0.26372425492492957,-0.35821477459107176,1,320.0,,319.88121808341344,-0.35821477459107176
17.86329412460327,0.22100001573562622,0.3648008375681592,66.95898219311847,0.26343415789461927,-0.35798265486907754,1,320.0,,320.36480083756817,-0.35798265486907754
17.87390971183777,0.22100001573562622,0.8483835917228499,67.56335100626491,0.26314406086430897,-0.35775053514708327,1,320.0,,320.84838359172284,-0.35775053514708327
17.883747577667236,0.21400001645088196,1.3319663458775408,68.16771981941135,0.26285396383399867,-0.357518415425089,1,320.0,,321.33196634587756,-0.357518415425089
17.893380403518677,0.21400001645088196,1.8155491000322317,68.77208863255778,0.2625638668036884,-0.3572862957030948,1,320.0,,321.81554910003223,-0.3572862957030948
17.90361738204956,0.203000009059906,2.2991318541869226,69.37645744570422,0.26227376977337813,-0.3570541759811005,1,320.0,,322.2991318541869,-0.3570541759811005
17.913513898849487,0.203000009059906,2.7827146083416134,69.98082625885066,0.2619836727430678,-0.35682205625910624,1,320.0,,322.7827146083416,-0.35682205625910624
17.92404842376709,0.19600000977516174,3.2662973624963043,70.58519507199709,0.26169357571275753,-0.356589936537112,1,320.0,,323.2662973624963,-0.356589936537112
