time,alt,pos_x_est,pos_y_est,vel_x_cmd,vel_y_cmd,target_visible,setpoint_x,raw_x,filtered_x,cmd_y
9.023750066757202,4.521000385284424,-101.31173652915028,-100.63716935271356,0.14042981309329122,-0.1393748229821753,1,320.0,,218.68826347084973,-0.1393748229821753
9.034013271331787,4.5360002517700195,-101.36938379736544,-100.71833482123057,0.1410308033296178,-0.13995084662302032,1,320.0,,218.63061620263454,-0.13995084662302032
9.04373049736023,4.5360002517700195,-101.4270310655806,-100.78220823464147,0.14161136246688408,-0.14052715850020642,1,320.0,,218.5729689344194,-0.14052715850020642
9.053722620010376,4.559000015258789,-101.48467833379577,-100.87236705766463,0.14222391488980018,-0.1411037586137336,1,320.0,,218.51532166620422,-0.1411037586137336
9.063278198242188,4.559000015258789,-101.54232560201093,-100.93624047107554,0.14280524418824866,-0.14168064696360186,1,320.0,,218.45767439798908,-0.14168064696360186
9.074066400527954,4.574000358581543,-101.5999728702261,-101.01710952562347,0.1434073726013343,-0.14225782354981117,1,320.0,,218.4000271297739,-0.14225782354981117
9.08376169204712,4.574000358581543,-101.65762013844126,-101.08098293903437,0.14398942561212255,-0.14283528837236156,1,320.0,,218.34237986155875,-0.14283528837236156
9.093460083007812,4.594000339508057,-101.71526740665642,-101.1673377950641,0.14459888812833352,-0.14341304143125305,1,320.0,,218.28473259334356,-0.14341304143125305
9.103980302810669,4.594000339508057,-101.77291467487159,-101.231211208475,0.145181692280469,-0.14399108272648561,1,320.0,,218.22708532512843,-0.14399108272648561
9.114120483398438,4.605000019073486,-101.83056194308675,-101.30736283664586,0.14577961104845727,-0.14456941225805925,1,320.0,,218.16943805691324,-0.14456941225805925
9.123827457427979,4.605000019073486,-101.88820921130191,-101.37123625005677,0.14636311532580062,-0.14514803002597393,1,320.0,225.0,218.1117907886981,-0.14514803002597393
9.133573532104492,4.618000030517578,-101.03256438543741,-100.21374297596466,0.1429834633711798,-0.1427849585785644,1,320.0,225.0,218.9674356145626,-0.1427849585785644
9.142953395843506,4.618000030517578,-101.08407345205825,-100.26931062690693,0.14355149110544504,-0.1433521898257697,1,320.0,225.0,218.91592654794175,-0.1433521898257697
9.153757810592651,4.624000072479248,-101.13558251867909,-100.33151131925587,0.14412778949286004,-0.1439196786183081,1,320.0,225.0,218.8644174813209,-0.1439196786183081
9.163525342941284,4.624000072479248,-101.18709158529992,-100.38707897019813,0.14469640606884177,-0.14448742495617958,1,320.0,225.0,218.81290841470008,-0.14448742495617958
9.173220872879028,4.630000114440918,-100.45224302945677,-99.51950091838349,0.14228629656306072,-0.1425291549515639,1,320.0,225.0,219.54775697054322,-0.1425291549515639
9.183691024780273,4.630000114440918,-100.49848971956843,-99.56884652483177,0.1428433555234228,-0.14308714342829573,1,320.0,225.0,219.50151028043157,-0.14308714342829573
9.193114995956421,4.63100004196167,-100.54473640968008,-99.61929285669504,0.14340198758594222,-0.14364536313847814,1,320.0,225.0,219.45526359031993,-0.14364536313847814
9.203928470611572,4.63100004196167,-100.59098309979174,-99.66863846314332,0.14395954550599588,-0.14420381408211108,1,320.0,224.0,219.40901690020826,-0.14420381408211108
9.213441133499146,4.630000114440918,-100.07424201061907,-99.03148056040095,0.14231819543519209,-0.1429572066858856,1,320.0,224.0,219.92575798938094,-0.1429572066858856
9.224202394485474,4.630000114440918,-100.1167324030665,-99.07625310688152,0.1428673037565032,-0.14350877881883783,1,320.0,224.0,219.8832675969335,-0.14350877881883783
9.23362135887146,4.62600040435791,-100.15922279551391,-99.11661782270289,0.14341132450460234,-0.1440605634037523,1,320.0,224.0,219.84077720448607,-0.1440605634037523
9.243346691131592,4.62600040435791,-100.20171318796133,-99.16139036918347,0.14396085851222493,-0.14461256044062903,1,320.0,223.0,219.79828681203867,-0.14461256044062903
9.253604412078857,4.618000030517578,-99.86331107679996,-98.83001756604976,0.14332354562072488,-0.1439448330279959,1,320.0,223.0,220.13668892320004,-0.1439448330279959
9.263031005859375,4.618000030517578,-99.90326493113197,-98.87234406047843,0.14386869913434167,-0.14449229397784996,1,320.0,223.0,220.09673506886804,-0.14449229397784996
9.273271083831787,4.611000061035156,-99.94321878546398,-98.90690949277753,0.14440471220056447,-0.1450399546969757,1,320.0,223.0,220.05678121453602,-0.1450399546969757
9.283858060836792,4.611000061035156,-99.983172639796,-98.9492359872062,0.1449502501738149,-0.1455878151853731,1,320.0,221.0,220.016827360204,-0.1455878151853731
9.293617486953735,4.5970001220703125,-99.90913585071407,-98.75661164681162,0.14477507717506768,-0.14577100502010976,1,320.0,221.0,220.09086414928595,-0.14577100502010976
9.30342411994934,4.5970001220703125,-99.94833133272068,-98.7974787850786,0.14531810513491344,-0.14631778125518127,1,320.0,221.0,220.05166866727933,-0.14631778125518127
9.313914775848389,4.587000370025635,-99.9875268147273,-98.82714605511313,0.14584784158923045,-0.14686475346766287,1,320.0,221.0,220.0124731852727,-0.14686475346766287
9.324087858200073,4.587000370025635,-100.02672229673392,-98.86801319338011,0.14639122222111775,-0.14741192165755448,1,320.0,219.0,219.9732777032661,-0.14741192165755448
9.33387041091919,4.569000244140625,-100.17632086486292,-98.90702292092021,0.146969346387708,-0.14831262054245326,1,320.0,219.0,219.82367913513707,-0.14831262054245326
9.343636751174927,4.569000244140625,-100.2162506768656,-98.94801265045031,0.14751327412639637,-0.1488616175702408,1,320.0,219.0,219.7837493231344,-0.1488616175702408
9.353351354598999,4.556000232696533,-100.25618048886828,-98.97424638204366,0.1480396258362186,-0.14941081424708835,1,320.0,219.0,219.74381951113173,-0.14941081424708835
9.364871978759766,4.556000232696533,-100.29611030087096,-99.01523611157376,0.1485838896922126,-0.1499602105729959,1,320.0,,219.70388969912904,-0.1499602105729959
9.37363886833191,4.535000324249268,-100.33604011287365,-99.03220411084808,0.14909941231189602,-0.1505098065479635,1,320.0,,219.66395988712634,-0.1505098065479635
9.383760213851929,4.535000324249268,-100.37596992487633,-99.07319384037818,0.149643965956534,-0.1510596021719911,1,320.0,,219.62403007512367,-0.1510596021719911
9.393369674682617,4.519999980926514,-100.41589973687901,-99.09688304408463,0.15016787741620222,-0.15160959744507874,1,320.0,,219.584100263121,-0.15160959744507874
9.404380083084106,4.519999980926514,-100.4558295488817,-99.13787277361473,0.1507127544555064,-0.15215979236722635,1,320.0,216.0,219.5441704511183,-0.15215979236722635
9.413267135620117,4.497000217437744,-100.92477810031883,-99.61405790296647,0.15270249771558686,-0.15408179478756617,1,320.0,216.0,219.07522189968117,-0.15408179478756617
9.423284530639648,4.497000217437744,-100.96755671321523,-99.65811513521437,0.15325365696996043,-0.15463796690660794,1,320.0,216.0,219.03244328678477,-0.15463796690660794
9.433472156524658,4.4810004234313965,-101.01033532611163,-99.68338943835768,0.1537824030809242,-0.1551943529187142,1,320.0,216.0,218.98966467388837,-0.1551943529187142
9.443158864974976,4.4810004234313965,-101.05311393900803,-99.72744667060559,0.15433390899297472,-0.15575095282388488,1,320.0,,218.94688606099197,-0.15575095282388488
9.453346014022827,4.456000328063965,-101.09589255190443,-99.74187498898596,0.15484993234997607,-0.1563077666221201,1,320.0,,218.90410744809557,-0.1563077666221201
9.464133024215698,4.456000328063965,-101.13867116480083,-99.78593222123386,0.15540173068977975,-0.15686479431341976,1,320.0,,218.86132883519917,-0.15686479431341976
9.473317623138428,4.440000057220459,-101.18144977769722,-99.81084504578617,0.15593068030447144,-0.15742203589778395,1,320.0,,218.81855022230278,-0.15742203589778395
9.484306573867798,4.440000057220459,-101.22422839059362,-99.85490227803407,0.15648282349455908,-0.15797949137521258,1,320.0,212.0,218.77577160940638,-0.15797949137521258
9.493320226669312,4.414000034332275,-102.13107868192802,-100.6333118434022,0.15943926751524093,-0.16129257361816945,1,320.0,212.0,217.86892131807198,-0.16129257361816945
9.503804206848145,4.414000034332275,-102.1795713164909,-100.68243302892685,0.16000162510301513,-0.16186166263622737,1,320.0,212.0,217.8204286835091,-0.16186166263622737
9.513665199279785,4.397000312805176,-102.22806395105377,-100.7108046730313,0.16053922509930568,-0.1624309941174581,1,320.0,212.0,217.77193604894623,-0.1624309941174581
9.523376226425171,4.397000312805176,-102.27655658561665,-100.75992585855596,0.161101970151228,-0.1630005680618616,1,320.0,210.0,217.72344341438335,-0.1630005680618616
9.533520460128784,4.371000289916992,-103.27435006767993,-101.52032301287805,0.1639940380469488,-0.16659414529135125,1,320.0,210.0,216.72564993232007,-0.16659414529135125
9.544047832489014,4.371000289916992,-103.32910887991173,-101.57435083072095,0.16456674318251385,-0.16717650141042895,1,320.0,210.0,216.67089112008827,-0.16717650141042895
9.553685188293457,4.354000091552734,-103.38386769214353,-101.60720172042969,0.16511420025876647,-0.16775913132356782,1,320.0,210.0,216.61613230785647,-0.16775913132356782
9.563780546188354,4.354000091552734,-103.43862650437532,-101.66122953827258,0.16568733978786931,-0.16834203503076783,1,320.0,208.0,216.56137349562468,-0.16834203503076783
9.573391914367676,4.328000068664551,-104.51339060306927,-102.52761967634926,0.1689118351692518,-0.17217262835992858,1,320.0,208.0,215.48660939693073,-0.17217262835992858
9.584020853042603,4.328000068664551,-104.57487711349344,-102.58722145791651,0.16949629341442207,-0.17276928655800508,1,320.0,208.0,215.42512288650656,-0.17276928655800508
9.59358549118042,4.311000347137451,-104.63636362391762,-102.6252068079878,0.17005500186854755,-0.17336625218863366,1,320.0,208.0,215.36363637608238,-0.17336625218863366
9.603083610534668,4.311000347137451,-104.69785013434179,-102.68480858955505,0.17063994804937604,-0.17396352525181435,1,320.0,206.0,215.3021498656582,-0.17396352525181435
9.61410927772522,4.285000324249268,-105.83873059077399,-103.64107227457225,0.1741461748804645,-0.17799778164196375,1,320.0,206.0,214.161269409226,-0.17799778164196375
9.623743057250977,4.285000324249268,-105.90733712182976,-103.70680907296516,0.17474359308390083,-0.17860964616483982,1,320.0,206.0,214.09266287817024,-0.17860964616483982
9.634008884429932,4.26800012588501,-105.97594365288552,-103.75047485998904,0.17531474440262942,-0.17922185372037117,1,320.0,206.0,214.02405634711448,-0.17922185372037117
9.643738269805908,4.26800012588501,-106.04455018394128,-103.81621165838195,0.1759127096189928,-0.1798344043085578,1,320.0,204.0,213.95544981605872,-0.1798344043085578
9.652979850769043,4.242000102996826,-107.24280987300997,-104.73613085526759,0.17929947673346616,-0.18404570452341062,1,320.0,204.0,212.75719012699003,-0.18404570452341062
9.663803815841675,4.242000102996826,-107.31887365252776,-104.80773159840695,0.17990943628322542,-0.18467357542709462,1,320.0,204.0,212.68112634747223,-0.18467357542709462
9.673224210739136,4.2260003089904785,-107.39493743204554,-104.85812449103872,0.18049419837683875,-0.18530182664967618,1,320.0,204.0,212.60506256795446,-0.18530182664967618
9.683886766433716,4.2260003089904785,-107.47100121156332,-104.92972523417808,0.18110476789477686,-0.18593045819115533,1,320.0,202.0,212.5289987884367,-0.18593045819115533
9.693387746810913,4.201000213623047,-108.71937449687778,-105.93201534057049,0.1847490771706696,-0.19029675026437323,1,320.0,202.0,211.28062550312222,-0.19029675026437323
9.703822374343872,4.201000213623047,-108.80318710059008,-106.00998908728157,0.1853726956121593,-0.19094134132433094,1,320.0,202.0,211.1968128994099,-0.19094134132433094
9.713337898254395,4.184000015258789,-108.88699970430238,-106.06496272878228,0.18596898879560408,-0.19158635144730723,1,320.0,202.0,211.11300029569762,-0.19158635144730723
9.723933458328247,4.184000015258789,-108.97081230801469,-106.14293647549336,0.18659327197403483,-0.19223178063330207,1,320.0,200.0,211.02918769198533,-0.19223178063330207
9.733652353286743,4.160000324249268,-110.26307935292897,-107.21694353886741,0.19046174214303427,-0.19673416940487862,1,320.0,200.0,209.73692064707103,-0.19673416940487862
9.743072986602783,4.160000324249268,-110.35489313304433,-107.30172920882934,0.19109999359303273,-0.19739612040668228,1,320.0,200.0,209.64510686695567,-0.19739612040668228
9.753396987915039,4.144000053405762,-110.44670691315969,-107.36442615355885,0.19171205205747593,-0.1980585304773865,1,320.0,200.0,209.5532930868403,-0.1980585304773865
9.76447081565857,4.144000053405762,-110.53852069327505,-107.44921182352078,0.19235104092054786,-0.1987213996169913,1,320.0,198.0,209.46147930672495,-0.1987213996169913
9.77386999130249,4.12000036239624,-111.86922217856059,-108.58454725351322,0.1964137718550737,-0.20334321723663767,1,320.0,198.0,208.1307778214394,-0.20334321723663767
9.783416748046875,4.12000036239624,-111.96925472443064,-108.67652427574939,0.1970675269031358,-0.20402310256530387,1,320.0,198.0,208.03074527556936,-0.20402310256530387
9.793101072311401,4.104000091552734,-112.06928727030069,-108.7459631683261,0.1976945833900695,-0.20470348805669947,1,320.0,198.0,207.9307127296993,-0.20470348805669947
9.803831815719604,4.104000091552734,-112.16931981617074,-108.83794019056226,0.19834914551770572,-0.20538437371082438,1,320.0,198.0,207.83068018382926,-0.20538437371082438
9.813836574554443,4.080000400543213,-112.26935236204079,-108.89576606509777,0.1989630153974738,-0.20606575952767864,1,320.0,196.0,207.7306476379592,-0.20606575952767864
9.823387145996094,4.080000400543213,-113.65059927169419,-110.13367195745104,0.2032848743978138,-0.21084705682671903,1,320.0,196.0,206.3494007283058,-0.21084705682671903
9.833304643630981,4.065000057220459,-113.75915031093457,-110.21170958174119,0.20392957809487067,-0.21154611382536215,1,320.0,196.0,206.24084968906544,-0.21154611382536215
9.843794822692871,4.065000057220459,-113.86770135017495,-110.31130561587645,0.20460064986391235,-0.2122457135792015,1,320.0,194.0,206.13229864982503,-0.2122457135792015
9.853363513946533,4.0420002937316895,-115.25580851578607,-111.5434482806125,0.20896607892737462,-0.21704385931282555,1,320.0,194.0,204.74419148421393,-0.21704385931282555
9.864059686660767,4.0420002937316895,-115.37288001533416,-111.650808116829,0.20965316477141854,-0.21776120951235992,1,320.0,194.0,204.62711998466585,-0.21776120951235992
9.873546361923218,4.027000427246094,-115.48995151488225,-111.7361852906455,0.2103142983064516,-0.21847914506939203,1,320.0,194.0,204.51004848511775,-0.21847914506939203
9.883748054504395,4.027000427246094,-115.60702301443034,-111.843545126862,0.21100234783554572,-0.21919766598392193,1,320.0,194.0,204.39297698556965,-0.21919766598392193
9.893459558486938,4.004000186920166,-115.72409451397843,-111.9168643451912,0.2116499152192667,-0.2199167722559495,1,320.0,192.0,204.27590548602157,-0.2199167722559495
9.90400505065918,4.004000186920166,-117.15479931946965,-113.23983989715036,0.21623840009372933,-0.22485042310046055,1,320.0,192.0,202.84520068053035,-0.22485042310046055
9.913548707962036,3.9900002479553223,-117.28064092262214,-113.33439521207902,0.2169185384477041,-0.22558783622885664,1,320.0,192.0,202.71935907737787,-0.22558783622885664
9.923253297805786,3.9900002479553223,-117.40648252577463,-113.44987076500428,0.2176243584650394,-0.22632587856526853,1,320.0,192.0,202.59351747422537,-0.22632587856526853
9.933476686477661,3.9680001735687256,-117.53232412892713,-113.53216061138417,0.21829076708375222,-0.22706455010969614,1,320.0,189.0,202.46767587107286,-0.22706455010969614
9.942904472351074,3.9680001735687256,-119.08542743924855,-114.886561436135,0.22297639204560143,-0.23238751059815516,1,320.0,189.0,200.91457256075145,-0.23238751059815516
9.953675985336304,3.953000068664551,-119.22081507366397,-114.98747593951767,0.22367242682935823,-0.23314607983482194,1,320.0,189.0,200.77918492633603,-0.23314607983482194
9.963597774505615,3.953000068664551,-119.3562027080794,-115.11123786299282,0.22439649732684336,-0.23390532600966085,1,320.0,187.0,200.6437972919206,-0.23390532600966085
9.973551034927368,3.931000232696533,-120.89384925195708,-116.54636014684851,0.22940513943208418,-0.23917342308659803,1,320.0,187.0,199.10615074804292,-0.23917342308659803
9.983123064041138,3.931000232696533,-121.03863172629926,-116.6791346155366,0.23014786446758756,-0.23995235521444014,1,320.0,187.0,198.96136827370074,-0.23995235521444014
9.993729829788208,3.9170002937316895,-121.18341420064144,-116.79016950995799,0.23086505718844302,-0.240732011254654,1,320.0,187.0,198.81658579935856,-0.240732011254654
10.003794431686401,3.9170002937316895,-121.32819667498362,-116.92294397864607,0.23160900127076195,-0.2415123912072395,1,320.0,187.0,198.67180332501638,-0.2415123912072395
10.013272285461426,3.8950002193450928,-121.4729791493258,-117.02122671800066,0.23231204669157746,-0.24229349507219675,1,320.0,184.0,198.5270208506742,-0.24229349507219675
10.02383804321289,3.8950002193450928,-123.13937715394866,-118.52494538403114,0.23747208960499414,-0.24797548339325506,1,320.0,184.0,196.86062284605134,-0.24797548339325506
10.033067464828491,3.881000280380249,-123.29438167438997,-118.64476823920252,0.23820910087239577,-0.2487779607261566,1,320.0,184.0,196.70561832561003,-0.2487779607261566
10.04390001296997,3.881000280380249,-123.44938619483128,-118.7867525605148,0.23897341582077308,-0.2495812130816603,1,320.0,184.0,196.55061380516872,-0.2495812130816603
10.053488731384277,3.8600001335144043,-123.60439071527259,-118.89517984764092,0.23969800446456263,-0.25038524045976623,1,320.0,182.0,196.3956092847274,-0.25038524045976623
10.063078165054321,3.8600001335144043,-125.25783877078176,-120.40687557990368,0.24487941470789468,-0.2560209084700651,1,320.0,182.0,194.74216122921825,-0.2560209084700651
10.073196172714233,3.8460001945495605,-125.42292742838919,-120.5354941795636,0.24563643449838438,-0.25684612949633595,1,320.0,182.0,194.5770725716108,-0.25684612949633595
10.084733963012695,3.8460001945495605,-125.58801608599661,-120.68669630416494,0.24642131052942684,-0.25767217596589487,1,320.0,182.0,194.41198391400337,-0.25767217596589487
10.093305349349976,3.825000286102295,-125.75310474360404,-120.80369964072716,0.24716573303150513,-0.2584990478787418,1,320.0,180.0,194.24689525639596,-0.2584990478787418
10.10388994216919,3.825000286102295,-127.39337730891421,-122.32102015209236,0.2523610295580545,-0.2640878282729877,1,320.0,180.0,192.6066226910858,-0.2640878282729877
10.113434314727783,3.811000108718872,-127.56841092128606,-122.45841381901108,0.253138194027452,-0.26493571066244037,1,320.0,180.0,192.43158907871396,-0.26493571066244037
10.124603033065796,3.811000108718872,-127.74344453365791,-122.61882563298626,0.2539437823323871,-0.2657844682199549,1,320.0,180.0,192.2565554663421,-0.2657844682199549
10.133424758911133,3.7900002002716064,-127.91847814602976,-122.74437791215014,0.2547081669569446,-0.26663410094553125,1,320.0,177.0,192.08152185397023,-0.26663410094553125
10.143821239471436,3.7900002002716064,-129.64824501408714,-124.36813435514186,0.2602430986447832,-0.2725077895033639,1,320.0,177.0,190.35175498591286,-0.2725077895033639
10.153296947479248,3.7760002613067627,-129.83377771676263,-124.51496348283285,0.26104186841542654,-0.2733795976351583,1,320.0,177.0,190.16622228323737,-0.2733795976351583
10.164426803588867,3.7760002613067627,-130.0193104194381,-124.6852572410896,0.2618696472115401,-0.27425233343046607,1,320.0,174.0,189.9806895805619,-0.27425233343046607
10.173256635665894,3.755000114440918,-131.80899006089146,-126.14811027986451,0.26695048961306883,-0.28031376548309095,1,320.0,174.0,188.19100993910854,-0.28031376548309095
10.18381929397583,3.755000114440918,-132.00537200200887,-126.32738629879992,0.26779725776728536,-0.28120945067244185,1,320.0,174.0,187.99462799799113,-0.28120945067244185
10.192944288253784,3.741000175476074,-132.20175394312628,-126.48273766888126,0.26861609309972734,-0.2821061177714984,1,320.0,174.0,187.79824605687372,-0.2821061177714984
10.204009294509888,3.741000175476074,-132.3981358842437,-126.66201368781667,0.2694645343908889,-0.2830037667802605,1,320.0,174.0,187.6018641157563,-0.2830037667802605
10.213608503341675,3.7200002670288086,-132.5945178253611,-126.8050499136691,0.2702702031114802,-0.2839023976987282,1,320.0,172.0,187.4054821746389,-0.2839023976987282
10.223025560379028,3.7200002670288086,-134.37363200727708,-128.42422047840142,0.2757834017781044,-0.28992774091131357,1,320.0,172.0,185.62636799272292,-0.28992774091131357
10.233270645141602,3.7060000896453857,-134.58074240850866,-128.58885799763962,0.27662391109117845,-0.29084917710483404,1,320.0,172.0,185.41925759149134,-0.29084917710483404
10.243784189224243,3.7060000896453857,-134.78785280974023,-128.77789425953023,0.27749464407674485,-0.29177164885036067,1,320.0,170.0,185.21214719025977,-0.29177164885036067
10.25335955619812,3.68500018119812,-136.5176664414096,-130.3331345257812,0.28286962502077134,-0.29763043619630297,1,320.0,170.0,183.4823335585904,-0.29763043619630297
10.26405668258667,3.68500018119812,-136.73511158482697,-130.53169421084476,0.28376055511390186,-0.298575045926328,1,320.0,170.0,183.26488841517303,-0.298575045926328
10.273380041122437,3.6720001697540283,-136.95255672824433,-130.70715172759827,0.284624639892644,-0.29952074288207003,1,320.0,170.0,183.04744327175567,-0.29952074288207003
10.284605979919434,3.6720001697540283,-137.1700018716617,-130.90571141266184,0.28551744007178365,-0.30046752706352914,1,320.0,170.0,182.8299981283383,-0.30046752706352914
10.29353952407837,3.6510002613067627,-137.38744701507906,-131.06658894784573,0.2863658260587435,-0.30141539847070536,1,320.0,167.0,182.61255298492094,-0.30141539847070536
10.303283214569092,3.6510002613067627,-139.20541041940112,-132.66257878897795,0.29179496322250176,-0.3075579002089972,1,320.0,167.0,180.79458958059888,-0.3075579002089972
10.314507722854614,3.63700008392334,-139.43373862482184,-132.84526585349576,0.2926784140291906,-0.3085290627486262,1,320.0,167.0,180.56626137517816,-0.3085290627486262
10.324904918670654,3.63700008392334,-139.66206683024257,-133.0533276600942,0.2935933548354092,-0.3095013669292823,1,320.0,167.0,180.33793316975743,-0.3095013669292823
10.33384656906128,3.617000102996826,-139.8903950356633,-133.22478381283938,0.2944652261377676,-0.31047481275096545,1,320.0,165.0,180.1096049643367,-0.31047481275096545
10.343644618988037,3.617000102996826,-141.6637270567304,-134.906447336429,0.300166865361021,-0.31646604443304116,1,320.0,165.0,178.3362729432696,-0.31646604443304116
10.353403806686401,3.6030001640319824,-141.90257164422283,-135.0986626038961,0.30107301699500105,-0.31746217079625316,1,320.0,165.0,178.09742835577717,-0.31746217079625316
10.365354061126709,3.6030001640319824,-142.14141623171525,-135.31675477968872,0.3020113113798506,-0.31845949138240265,1,320.0,165.0,177.85858376828475,-0.31845949138240265
10.373414278030396,3.582000255584717,-142.38026081920768,-135.495634593676,0.3029034453296037,-0.3194580061914896,1,320.0,162.0,177.61973918079232,-0.3194580061914896
10.383997440338135,3.582000255584717,-144.21286329257043,-137.1499058769771,0.3085098679231894,-0.3256358317410508,1,320.0,162.0,175.78713670742957,-0.3256358317410508
10.393147230148315,3.568000078201294,-144.46256667427974,-137.35137271348916,0.3094383849905713,-0.32665778863247347,1,320.0,162.0,175.53743332572026,-0.32665778863247347
10.404574871063232,3.568000078201294,-144.71227005598905,-137.57925004769592,0.31039973404185794,-0.3276809940408046,1,320.0,162.0,175.28772994401095,-0.3276809940408046
10.41331696510315,3.5480000972747803,-144.96197343769836,-137.76901998773968,0.31131630306984914,-0.32870544796604423,1,320.0,,175.03802656230164,-0.32870544796604423
10.424196481704712,3.5480000972747803,-145.21167681940767,-137.99689732194645,0.312279740357507,-0.32973115040819245,1,320.0,,174.78832318059233,-0.32973115040819245
10.43341326713562,3.5340001583099365,-145.46138020111698,-138.1978307653111,0.3132118496433711,-0.3307581013672492,1,320.0,,174.53861979888302,-0.3307581013672492
10.44341254234314,3.5340001583099365,-145.7110835828263,-138.42570809951786,0.3141774309849168,-0.3317863008432145,1,320.0,,174.2889164171737,-0.3317863008432145
10.453949689865112,3.513000249862671,-145.9607869645356,-138.6127477221269,0.3150949422706583,-0.33281574883608833,1,320.0,157.0,174.0392130354644,-0.33281574883608833
10.463602781295776,3.513000249862671,-148.1082551003043,-140.6032626449813,0.32178620022526927,-0.3400088296417082,1,320.0,157.0,171.8917448996957,-0.3400088296417082
10.473023176193237,3.500000238418579,-148.3708770745709,-140.81760075735633,0.32274749396390606,-0.341065830396201,1,320.0,157.0,171.6291229254291,-0.341065830396201
10.483780860900879,3.500000238418579,-148.6334990488375,-141.057476837343,0.3237406326440768,-0.3421241442605651,1,320.0,157.0,171.3665009511625,-0.3421241442605651
10.493203163146973,3.4790000915527344,-148.89612102310412,-141.25567641628004,0.32468475052088264,-0.34318377123480054,1,320.0,155.0,171.10387897689588,-0.34318377123480054
10.503693580627441,3.4790000915527344,-150.9260564606633,-143.26417655444845,0.33141867285955806,-0.3499790521572321,1,320.0,155.0,169.0739435393367,-0.3499790521572321
10.513026475906372,3.4650001525878906,-151.20069419531345,-143.48799905292455,0.332404699852994,-0.35106462090978885,1,320.0,155.0,168.79930580468655,-0.35106462090978885
10.523857355117798,3.4650001525878906,-151.4753319299636,-143.7398998038782,0.3334256802531577,-0.3521515628510189,1,320.0,155.0,168.5246680700364,-0.3521515628510189
10.533179759979248,3.445000171661377,-151.74996966461376,-143.95127346847207,0.33439908501801274,-0.3532398779809221,1,320.0,152.0,168.25003033538624,-0.3532398779809221
10.543670892715454,3.445000171661377,-153.78560966338003,-145.86681637468683,0.3408177423483129,-0.36004067558367814,1,320.0,152.0,166.21439033661997,-0.36004067558367814
10.553089141845703,3.445000171661377,-154.07221106988325,-146.13001936484372,0.3418642360333254,-0.3611549583268314,1,320.0,152.0,165.92778893011675,-0.3611549583268314
10.564622163772583,3.431000232696533,-154.35881247638648,-146.36455861528518,0.3428775059269316,-0.3622706740770172,1,320.0,152.0,165.64118752361352,-0.3622706740770172
10.573250770568848,3.4120001792907715,-154.6454138828897,-146.58846578446196,0.343879136858866,-0.3633878228342355,1,320.0,150.0,165.3545861171103,-0.3633878228342355
10.583744287490845,3.4120001792907715,-156.57815005332537,-148.4218874839524,0.350020363893865,-0.3698436725661008,1,320.0,150.0,163.42184994667463,-0.3698436725661008
10.593307733535767,3.4010002613067627,-156.87593037841884,-148.67279328465818,0.3510648148211352,-0.37098538860810504,1,320.0,150.0,163.12406962158116,-0.37098538860810504
10.604593515396118,3.4010002613067627,-157.1737107035123,-148.9466596466757,0.3521381877537897,-0.3721285935517347,1,320.0,150.0,162.8262892964877,-0.3721285935517347
10.61347508430481,3.4010002613067627,-157.47149102860578,-149.2205260086932,0.3532129300182541,-0.3732732873969899,1,320.0,148.0,162.52850897139422,-0.3732732873969899
10.623975992202759,3.38700008392334,-159.3125875692556,-150.84498188936416,0.35872779568633717,-0.3794230737432119,1,320.0,148.0,160.6874124307444,-0.3794230737432119
10.633445262908936,3.379000186920166,-159.62084758621438,-151.11127635573644,0.3598029054277626,-0.3805910900014935,1,320.0,148.0,160.37915241378562,-0.3805910900014935
10.6441810131073,3.379000186920166,-159.92910760317315,-151.39451369676004,0.36089976280547476,-0.38176064755985983,1,320.0,148.0,160.07089239682685,-0.38176064755985983
10.653590440750122,3.369000196456909,-160.23736762013192,-151.65645339585643,0.36197237271136967,-0.38293174641831096,1,320.0,146.0,159.76263237986808,-0.38293174641831096
10.662975549697876,3.369000196456909,-161.99616768122846,-153.1504733208636,0.3669977892884149,-0.38880760786866947,1,320.0,146.0,158.00383231877154,-0.38880760786866947
10.673653364181519,3.369000196456909,-162.31427876664935,-153.44193346288867,0.36811475112615943,-0.3900009125650078,1,320.0,146.0,157.68572123335065,-0.3900009125650078
10.683604001998901,3.364000082015991,-162.63238985207025,-153.72269467449547,0.3692202780534601,-0.3911958078167732,1,320.0,146.0,157.36761014792975,-0.3911958078167732
10.693677186965942,3.364000082015991,-162.95050093749114,-154.01415481652054,0.37034010099797277,-0.39239229362396577,1,320.0,146.0,157.04949906250886,-0.39239229362396577
10.70330023765564,3.3580002784729004,-164.42544176373224,-155.3521885840381,0.3748817107499039,-0.3973420096699575,1,320.0,146.0,155.57455823626776,-0.3973420096699575
10.714111804962158,3.3580002784729004,-164.7514117153054,-155.65084608702313,0.376018353983921,-0.39855693067042186,1,320.0,146.0,155.2485882846946,-0.39855693067042186
10.723871946334839,3.3550002574920654,-165.07738166687858,-155.94304410970778,0.3771487068316912,-0.39977348152064407,1,320.0,146.0,154.92261833312142,-0.39977348152064407
10.733797073364258,3.3550002574920654,-165.40335161845175,-156.24170161269282,0.3782883043433367,-0.4009916622206241,1,320.0,146.0,154.59664838154825,-0.4009916622206241
10.743319749832153,3.3520002365112305,-166.62424794469868,-157.3534328928168,0.38208015622194275,-0.4051145638173681,1,320.0,146.0,153.37575205530132,-0.4051145638173681
10.753746747970581,3.3520002365112305,-166.95630024549027,-157.65766041972847,0.3832335175563354,-0.40634780807954546,1,320.0,146.0,153.04369975450973,-0.40634780807954546
10.763580799102783,3.3500001430511475,-167.28835254628186,-157.95756659752988,0.3843831928026847,-0.40758271260322676,1,320.0,146.0,152.71164745371814,-0.40758271260322676
10.773700714111328,3.3500001430511475,-167.62040484707344,-158.26179412444154,0.3855395748056009,-0.40881927738841206,1,320.0,145.0,152.37959515292656,-0.40881927738841206
10.783250331878662,3.3490002155303955,-168.71698443298345,-159.27265574190653,0.38899494667392903,-0.4125384255182901,1,320.0,145.0,151.28301556701655,-0.4125384255182901
10.793798446655273,3.3490002155303955,-169.05423562612378,-159.58170318431374,0.3901637121207393,-0.4137883981281891,1,320.0,145.0,150.94576437387622,-0.4137883981281891
10.803507089614868,3.3480000495910645,-169.39148681926412,-159.8885863047244,0.3913314147967557,-0.4150400569940539,1,320.0,145.0,150.60851318073588,-0.4150400569940539
10.813961267471313,3.3480000495910645,-169.72873801240445,-160.19763374713162,0.39250325989638,-0.4162934021158843,1,320.0,144.0,150.27126198759555,-0.4162934021158843
10.82351040840149,3.3480000495910645,-170.71303598989346,-161.01239951199122,0.3953183462208292,-0.41964891920381214,1,320.0,144.0,149.28696401010654,-0.41964891920381214
10.83309817314148,3.3480000495910645,-171.0546898308171,-161.32488797242863,0.39649995681321626,-0.4209141772620746,1,320.0,144.0,148.9453101691829,-0.4209141772620746
10.843631267547607,3.3480000495910645,-171.39634367174074,-161.63737643286603,0.39768312984790544,-0.4221811435895417,1,320.0,144.0,148.60365632825926,-0.4221811435895417
10.854202270507812,3.3480000495910645,-171.73799751266438,-161.94986489330344,0.3988678653248969,-0.4234498181862134,1,320.0,145.0,148.26200248733562,-0.4234498181862134
10.8646981716156,3.3480000495910645,-172.4150471462779,-162.58615676140738,0.40110573541725586,-0.4258094202332514,1,320.0,145.0,147.5849528537221,-0.4258094202332514
10.87310004234314,3.3480000495910645,-172.7589845447048,-162.90084985206755,0.40229787137530837,-0.4270859400340872,1,320.0,145.0,147.2410154552952,-0.4270859400340872
10.883618116378784,3.3490002155303955,-173.10292194313166,-163.21770726472425,0.40349418880682003,-0.4283641795219151,1,320.0,145.0,146.89707805686834,-0.4283641795219151
10.89313530921936,3.3490002155303955,-173.44685934155854,-163.53240035538442,0.4046894825173892,-0.4296441386967351,1,320.0,145.0,146.55314065844146,-0.4296441386967351
10.903548955917358,3.3500001430511475,-173.9500211482971,-164.11261215757898,0.4067445722688491,-0.43144312093086884,1,320.0,145.0,146.0499788517029,-0.43144312093086884
10.913092374801636,3.3500001430511475,-174.295043339925,-164.42909948999926,0.4079465025652034,-0.4327286227775219,1,320.0,145.0,145.704956660075,-0.4327286227775219
10.92373251914978,3.3510000705718994,-174.6400655315529,-164.74774791656102,0.4091526194166603,-0.4340158497351332,1,320.0,145.0,145.3599344684471,-0.4340158497351332
10.933746099472046,3.3510000705718994,-174.98508772318078,-165.0642352489813,0.4103577253918096,-0.43530480180370257,1,320.0,,145.01491227681922,-0.43530480180370257
10.943071365356445,3.3520002365112305,-175.33010991480867,-165.38288283637036,0.41156701691085823,-0.4365954789832301,1,320.0,,144.66989008519133,-0.4365954789832301
10.953477144241333,3.3520002365112305,-175.67513210643656,-165.69937016879064,0.4127752985606066,-0.4378878812737157,1,320.0,,144.32486789356344,-0.4378878812737157
10.96449899673462,3.3520002365112305,-176.02015429806445,-166.01585750121092,0.41398516264701696,-0.43918200867515944,1,320.0,,143.97984570193555,-0.43918200867515944
10.973642110824585,3.3520002365112305,-176.36517648969235,-166.3323448336312,0.41519660917008944,-0.4404778611875614,1,320.0,145.0,143.63482351030765,-0.4404778611875614
10.983511924743652,3.3540000915527344,-176.55757356840337,-166.6280403814389,0.4163333367019517,-0.44127999631513515,1,320.0,145.0,143.44242643159663,-0.44127999631513515
10.992969512939453,3.3540000915527344,-176.90155732924885,-166.94435688943446,0.41754763829599356,-0.44257728461479595,1,320.0,145.0,143.09844267075115,-0.44257728461479595
11.003583669662476,3.3540000915527344,-177.24554109009432,-167.26067339743003,0.4187635214725754,-0.443876292833261,1,320.0,145.0,142.75445890990568,-0.443876292833261
11.013638973236084,3.3540000915527344,-177.5895248509398,-167.5769899054256,0.41998098623169716,-0.44517702097053036,1,320.0,145.0,142.4104751490602,-0.44517702097053036
11.023160457611084,3.3550002574920654,-177.6484137531391,-167.7341833128768,0.4206795535600587,-0.4455548207299983,1,320.0,145.0,142.3515862468609,-0.4455548207299983
11.033594131469727,3.3550002574920654,-177.99046048401146,-168.0494040352819,0.42189806544712116,-0.4468552291094652,1,320.0,145.0,142.00953951598854,-0.4468552291094652
11.043140172958374,3.3560001850128174,-178.33250721488383,-168.36677909403565,0.42312074941309585,-0.4481573477225864,1,320.0,145.0,141.66749278511617,-0.4481573477225864
11.053679943084717,3.3560001850128174,-178.6745539457562,-168.68199981644074,0.4243424242790642,-0.4494611765693621,1,320.0,,141.3254460542438,-0.4494611765693621
11.063143968582153,3.3570001125335693,-179.01660067662857,-168.99937352756848,0.42556826960005534,-0.4507667156497921,1,320.0,,140.98339932337143,-0.4507667156497921
11.073643207550049,3.3570001125335693,-179.35864740750094,-169.31459424997357,0.4267931074381913,-0.4520739649638764,1,320.0,,140.64135259249906,-0.4520739649638764
11.083410739898682,3.3580002784729004,-179.7006941383733,-169.6319671276077,0.42802211472699025,-0.4533829245116151,1,320.0,,140.2993058616267,-0.4533829245116151
11.093087911605835,3.3580002784729004,-180.04274086924568,-169.9471878500128,0.4292501155331264,-0.45469359429300815,1,320.0,,139.95725913075432,-0.45469359429300815
11.103606700897217,3.3580002784729004,-180.38478760011805,-170.26240857241788,0.43047969244287465,-0.4560059743080556,1,320.0,,139.61521239988195,-0.4560059743080556
11.113308668136597,3.3580002784729004,-180.7268343309904,-170.57762929482297,0.43171084545623484,-0.45732006455675744,1,320.0,,139.2731656690096,-0.45732006455675744
11.124091386795044,3.3590002059936523,-181.06888106186278,-170.89500031416893,0.43294616568102084,-0.4586358650391136,1,320.0,,138.93111893813722,-0.4586358650391136
11.133684635162354,3.3590002059936523,-181.41092779273515,-171.210221036574,0.43418048165308976,-0.45995337575512407,1,320.0,,138.58907220726485,-0.45995337575512407
11.143412828445435,3.3600001335144043,-181.75297452360752,-171.52759071208186,0.4354189632172596,-0.46127259670478893,1,320.0,,138.24702547639248,-0.46127259670478893
11.153901100158691,3.3600001335144043,-182.0950212544799,-171.84281143448695,0.43665644214131816,-0.46259352788810826,1,320.0,,137.9049787455201,-0.46259352788810826
11.163779973983765,3.3600001335144043,-182.43706798535226,-172.15803215689203,0.4378954971689888,-0.46391616930508184,1,320.0,,137.56293201464774,-0.46391616930508184
11.173379182815552,3.3600001335144043,-182.77911471622463,-172.47325287929712,0.4391361283002714,-0.4652405209557098,1,320.0,,137.22088528377537,-0.4652405209557098
11.183959484100342,3.3610000610351562,-183.121161447097,-172.79062121222617,0.44038092340584734,-0.4665665828399921,1,320.0,,136.878838552903,-0.4665665828399921
11.193444013595581,3.3610000610351562,-183.46320817796936,-173.10584193463126,0.4416247174824066,-0.46789435495792875,1,320.0,,136.53679182203064,-0.46789435495792875
11.203998327255249,3.3610000610351562,-183.80525490884173,-173.42106265703634,0.4428700876625779,-0.4692238373095199,1,320.0,,136.19474509115827,-0.4692238373095199
11.213874816894531,3.3610000610351562,-184.1473016397141,-173.73628337944143,0.4441170339463612,-0.4705550298947653,1,320.0,,135.8526983602859,-0.4705550298947653
11.223705291748047,3.3620002269744873,-184.48934837058647,-174.05365088263724,0.4453681432046094,-0.471887932713665,1,320.0,,135.51065162941353,-0.471887932713665
11.233319997787476,3.3620002269744873,-184.83139510145884,-174.36887160504233,0.44661825242952063,-0.47322254576621914,1,320.0,,135.16860489854116,-0.47322254576621914
11.243977546691895,3.3620002269744873,-185.1734418323312,-174.68409232744742,0.447869937758044,-0.4745588690524277,1,320.0,,134.8265581676688,-0.4745588690524277
11.25356149673462,3.3620002269744873,-185.51548856320358,-174.9993130498525,0.4491231991901794,-0.4758969025722905,1,320.0,148.0,134.48451143679642,-0.4758969025722905
11.263044118881226,3.3630001544952393,-183.69429058522462,-173.41680254665937,0.44433885643482807,-0.47035734738452484,1,320.0,148.0,136.30570941477538,-0.47035734738452484
11.273720264434814,3.3630001544952393,-184.02209535253994,-173.7195152218503,0.44557070922116637,-0.4716708235820659,1,320.0,148.0,135.97790464746006,-0.4716708235820659
11.28337836265564,3.3630001544952393,-184.34990011985525,-174.0222278970412,0.44680407557088064,-0.47298593880344364,1,320.0,148.0,135.65009988014475,-0.47298593880344364
11.294022798538208,3.3630001544952393,-184.67770488717056,-174.32494057223212,0.448038955483971,-0.4743026930486578,1,320.0,149.0,135.32229511282944,-0.4743026930486578
11.303604364395142,3.364000082015991,-182.9738625980063,-172.81860917483897,0.44354034896447864,-0.46918511952170006,1,320.0,149.0,137.0261374019937,-0.46918511952170006
11.313057661056519,3.364000082015991,-183.28837459167843,-173.10947151040156,0.44475493112470577,-0.47047897578706505,1,320.0,149.0,136.71162540832157,-0.47047897578706505
11.3230619430542,3.364000082015991,-183.60288658535057,-173.40033384596416,0.4459709675966107,-0.4717744046123984,1,320.0,149.0,136.39711341464943,-0.4717744046123984
11.33353590965271,3.364000082015991,-183.91739857902272,-173.69119618152675,0.4471884583801934,-0.47307140599770003,1,320.0,150.0,136.08260142097728,-0.47307140599770003
11.34353232383728,3.364000082015991,-182.28919210727696,-172.22915142830323,0.44286891764337416,-0.468231766020926,1,320.0,150.0,137.71080789272304,-0.468231766020926
11.353121995925903,3.364000082015991,-182.59104664037838,-172.50859298789885,0.44406679047982844,-0.4695069466938496,1,320.0,150.0,137.40895335962162,-0.4695069466938496
11.36350679397583,3.3650002479553223,-182.8929011734798,-172.79017731057726,0.44526864255359544,-0.4707836366394387,1,320.0,150.0,137.1070988265202,-0.4707836366394387
11.373476266860962,3.3650002479553223,-183.19475570658122,-173.0696188701729,0.44646932051946103,-0.4720618358576933,1,320.0,151.0,136.80524429341878,-0.4720618358576933
11.383399248123169,3.3650002479553223,-181.6155658056021,-171.63510157253666,0.44226435508645745,-0.46740739744940174,1,320.0,151.0,138.3844341943979,-0.46740739744940174
11.393813133239746,3.3650002479553223,-181.90519537751638,-171.90340406485328,0.44344583509756164,-0.46866447891258645,1,320.0,151.0,138.09480462248362,-0.46866447891258645
11.403478622436523,3.3650002479553223,-182.19482494943065,-172.1717065571699,0.4446286566211275,-0.4699230085236308,1,320.0,151.0,137.80517505056935,-0.4699230085236308
11.414494514465332,3.3650002479553223,-182.48445452134493,-172.44000904948652,0.4458128196571548,-0.47118298628253463,1,320.0,152.0,137.51554547865507,-0.47118298628253463
11.424095392227173,3.3650002479553223,-180.93670582175454,-170.89378833009297,0.44127781936267263,-0.46665185399402087,1,320.0,152.0,139.06329417824546,-0.46665185399402087
11.43342924118042,3.3650002479553223,-181.21440700240845,-171.1503108078334,0.4424413978900002,-0.4678911674458175,1,320.0,152.0,138.78559299759155,-0.4678911674458175
11.443634986877441,3.3650002479553223,-181.49210818306236,-171.4068332855738,0.4436062590297166,-0.46913186940351753,1,320.0,152.0,138.50789181693764,-0.46913186940351753
11.453465223312378,3.3650002479553223,-181.76980936371626,-171.66335576331423,0.4447724027818217,-0.4703739598671208,1,320.0,153.0,138.23019063628374,-0.4703739598671208
11.463658094406128,3.3650002479553223,-180.2416542411678,-170.26589917158987,0.44072511349999277,-0.4659238800164622,1,320.0,153.0,139.7583457588322,-0.4659238800164622
11.47335433959961,3.3650002479553223,-180.507630415239,-170.51168274643823,0.441872612203543,-0.46714558957742386,1,320.0,153.0,139.492369584761,-0.46714558957742386
11.483909845352173,3.3650002479553223,-180.7736065893102,-170.75746632128659,0.4430213398249675,-0.4683686290192558,1,320.0,153.0,139.2263934106898,-0.4683686290192558
11.493807554244995,3.3650002479553223,-181.0395827633814,-171.00324989613495,0.4441712963642662,-0.4695929983419582,1,320.0,154.0,138.9604172366186,-0.4695929983419582
11.504098892211914,3.3650002479553223,-179.52297421707166,-169.48684223102077,0.4397629793000184,-0.46519485603340616,1,320.0,154.0,140.47702578292834,-0.46519485603340616
11.51420283317566,3.3650002479553223,-179.77736430139598,-169.72117226561159,0.4408927812028554,-0.46639901095610226,1,320.0,154.0,140.22263569860402,-0.46639901095610226
11.523037910461426,3.3650002479553223,-180.0317543857203,-169.9555023002024,0.44202375475586536,-0.46760443782922,1,320.0,154.0,139.9682456142797,-0.46760443782922
11.533884286880493,3.3650002479553223,-180.2861444700446,-170.1898323347932,0.4431558999590483,-0.4688111366527594,1,320.0,156.0,139.7138555299554,-0.4688111366527594
11.543411254882812,3.3650002479553223,-178.66020183287878,-168.68607580990118,0.4387996970762908,-0.4640803217380771,1,320.0,156.0,141.33979816712122,-0.4640803217380771
11.554062366485596,3.3650002479553223,-178.90234863467228,-168.90908875971886,0.43991185805987054,-0.4652654096434027,1,320.0,156.0,141.09765136532772,-0.4652654096434027
11.563880443572998,3.3650002479553223,-179.14449543646577,-169.13210170953653,0.44102513410819943,-0.4664517082827372,1,320.0,156.0,140.85550456353423,-0.4664517082827372
11.5739107131958,3.3650002479553223,-179.38664223825927,-169.3551146593542,0.4421395252212775,-0.4676392176560807,1,320.0,157.0,140.61335776174073,-0.4676392176560807
11.583625078201294,3.3650002479553223,-177.77833790627685,-167.74656347471708,0.43746188728879265,-0.46297505503582664,1,320.0,157.0,142.22166209372315,-0.46297505503582664
11.59302568435669,3.3650002479553223,-178.00840774436566,-167.95762272677376,0.4385549465048945,-0.464141180880255,1,320.0,157.0,141.99159225563434,-0.464141180880255
11.603657245635986,3.3650002479553223,-178.23847758245446,-168.16868197883045,0.43964906101725665,-0.46530845707387386,1,320.0,157.0,141.76152241754554,-0.46530845707387386
11.613545894622803,3.3650002479553223,-178.46854742054327,-168.37974123088713,0.44074423082587916,-0.46647688361668316,1,320.0,159.0,141.53145257945673,-0.46647688361668316
11.623719215393066,3.3650002479553223,-176.76257941153472,-166.67964751776026,0.43578531292605005,-0.46151247424998343,1,320.0,159.0,143.23742058846528,-0.46151247424998343
11.633179664611816,3.3650002479553223,-176.97997904744702,-166.8781994242114,0.43685796621091255,-0.46265825370831537,1,320.0,159.0,143.02002095255298,-0.46265825370831537
11.644067525863647,3.3650002479553223,-177.19737868335932,-167.07675133066255,0.4379316122553072,-0.463805120164827,1,320.0,159.0,142.80262131664068,-0.463805120164827
11.653740882873535,3.3650002479553223,-177.41477831927162,-167.2753032371137,0.43900625105923413,-0.46495307361951804,1,320.0,161.0,142.58522168072838,-0.46495307361951804
11.663114547729492,3.364000082015991,-175.6232500871616,-165.6019003283904,0.43414409235744283,-0.4597253206326699,1,320.0,161.0,144.3767499128384,-0.4597253206326699
11.673665761947632,3.364000082015991,-175.82746293854476,-165.78817861913166,0.435196567199428,-0.4608495133690224,1,320.0,161.0,144.17253706145524,-0.4608495133690224
11.6835036277771,3.364000082015991,-176.0316757899279,-165.9744569098729,0.43624997343286687,-0.46197472716963184,1,320.0,161.0,143.9683242100721,-0.46197472716963184
11.693073272705078,3.364000082015991,-176.23588864131105,-166.16073520061417,0.4373043110577594,-0.46310096203449813,1,320.0,162.0,143.76411135868895,-0.46310096203449813
11.703735113143921,3.364000082015991,-174.47698558667892,-164.5140195753512,0.4325298140979533,-0.45798460405077246,1,320.0,162.0,145.52301441332108,-0.45798460405077246
11.713263750076294,3.364000082015991,-174.66827157390838,-164.68822783840125,0.43356230515280536,-0.4590874885933174,1,320.0,162.0,145.33172842609162,-0.4590874885933174
11.7233407497406,3.364000082015991,-174.85955756113785,-164.8624361014513,0.4345956672489727,-0.46019132956579845,1,320.0,162.0,145.14044243886215,-0.46019132956579845
11.734191417694092,3.364000082015991,-175.0508435483673,-165.03664436450134,0.4356299003864552,-0.46129612696821565,1,320.0,164.0,144.9491564516327,-0.46129612696821565
11.743484497070312,3.3630001544952393,-173.21410600461317,-163.30287063032574,0.4305888045583549,-0.4559388784238293,1,320.0,164.0,146.78589399538683,-0.4559388784238293
11.754062414169312,3.3630001544952393,-173.39199454510296,-163.46448862104165,0.43160006859031924,-0.4570193046451426,1,320.0,164.0,146.60800545489704,-0.4570193046451426
11.7635178565979,3.3630001544952393,-173.56988308559275,-163.62610661175756,0.43261214071223714,-0.4581006203091583,1,320.0,164.0,146.43011691440725,-0.4581006203091583
11.773104667663574,3.3630001544952393,-173.74777162608254,-163.78772460247347,0.4336250209241086,-0.45918282541587646,1,320.0,166.0,146.25222837391746,-0.45918282541587646
11.783443212509155,3.3630001544952393,-171.84309905122183,-161.981887508931,0.4283561392681571,-0.4536157880241827,1,320.0,166.0,148.15690094877817,-0.4536157880241827
11.793876647949219,3.3630001544952393,-172.00718543905455,-162.13046621104277,0.4293450860417465,-0.45467272761677724,1,320.0,166.0,147.99281456094545,-0.45467272761677724
11.803403615951538,3.3630001544952393,-172.17127182688728,-162.27904491315454,0.4303347757088464,-0.45573048764131097,1,320.0,166.0,147.82872817311272,-0.45573048764131097
11.814353227615356,3.3630001544952393,-172.33535821472,-162.4276236152663,0.43132520826945675,-0.45678906809778375,1,320.0,167.0,147.66464178528,-0.45678906809778375
11.823661088943481,3.3620002269744873,-170.47634776203103,-160.65969140424622,0.4261886941963007,-0.4513754745596228,1,320.0,167.0,149.52365223796897,-0.4513754745596228
11.833270072937012,3.3620002269744873,-170.62698360741794,-160.79554246010144,0.4271556931756275,-0.4524093724921242,1,320.0,167.0,149.37301639258206,-0.4524093724921242
11.843523502349854,3.3620002269744873,-170.77761945280486,-160.93139351595667,0.4281233714102335,-0.4534440236038525,1,320.0,167.0,149.22238054719514,-0.4534440236038525
11.85378098487854,3.3620002269744873,-170.92825529819177,-161.0672445718119,0.4290917289001189,-0.4544794278948078,1,320.0,167.0,149.07174470180823,-0.4544794278948078
11.864643573760986,3.3620002269744873,-171.0788911435787,-161.20309562766712,0.4300607656452835,-0.45551558536498993,1,320.0,169.0,148.9211088564213,-0.45551558536498993
11.873217821121216,3.3620002269744873,-169.0953753467831,-159.31162439127186,0.42453046907319425,-0.44970996655625395,1,320.0,169.0,150.9046246532169,-0.44970996655625395
11.883682012557983,3.3610000610351562,-169.23177493640563,-159.43180503563514,0.4254718448716084,-0.45071980493848296,1,320.0,169.0,150.76822506359437,-0.45071980493848296
11.893733501434326,3.3610000610351562,-169.36817452602816,-159.55413246078913,0.4264164084440971,-0.4517303253186602,1,320.0,169.0,150.63182547397184,-0.4517303253186602
11.903795003890991,3.3610000610351562,-169.50457411565068,-159.67645988594313,0.4273615836537116,-0.45274152769678544,1,320.0,171.0,150.49542588434932,-0.45274152769678544
11.91320013999939,3.3610000610351562,-167.48051174750256,-157.73897643115978,0.4216937218508279,-0.44681659255765727,1,320.0,171.0,152.51948825249744,-0.44681659255765727
11.9243643283844,3.3610000610351562,-167.60246646093813,-157.84753193451613,0.4226132261145281,-0.44780095054608465,1,320.0,171.0,152.39753353906187,-0.44780095054608465
11.934471845626831,3.3610000610351562,-167.7244211743737,-157.95608743787247,0.42353327315574507,-0.44878591830807923,1,320.0,171.0,152.2755788256263,-0.44878591830807923
11.943053007125854,3.3600001335144043,-167.84637588780927,-158.06249533070485,0.42445127510379743,-0.44977149584364096,1,320.0,172.0,152.15362411219073,-0.44977149584364096
11.95359468460083,3.3600001335144043,-165.89250602926424,-156.1902903281621,0.4190034449655262,-0.44408306145435583,1,320.0,172.0,154.10749397073576,-0.44408306145435583
11.963504076004028,3.3600001335144043,-166.00054989906923,-156.2855720462289,0.41989921088743754,-0.4450427168476172,1,320.0,172.0,153.99945010093077,-0.4450427168476172
11.974520206451416,3.3600001335144043,-166.10859376887421,-156.38085376429572,0.4207954532179392,-0.44600291246022755,1,320.0,174.0,153.89140623112579,-0.44600291246022755
11.98327374458313,3.3590002059936523,-164.17315395636336,-154.517160367147,0.41538977555145673,-0.44038485612042577,1,320.0,174.0,155.82684604363664,-0.44038485612042577
11.993823766708374,3.3590002059936523,-164.2674765117198,-154.59930264724133,0.4162613428008062,-0.44131938056941206,1,320.0,174.0,155.7325234882802,-0.44131938056941206
12.003339767456055,3.3590002059936523,-164.36179906707622,-154.68144492733566,0.41713332076155607,-0.4422543766311752,1,320.0,174.0,155.63820093292378,-0.4422543766311752
12.014433145523071,3.3590002059936523,-164.45612162243265,-154.76358720743,0.4180057094337064,-0.443189844305715,1,320.0,174.0,155.54387837756735,-0.443189844305715
12.023282289505005,3.3580002784729004,-164.55044417778907,-154.84357919058345,0.41887591770944343,-0.4441257835930317,1,320.0,176.0,155.44955582221093,-0.4441257835930317
12.033752918243408,3.3580002784729004,-162.51231098791743,-152.87913968063955,0.41314785963413847,-0.4381839503022952,1,320.0,176.0,157.48768901208257,-0.4381839503022952
12.043100118637085,3.3580002784729004,-162.59227142654774,-152.94749820619464,0.4139946273558356,-0.4390928641857843,1,320.0,176.0,157.40772857345226,-0.4390928641857843
12.054179906845093,3.3580002784729004,-162.67223186517805,-153.01585673174972,0.41484173687016046,-0.44000217787146656,1,320.0,176.0,157.32776813482195,-0.44000217787146656
12.063446998596191,3.3570001125335693,-162.75219230380836,-153.08206310207575,0.415686594830062,-0.44091189135934206,1,320.0,177.0,157.24780769619164,-0.44091189135934206
12.074276685714722,3.3570001125335693,-160.79226739023812,-151.08871224314916,0.4098762903540573,-0.4352343963912161,1,320.0,177.0,159.20773260976188,-0.4352343963912161
12.083338975906372,3.3570001125335693,-160.85846267417247,-151.1431583453492,0.41069734146842407,-0.43611812304530817,1,320.0,177.0,159.14153732582753,-0.43611812304530817
12.093793153762817,3.3570001125335693,-160.92465795810682,-151.19760444754925,0.4115186648133019,-0.4370021806758199,1,320.0,179.0,159.07534204189318,-0.4370021806758199
12.103469371795654,3.3570001125335693,-158.98774047342326,-149.33394987782162,0.4061394331004086,-0.4314109152678507,1,320.0,179.0,161.01225952657674,-0.4314109152678507
12.114171028137207,3.3570001125335693,-159.04039608026187,-149.37543092675966,0.4069360875137681,-0.43226930397645835,1,320.0,179.0,160.95960391973813,-0.43226930397645835
12.123125076293945,3.3560001850128174,-159.09305168710048,-149.41475898697504,0.4077303549809614,-0.43312795596310016,1,320.0,179.0,160.90694831289952,-0.43312795596310016
12.134431838989258,3.3560001850128174,-159.1457072939391,-149.45624003591308,0.4085274134398666,-0.43398687122777624,1,320.0,179.0,160.8542927060609,-0.43398687122777624
12.143195867538452,3.3560001850128174,-159.1983629007777,-149.49772108485112,0.4093246793040165,-0.4348460497704864,1,320.0,180.0,160.8016370992223,-0.4348460497704864
12.153706312179565,3.3560001850128174,-157.27611199624292,-147.6483430539308,0.4039998756142935,-0.4293110834834101,1,320.0,180.0,162.72388800375708,-0.4293110834834101
12.163349866867065,3.3560001850128174,-157.3153854505428,-147.67701146364254,0.40477266276326584,-0.4301447885558227,1,320.0,180.0,162.6846145494572,-0.4301447885558227
12.17413067817688,3.3560001850128174,-157.3546589048427,-147.70567987335428,0.40554559325428674,-0.4309786899955068,1,320.0,182.0,162.6453410951573,-0.4309786899955068
12.183557271957397,3.3550002574920654,-155.45446180826428,-145.86941925152098,0.4002794158144173,-0.42552758583693984,1,320.0,182.0,164.54553819173572,-0.42552758583693984
12.192967414855957,3.3550002574920654,-155.48057479605848,-145.88544762193297,0.4010280770970214,-0.42633632429627316,1,320.0,182.0,164.51942520394152,-0.42633632429627316
12.203420639038086,3.3550002574920654,-155.50668778385267,-145.90147599234496,0.40177681852147745,-0.42714519332054546,1,320.0,182.0,164.49331221614733,-0.42714519332054546
12.214475870132446,3.3550002574920654,-155.53280077164686,-145.91750436275694,0.4025256400877856,-0.42795419290975667,1,320.0,183.0,164.46719922835314,-0.42795419290975667
12.223162412643433,3.3550002574920654,-153.70055969332674,-144.14833219959826,0.3974819273239572,-0.4227333401824199,1,320.0,183.0,166.29944030667326,-0.4227333401824199
12.233690977096558,3.3550002574920654,-153.71403712701485,-144.15222241058012,0.39820735668918833,-0.42351808328848073,1,320.0,183.0,166.28596287298515,-0.42351808328848073
12.24327301979065,3.3550002574920654,-153.72751456070296,-144.156112621562,0.3989328055054744,-0.42430289378171,1,320.0,183.0,166.27248543929704,-0.42430289378171
12.254156589508057,3.3550002574920654,-153.74099199439107,-144.16000283254385,0.3996582737728153,-0.42508777166210765,1,320.0,183.0,166.25900800560893,-0.42508777166210765
12.263723134994507,3.3550002574920654,-153.75446942807918,-144.16389304352572,0.40038376149121124,-0.42587271692967377,1,320.0,185.0,166.24553057192082,-0.42587271692967377
12.273407697677612,3.3550002574920654,-151.84228280889005,-142.3144882216189,0.3950891511270037,-0.4204025334483714,1,320.0,185.0,168.15771719110995,-0.4204025334483714
12.283488988876343,3.3550002574920654,-151.84264433940376,-142.3057554425373,0.3957902005693186,-0.42116218050668486,1,320.0,185.0,168.15735566059624,-0.42116218050668486
12.294369459152222,3.3550002574920654,-151.84300586991748,-142.29702266345572,0.39649120634773793,-0.42192182937265094,1,320.0,185.0,168.15699413008252,-0.42192182937265094
12.303656578063965,3.3550002574920654,-151.8433674004312,-142.28828988437414,0.3971921684622619,-0.4226814800462695,1,320.0,186.0,168.1566325995688,-0.4226814800462695
12.31338381767273,3.3550002574920654,-150.0165674363174,-140.52093390893336,0.39217713736616444,-0.4175024169808374,1,320.0,186.0,169.9834325636826,-0.4175024169808374
12.323116302490234,3.3550002574920654,-150.00447234701218,-140.50021176786808,0.3928547718557254,-0.4182379252354062,1,320.0,186.0,169.99552765298782,-0.4182379252354062
12.334060192108154,3.3550002574920654,-149.99237725770698,-140.4794896268028,0.39353230273458106,-0.4189733730145285,1,320.0,186.0,170.00762274229302,-0.4189733730145285
12.343214273452759,3.3550002574920654,-149.98028216840177,-140.45876748573752,0.39420973000273146,-0.41970876031820425,1,320.0,187.0,170.01971783159823,-0.41970876031820425
12.353872776031494,3.3550002574920654,-148.23334709054018,-138.6659913313071,0.38912424591928685,-0.4148023012641441,1,320.0,187.0,171.76665290945982,-0.4148023012641441
12.363275051116943,3.3550002574920654,-148.20941432224805,-138.63317758139254,0.38977803530729627,-0.41551462901380476,1,320.0,187.0,171.79058567775195,-0.41551462901380476
12.375417232513428,3.3550002574920654,-148.18548155395592,-138.60036383147798,0.3904316606265562,-0.416226837099624,1,320.0,187.0,171.81451844604408,-0.416226837099624
12.383532762527466,3.3560001850128174,-148.1615487856638,-138.56970441791208,0.3910877178523666,-0.4169389255216017,1,320.0,189.0,171.8384512143362,-0.4169389255216017
12.393062591552734,3.3560001850128174,-146.38758153342312,-136.8590783881435,0.38628185392159625,-0.4119567298217175,1,320.0,189.0,173.61241846657688,-0.4119567298217175
12.403332948684692,3.3560001850128174,-146.3516975221148,-136.8148066112723,0.38691280182240717,-0.41264542749575805,1,320.0,189.0,173.6483024778852,-0.41264542749575805
12.41546630859375,3.3560001850128174,-146.31581351080646,-136.7705348344011,0.38754352836433376,-0.41333394574974214,1,320.0,189.0,173.68418648919354,-0.41333394574974214
12.423466682434082,3.3540000915527344,-146.27992949949814,-136.7219525217873,0.3881688393518061,-0.41402228458366963,1,320.0,191.0,173.72007050050186,-0.41402228458366963
12.434126138687134,3.3540000915527344,-144.48472809839808,-135.0883970180378,0.3836254805607951,-0.40898330959762436,1,320.0,191.0,175.51527190160192,-0.40898330959762436
12.443685054779053,3.3520002365112305,-144.4368202306057,-135.02894803772384,0.38422928652460697,-0.40964800425742653,1,320.0,191.0,175.5631797693943,-0.40964800425742653
12.45340633392334,3.3520002365112305,-144.3889123628133,-134.97381448028062,0.3848379953280765,-0.41031245937788974,1,320.0,191.0,175.6110876371867,-0.41031245937788974
12.463855743408203,3.3470001220703125,-144.3410044950209,-134.90786763831844,0.38543339845591346,-0.410976674959014,1,320.0,192.0,175.6589955049791,-0.410976674959014
12.473493814468384,3.3470001220703125,-142.63156570615465,-133.3467809686092,0.38113697147208914,-0.40622944076978795,1,320.0,192.0,177.36843429384535,-0.40622944076978795
12.483752012252808,3.3420002460479736,-142.57229428679187,-133.27050113829156,0.3817117881813994,-0.4068711765379866,1,320.0,192.0,177.42770571320813,-0.4068711765379866
12.49380111694336,3.3420002460479736,-142.5130228674291,-133.2050680578983,0.382299293825217,-0.40751261594908844,1,320.0,192.0,177.4869771325709,-0.40751261594908844
12.503150224685669,3.3340001106262207,-142.45375144806633,-133.1222083690725,0.3828654732404714,-0.4081537590030935,1,320.0,192.0,177.54624855193367,-0.4081537590030935
12.51397967338562,3.3340001106262207,-140.92644988179498,-131.629395098938,0.3788017190892006,-0.40401164657104505,1,320.0,192.0,179.07355011820502,-0.40401164657104505
12.523094892501831,3.326000213623047,-140.85713185309243,-131.536679445794,0.3793481437026567,-0.40463275059586745,1,320.0,192.0,179.14286814690757,-0.40463275059586745
12.533591985702515,3.326000213623047,-140.78781382438987,-131.46147794805873,0.3799152092951147,-0.4052535080305463,1,320.0,192.0,179.21218617561013,-0.4052535080305463
12.54340124130249,3.314000129699707,-140.71849579568732,-131.35983810215967,0.3804500406705466,-0.40587391887508173,1,320.0,193.0,179.28150420431268,-0.40587391887508173
12.553830623626709,3.314000129699707,-139.2570874126297,-130.03292620060108,0.376936557802872,-0.4019567824807946,1,320.0,193.0,180.7429125873703,-0.4019567824807946
12.563130378723145,3.305000066757202,-139.1782369446882,-129.9291923615279,0.3774617231577918,-0.4025580531039883,1,320.0,193.0,180.8217630553118,-0.4025580531039883
12.573671102523804,3.305000066757202,-139.0993864767467,-129.84541968640326,0.37801042304607424,-0.40315892947484216,1,320.0,193.0,180.9006135232533,-0.40315892947484216
12.583380937576294,3.2900002002716064,-139.0205360088052,-129.72812384355828,0.3785183086538781,-0.40375941159335643,1,320.0,194.0,180.9794639911948,-0.40375941159335643
12.593738079071045,3.2900002002716064,-137.62140874205735,-128.45220881495857,0.3751792122670542,-0.4000549465048827,1,320.0,194.0,182.37859125794265,-0.4000549465048827
12.603064775466919,3.2790000438690186,-137.53351287607558,-128.3354794494192,0.37568081442565404,-0.400637139030085,1,320.0,194.0,182.46648712392442,-0.400637139030085
12.61406397819519,3.2790000438690186,-137.4456170100938,-128.24353924297264,0.37621170387413305,-0.4012188920759573,1,320.0,194.0,182.5543829899062,-0.4012188920759573
12.623322010040283,3.26200008392334,-137.35772114411202,-128.11294334981378,0.3766955535190915,-0.40180020564249974,1,320.0,193.0,182.64227885588798,-0.40180020564249974
12.633742332458496,3.26200008392334,-136.22020309741956,-127.08818010131667,0.3741831206101042,-0.3989579537868763,1,320.0,193.0,183.77979690258044,-0.3989579537868763
12.643248319625854,3.249000072479248,-136.12511279405416,-126.95999862238938,0.3746641028285035,-0.3995244709868081,1,320.0,193.0,183.87488720594584,-0.3995244709868081
12.654098749160767,3.249000072479248,-136.03002249068876,-126.86166455623851,0.3751804102719036,-0.400090512735223,1,320.0,193.0,183.96997750931124,-0.400090512735223
12.66357707977295,3.2300002574920654,-135.93493218732337,-126.719253115095,0.37564311280810686,-0.4006560790321212,1,320.0,193.0,184.06506781267663,-0.4006560790321212
12.673071384429932,3.2300002574920654,-134.93485842158674,-125.72095490449209,0.3732224127606705,-0.3982689924258424,1,320.0,193.0,185.06514157841326,-0.3982689924258424
12.683317422866821,3.2170002460479736,-134.833562543623,-125.58597546659274,0.3736883673125242,-0.39882160518500404,1,320.0,193.0,185.166437456377,-0.39882160518500404
12.694028615951538,3.2170002460479736,-134.73226666565927,-125.48147024387774,0.37419036839648556,-0.39937371146477585,1,320.0,193.0,185.26773333434073,-0.39937371146477585
12.703538656234741,3.19700026512146,-134.63097078769553,-125.32957226580425,0.3746347386841264,-0.3999253112651578,1,320.0,194.0,185.36902921230447,-0.3999253112651578
12.713206052780151,3.19700026512146,-133.6558397846313,-124.45828830844744,0.37263355839263845,-0.3976251941378436,1,320.0,194.0,186.3441602153687,-0.3976251941378436
12.723439931869507,3.183000087738037,-133.54854977625905,-124.31497480632686,0.3730831570641254,-0.39816418887667815,1,320.0,194.0,186.45145022374095,-0.39816418887667815
12.734816074371338,3.183000087738037,-133.4412597678868,-124.20520981366451,0.37357246512199893,-0.3987026471654709,1,320.0,194.0,186.5587402321132,-0.3987026471654709
12.743573904037476,3.183000087738037,-133.33396975951456,-124.09544482100216,0.3740612243549091,-0.39924056900422183,1,320.0,193.0,186.66603024048544,-0.39924056900422183
12.752981424331665,3.1620001792907715,-132.58561875887438,-123.28976165171836,0.37238309585085055,-0.3976858465682966,1,320.0,193.0,187.41438124112562,-0.3976858465682966
12.76375675201416,3.1620001792907715,-132.47392998607228,-123.17557080069211,0.37286194468362255,-0.3982141896908644,1,320.0,193.0,187.52607001392772,-0.3982141896908644
12.773777723312378,3.1480002403259277,-132.36224121327018,-123.02704333448882,0.373298846940851,-0.3987419743695684,1,320.0,193.0,187.63775878672982,-0.3987419743695684
12.783804178237915,3.1480002403259277,-132.25055244046808,-122.91285248346257,0.3737763821820369,-0.3992692006044082,1,320.0,193.0,187.74944755953192,-0.3992692006044082
12.793251514434814,3.126000165939331,-131.60760116214652,-122.31143041744791,0.3727754474556322,-0.39806179781643486,1,320.0,193.0,188.39239883785348,-0.39806179781643486
12.803922176361084,3.126000165939331,-131.49226605847844,-122.1942702817574,0.37324582664421235,-0.3985808570223256,1,320.0,193.0,188.50773394152156,-0.3985808570223256
12.81405782699585,3.1120002269744873,-131.37693095481035,-122.04193294625843,0.3736732315063449,-0.39909933955269794,1,320.0,193.0,188.62306904518965,-0.39909933955269794
12.824409008026123,3.1120002269744873,-131.26159585114226,-121.92477281056792,0.3741422632075691,-0.3996172454075519,1,320.0,193.0,188.73840414885774,-0.3996172454075519
12.833889245986938,3.0900001525878906,-130.7151591198854,-121.30884364382611,0.37309771408807435,-0.3987272343836423,1,320.0,193.0,189.2848408801146,-0.3987272343836423
12.843645334243774,3.0900001525878906,-130.59686447374398,-121.18864358034351,0.37355941722979696,-0.3992382651306413,1,320.0,193.0,189.40313552625602,-0.3992382651306413
12.853259563446045,3.075000047683716,-130.47856982760254,-121.02980586117766,0.3739739609961038,-0.3997487044044096,1,320.0,193.0,189.52143017239746,-0.3997487044044096
12.863998651504517,3.075000047683716,-130.3602751814611,-120.90960579769506,0.3744342689489132,-0.4002585522049472,1,320.0,192.0,189.6397248185389,-0.4002585522049472
12.87345838546753,3.05400013923645,-130.00325897614653,-120.48615901384397,0.37401671368521505,-0.3999884042173698,1,320.0,192.0,189.99674102385347,-0.3999884042173698
12.884132146835327,3.05400013923645,-129.8833251805515,-120.36425278396757,0.37447224747328317,-0.4004939002885586,1,320.0,192.0,190.1166748194485,-0.4004939002885586
12.893849849700928,3.0390000343322754,-129.7633913849565,-120.20273911532811,0.3748794447664924,-0.4009987966907693,1,320.0,192.0,190.2366086150435,-0.4009987966907693
12.903940200805664,3.0390000343322754,-129.64345758936147,-120.08083288545171,0.37533356145506797,-0.4015030934240021,1,320.0,192.0,190.35654241063853,-0.4015030934240021
12.913415431976318,3.017000198364258,-129.35732645572512,-119.72590629202226,0.3751474324067919,-0.40146411800441606,1,320.0,192.0,190.64267354427488,-0.40146411800441606
12.922979354858398,3.017000198364258,-129.2362513111584,-119.60280390658711,0.3755977235638026,-0.40196500908749183,1,320.0,192.0,190.7637486888416,-0.40196500908749183
12.933788537979126,3.003000259399414,-129.1151761665917,-119.44178210400317,0.3760017063112219,-0.4024652947948448,1,320.0,192.0,190.8848238334083,-0.4024652947948448
12.94379472732544,3.003000259399414,-128.994101022025,-119.31867971856802,0.37645057684729255,-0.4029649751264748,1,320.0,191.0,191.005898977975,-0.4029649751264748
12.95339298248291,2.9810001850128174,-128.8736223507658,-119.12946690551829,0.37680163792670457,-0.4034598764211951,1,320.0,191.0,191.1263776492342,-0.4034598764211951
12.964184284210205,2.9810001850128174,-128.7525513029522,-119.00632494580022,0.37724324645438123,-0.40395223823369886,1,320.0,191.0,191.2474486970478,-0.40395223823369886
12.973967552185059,2.9670002460479736,-128.63148025513863,-118.84428713687785,0.37763321793877347,-0.40443949835960097,1,320.0,191.0,191.36851974486137,-0.40443949835960097
12.983972311019897,2.9670002460479736,-128.51040920732504,-118.72114517715978,0.3780692588915482,-0.404926163118551,1,320.0,191.0,191.48959079267496,-0.404926163118551
12.993495464324951,2.945000171661377,-128.43883824088402,-118.68181391049195,0.3788994423284203,-0.40556681619454915,1,320.0,191.0,191.56116175911598,-0.40556681619454915
13.004308223724365,2.945000171661377,-128.31810720750263,-118.55967291939322,0.3793293695995527,-0.4060458858058561,1,320.0,191.0,191.68189279249737,-0.4060458858058561
13.014127969741821,2.931000232696533,-128.19737617412125,-118.39762144061622,0.3797064724114017,-0.40651988147385676,1,320.0,191.0,191.80262382587875,-0.40651988147385676
13.023619174957275,2.931000232696533,-128.07664514073986,-118.27548044951749,0.38013087817275903,-0.40699329431272346,1,320.0,190.0,191.92335485926014,-0.40699329431272346
13.033392429351807,2.9100000858306885,-128.15035979816923,-118.27318449584789,0.38106480482392296,-0.40809439193660646,1,320.0,190.0,191.84964020183077,-0.40809439193660646
13.043892860412598,2.9100000858306885,-128.0309645049193,-118.15228326246321,0.3814839005217924,-0.40856246546769004,1,320.0,190.0,191.9690354950807,-0.40856246546769004
13.053696155548096,2.8960001468658447,-127.91156921166935,-117.99044653850432,0.38184897121295613,-0.409025492000818,1,320.0,190.0,192.08843078833064,-0.409025492000818
13.064140558242798,2.8960001468658447,-127.7921739184194,-117.86954530511964,0.38226259142091834,-0.40948795260021215,1,320.0,189.0,192.2078260815806,-0.40948795260021215
13.073615789413452,2.874000072479248,-127.99706010103837,-117.99578486847656,0.3836105693391293,-0.4110018108114969,1,320.0,189.0,192.00293989896164,-0.4110018108114969
13.083130359649658,2.874000072479248,-127.87989256959634,-117.8770292356542,0.38402031648307056,-0.4114603270936266,1,320.0,189.0,192.12010743040366,-0.4114603270936266
13.093508243560791,2.8600001335144043,-127.7627250381543,-117.71624207443713,0.3843747524545482,-0.41191382276996896,1,320.0,189.0,192.23727496184569,-0.41191382276996896
13.103313684463501,2.8600001335144043,-127.64555750671227,-117.59748644161478,0.38477907404636735,-0.41236677361725105,1,320.0,188.0,192.35444249328773,-0.41236677361725105
13.114015579223633,2.8390002250671387,-127.96856072349415,-117.84491428637835,0.38650413133943706,-0.41424991473769046,1,320.0,188.0,192.03143927650586,-0.41424991473769046
13.123400449752808,2.8390002250671387,-127.85441719782003,-117.72911315962138,0.3869064296513225,-0.41470075326188804,1,320.0,188.0,192.14558280217997,-0.41470075326188804
13.134003162384033,2.825000047683716,-127.7402736721459,-117.57017142622148,0.3872521134923902,-0.4151465960449361,1,320.0,188.0,192.25972632785408,-0.4151465960449361
13.143947124481201,2.825000047683716,-127.62613014647178,-117.4543702994645,0.3876490377187748,-0.41559191804813467,1,320.0,188.0,192.37386985352822,-0.41559191804813467
13.153669118881226,2.80400013923645,-127.95410193476786,-117.8077690132614,0.3897066139940063,-0.4174737829450226,1,320.0,188.0,192.04589806523214,-0.4174737829450226
13.163366794586182,2.80400013923645,-127.84299582811596,-117.69564183563583,0.39010286876650313,-0.41791702757272614,1,320.0,188.0,192.15700417188404,-0.41791702757272614
13.174073696136475,2.7900002002716064,-127.73188972146406,-117.53922201787616,0.3904411530625709,-0.41835530051520003,1,320.0,188.0,192.26811027853594,-0.41835530051520003
13.18367886543274,2.7900002002716064,-127.62078361481215,-117.42709484025058,0.3908320867576236,-0.41879307625779105,1,320.0,187.0,192.37921638518785,-0.41879307625779105
13.193229675292969,2.7690000534057617,-128.053394266669,-117.87511318947247,0.39318428219254575,-0.4209991614492431,1,320.0,187.0,191.946605733331,-0.4209991614492431
13.203792572021484,2.7690000534057617,-127.9460236142037,-117.76729691422035,0.3935757285485699,-0.42143615797280115,1,320.0,187.0,192.05397638579632,-0.42143615797280115
13.213403701782227,2.755000114440918,-127.8386529617384,-117.61398839560154,0.39390778973396273,-0.4218682053162873,1,320.0,187.0,192.1613470382616,-0.4218682053162873
13.224700689315796,2.755000114440918,-127.73128230927311,-117.50617212034942,0.394293968567457,-0.4222997815710051,1,320.0,186.0,192.26871769072687,-0.4222997815710051
13.233782529830933,2.7350001335144043,-128.25751671519612,-117.9405690507151,0.3965800541603678,-0.4247934705663003,1,320.0,186.0,191.74248328480388,-0.4247934705663003
13.243337631225586,2.7350001335144043,-128.15449903168624,-117.83693024885913,0.39696680532242745,-0.42522571952841454,1,320.0,186.0,191.84550096831376,-0.42522571952841454
13.254003524780273,2.7210001945495605,-128.05148134817637,-117.68658659978264,0.39729273953962085,-0.4256530398689842,1,320.0,186.0,191.94851865182363,-0.4256530398689842
13.264144897460938,2.7210001945495605,-127.94846366466649,-117.58294779792668,0.39767427366748354,-0.42607991697592035,1,320.0,185.0,192.0515363353335,-0.42607991697592035
13.273997783660889,2.700000047683716,-128.55815384044544,-118.19933601294966,0.4005466488798221,-0.42882681472253187,1,320.0,185.0,191.44184615955456,-0.42882681472253187
13.283599615097046,2.700000047683716,-128.46003248149066,-118.10113175163424,0.40093073359026676,-0.4292550242451461,1,320.0,185.0,191.53996751850934,-0.4292550242451461
13.293027877807617,2.687000036239624,-128.36191112253587,-117.95836931042555,0.40125690809407005,-0.429678644986189,1,320.0,185.0,191.63808887746413,-0.429678644986189
13.303588151931763,2.687000036239624,-128.2637897635811,-117.86016504911014,0.40163613823726413,-0.4301018519003918,1,320.0,184.0,191.7362102364189,-0.4301018519003918
13.314180374145508,2.6660001277923584,-128.94755749531905,-118.54140564916558,0.40470410640008797,-0.4330708754131866,1,320.0,184.0,191.05244250468095,-0.4330708754131866
13.32353162765503,2.6660001277923584,-128.85480758841942,-118.44905723601802,0.4050866286655412,-0.43349625583967943,1,320.0,184.0,191.14519241158058,-0.43349625583967943
13.334125280380249,2.6530001163482666,-128.7620576815198,-118.31093016796187,0.40540979613720607,-0.4339170651922219,1,320.0,184.0,191.2379423184802,-0.4339170651922219
13.343743801116943,2.6530001163482666,-128.66930777462017,-118.21858175481431,0.4057875163649171,-0.43433749125574705,1,320.0,183.0,191.33069222537983,-0.43433749125574705
13.353208541870117,2.633000135421753,-129.41851104352844,-118.96008745713071,0.4090285319755589,-0.4375000500470114,1,320.0,183.0,190.58148895647156,-0.4375000500470114
13.364607572555542,2.633000135421753,-129.33154501580688,-118.87395755788496,0.4094104790684393,-0.4379236868900583,1,320.0,183.0,190.66845498419312,-0.4379236868900583
13.373001337051392,2.619000196456909,-129.24457898808532,-118.7371792132569,0.4097269338460682,-0.4383424451537242,1,320.0,183.0,190.75542101191468,-0.4383424451537242
13.383905172348022,2.619000196456909,-129.15761296036376,-118.65104931401115,0.41010381814734626,-0.4387608514223502,1,320.0,182.0,190.84238703963624,-0.4387608514223502
13.393327474594116,2.5990002155303955,-129.964295847804,-119.34071990034448,0.413158440375271,-0.4420900298185633,1,320.0,182.0,190.035704152196,-0.4420900298185633
13.403703927993774,2.5990002155303955,-129.8834685753778,-119.26042317753948,0.4135388279138178,-0.44251224632726655,1,320.0,182.0,190.1165314246222,-0.44251224632726655
13.413203239440918,2.5850000381469727,-129.8026413029516,-119.1280510528041,0.413852026277793,-0.442929596578897,1,320.0,182.0,190.1973586970484,-0.442929596578897
13.424217224121094,2.5850000381469727,-129.7218140305254,-119.0477543299991,0.4142273969483129,-0.4433466265524527,1,320.0,181.0,190.2781859694746,-0.4433466265524527
13.433547258377075,2.565000057220459,-130.57865984299917,-119.78945322448207,0.41743546549117516,-0.4468179929994953,1,320.0,181.0,189.42134015700083,-0.4468179929994953
13.44299578666687,2.565000057220459,-130.5042734453955,-119.7153210137324,0.4178148930488672,-0.4472393273108949,1,320.0,181.0,189.4957265546045,-0.4472393273108949
13.453417778015137,2.552000045776367,-130.42988704779185,-119.59147349424535,0.4181302909563266,-0.4476561316104424,1,320.0,181.0,189.57011295220815,-0.4476561316104424
13.464337348937988,2.552000045776367,-130.3555006501882,-119.51734128349568,0.4185050596012846,-0.4480726472907588,1,320.0,180.0,189.6444993498118,-0.4480726472907588
13.473806858062744,2.5320000648498535,-131.25578803538167,-120.30403659613448,0.42184347425701446,-0.45166411159646336,1,320.0,180.0,188.74421196461833,-0.45166411159646336
13.483360767364502,2.5320000648498535,-131.18809633695807,-120.2363497713878,0.42222275530643616,-0.45208533198859446,1,320.0,180.0,188.81190366304193,-0.45208533198859446
13.49326753616333,2.5190000534057617,-131.12040463853447,-120.11755084153968,0.42253634300597653,-0.4525020317046074,1,320.0,180.0,188.87959536146553,-0.4525020317046074
13.503865003585815,2.5190000534057617,-131.05271294011087,-120.049864016793,0.42291100819091265,-0.45291847436138666,1,320.0,179.0,188.94728705988913,-0.45291847436138666
13.513696193695068,2.499000072479248,-131.9902747904323,-120.87503192068895,0.42635821574755595,-0.45660949539575457,1,320.0,179.0,188.0097252095677,-0.45660949539575457
13.523173809051514,2.499000072479248,-131.92948746945964,-120.81402518550208,0.42673775824660565,-0.45703095638878455,1,320.0,179.0,188.07051253054036,-0.45703095638878455
13.533132553100586,2.4850001335144043,-131.868700148487,-120.69638205483409,0.4270446718484694,-0.4574475741969346,1,320.0,179.0,188.131299851513,-0.4574475741969346
13.543839693069458,2.4850001335144043,-131.80791282751434,-120.63537531964721,0.4274193226373857,-0.4578639663321352,1,320.0,178.0,188.19208717248566,-0.4578639663321352
13.553508520126343,2.4650001525878906,-132.7770977881681,-121.49294916691541,0.4309551629835773,-0.4616354142084528,1,320.0,178.0,187.2229022118319,-0.4616354142084528
13.564005374908447,2.4650001525878906,-132.72338423303623,-121.4388150442512,0.4313349717428051,-0.462057057387678,1,320.0,178.0,187.27661576696377,-0.462057057387678
13.573586463928223,2.452000141143799,-132.66967067790435,-121.3305455880445,0.4316454783186543,-0.46247419207289425,1,320.0,178.0,187.33032932209565,-0.46247419207289425
13.583309888839722,2.452000141143799,-132.61595712277247,-121.27641146538029,0.43202075078787006,-0.4628911317778865,1,320.0,177.0,187.38404287722753,-0.4628911317778865
13.59335732460022,2.432000160217285,-133.6115935383548,-122.16095382477035,0.43562753649673946,-0.466726158842653,1,320.0,177.0,186.3884064616452,-0.466726158842653
13.603825807571411,2.432000160217285,-133.56508642924854,-122.11384636415274,0.4360081751628939,-0.4671485133746408,1,320.0,177.0,186.43491357075146,-0.4671485133746408
13.613731145858765,2.4190001487731934,-133.51857932014227,-122.0110149658028,0.43631761160584503,-0.4675663620535114,1,320.0,177.0,186.48142067985773,-0.4675663620535114
13.623700141906738,2.4190001487731934,-133.472072211036,-121.96390750518519,0.436693749660341,-0.4679840457483952,1,320.0,176.0,186.527927788964,-0.4679840457483952
13.633519172668457,2.3990001678466797,-134.48943435873687,-122.87036839896432,0.44035494602204206,-0.47186697991677895,1,320.0,176.0,185.51056564126313,-0.47186697991677895
13.64370608329773,2.3990001678466797,-134.45023299209075,-122.83040661876048,0.4407365912844883,-0.472290178023111,1,320.0,176.0,185.54976700790925,-0.472290178023111
13.653595447540283,2.386000156402588,-134.41103162544462,-122.73306132995592,0.4410450470434205,-0.4727088706602734,1,320.0,176.0,185.58896837455538,-0.4727088706602734
13.6637601852417,2.386000156402588,-134.3718302587985,-122.69309954975208,0.4414222245450896,-0.47312742746468506,1,320.0,175.0,185.6281697412015,-0.47312742746468506
13.673673629760742,2.366000175476074,-135.40660672818638,-123.61685138520039,0.44512273688868664,-0.4770439944613909,1,320.0,175.0,184.59339327181362,-0.4770439944613909
13.68321180343628,2.366000175476074,-135.3747801002471,-123.58412246679438,0.44550550201903866,-0.47746810744129364,1,320.0,175.0,184.6252198997529,-0.47746810744129364
13.693251609802246,2.3530001640319824,-135.34295347230784,-123.49227521141742,0.44581299798413065,-0.47788771308338807,1,320.0,175.0,184.65704652769216,-0.47788771308338807
13.704181432723999,2.3530001640319824,-135.31112684436857,-123.45954629301141,0.4461913252480079,-0.4783072110719004,1,320.0,174.0,184.68887315563143,-0.4783072110719004
13.713478803634644,2.3330001831054688,-136.35939093391428,-124.39635288989531,0.4499173944909974,-0.4822444335642584,1,320.0,174.0,183.64060906608572,-0.4822444335642584
13.724329471588135,2.3330001831054688,-136.3349805988157,-124.37091513956857,0.45030133532224037,-0.48266947754739487,1,320.0,174.0,183.6650194011843,-0.48266947754739487
13.733396768569946,2.320000171661377,-136.3105702637171,-124.28454434631149,0.4506078294200119,-0.48309001008564495,1,320.0,174.0,183.6894297362829,-0.48309001008564495
13.744214534759521,2.320000171661377,-136.2861599286185,-124.25910659598475,0.4509873592247128,-0.48351046206977877,1,320.0,,183.7138400713815,-0.48351046206977877
13.753352403640747,2.3000001907348633,-136.2617495935199,-124.13848030589536,0.4512460577967935,-0.4839240204188141,1,320.0,,183.7382504064801,-0.4839240204188141
13.76405930519104,2.3000001907348633,-136.23733925842131,-124.11304255556861,0.4516188999438887,-0.48433749943424864,1,320.0,,183.76266074157869,-0.48433749943424864
13.773355960845947,2.2870001792907715,-136.21292892332272,-124.02477219861952,0.4519120252756901,-0.4847464721919954,1,320.0,,183.78707107667728,-0.4847464721919954
13.78421926498413,2.2870001792907715,-136.18851858822413,-123.99933444829277,0.4522804678894652,-0.4851553664094781,1,320.0,172.0,183.81148141177587,-0.4851553664094781
13.79340648651123,2.267000198364258,-137.4701631791812,-125.0541663221023,0.45636339785290236,-0.48981195481555784,1,320.0,172.0,182.5298368208188,-0.48981195481555784
13.804524421691895,2.267000198364258,-137.4546967710389,-125.03679864704566,0.45673861076455596,-0.49022878294597455,1,320.0,172.0,182.5453032289611,-0.49022878294597455
13.813912153244019,2.254000186920166,-137.43923036289658,-124.95460856953764,0.4570317154278032,-0.49064109530761685,1,320.0,172.0,182.56076963710342,-0.49064109530761685
13.82432746887207,2.254000186920166,-137.42376395475426,-124.937240894481,0.4574025525263226,-0.4910533591820624,1,320.0,171.0,182.57623604524574,-0.4910533591820624
13.83367657661438,2.2340002059936523,-138.6712825686202,-125.97029576954974,0.4613922428344903,-0.49556768274772933,1,320.0,171.0,181.3287174313798,-0.49556768274772933
13.843242645263672,2.2340002059936523,-138.66444782798087,-125.96079944792895,0.46176943637971,-0.49598726095192147,1,320.0,171.0,181.33555217201913,-0.49598726095192147
13.853785514831543,2.2200000286102295,-138.65761308734153,-125.8792122677903,0.46205546336996406,-0.4964019649929883,1,320.0,171.0,181.34238691265847,-0.4964019649929883
13.863540649414062,2.2200000286102295,-138.6507783467022,-125.8697159461695,0.46242797042665784,-0.49681664818809557,1,320.0,170.0,181.3492216532978,-0.49681664818809557
13.873789072036743,2.201000213623047,-139.8679919905888,-126.78008640512334,0.46598779590217476,-0.5012031846138141,1,320.0,170.0,180.1320080094112,-0.5012031846138141
13.883441686630249,2.201000213623047,-139.86951033772414,-126.77754582899468,0.46636539685987843,-0.5016249649098639,1,320.0,170.0,180.13048966227586,-0.5016249649098639
13.893122911453247,2.187000036239624,-139.87102868485948,-126.70055615964914,0.46664899316854647,-0.5020418542167209,1,320.0,170.0,180.12897131514052,-0.5020418542167209
13.90363621711731,2.187000036239624,-139.87254703199483,-126.69801558352047,0.4670219208499149,-0.502458748029273,1,320.0,169.0,180.12745296800517,-0.502458748029273
13.91329026222229,2.1680002212524414,-141.06240860008737,-127.6018208872877,0.4705426375738899,-0.5067287189354834,1,320.0,169.0,178.93759139991263,-0.5067287189354834
13.923720836639404,2.1680002212524414,-141.07202772960056,-127.6061588210653,0.4709204531487635,-0.5071521922899009,1,320.0,169.0,178.92797227039944,-0.5071521922899009
13.933297157287598,2.1550002098083496,-141.08164685911376,-127.53910308386789,0.47120825549117823,-0.5075711085746227,1,320.0,169.0,178.91835314088624,-0.5075711085746227
13.943775653839111,2.1550002098083496,-141.09126598862696,-127.54344101764549,0.471581742764549,-0.5079900526345861,1,320.0,168.0,178.90873401137304,-0.5079900526345861
13.95323657989502,2.138000011444092,-142.25605757279465,-128.4514771423961,0.47507731168548567,-0.5121532259197558,1,320.0,168.0,177.74394242720535,-0.5121532259197558
13.963948965072632,2.138000011444092,-142.27354571862887,-128.4626166798907,0.47545615527860874,-0.5125789799363969,1,320.0,168.0,177.72645428137113,-0.5125789799363969
13.973563432693481,2.128000020980835,-142.2910338644631,-128.41724028743698,0.4757638402320106,-0.5130012264343592,1,320.0,168.0,177.7089661355369,-0.5130012264343592
13.983314514160156,2.128000020980835,-142.3085220102973,-128.42837982493157,0.4761393757148468,-0.5134235222488936,1,320.0,168.0,177.6914779897027,-0.5134235222488936
13.993668794631958,2.117000102996826,-143.34487468656013,-129.15388543099243,0.47895824094928774,-0.5171486827407393,1,320.0,168.0,176.65512531343987,-0.5171486827407393
14.00312352180481,2.117000102996826,-143.36930032133054,-129.17031695598317,0.4793386669226365,-0.5175783523105276,1,320.0,168.0,176.63069967866946,-0.5175783523105276
14.014016389846802,2.1100001335144043,-143.39372595610095,-129.14639385393772,0.4796683404862339,-0.5180055807096432,1,320.0,168.0,176.60627404389905,-0.5180055807096432
14.023576021194458,2.1100001335144043,-143.41815159087136,-129.16282537892846,0.48004648519976206,-0.5184328768899034,1,320.0,169.0,176.58184840912864,-0.5184328768899034
14.033194541931152,2.1030001640319824,-144.2347317338511,-129.71901306414364,0.4822569628285812,-0.521428314922943,1,320.0,169.0,175.7652682661489,-0.521428314922943
14.043678045272827,2.1030001640319824,-144.26455008372005,-129.7393957630505,0.4826391785042896,-0.5218619064988015,1,320.0,169.0,175.73544991627995,-0.5218619064988015
14.053290128707886,2.1000001430511475,-144.294368433589,-129.7422690172312,0.48299941769550325,-0.5222944980834403,1,320.0,169.0,175.705631566411,-0.5222944980834403
14.064266443252563,2.1000001430511475,-144.32418678345795,-129.76265171613807,0.48338072427281764,-0.522727171668552,1,320.0,170.0,175.67581321654205,-0.522727171668552
14.07358431816101,2.0970001220703125,-144.94388370506965,-130.06656635965027,0.4847170427334034,-0.525072997596798,1,320.0,170.0,175.05611629493035,-0.525072997596798
14.083060264587402,2.0970001220703125,-144.97771765819533,-130.08899876952526,0.4851007307440788,-0.52551119977547,1,320.0,170.0,175.02228234180467,-0.52551119977547
14.093400955200195,2.0950000286102295,-145.011551611321,-130.09969133483972,0.4854697097367907,-0.5259487696521289,1,320.0,170.0,174.988448388679,-0.5259487696521289
14.10407829284668,2.0950000286102295,-145.0453855644467,-130.1221237447147,0.485852837951699,-0.5263864321492369,1,320.0,170.0,174.9546144355533,-0.5263864321492369
14.113866567611694,2.0950000286102295,-145.07921951757237,-130.1445561545897,0.4862360275753309,-0.5268241872667939,1,320.0,171.0,174.92078048242763,-0.5268241872667939
14.123448610305786,2.0950000286102295,-145.5279608108064,-130.21841148564098,0.48678611731652766,-0.5286081779956885,1,320.0,171.0,174.4720391891936,-0.5286081779956885
14.133427381515503,2.0950000286102295,-145.56461849184504,-130.24119386362656,0.4871699914476276,-0.5290506503664679,1,320.0,171.0,174.43538150815496,-0.5290506503664679
14.14395785331726,2.0950000286102295,-145.60127617288367,-130.26397624161214,0.4875539279454889,-0.5294932230876517,1,320.0,172.0,174.39872382711633,-0.5294932230876517
14.153469324111938,2.0960001945495605,-145.88430372170086,-130.22756782450898,0.4877342156599347,-0.5307356065720543,1,320.0,172.0,174.11569627829914,-0.5307356065720543
14.164072275161743,2.0960001945495605,-145.92263816061507,-130.24990738321387,0.4881179079399608,-0.5311814359982845,1,320.0,172.0,174.07736183938493,-0.5311814359982845
14.173588514328003,2.0970001220703125,-145.96097259952927,-130.27811313235648,0.4885090426039551,-0.5316277353368795,1,320.0,172.0,174.03902740047073,-0.5316277353368795
14.184062480926514,2.0970001220703125,-145.99930703844348,-130.30045269106137,0.48889319910567075,-0.5320741398076849,1,320.0,172.0,174.00069296155652,-0.5320741398076849
14.193731784820557,2.0990002155303955,-146.03764147735768,-130.33450787484904,0.4892921594568298,-0.5325213796330298,1,320.0,174.0,173.96235852264232,-0.5325213796330298
14.20326018333435,2.0990002155303955,-146.07203201585136,-129.9712151947882,0.4884258273348199,-0.5329559276590516,1,320.0,174.0,173.92796798414864,-0.5329559276590516
14.214392185211182,2.1010000705718994,-146.1103396094094,-130.0026199187708,0.4888213452378617,-0.5334040655068744,1,320.0,174.0,173.8896603905906,-0.5334040655068744
14.224394083023071,2.1010000705718994,-146.14864720296745,-130.02233455450997,0.48920288929954986,-0.5338523087963551,1,320.0,175.0,173.85135279703255,-0.5338523087963551
14.233179330825806,2.1040000915527344,-146.06998913919514,-129.5140731396474,0.4878363296572739,-0.5339221726483129,1,320.0,175.0,173.93001086080486,-0.5339221726483129
14.243637084960938,2.1040000915527344,-146.10750040050328,-129.53007409266672,0.48821303383503994,-0.5343704428964293,1,320.0,175.0,173.89249959949672,-0.5343704428964293
14.253307342529297,2.1060001850128174,-146.14501166181142,-129.55770649445986,0.48860441983557346,-0.5348195474348407,1,320.0,175.0,173.85498833818858,-0.5348195474348407
14.264458656311035,2.1060001850128174,-146.18252292311956,-129.5737074474792,0.48898189234022094,-0.5352687556919071,1,320.0,178.0,173.81747707688044,-0.5352687556919071
14.273298501968384,2.1090002059936523,-145.79478437704722,-128.80603356215605,0.48678055289306044,-0.5343385571781619,1,320.0,178.0,174.20521562295278,-0.5343385571781619
14.283738851547241,2.1090002059936523,-145.82939854377796,-128.81657702991154,0.487150349080521,-0.5347844062608013,1,320.0,178.0,174.17060145622204,-0.5347844062608013
14.293145895004272,2.1110000610351562,-145.8640127105087,-128.83869099509167,0.48753473532263525,-0.5352310805784386,1,320.0,178.0,174.1359872894913,-0.5352310805784386
14.30405044555664,2.1110000610351562,-145.89862687723942,-128.84923446284716,0.4879052662523232,-0.5356778510369293,1,320.0,178.0,174.10137312276058,-0.5356778510369293
14.313672304153442,2.115000009536743,-145.93324104397016,-128.882849281999,0.48830486498075176,-0.5361261769498956,1,320.0,180.0,174.06675895602984,-0.5361261769498956
14.323165655136108,2.115000009536743,-145.3514425741985,-127.94423625033755,0.4855946098018522,-0.5345729214425883,1,320.0,180.0,174.6485574258015,-0.5345729214425883
14.333436965942383,2.117000102996826,-145.38185585928517,-127.9598121645912,0.48597062870737484,-0.535015396254614,1,320.0,180.0,174.61814414071483,-0.535015396254614
14.344033479690552,2.117000102996826,-145.41226914437183,-127.96388708533834,0.48633285779990687,-0.5354579559957462,1,320.0,180.0,174.58773085562817,-0.5354579559957462
14.353259325027466,2.120000123977661,-145.4426824294585,-127.98516880270516,0.48671675437306283,-0.5359016914937318,1,320.0,182.0,174.5573175705415,-0.5359016914937318
14.364002227783203,2.120000123977661,-144.703272494341,-126.8297887802914,0.4833147924353378,-0.5338455830565577,1,320.0,182.0,175.296727505659,-0.5338455830565577
14.373358964920044,2.122000217437744,-144.72843916035143,-126.83740402148678,0.4836797097120006,-0.5342817464062886,1,320.0,182.0,175.27156083964857,-0.5342817464062886
14.384618997573853,2.122000217437744,-144.75360582636185,-126.83357684437149,0.4840308853514568,-0.5347179803485314,1,320.0,182.0,175.24639417363815,-0.5347179803485314
14.393171310424805,2.125,-144.77877249237227,-126.84686758169043,0.4844035910513129,-0.5351553706453785,1,320.0,184.0,175.22122750762773,-0.5351553706453785
14.403746604919434,2.125,-143.8993339794408,-125.60209516502916,0.48072548213314437,-0.5326549130432261,1,320.0,184.0,176.1006660205592,-0.5326549130432261
14.413530111312866,2.128000020980835,-143.91833448457305,-125.60687627861834,0.4810854308671454,-0.53308356336018,1,320.0,184.0,176.08166551542695,-0.53308356336018
14.424187660217285,2.128000020980835,-143.9373349897053,-125.59459030846698,0.48142486445422134,-0.5335122672585596,1,320.0,184.0,176.0626650102947,-0.5335122672585596
14.433387994766235,2.13100004196167,-143.95633549483756,-125.59931946710108,0.4817856715335514,-0.5339421044184316,1,320.0,186.0,176.04366450516244,-0.5339421044184316
14.443902969360352,2.13100004196167,-142.9526766312591,-124.17356311424595,0.4775347404964587,-0.5310501564398958,1,320.0,186.0,177.0473233687409,-0.5310501564398958
14.453089952468872,2.132000207901001,-142.96470461622332,-124.15730116774242,0.4778665913874902,-0.531469180210223,1,320.0,186.0,177.03529538377668,-0.531469180210223
14.464414119720459,2.132000207901001,-142.97673260118754,-124.13537811700306,0.4781915869111938,-0.531888238019754,1,320.0,189.0,177.02326739881246,-0.531888238019754
14.473727703094482,2.134999990463257,-141.78991897401036,-122.59975186741892,0.47356437797827833,-0.5284130685479079,1,320.0,189.0,178.21008102598964,-0.5284130685479079
14.48323678970337,2.134999990463257,-141.7937692189381,-122.5673877025915,0.4738733259401693,-0.5288200286585993,1,320.0,189.0,178.2062307810619,-0.5288200286585993
14.493155479431152,2.13700008392334,-141.79761946386586,-122.54629289600831,0.4741963500355376,-0.529227708715589,1,320.0,189.0,178.20238053613414,-0.529227708715589
14.504108667373657,2.13700008392334,-141.8014697087936,-122.5139287311809,0.47450575890586755,-0.5296353997169008,1,320.0,189.0,178.1985302912064,-0.5296353997169008
14.513625144958496,2.140000104904175,-141.80531995372135,-122.49842524580349,0.47483627526749167,-0.5300441652098721,1,320.0,192.0,178.19468004627865,-0.5300441652098721
14.5230393409729,2.140000104904175,-140.39355087744326,-120.76289303933841,0.4696100245314623,-0.5258512264387704,1,320.0,192.0,179.60644912255674,-0.5258512264387704
14.533458709716797,2.1410000324249268,-140.3877379972497,-120.72451135257833,0.4699083331857697,-0.5262447070165555,1,320.0,192.0,179.6122620027503,-0.5262447070165555
14.54396653175354,2.1410000324249268,-140.38192511705614,-120.68052123320058,0.4701997862391167,-0.5266381710130993,1,320.0,194.0,179.61807488294386,-0.5266381710130993
14.553646802902222,2.1440000534057617,-138.93855645749716,-118.87550893470109,0.4647315289763544,-0.5223583585504852,1,320.0,194.0,181.06144354250284,-0.5223583585504852
14.563158988952637,2.1440000534057617,-138.92292646276638,-118.81937806040338,0.46500399536431397,-0.52273692214504,1,320.0,194.0,181.07707353723362,-0.52273692214504
14.573752403259277,2.1450002193450928,-138.9072964680356,-118.76883436404341,0.46528331878217755,-0.5231157883636743,1,320.0,194.0,181.0927035319644,-0.5231157883636743
14.583498239517212,2.1450002193450928,-138.89166647330484,-118.7127034897457,0.4655557769118573,-0.5234946098414403,1,320.0,194.0,181.10833352669516,-0.5234946098414403
14.593702793121338,2.1470000743865967,-138.87603647857406,-118.66772744029927,0.46584208538302485,-0.5238740809081919,1,320.0,197.0,181.12396352142594,-0.5238740809081919
14.603400230407715,2.1470000743865967,-137.2342923439528,-116.69217021803534,0.45987135126395795,-0.5189640950944285,1,320.0,197.0,182.7657076560472,-0.5189640950944285
14.613236427307129,2.1480000019073486,-137.20755097518526,-116.62849273924779,0.46012966206413064,-0.5193257911238605,1,320.0,197.0,182.79244902481474,-0.5193257911238605
14.624843835830688,2.1480000019073486,-137.1808096064177,-116.5592462640429,0.4603810913312184,-0.519687410405564,1,320.0,197.0,182.8191903935823,-0.519687410405564
14.633958339691162,2.1500000953674316,-137.15406823765016,-116.50112231645872,0.46064628334855323,-0.5200496387419263,1,320.0,200.0,182.84593176234984,-0.5200496387419263
14.643614530563354,2.1500000953674316,-135.37419912747075,-114.3310335574556,0.45406368416233733,-0.5147086944691809,1,320.0,200.0,184.62580087252925,-0.5147086944691809
14.65327000617981,2.1510000228881836,-135.33547675138556,-114.25298198972703,0.4542987852432761,-0.5150516554599747,1,320.0,200.0,184.66452324861444,-0.5150516554599747
14.66514778137207,2.1510000228881836,-135.29675437530037,-114.16937819977498,0.45452698308763634,-0.5153945050271291,1,320.0,200.0,184.70324562469963,-0.5153945050271291
14.673603773117065,2.1510000228881836,-135.25803199921518,-114.08577440982293,0.45475494036208614,-0.5157372431706442,1,320.0,203.0,184.74196800078482,-0.5157372431706442
14.683034658432007,2.1510000228881836,-133.35687427341304,-111.84621543890128,0.44796829998756793,-0.5100204737143437,1,320.0,203.0,186.64312572658696,-0.5100204737143437
14.693917512893677,2.1500000953674316,-133.3054215153322,-111.74232273638995,0.4481648879490629,-0.5103419835232857,1,320.0,203.0,186.6945784846678,-0.5103419835232857
14.705000162124634,2.1500000953674316,-133.25396875725136,-111.6439822561021,0.4483678558483218,-0.510663345405536,1,320.0,203.0,186.74603124274864,-0.510663345405536
14.712953805923462,2.1460001468658447,-133.20251599917052,-111.52337564751159,0.4485426424301907,-0.5109832273530839,1,320.0,205.0,186.79748400082948,-0.5109832273530839
14.723592042922974,2.1460001468658447,-131.29726429547688,-109.22513278423841,0.44158559545675635,-0.5052708780840103,1,320.0,205.0,188.70273570452312,-0.5052708780840103
14.733292579650879,2.1410000324249268,-131.23313749094586,-109.08379190927474,0.4417271479320637,-0.505568268453904,1,320.0,205.0,188.76686250905414,-0.505568268453904
14.744264364242554,2.1410000324249268,-131.16901068641485,-108.97041114371011,0.44190192912000703,-0.5058654759020826,1,320.0,205.0,188.83098931358515,-0.5058654759020826
14.753300905227661,2.133000135421753,-131.10488388188384,-108.81200104880487,0.44202004703593023,-0.5061598783646271,1,320.0,207.0,188.89511611811616,-0.5061598783646271
14.763959646224976,2.133000135421753,-129.1994059035991,-106.56663291361477,0.4352536591700516,-0.5004617094570153,1,320.0,207.0,190.8005940964009,-0.5004617094570153
14.773147583007812,2.126000165939331,-129.1226872567526,-106.39897121365847,0.43535197827820993,-0.5007331274989937,1,320.0,207.0,190.8773127432474,-0.5007331274989937
14.783790111541748,2.126000165939331,-129.04596860990614,-106.27101112766898,0.4354975791154333,-0.5010043295779492,1,320.0,207.0,190.95403139009386,-0.5010043295779492
14.793259859085083,2.114000082015991,-128.96924996305967,-106.07432855965149,0.4355569770606004,-0.5012714465893244,1,320.0,210.0,191.03075003694033,-0.5012714465893244
14.803657054901123,2.114000082015991,-126.96548869320674,-103.77916904401204,0.4286447117904597,-0.4952662355100888,1,320.0,210.0,193.03451130679326,-0.4952662355100888
14.813116550445557,2.1050000190734863,-126.87558905813542,-103.58428693664722,0.4286970048592237,-0.4955088497688262,1,320.0,210.0,193.1244109418646,-0.4955088497688262
14.824021100997925,2.1050000190734863,-126.7856894230641,-103.44150318779626,0.4288114215180913,-0.4957512156798174,1,320.0,210.0,193.2143105769359,-0.4957512156798174
14.833459615707397,2.0900001525878906,-126.69578978799278,-103.2108104832446,0.4288158397705679,-0.4959885821932347,1,320.0,212.0,193.3042102120072,-0.4959885821932347
14.843903303146362,2.0900001525878906,-124.70847296239883,-101.0778502611068,0.4224468880901734,-0.49004918444368084,1,320.0,212.0,195.29152703760116,-0.49004918444368084
14.853359699249268,2.0789999961853027,-124.6055918333434,-100.85610887167152,0.4224528577755706,-0.4902618506715965,1,320.0,212.0,195.3944081666566,-0.4902618506715965
14.864669561386108,2.0789999961853027,-124.50271070428796,-100.6997090008394,0.4225368153946415,-0.49047423937766743,1,320.0,212.0,195.49728929571205,-0.49047423937766743
14.87339186668396,2.062000036239624,-124.39982957523253,-100.44084187921497,0.42249284529298137,-0.4906810635815937,1,320.0,213.0,195.60017042476747,-0.4906810635815937
14.883822679519653,2.062000036239624,-122.53250325062598,-98.25555216650235,0.41596607115951556,-0.4851432036119644,1,320.0,213.0,197.46749674937402,-0.4851432036119644
14.893414735794067,2.062000036239624,-122.4175474809461,-98.08526797907652,0.41602214652997543,-0.4853302752880013,1,320.0,213.0,197.5824525190539,-0.4853302752880013
14.904171228408813,2.0490000247955322,-122.30259171126622,-97.83538180055425,0.4159788564105853,-0.4855130669187297,1,320.0,213.0,197.69740828873378,-0.4855130669187297
14.913929224014282,2.0300002098083496,-122.18763594158634,-97.5467666405873,0.41588370119388984,-0.4856897532217534,1,320.0,215.0,197.81236405841366,-0.4856897532217534
14.923321008682251,2.0300002098083496,-120.33095316614681,-95.31819834467996,0.409228234634515,-0.4801949983259706,1,320.0,215.0,199.6690468338532,-0.4801949983259706
14.933874368667603,2.0300002098083496,-120.20407543702434,-95.13382539387072,0.40925195674383286,-0.4803522706083236,1,320.0,215.0,199.79592456297564,-0.4803522706083236
14.943668365478516,2.017000198364258,-120.07719770790187,-94.86709311209205,0.4091730776369815,-0.48050531366809646,1,320.0,215.0,199.92280229209814,-0.48050531366809646
14.953929424285889,2.017000198364258,-119.9503199787794,-94.68272016128282,0.4091925609589747,-0.48065803414118025,1,320.0,217.0,200.04968002122058,-0.48065803414118025
14.963404178619385,1.996000051498413,-118.10675640998932,-92.38491315043842,0.40260269939179993,-0.47521388507185486,1,320.0,217.0,201.89324359001068,-0.47521388507185486
14.974284172058105,1.996000051498413,-117.96812548544871,-92.18699842762986,0.40259474736238315,-0.4753412686100529,1,320.0,217.0,202.0318745145513,-0.4753412686100529
14.98387360572815,1.9830000400543213,-117.8294945609081,-91.9036346923051,0.4024805640714526,-0.47546447749528653,1,320.0,217.0,202.1705054390919,-0.47546447749528653
14.993853330612183,1.9830000400543213,-117.6908636363675,-91.70571996949654,0.40246843322009046,-0.47558734569500927,1,320.0,218.0,202.3091363636325,-0.47558734569500927
15.00344204902649,1.9610000848770142,-115.96386967546296,-89.45995141728284,0.3960842315253252,-0.470530467338926,1,320.0,218.0,204.03613032453706,-0.470530467338926
15.01407527923584,1.9610000848770142,-115.81436178817401,-89.24902267119303,0.3960455378259229,-0.47062930190295027,1,320.0,218.0,204.185638211826,-0.47062930190295027
15.023924827575684,1.9470001459121704,-115.66485390088506,-88.94239424151559,0.3958881548611212,-0.47072372902200615,1,320.0,218.0,204.33514609911492,-0.47072372902200615
15.033875703811646,1.9470001459121704,-115.51534601359612,-88.73146549542578,0.39584511214274143,-0.4708178021810844,1,320.0,220.0,204.48465398640388,-0.4708178021810844
15.04342532157898,1.9250000715255737,-113.79587588886034,-86.54139368304307,0.3896657538092559,-0.46579165604544054,1,320.0,220.0,206.20412411113966,-0.46579165604544054
15.053956031799316,1.9250000715255737,-113.63561488500706,-86.31796027312996,0.38959724401592666,-0.4658621252205578,1,320.0,220.0,206.36438511499296,-0.4658621252205578
15.063837051391602,1.9100000858306885,-113.47535388115378,-85.98768763837533,0.3893965388620494,-0.46592796847036266,1,320.0,220.0,206.52464611884622,-0.46592796847036266
15.074146509170532,1.9100000858306885,-113.3150928773005,-85.76425422846222,0.38932353246692636,-0.4659934471263494,1,320.0,222.0,206.68490712269949,-0.4659934471263494
15.083657026290894,1.8870000839233398,-111.60565256483866,-83.72098012964304,0.38366125889332625,-0.4610057768609327,1,320.0,222.0,208.39434743516134,-0.4610057768609327
15.09316086769104,1.8870000839233398,-111.43477880282391,-83.48622673324319,0.38356468554294354,-0.46104783499189017,1,320.0,222.0,208.56522119717607,-0.46104783499189017
15.103735446929932,1.8720000982284546,-111.26390504080916,-83.13985966857948,0.3833302899798413,-0.46108534181778466,1,320.0,222.0,208.73609495919084,-0.46108534181778466
15.11442756652832,1.8720000982284546,-111.09303127879441,-82.90510627217962,0.38322931905619395,-0.46112247613883595,1,320.0,223.0,208.9069687212056,-0.46112247613883595
15.123980283737183,1.8500001430511475,-109.49699067204332,-80.80865098119591,0.3774023687278805,-0.45651043937386127,1,320.0,223.0,210.50300932795668,-0.45651043937386127
15.13336992263794,1.8500001430511475,-109.31635201275787,-80.5622878434915,0.377277927853114,-0.45652597026984043,1,320.0,223.0,210.68364798724213,-0.45652597026984043
15.143839597702026,1.8350000381469727,-109.13571335347243,-80.19934702409743,0.37700981501440234,-0.4565370246907312,1,320.0,223.0,210.86428664652757,-0.4565370246907312
15.153198003768921,1.8350000381469727,-108.95507469418698,-79.95298388639303,0.3768810811106448,-0.45654770202840356,1,320.0,225.0,211.04492530581302,-0.45654770202840356
15.16371774673462,1.812000036239624,-107.36354419281359,-77.89729162547123,0.37122860298671556,-0.45195522415027956,1,320.0,225.0,212.6364558071864,-0.45195522415027956
15.173518419265747,1.812000036239624,-107.17323690259175,-77.63978255803389,0.3710772008714176,-0.45194441708263533,1,320.0,225.0,212.82676309740825,-0.45194441708263533
15.184394359588623,1.7970000505447388,-106.98292961236992,-77.26024681485092,0.3707756990311394,-0.45192921183514034,1,320.0,225.0,213.0170703876301,-0.45192921183514034
15.193306684494019,1.7970000505447388,-106.79262232214808,-77.00273774741359,0.37062011611490653,-0.4519136274003456,1,320.0,226.0,213.20737767785192,-0.4519136274003456
15.203798294067383,1.7740000486373901,-105.30919429356332,-75.09387485135407,0.3654731288466776,-0.4476784308561999,1,320.0,226.0,214.69080570643666,-0.4476784308561999
15.213642835617065,1.7740000486373901,-105.11002414929612,-74.82636025575032,0.3652969003481463,-0.44764281459258887,1,320.0,226.0,214.88997585070388,-0.44764281459258887
15.223227500915527,1.7600001096725464,-104.91085400502892,-74.43957729473715,0.3649741960122005,-0.4476031410708424,1,320.0,226.0,215.0891459949711,-0.4476031410708424
15.233865976333618,1.7600001096725464,-104.71168386076172,-74.17206269913339,0.36479410543694096,-0.44756308912576714,1,320.0,228.0,215.28831613923828,-0.44756308912576714
15.243192672729492,1.7370001077651978,-103.2277734087767,-72.29693873114732,0.35978362721823387,-0.44333061998941314,1,320.0,228.0,216.7722265912233,-0.44333061998941314
15.253677368164062,1.7370001077651978,-103.01979668519522,-72.01977901358951,0.35958373201940014,-0.4432708619242627,1,320.0,228.0,216.98020331480478,-0.4432708619242627
15.263312339782715,1.7220001220703125,-102.81181996161374,-71.60865139926209,0.35921963251983613,-0.44320686522237135,1,320.0,228.0,217.18818003838626,-0.44320686522237135
15.274313926696777,1.7220001220703125,-102.60384323803225,-71.33149168170428,0.3590157942230209,-0.4431424931224304,1,320.0,229.0,217.39615676196775,-0.4431424931224304
15.283676624298096,1.7000000476837158,-101.2232411480382,-69.4973715925489,0.3541481334120997,-0.43925120643265747,1,320.0,229.0,218.7767588519618,-0.43925120643265747
15.29325532913208,1.7000000476837158,-101.00722540823719,-69.2109174179494,0.3539255075163123,-0.43916875020140167,1,320.0,229.0,218.9927745917628,-0.43916875020140167
15.303681135177612,1.6850000619888306,-100.79120966843618,-68.78394816493577,0.3535733806914587,-0.43838033005533317,1,320.0,229.0,219.20879033156382,-0.43838033005533317
15.313412427902222,1.6850000619888306,-100.57519392863517,-68.49749399033627,0.353351234445875,-0.43829658642546754,1,320.0,231.0,219.42480607136483,-0.43829658642546754
15.32396912574768,1.6630001068115234,-99.18956783684303,-66.79505058583405,0.34914877123036536,-0.43349336108461267,1,320.0,231.0,220.81043216315697,-0.43349336108461267
15.333468675613403,1.6630001068115234,-98.96553289511918,-66.50033575121505,0.34891624217048967,-0.43339684382065863,1,320.0,231.0,221.03446710488083,-0.43339684382065863
15.343940734863281,1.6490000486373901,-98.74149795339534,-66.06799545210887,0.3486271761146883,-0.4326982380906844,1,320.0,231.0,221.25850204660466,-0.4326982380906844
15.35365891456604,1.6490000486373901,-98.5174630116715,-65.77328061748987,0.3483952659111764,-0.4326006665274628,1,320.0,233.0,221.4825369883285,-0.4326006665274628
15.363505363464355,1.627000093460083,-97.12974737900869,-64.09019532941942,0.3445186213641249,-0.4280056026247889,1,320.0,233.0,222.87025262099132,-0.4280056026247889
15.374308109283447,1.627000093460083,-96.89773313340261,-63.787479829168504,0.3442774478565865,-0.42789600976763353,1,320.0,233.0,223.1022668665974,-0.42789600976763353
15.3840172290802,1.6130000352859497,-96.66571888779653,-63.34026801954994,0.3440432502880697,-0.42724139745992895,1,320.0,233.0,223.33428111220348,-0.42724139745992895
15.393580913543701,1.6130000352859497,-96.43370464219045,-63.03755251929903,0.3438029329804055,-0.42713095025725356,1,320.0,234.0,223.56629535780957,-0.42713095025725356
15.403073787689209,1.5910000801086426,-95.14757851352846,-61.473717699904554,0.34054370498341313,-0.4230534450094572,1,320.0,234.0,224.85242148647154,-0.4230534450094572
15.413757085800171,1.5910000801086426,-94.90833566541954,-61.16395030946698,0.3402974946610949,-0.4229347935465031,1,320.0,234.0,225.09166433458046,-0.4229347935465031
15.423550605773926,1.5770000219345093,-94.66909281731063,-60.70228808416208,0.34011922937559297,-0.42232776386035953,1,320.0,234.0,225.33090718268937,-0.42232776386035953
15.433395862579346,1.5770000219345093,-94.42984996920171,-60.39252069372451,0.33987619867033775,-0.4222117440826524,1,320.0,236.0,225.5701500307983,-0.4222117440826524
15.44422698020935,1.5560001134872437,-93.13694045157382,-58.847215008219614,0.33687654449925014,-0.4183514522846223,1,320.0,236.0,226.86305954842618,-0.4183514522846223
15.453793048858643,1.5560001134872437,-92.89047152134732,-58.53057596579837,0.3366299694984675,-0.4182305167736141,1,320.0,236.0,227.1095284786527,-0.4182305167736141
15.463438987731934,1.5410001277923584,-92.64400259112082,-58.04276428160794,0.33651865909379897,-0.41764381045253457,1,320.0,236.0,227.35599740887918,-0.41764381045253457
15.473404884338379,1.5410001277923584,-92.39753366089433,-57.72612523918669,0.3362756269980332,-0.41752583256516324,1,320.0,237.0,227.60246633910566,-0.41752583256516324
15.483099699020386,1.5200001001358032,-91.20172672445453,-56.28901062561002,0.3338149052165141,-0.4141362168267592,1,320.0,237.0,228.79827327554545,-0.4141362168267592
15.493557929992676,1.5200001001358032,-90.94874678326288,-55.966373916392584,0.3335697653016794,-0.4140146003815862,1,320.0,237.0,229.0512532167371,-0.4140146003815862
15.50337839126587,1.50600004196167,-90.69576684207122,-55.47548200245579,0.33350484192257795,-0.4135082919279579,1,320.0,237.0,229.30423315792876,-0.4135082919279579
15.514458417892456,1.50600004196167,-90.44278690087957,-55.15284529323836,0.3332629986475067,-0.41338945827685497,1,320.0,238.0,229.55721309912042,-0.41338945827685497
15.52397871017456,1.4850000143051147,-89.33694547292194,-53.81378088595663,0.3312811666272336,-0.41042257791510756,1,320.0,238.0,230.66305452707806,-0.41042257791510756
15.533533573150635,1.4850000143051147,-89.07811587751375,-53.485949423885,0.33103848155653925,-0.4103012479337442,1,320.0,238.0,230.92188412248623,-0.4103012479337442
15.543481349945068,1.4720001220703125,-88.81928628210557,-52.99360024467789,0.33100954033555635,-0.40986607776981926,1,320.0,238.0,231.18071371789443,-0.40986607776981926
15.554068088531494,1.4720001220703125,-88.56045668669738,-52.665768782606264,0.3307698867675782,-0.40974733605651714,1,320.0,240.0,231.43954331330264,-0.40974733605651714
15.564699411392212,1.4510000944137573,-87.43690119305103,-51.41524617059554,0.3292130103345924,-0.40689890535787016,1,320.0,240.0,232.56309880694897,-0.40689890535787016
15.573744535446167,1.4510000944137573,-87.1721402846852,-51.08295671939041,0.32897362747020276,-0.4067778759194442,1,320.0,240.0,232.8278597153148,-0.4067778759194442
15.583187580108643,1.437000036239624,-86.90737937631937,-50.56384211909552,0.329010916380195,-0.40636640800246526,1,320.0,240.0,233.09262062368063,-0.40636640800246526
15.593875169754028,1.437000036239624,-86.64261846795354,-50.23155266789039,0.3287749084813755,-0.4062482909494335,1,320.0,241.0,233.35738153204647,-0.4062482909494335
15.60312533378601,1.4170000553131104,-85.60586145638356,-49.07368458179792,0.3275763689862416,-0.40380295806301236,1,320.0,241.0,234.39413854361644,-0.40380295806301236
15.614040613174438,1.4170000553131104,-85.33580507176478,-48.737612358741174,0.3273412971576475,-0.4036833200509869,1,320.0,241.0,234.66419492823522,-0.4036833200509869
15.6231107711792,1.4030001163482666,-85.065748687146,-48.204414840335104,0.32742605041307954,-0.4033175548901981,1,320.0,241.0,234.934251312854,-0.4033175548901981
15.63390064239502,1.4030001163482666,-84.79569230252721,-47.86834261727836,0.32719437967048387,-0.40320088748192057,1,320.0,242.0,235.20430769747279,-0.40320088748192057
15.643059968948364,1.3830000162124634,-83.83919990774655,-46.78147044586467,0.32632921348881916,-0.4010969755307875,1,320.0,242.0,236.16080009225345,-0.4010969755307875
15.65375804901123,1.3830000162124634,-83.564434783475,-46.442233429547,0.3260993305480552,-0.4009797045737763,1,320.0,242.0,236.435565216525,-0.4009797045737763
15.663472652435303,1.3690000772476196,-83.28966965920344,-45.89469317006572,0.32622949600738593,-0.4006576449198152,1,320.0,242.0,236.71033034079656,-0.4006576449198152
15.673236846923828,1.3690000772476196,-83.01490453493189,-45.555456153748054,0.32600303219823124,-0.4005433963624007,1,320.0,243.0,236.98509546506813,-0.4005433963624007
15.683488368988037,1.349000096321106,-82.13257809374032,-44.53111431928771,0.3254333829651745,-0.3987464121231605,1,320.0,243.0,237.86742190625966,-0.3987464121231605
15.69406771659851,1.349000096321106,-81.85364516934476,-44.18927728065857,0.32520944720237316,-0.39863237851123556,1,320.0,243.0,238.14635483065524,-0.39863237851123556
15.703408002853394,1.3360000848770142,-81.5747122449492,-43.642900750231604,0.32535465097088034,-0.39836398710951026,1,320.0,243.0,238.42528775505082,-0.39836398710951026
15.714566946029663,1.3360000848770142,-81.29577932055363,-43.30106371160247,0.3251338267731397,-0.3982527428300213,1,320.0,245.0,238.70422067944637,-0.3982527428300213
15.723369359970093,1.3160001039505005,-80.38091956750544,-42.33167969497796,0.3248241937638889,-0.39650559111101985,1,320.0,245.0,239.61908043249457,-0.39650559111101985
15.733958959579468,1.3160001039505005,-80.09762415983782,-41.9877579694317,0.3246065352370464,-0.3963945684651541,1,320.0,245.0,239.90237584016216,-0.3963945684651541
15.743219137191772,1.3030000925064087,-79.8143287521702,-41.42738390808993,0.32479060114769187,-0.39616624457443056,1,320.0,245.0,240.18567124782982,-0.39616624457443056
15.754563808441162,1.3030000925064087,-79.53103334450257,-41.08346218254367,0.32457605716353705,-0.39605805488588364,1,320.0,246.0,240.4689666554974,-0.39605805488588364
15.76347541809082,1.283000111579895,-78.6890604560833,-40.26230509606292,0.32471087739442006,-0.39459244493500656,1,320.0,246.0,241.3109395439167,-0.39459244493500656
15.774293184280396,1.283000111579895,-78.40193242973575,-39.91746104286183,0.3245007406538502,-0.3944852265569833,1,320.0,246.0,241.59806757026425,-0.3944852265569833
15.783414602279663,1.2700001001358032,-78.1148044033882,-39.34317991429744,0.324719375606355,-0.39429525104283286,1,320.0,246.0,241.8851955966118,-0.39429525104283286
15.794285774230957,1.2700001001358032,-77.82767637704066,-38.99833586109635,0.32451234315465055,-0.394190903948359,1,320.0,247.0,242.17232362295934,-0.394190903948359
15.80340313911438,1.2510000467300415,-77.05291768661655,-38.326692240645976,0.324986130155566,-0.39298169656489873,1,320.0,247.0,242.94708231338345,-0.39298169656489873
15.814032793045044,1.2510000467300415,-76.76244438804899,-37.98197419521401,0.3247842198486307,-0.3928786947706827,1,320.0,247.0,243.237555611951,-0.3928786947706827
15.823121786117554,1.2380000352859497,-76.47197108948143,-37.39407893992505,0.32503301278258606,-0.39272515981859873,1,320.0,247.0,243.52802891051857,-0.39272515981859873
15.833931922912598,1.2380000352859497,-76.18149779091387,-37.049360894493084,0.3248341848942353,-0.3926250627606926,1,320.0,247.0,243.81850220908615,-0.3926250627606926
15.843384742736816,1.2190001010894775,-75.56967102158804,-36.29227897321806,0.32522076359266977,-0.3918345385638948,1,320.0,247.0,244.43032897841198,-0.3918345385638948
15.8538658618927,1.2190001010894775,-75.27699313284936,-35.947243891013066,0.3250266041995215,-0.3917370186220043,1,320.0,247.0,244.72300686715064,-0.3917370186220043
15.864235639572144,1.2070000171661377,-74.98431524411068,-35.364106134244324,0.3252711144969113,-0.39161728139425966,1,320.0,247.0,245.0156847558893,-0.39161728139425966
15.874362707138062,1.2070000171661377,-74.691637355372,-35.01907105203933,0.3250797032944475,-0.3915223955779304,1,320.0,248.0,245.308362644628,-0.3915223955779304
15.883517742156982,1.1880000829696655,-74.12708600540789,-34.38350187826879,0.3257829913718307,-0.3908954472588842,1,320.0,248.0,245.87291399459212,-0.3908954472588842
15.893024921417236,1.1880000829696655,-73.83254296262461,-34.03913792127426,0.3255971276477286,-0.39080355043545506,1,320.0,248.0,246.16745703737539,-0.39080355043545506
15.903467655181885,1.1750000715255737,-73.53799991984134,-33.42067512725056,0.3259064708931594,-0.3907124826886683,1,320.0,248.0,246.46200008015865,-0.3907124826886683
15.913443803787231,1.1750000715255737,-73.24345687705807,-33.076311170256034,0.32572363966431267,-0.3906235312990378,1,320.0,249.0,246.75654312294193,-0.3906235312990378
15.923773527145386,1.1570000648498535,-72.72231004615035,-32.734973903377806,0.3268725160860344,-0.3901419407210563,1,320.0,249.0,247.27768995384963,-0.3901419407210563
15.933370590209961,1.1570000648498535,-72.42621240983587,-32.39286119735144,0.32669633730778513,-0.3900560438734106,1,320.0,249.0,247.57378759016413,-0.3900560438734106
15.943293809890747,1.1450001001358032,-72.13011477352138,-32.05074849132508,0.3271613726096583,-0.38999243434412956,1,320.0,249.0,247.86988522647863,-0.38999243434412956
15.953955173492432,1.1450001001358032,-71.8340171372069,-31.708635785298718,0.3269882728336914,-0.3899092023647625,1,320.0,249.0,248.1659828627931,-0.3899092023647625
15.96325945854187,1.1260000467300415,-71.53791950089241,-31.366523079272355,0.327843734196329,-0.38987276967371076,1,320.0,250.0,248.46208049910757,-0.38987276967371076
15.973748683929443,1.1260000467300415,-71.08286535408116,-31.399959816473853,0.32831480478378716,-0.3895239381026503,1,320.0,250.0,248.91713464591885,-0.3895239381026503
15.983337879180908,1.1140000820159912,-70.78567767342682,-31.060422440917755,0.3287947301626329,-0.3894862119031676,1,320.0,250.0,249.21432232657318,-0.3894862119031676
15.993990659713745,1.1140000820159912,-70.48848999277247,-30.720885065361657,0.328632335513792,-0.38940947137786086,1,320.0,250.0,249.5115100072275,-0.38940947137786086
16.003295421600342,1.096000075340271,-70.14213017366328,-30.71142833825489,0.3299849244301878,-0.3893265708658484,1,320.0,250.0,249.85786982633672,-0.3893265708658484
16.013970851898193,1.096000075340271,-69.84460534541739,-30.3741541527721,0.3298294702214588,-0.38925401295381634,1,320.0,250.0,250.1553946545826,-0.38925401295381634
16.023139715194702,1.0840001106262207,-69.54708051717151,-30.03687996728931,0.3303248881829125,-0.38923901810249684,1,320.0,250.0,250.4529194828285,-0.38923901810249684
16.033746242523193,1.0840001106262207,-69.24955568892562,-29.699605781806518,0.3301724694299519,-0.38916913790342056,1,320.0,251.0,250.75044431107438,-0.38916913790342056
16.04343032836914,1.0670000314712524,-68.9268984256477,-29.795418811310626,0.33162099531037914,-0.38915239018353875,1,320.0,251.0,251.07310157435228,-0.38915239018353875
16.053821563720703,1.0670000314712524,-68.62920125265926,-29.461114505367362,0.3314756364301463,-0.3890865396789644,1,320.0,251.0,251.37079874734076,-0.3890865396789644
16.06356167793274,1.0550000667572021,-68.33150407967081,-29.1268101994241,0.3319831653675973,-0.38909335588365007,1,320.0,251.0,251.66849592032918,-0.38909335588365007
16.073197603225708,1.0550000667572021,-68.03380690668236,-28.792505893480836,0.33184081521432185,-0.38903018464312805,1,320.0,251.0,251.96619309331766,-0.38903018464312805
16.083719730377197,1.0380001068115234,-67.83345346763927,-28.982855431922275,0.3334019757516847,-0.389222576043483,1,320.0,251.0,252.1665465323607,-0.389222576043483
16.09320378303528,1.0380001068115234,-67.53642390329105,-28.652149338472455,0.3332670340620931,-0.3891640787419923,1,320.0,251.0,252.46357609670895,-0.3891640787419923
16.103753805160522,1.0260000228881836,-67.23939433894283,-28.321443245022635,0.3337838618364305,-0.38918935244610636,1,320.0,251.0,252.76060566105718,-0.38918935244610636
16.113537073135376,1.0260000228881836,-66.94236477459461,-27.990737151572816,0.33365189652943394,-0.38913352843562266,1,320.0,252.0,253.0576352254054,-0.38913352843562266
16.124126434326172,1.0090000629425049,-66.75192941144986,-28.36646249724891,0.33543191623585905,-0.3893541147256218,1,320.0,252.0,253.24807058855015,-0.3893541147256218
16.13361644744873,1.0090000629425049,-66.45563096570196,-28.040601743969255,0.33530811399454524,-0.38930298224453497,1,320.0,252.0,253.54436903429803,-0.38930298224453497
16.143383979797363,0.9980000257492065,-66.15933251995405,-27.7147409906896,0.3357750798818793,-0.389338473678262,1,320.0,252.0,253.84066748004597,-0.389338473678262
16.15380024909973,0.9980000257492065,-65.86303407420614,-27.388880237409943,0.33565388453871153,-0.3892897115957614,1,320.0,252.0,254.13696592579385,-0.3892897115957614
16.16372799873352,0.9810000658035278,-65.56673562845823,-27.063019484130287,0.33645703509558017,-0.38938513861355983,1,320.0,253.0,254.43326437154178,-0.38938513861355983
16.173951864242554,0.9810000658035278,-65.41830172424734,-27.45282114735714,0.3372757761238524,-0.3895337843878449,1,320.0,253.0,254.58169827575267,-0.3895337843878449
16.1853187084198,0.9700000286102295,-65.12301712484216,-27.131867396906294,0.33721520521467646,-0.38949813570688174,1,320.0,253.0,254.87698287515784,-0.38949813570688174
16.195850610733032,0.9700000286102295,-64.82773252543699,-26.810913646455447,0.3371013637849297,-0.38945364069795546,1,320.0,253.0,255.172267474563,-0.38945364069795546
16.203827381134033,0.9540000557899475,-64.53244792603181,-26.4899598960046,0.33698704092455734,-0.3894087027621301,1,320.0,253.0,255.4675520739682,-0.3894087027621301
16.215474843978882,0.9540000557899475,-64.4909403753052,-26.94138125899351,0.33787933172480294,-0.3896942202097567,1,320.0,253.0,255.5090596246948,-0.3896942202097567
16.22354292869568,0.9430000185966492,-64.19739498141179,-26.625720812493682,0.3377677532917017,-0.38964961451316,1,320.0,253.0,255.80260501858822,-0.38964961451316
16.233285188674927,0.9430000185966492,-63.90384958751839,-26.310060365993856,0.3376557013679308,-0.3896045684984724,1,320.0,253.0,256.0961504124816,-0.3896045684984724
16.243542432785034,0.9270000457763672,-63.610304193624984,-25.99439991949403,0.33754317595349015,-0.389559082165694,1,320.0,254.0,256.389695806375,-0.389559082165694
16.253159999847412,0.9270000457763672,-63.56187089375606,-26.39730679066284,0.3383669017084981,-0.3898326837445679,1,320.0,254.0,256.43812910624393,-0.3898326837445679
16.26350164413452,0.9160000681877136,-63.27000472283324,-26.086569131635187,0.33825687748586225,-0.3897874929896093,1,320.0,254.0,256.7299952771668,-0.3897874929896093
16.275046348571777,0.9160000681877136,-62.978138551910426,-25.775831472607535,0.3381463871567379,-0.38974186443539416,1,320.0,254.0,257.02186144808957,-0.38974186443539416
16.28342866897583,0.9010000228881836,-62.68627238098761,-25.465093813579884,0.33803543072112496,-0.3896957980819227,1,320.0,255.0,257.3137276190124,-0.3896957980819227
16.294023990631104,0.9010000228881836,-62.63117978676979,-25.925435115288707,0.3389290263527472,-0.38995790272253916,1,320.0,255.0,257.3688202132302,-0.38995790272253916
16.30324387550354,0.89000004529953,-62.34093530181498,-25.6199786533788,0.33882083721901046,-0.3899120967727136,1,320.0,255.0,257.65906469818503,-0.3899120967727136
16.3148353099823,0.89000004529953,-62.05069081686017,-25.314522191468896,0.33871218990058094,-0.38986585545616054,1,320.0,255.0,257.9493091831398,-0.38986585545616054
16.323222398757935,0.8750000596046448,-61.76044633190536,-25.00906572955899,0.3386030843974585,-0.3898191787728802,1,320.0,254.0,258.23955366809463,-0.3898191787728802
16.33410358428955,0.8750000596046448,-61.903194996033,-25.519737583209285,0.33955714221323,-0.39033636625211204,1,320.0,254.0,258.096805003967,-0.39033636625211204
16.34333062171936,0.8640000224113464,-61.61591562214449,-25.219869918963077,0.3394510355392703,-0.39029089602607875,1,320.0,254.0,258.3840843778555,-0.39029089602607875
16.354697465896606,0.8640000224113464,-61.32863624825598,-24.92000225471687,0.3393444790638142,-0.39024499488098463,1,320.0,254.0,258.671363751744,-0.39024499488098463
16.36349654197693,0.8490000367164612,-61.04135687436747,-24.620134590470663,0.33923747278686167,-0.39019866281682963,1,320.0,255.0,258.95864312563253,-0.39019866281682963
16.373964548110962,0.8490000367164612,-61.1576942411003,-25.174664217442597,0.34024344105436927,-0.3906778807912579,1,320.0,255.0,258.84230575889967,-0.3906778807912579
16.383176803588867,0.8390000462532043,-60.87317852968708,-24.880646820281683,0.3401396336739625,-0.3906326230175741,1,320.0,255.0,259.1268214703129,-0.3906326230175741
16.394719123840332,0.8390000462532043,-60.58866281827386,-24.58662942312077,0.3400353852674599,-0.39058693847032316,1,320.0,255.0,259.41133718172614,-0.39058693847032316
16.403430461883545,0.8240000605583191,-60.30414710686064,-24.292612025959855,0.3399306958348616,-0.3905408271495051,1,320.0,256.0,259.6958528931394,-0.3905408271495051
16.4143328666687,0.8240000605583191,-60.39590607267753,-24.885093549124278,0.3409807890632303,-0.3909846240234001,1,320.0,256.0,259.6040939273225,-0.3909846240234001
16.42323875427246,0.8140000104904175,-60.1139666838576,-24.597145939104415,0.3408794699293295,-0.3909394640667923,1,320.0,256.0,259.8860333161424,-0.3909394640667923
16.43523597717285,0.8140000104904175,-59.83202729503766,-24.309198329084552,0.34077771887401354,-0.3908938812011013,1,320.0,256.0,260.1679727049623,-0.3908938812011013
16.443279504776,0.800000011920929,-59.550087906217726,-24.02125071906469,0.3406755358972826,-0.39084787542632704,1,320.0,257.0,260.44991209378225,-0.39084787542632704
16.453799962997437,0.800000011920929,-59.618946485648685,-24.54460755995528,0.3416301533513277,-0.39125858088083343,1,320.0,257.0,260.3810535143513,-0.39125858088083343
16.463318347930908,0.7900000214576721,-59.339408971134176,-24.262214860427733,0.34149460485555444,-0.39112440287386646,1,320.0,257.0,260.66059102886584,-0.39112440287386646
16.475130081176758,0.7900000214576721,-59.05987145661967,-23.979822160900184,0.34135905635978125,-0.3909902248668995,1,320.0,257.0,260.94012854338035,-0.3909902248668995
16.483136653900146,0.7760000228881836,-58.78033394210516,-23.697429461372636,0.341223507864008,-0.3908560468599325,1,320.0,258.0,261.21966605789487,-0.3908560468599325
16.49381113052368,0.7760000228881836,-58.827833782652526,-24.156794854504852,0.3420534686701443,-0.39114755697353853,1,320.0,258.0,261.17216621734747,-0.39114755697353853
16.50328302383423,0.7660000324249268,-58.550535519722544,-23.87948103345591,0.3419203580360408,-0.39101445380733213,1,320.0,258.0,261.44946448027747,-0.39101445380733213
16.51494312286377,0.7660000324249268,-58.27323725679256,-23.602167212406968,0.34178724740193733,-0.3908813506411257,1,320.0,258.0,261.7267627432074,-0.3908813506411257
16.52326989173889,0.7520000338554382,-57.99593899386258,-23.324853391358026,0.34165413676783385,-0.3907482474749193,1,320.0,259.0,262.0040610061374,-0.3907482474749193
16.534001350402832,0.7520000338554382,-58.023500917959765,-23.72495139363317,0.3424028088819974,-0.391011978914042,1,320.0,259.0,261.9764990820402,-0.391011978914042
16.543368577957153,0.7420000433921814,-57.74829016932608,-23.45227611485982,0.3422719247481862,-0.3908798777546978,1,320.0,259.0,262.2517098306739,-0.3908798777546978
16.55480694770813,0.7420000433921814,-57.4730794206924,-23.179600836086472,0.342141040614375,-0.39074777659535365,1,320.0,259.0,262.5269205793076,-0.39074777659535365
16.563661575317383,0.7280000448226929,-57.19786867205872,-22.906925557313123,0.34201015648056377,-0.3906156754360095,1,320.0,260.0,262.8021313279413,-0.3906156754360095
16.573095321655273,0.7280000448226929,-57.20680580048707,-23.25211359936508,0.3426835777118777,-0.39085346459756126,1,320.0,260.0,262.7931941995129,-0.39085346459756126
16.58338499069214,0.718000054359436,-56.933540879685935,-22.98366941201781,0.342554724501951,-0.39072229743557674,1,320.0,260.0,263.06645912031405,-0.39072229743557674
16.59532380104065,0.718000054359436,-56.6602759588848,-22.71522522467054,0.3424258712920243,-0.39059113027359216,1,320.0,260.0,263.3397240411152,-0.39059113027359216
16.603710889816284,0.7040000557899475,-56.38701103808367,-22.44678103732327,0.3422970180820976,-0.39045996311160763,1,320.0,261.0,263.61298896191636,-0.39045996311160763
16.613113164901733,0.7040000557899475,-56.3785399376297,-22.8424238055619,0.34303268838974704,-0.39067351057332317,1,320.0,261.0,263.6214600623703,-0.39067351057332317
16.62365174293518,0.6950000524520874,-56.107088463411344,-22.578527633038753,0.3429060182269359,-0.39054321386569835,1,320.0,261.0,263.89291153658866,-0.39054321386569835
16.633391618728638,0.6950000524520874,-55.83563698919299,-22.314631460515606,0.3427793480641248,-0.3904129171580736,1,320.0,261.0,264.164363010807,-0.3904129171580736
16.643808364868164,0.6810000538825989,-55.56418551497464,-22.05073528799246,0.3426526779013137,-0.39028262045044876,1,320.0,263.0,264.4358144850254,-0.39028262045044876
16.65335512161255,0.6810000538825989,-55.43815474277777,-22.288105509154946,0.34317860633799563,-0.39034164692042367,1,320.0,263.0,264.5618452572222,-0.39034164692042367
16.664153337478638,0.6720000505447388,-55.167699278898,-22.027642592719495,0.3430535841381066,-0.39021182829776135,1,320.0,263.0,264.832300721102,-0.39021182829776135
16.675694465637207,0.6720000505447388,-54.89724381501823,-21.767179676284044,0.3429285619382176,-0.3900820096750991,1,320.0,263.0,265.1027561849818,-0.3900820096750991
16.683905124664307,0.6580000519752502,-54.62678835113846,-21.506716759848594,0.34280353973832856,-0.3899521910524368,1,320.0,265.0,265.37321164886157,-0.3899521910524368
16.693630933761597,0.6580000519752502,-54.394114274130146,-21.599889872594886,0.343138944914433,-0.38987156307604115,1,320.0,265.0,265.6058857258698,-0.38987156307604115
16.703312635421753,0.6490000486373901,-54.12391760675511,-21.341849306842654,0.3430150854428719,-0.3897418686757011,1,320.0,265.0,265.8760823932449,-0.3897418686757011
16.714654207229614,0.6490000486373901,-53.85372093938007,-21.083808741090422,0.34289122597131083,-0.3896121742753611,1,320.0,265.0,266.1462790606199,-0.3896121742753611
16.72358751296997,0.6490000486373901,-53.58352427200503,-20.82576817533819,0.34276736649974976,-0.38948247987502105,1,320.0,267.0,266.41647572799496,-0.38948247987502105
16.733153581619263,0.6350000500679016,-53.25427918462459,-20.88893682567064,0.3430617419879815,-0.3892759006521725,1,320.0,267.0,266.7457208153754,-0.3892759006521725
16.74381971359253,0.6350000500679016,-52.98367800407534,-20.63309671438568,0.3429389387345647,-0.38914601208550886,1,320.0,267.0,267.01632199592467,-0.38914601208550886
16.75387144088745,0.6260000467300415,-52.71307682352608,-20.37725660310072,0.3428161354811479,-0.3890161235188452,1,320.0,267.0,267.2869231764739,-0.3890161235188452
16.764159440994263,0.6260000467300415,-52.442475642976824,-20.121416491815758,0.34269333222773113,-0.38888623495218155,1,320.0,269.0,267.55752435702317,-0.38888623495218155
16.773750066757202,0.6130000352859497,-52.02595549285997,-20.05561145744567,0.34281798259355806,-0.3885663384263453,1,320.0,269.0,267.97404450714004,-0.3885663384263453
16.78341507911682,0.6130000352859497,-51.75435458852922,-19.80107331934675,0.34269580428727053,-0.38843596999226654,1,320.0,269.0,268.2456454114708,-0.38843596999226654
16.793957233428955,0.6040000319480896,-51.482753684198464,-19.546535181247826,0.34257362598098307,-0.3883056015581878,1,320.0,269.0,268.5172463158015,-0.3883056015581878
16.8038649559021,0.6040000319480896,-51.21115277986771,-19.291997043148903,0.3424514476746956,-0.388175233124109,1,320.0,271.0,268.7888472201323,-0.388175233124109
16.813637018203735,0.5900000333786011,-50.71593775920794,-19.109059319546922,0.3424225094842823,-0.38775366796632255,1,320.0,271.0,269.2840622407921,-0.38775366796632255
16.82344961166382,0.5900000333786011,-50.44280467197827,-18.855011780755632,0.3423005666656625,-0.38762256408445234,1,320.0,271.0,269.55719532802175,-0.38762256408445234
16.834009170532227,0.5820000171661377,-50.169671584748606,-18.60096424196434,0.3421786238470427,-0.38749146020258207,1,320.0,271.0,269.8303284152514,-0.38749146020258207
16.84397840499878,0.5820000171661377,-49.89653849751894,-18.34691670317305,0.34205668102842285,-0.38736035632071186,1,320.0,274.0,270.1034615024811,-0.38736035632071186
16.853482961654663,0.5690000057220459,-49.22944144514389,-17.956687616210097,0.34175738791066945,-0.3867161900746341,1,320.0,274.0,270.7705585548561,-0.3867161900746341
16.86422061920166,0.5690000057220459,-48.953608694073075,-17.701706884452044,0.3416349971594256,-0.3865837903541201,1,320.0,274.0,271.04639130592693,-0.3865837903541201
16.874057292938232,0.5600000023841858,-48.67777594300226,-17.44672615269399,0.3415126064081817,-0.3864513906336061,1,320.0,274.0,271.32222405699775,-0.3864513906336061
16.88373899459839,0.5600000023841858,-48.401943191931444,-17.191745420935938,0.34139021565693783,-0.38631899091309213,1,320.0,277.0,271.5980568080686,-0.38631899091309213
16.893237590789795,0.5470000505447388,-47.58004899435702,-16.614123546999494,0.34084762235198685,-0.3854754096837582,1,320.0,277.0,272.419951005643,-0.3854754096837582
16.90406060218811,0.5470000505447388,-47.300473976498715,-16.35693169186259,0.34072417026152113,-0.3853412136751862,1,320.0,277.0,272.6995260235013,-0.3853412136751862
16.914016008377075,0.5390000343322754,-47.02089895864041,-16.09973983672569,0.3406007181710554,-0.3852070176666142,1,320.0,277.0,272.97910104135957,-0.3852070176666142
16.924240589141846,0.5390000343322754,-46.7413239407821,-15.842547981588787,0.3404772660805897,-0.38507282165804224,1,320.0,280.0,273.2586760592179,-0.38507282165804224
16.933821439743042,0.5260000228881836,-45.78040711170927,-15.095922531263149,0.33971634846544646,-0.3840512081950082,1,320.0,280.0,274.2195928882907,-0.3840512081950082
16.94366145133972,0.5260000228881836,-45.496162315641975,-14.83537619780136,0.3395912862253848,-0.3839147706928959,1,320.0,280.0,274.503837684358,-0.3839147706928959
16.953832626342773,0.5180000066757202,-45.211917519574676,-14.57482986433957,0.33946622398532317,-0.38377833319078364,1,320.0,280.0,274.7880824804253,-0.38377833319078364
16.96418285369873,0.5180000066757202,-44.92767272350738,-14.31428353087778,0.3393411617452615,-0.3836418956886713,1,320.0,284.0,275.0723272764926,-0.3836418956886713
16.973669052124023,0.5049999952316284,-43.741236643284125,-13.415643514585582,0.3383849676444895,-0.38233033305855096,1,320.0,284.0,276.25876335671586,-0.38233033305855096
16.98310875892639,0.5049999952316284,-43.450807902953386,-13.150723457015864,0.338257806016856,-0.3821909272631922,1,320.0,284.0,276.5491920970466,-0.3821909272631922
16.99442720413208,0.4970000088214874,-43.16037916262265,-12.885803399446146,0.3381306443892226,-0.38205152146783344,1,320.0,284.0,276.83962083737737,-0.38205152146783344
17.003613233566284,0.4970000088214874,-42.86995042229191,-12.620883341876429,0.3380034827615891,-0.3819121156724747,1,320.0,289.0,277.13004957770806,-0.3819121156724747
17.013145446777344,0.48500001430511475,-41.38013258686804,-11.3838292690088,0.33661003256966576,-0.38021040193258326,1,320.0,289.0,278.61986741313194,-0.38021040193258326
17.024261713027954,0.48500001430511475,-41.08148217004656,-11.112245342797856,0.3364796722850845,-0.38006704973250893,1,320.0,289.0,278.91851782995343,-0.38006704973250893
17.03497576713562,0.47700002789497375,-40.78283175322509,-10.840661416586912,0.3363493120005032,-0.3799236975324346,1,320.0,289.0,279.2171682467749,-0.3799236975324346
17.04462194442749,0.47700002789497375,-40.484181336403616,-10.569077490375967,0.336218951715922,-0.3797803453323603,1,320.0,294.0,279.5158186635964,-0.3797803453323603
17.05321979522705,0.4650000333786011,-38.72212548982042,-9.128614880341942,0.3345659574822793,-0.37773069539631554,1,320.0,294.0,281.2778745101796,-0.37773069539631554
17.06419038772583,0.4650000333786011,-38.41344288025157,-8.849017852624112,0.3344317509089747,-0.3775825277437225,1,320.0,294.0,281.5865571197484,-0.3775825277437225
17.074281692504883,0.4570000171661377,-38.104760270682725,-8.569420824906281,0.33429754433567016,-0.37743436009112946,1,320.0,294.0,281.89523972931727,-0.37743436009112946
17.083386659622192,0.4570000171661377,-37.79607766111388,-8.28982379718845,0.3341633377623656,-0.3772861924385364,1,320.0,300.0,282.2039223388861,-0.3772861924385364
17.09381866455078,0.445000022649765,-35.68951036368241,-6.46554144000897,0.33201687125539925,-0.3747959223177398,1,320.0,300.0,284.3104896363176,-0.3747959223177398
17.10334324836731,0.445000022649765,-35.36850177229665,-6.175354320828468,0.3318775814381926,-0.3746418381938746,1,320.0,300.0,284.63149822770333,-0.3746418381938746
17.114311933517456,0.43700000643730164,-35.0474931809109,-5.885167201647967,0.331738291620986,-0.37448775407000945,1,320.0,300.0,284.9525068190891,-0.37448775407000945
17.123897552490234,0.43700000643730164,-34.72648458952514,-5.594980082467465,0.3315990018037793,-0.37433366994614425,1,320.0,306.0,285.27351541047483,-0.37433366994614425
17.133540153503418,0.42500001192092896,-32.31167135311076,-3.426314463823438,0.32901252721191854,-0.37145188526575024,1,320.0,306.0,287.68832864688926,-0.37145188526575024
17.142961502075195,0.42500001192092896,-31.976307142334043,-3.123248052185339,0.32886705533433225,-0.3712909104445774,1,320.0,306.0,288.02369285766594,-0.3712909104445774
17.1534206867218,0.41700002551078796,-31.640942931557326,-2.82018164054724,0.32872158345674596,-0.37112993562340457,1,320.0,306.0,288.35905706844267,-0.37112993562340457
17.164044618606567,0.41700002551078796,-31.30557872078061,-2.517115228909141,0.32857611157915967,-0.37096896080223174,1,320.0,314.0,288.6944212792194,-0.37096896080223174
17.173490524291992,0.4050000309944153,-28.413955316374885,0.06053195612322426,0.3254673309561141,-0.3674777084579452,1,320.0,314.0,291.5860446836251,-0.3674777084579452
17.18393611907959,0.4050000309944153,-28.06106382968007,0.37919428421323786,0.32531437303863087,-0.3673083205443317,1,320.0,314.0,291.93893617031995,-0.3673083205443317
17.193562269210815,0.3970000147819519,-27.708172342985254,0.6978566123032515,0.32516141512114766,-0.3671389326307182,1,320.0,314.0,292.2918276570147,-0.3671389326307182
17.203182458877563,0.3970000147819519,-27.355280856290438,1.016518940393265,0.32500845720366445,-0.3669695447171047,1,320.0,323.0,292.64471914370955,-0.3669695447171047
17.21363115310669,0.38600000739097595,-23.936155694534055,4.060824252550965,0.3213044385377984,-0.3628053628732049,1,320.0,323.0,296.0638443054659,-0.3628053628732049
17.223873138427734,0.38600000739097595,-23.562239193120433,4.398176181607898,0.32114250961185103,-0.36262588295252635,1,320.0,323.0,296.43776080687957,-0.36262588295252635
17.233468055725098,0.37800002098083496,-23.188322691706812,4.735528110664831,0.32098058068590374,-0.36244640303184783,1,320.0,323.0,296.8116773082932,-0.36244640303184783
17.243165016174316,0.37800002098083496,-22.81440619029319,5.072880039721763,0.3208186517599564,-0.36226692311116926,1,320.0,333.0,297.1855938097068,-0.36226692311116926
17.253559589385986,0.3660000264644623,-18.822938546204995,8.635135061711068,0.3164550904628081,-0.3573742411042489,1,320.0,333.0,301.177061453795,-0.3573742411042489
17.263038635253906,0.3660000264644623,-18.424215565310057,8.994600981489615,0.3162825468213144,-0.3571828540734194,1,320.0,333.0,301.5757844346899,-0.3571828540734194
17.27399778366089,0.359000027179718,-18.02549258441512,9.354066901268162,0.3161100031798207,-0.35699146704258977,1,320.0,333.0,301.97450741558487,-0.35699146704258977
17.28388476371765,0.359000027179718,-17.62676960352018,9.713532821046709,0.31593745953832697,-0.3568000800117602,1,320.0,345.0,302.3732303964798,-0.3568000800117602
17.293760538101196,0.34700000286102295,-12.922500824714586,13.940149346241377,0.310726390549673,-0.35099898085703524,1,320.0,345.0,307.0774991752854,-0.35099898085703524
17.303372383117676,0.34700000286102295,-12.494252425978829,14.326134374824594,0.31054111773595305,-0.3507934216256421,1,320.0,345.0,307.50574757402114,-0.3507934216256421
17.314297437667847,0.3400000035762787,-12.066004027243071,14.712119403407812,0.3103558449222331,-0.3505878623942489,1,320.0,345.0,307.9339959727569,-0.3505878623942489
17.32409691810608,0.3400000035762787,-11.637755628507314,15.098104431991029,0.3101705721085132,-0.35038230316285573,1,320.0,360.0,308.3622443714927,-0.35038230316285573
17.333723545074463,0.328000009059906,-5.993905372233576,20.120348509309018,0.30394456343331294,-0.3433811630873269,1,320.0,360.0,314.0060946277664,-0.3433811630873269
17.34323239326477,0.328000009059906,-5.529889540560173,20.538127967209633,0.3037440292935207,-0.34315843548812364,1,320.0,360.0,314.4701104594398,-0.34315843548812364
17.353752374649048,0.32100000977516174,-5.0658737088867705,20.955907425110247,0.30354349515372836,-0.3429357078889204,1,320.0,360.0,314.9341262911132,-0.3429357078889204
17.36374258995056,0.32100000977516174,-4.601857877213368,21.373686883010862,0.3033429610139361,-0.3427129802897172,1,320.0,377.0,315.3981421227866,-0.3427129802897172
17.373566150665283,0.3100000023841858,2.084073931215657,27.30883776518425,0.2959535167290492,-0.33438334970217287,1,320.0,377.0,322.08407393121564,-0.33438334970217287
17.38317084312439,0.3100000023841858,2.59075962388488,27.764455321930228,0.29573482030181114,-0.33414014056969166,1,320.0,377.0,322.5907596238849,-0.33414014056969166
17.393982410430908,0.3020000159740448,3.097445316554103,28.220072878676206,0.29551612387457304,-0.33389693143721044,1,320.0,377.0,323.0974453165541,-0.33389693143721044
17.403862953186035,0.3020000159740448,3.604131009223326,28.675690435422183,0.295297427447335,-0.33365372230472923,1,320.0,399.0,323.60413100922335,-0.33365372230472923
17.41344666481018,0.29100000858306885,11.72586650392672,35.83012222669309,0.28635029517637933,-0.32348823867459087,1,320.0,399.0,331.72586650392674,-0.32348823867459087
17.42408537864685,0.29100000858306885,12.284777618201616,36.33168149186528,0.2861095467290967,-0.3232199613397389,1,320.0,399.0,332.2847776182016,-0.3232199613397389
17.433603525161743,0.2840000092983246,12.843688732476512,36.83324075703747,0.28586879828181405,-0.32295168400488694,1,320.0,399.0,332.8436887324765,-0.32295168400488694
17.443251609802246,0.2840000092983246,13.402599846751407,37.33480002220966,0.2856280498345314,-0.322683406670035,1,320.0,426.0,333.4025998467514,-0.322683406670035
17.4539213180542,0.27300000190734863,23.313848083293788,45.983544229711484,0.2747715002509634,-0.3102290120747712,1,320.0,426.0,343.3138480832938,-0.3102290120747712
17.4634850025177,0.27300000190734863,23.936900826249712,46.540979764583405,0.2745039311942249,-0.30992994675815233,1,320.0,426.0,343.9369008262497,-0.30992994675815233
17.47326898574829,0.26600000262260437,24.559953569205636,47.098415299455326,0.27423636213748637,-0.3096308814415335,1,320.0,426.0,344.5599535692056,-0.3096308814415335
17.483844757080078,0.26600000262260437,25.18300631216156,47.65585083432724,0.27396879308074784,-0.30933181612491467,1,320.0,,345.1830063121616,-0.30933181612491467
17.49327540397644,0.2550000250339508,25.806059055117483,48.21328636919915,0.2737012240240093,-0.30903275080829584,1,320.0,,345.8060590551175,-0.30903275080829584
17.503760814666748,0.2550000250339508,26.429111798073407,48.770721904071074,0.2734336549672708,-0.308733685491677,1,320.0,,346.4291117980734,-0.308733685491677
17.51358437538147,0.24700000882148743,27.05216454102933,49.328157438942995,0.27316608591053226,-0.3084346201750581,1,320.0,,347.05216454102936,-0.3084346201750581
17.523643016815186,0.24700000882148743,27.675217283985255,49.88559297381491,0.2728985168537938,-0.3081355548584393,1,320.0,,347.67521728398526,-0.3081355548584393
17.533404111862183,0.23600001633167267,28.29827002694118,50.44302850868682,0.27263094779705527,-0.30783648954182047,1,320.0,,348.29827002694117,-0.30783648954182047
17.543910264968872,0.23600001633167267,28.921322769897102,51.00046404355874,0.27236337874031674,-0.3075374242252016,1,320.0,,348.9213227698971,-0.3075374242252016
17.553637742996216,0.2290000170469284,29.544375512853026,51.557899578430664,0.2720958096835782,-0.30723835890858275,1,320.0,,349.54437551285304,-0.30723835890858275
17.563485860824585,0.2290000170469284,30.16742825580895,52.11533511330258,0.2718282406268397,-0.3069392935919639,1,320.0,,350.16742825580894,-0.3069392935919639
17.573143005371094,0.21800000965595245,30.790480998764874,52.67277064817449,0.27156067157010116,-0.3066402282753451,1,320.0,,350.79048099876485,-0.3066402282753451
17.583670616149902,0.21800000965595245,31.413533741720798,53.23020618304641,0.27129310251336264,-0.30634116295872627,1,320.0,,351.4135337417208,-0.30634116295872627
17.593488454818726,0.2110000103712082,32.036586484676725,53.78764171791833,0.27102553345662417,-0.3060420976421074,1,320.0,,352.0365864846767,-0.3060420976421074
17.603924036026,0.2110000103712082,32.65963922763265,54.34507725279025,0.27075796439988564,-0.30574303232548855,1,320.0,,352.6596392276326,-0.30574303232548855
17.613938331604004,0.20000000298023224,33.28269197058858,54.90251278766216,0.2704903953431471,-0.3054439670088697,1,320.0,,353.2826919705886,-0.3054439670088697
17.623844146728516,0.20000000298023224,33.90574471354451,55.459948322534075,0.2702228262864086,-0.30514490169225084,1,320.0,,353.9057447135445,-0.30514490169225084
17.633548974990845,0.19200000166893005,34.528797456500435,56.01738385740599,0.26995525722967006,-0.304845836375632,1,320.0,,354.52879745650046,-0.304845836375632
