time,alt,pos_x_est,pos_y_est,vel_x_cmd,vel_y_cmd,target_visible,setpoint_x,raw_x,filtered_x,cmd_y
9.05362868309021,4.51200008392334,-103.34797846141792,-103.04261181455159,0.1506580551296,-0.14790389065970527,1,320.0,228.0,216.65202153858206,-0.14790389065970527
9.063785552978516,4.528000354766846,-102.19547160259407,-102.0640792006065,0.1484698699987706,-0.14531887153417247,1,320.0,228.0,217.80452839740593,-0.14531887153417247
9.073509931564331,4.528000354766846,-102.30375454439776,-102.18891640812133,0.14913061922982904,-0.1459603298370589,1,320.0,228.0,217.69624545560225,-0.1459603298370589
9.084320306777954,4.552000045776367,-102.41203748620146,-102.34127582727798,0.1498251569119534,-0.14660232955465435,1,320.0,228.0,217.58796251379854,-0.14660232955465435
9.093937635421753,4.552000045776367,-102.52032042800515,-102.46611303479281,0.15048729212614517,-0.1472448706869588,1,320.0,,217.47967957199484,-0.1472448706869588
9.103432655334473,4.567000389099121,-102.62860336980884,-102.60800000957455,0.15117059649593112,-0.14788795323397227,1,320.0,,217.37139663019116,-0.14788795323397227
9.11345911026001,4.567000389099121,-102.73688631161254,-102.73283721708938,0.15183406533103436,-0.14853157719569476,1,320.0,,217.26311368838748,-0.14853157719569476
9.125183820724487,4.587000370025635,-102.84516925341623,-102.88022718028796,0.15252533442277408,-0.14917574257212626,1,320.0,,217.15483074658377,-0.14917574257212626
9.133710622787476,4.587000370025635,-102.95345219521992,-103.00506438780278,0.15319016439373087,-0.1498204493632668,1,320.0,228.0,217.04654780478006,-0.1498204493632668
9.143200635910034,4.5980000495910645,-101.74914364860909,-102.06676377460838,0.15112886833971234,-0.14711958719214,1,320.0,228.0,218.2508563513909,-0.14711958719214
9.153829574584961,4.5980000495910645,-101.8486044022456,-102.18437263643791,0.15178092083708997,-0.147748183118515,1,320.0,228.0,218.1513955977544,-0.147748183118515
9.164037227630615,4.611999988555908,-101.9480651558821,-102.31757007143794,0.15245234560944718,-0.14837727634865824,1,320.0,228.0,218.0519348441179,-0.14837727634865824
9.173726081848145,4.611999988555908,-102.04752590951861,-102.43517893326748,0.15310565213830898,-0.14900686688256964,1,320.0,227.0,217.9524740904814,-0.14900686688256964
9.183542013168335,4.618000030517578,-101.09108541119868,-101.69852387050511,0.15157527348024077,-0.1469481415062526,1,320.0,227.0,218.90891458880134,-0.1469481415062526
9.1930992603302,4.618000030517578,-101.18346390380825,-101.81035830632413,0.15221852659475524,-0.14756491301690314,1,320.0,227.0,218.81653609619175,-0.14756491301690314
9.204269170761108,4.624000072479248,-101.27584239641781,-101.92882578354983,0.1528703316963438,-0.14818214642001673,1,320.0,227.0,218.72415760358217,-0.14818214642001673
9.213032245635986,4.624000072479248,-101.36822088902738,-102.04066021936885,0.15351473632042348,-0.14879984171559332,1,320.0,,218.63177911097262,-0.14879984171559332
9.223865985870361,4.625,-101.46059938163695,-102.15359834121958,0.15416103005835047,-0.149417998903633,1,320.0,,218.53940061836306,-0.149417998903633
9.233412265777588,4.625,-101.55297787424652,-102.2654327770386,0.15480655854521846,-0.15003661798413573,1,320.0,,218.44702212575348,-0.15003661798413573
9.244526624679565,4.624000072479248,-101.64535636685609,-102.3761635268259,0.15545131626259737,-0.15065569895710146,1,320.0,,218.3546436331439,-0.15065569895710146
9.25338888168335,4.624000072479248,-101.73773485946566,-102.48799796264493,0.1560979575753934,-0.1512752418225303,1,320.0,224.0,218.26226514053434,-0.1512752418225303
9.263790369033813,4.621000289916992,-101.11900948799462,-102.0491843582081,0.15535075255947078,-0.15008880409439232,1,320.0,224.0,218.88099051200538,-0.15008880409439232
9.274611711502075,4.621000289916992,-101.20664016895512,-102.15736442096517,0.15599135545688408,-0.1506999941123897,1,320.0,224.0,218.79335983104488,-0.1506999941123897
9.284615993499756,4.61400032043457,-101.29427084991562,-102.2577938657322,0.1566231597599332,-0.15131162228379189,1,320.0,224.0,218.70572915008438,-0.15131162228379189
9.293688535690308,4.61400032043457,-101.38190153087612,-102.36597392848927,0.15726480570488413,-0.1519236886085989,1,320.0,222.0,218.61809846912388,-0.1519236886085989
9.303320407867432,4.607000350952148,-101.0635754016538,-102.18964882298883,0.15719544066115604,-0.15150610667368977,1,320.0,222.0,218.9364245983462,-0.15150610667368977
9.313827753067017,4.607000350952148,-101.14850154033005,-102.29598526993968,0.15783452432384676,-0.15211376054780293,1,320.0,222.0,218.85149845966995,-0.15211376054780293
9.325619459152222,4.595000267028809,-101.2334276790063,-102.38893586084765,0.15845800971224056,-0.15272183905260944,1,320.0,222.0,218.7665723209937,-0.15272183905260944
9.33322286605835,4.595000267028809,-101.31835381768255,-102.4952723077985,0.15909808981012058,-0.15333034218810937,1,320.0,,218.68164618231745,-0.15333034218810937
9.34412145614624,4.585000038146973,-101.4032799563588,-102.59039823645269,0.15972519291568787,-0.15393926995430268,1,320.0,,218.5967200436412,-0.15393926995430268
9.35373830795288,4.585000038146973,-101.48820609503505,-102.69673468340353,0.16036628032544592,-0.15454862235118935,1,320.0,,218.51179390496495,-0.15454862235118935
9.364801406860352,4.568000316619873,-101.5731322337113,-102.78389726857719,0.1609847949139972,-0.1551583993787694,1,320.0,,218.4268677662887,-0.1551583993787694
9.373432397842407,4.568000316619873,-101.65805837238756,-102.89023371552804,0.16162684981891584,-0.15576860103704285,1,320.0,,218.34194162761244,-0.15576860103704285
9.383625268936157,4.556000232696533,-101.74298451106381,-102.9829460681975,0.16225301937246017,-0.15637922732600967,1,320.0,,218.2570154889362,-0.15637922732600967
9.39308786392212,4.556000232696533,-101.82791064974006,-103.08928251514835,0.16289606952137695,-0.15699027824566986,1,320.0,,218.17208935025994,-0.15699027824566986
9.405945062637329,4.5360002517700195,-101.91283678841631,-103.17274627350238,0.1635120897627693,-0.15760175379602342,1,320.0,,218.0871632115837,-0.15760175379602342
9.41350793838501,4.5360002517700195,-101.99776292709257,-103.27908272045323,0.16415608891271258,-0.15821365397707043,1,320.0,,218.00223707290743,-0.15821365397707043
9.423212766647339,4.522000312805176,-102.08268906576882,-103.36928354239208,0.16478117631675115,-0.15882597878881077,1,320.0,,217.91731093423118,-0.15882597878881077
9.43373990058899,4.522000312805176,-102.16761520444507,-103.47561998934293,0.1654261581530389,-0.1594387282312445,1,320.0,,217.83238479555493,-0.1594387282312445
9.443722009658813,4.5,-102.25254134312132,-103.55638965156702,0.16604086369596563,-0.1600519023043716,1,320.0,,217.74745865687868,-0.1600519023043716
9.453558206558228,4.5,-102.33746748179757,-103.66272609851787,0.16668678106279924,-0.1606655010081921,1,320.0,,217.66253251820243,-0.1606655010081921
9.46396279335022,4.485000133514404,-102.42239362047383,-103.75148192414824,0.16731204546317643,-0.16127952434270595,1,320.0,,217.57760637952617,-0.16127952434270595
9.473836898803711,4.485000133514404,-102.50731975915008,-103.85781837109909,0.16795893829137296,-0.1618939723079132,1,320.0,,217.49268024084992,-0.1618939723079132
9.48315167427063,4.461000442504883,-102.59224589782633,-103.93577087552882,0.16857216015106624,-0.16250884490381384,1,320.0,,217.40775410217367,-0.16250884490381384
9.493946075439453,4.461000442504883,-102.67717203650258,-104.04210732247967,0.16921997442401968,-0.16312414213040788,1,320.0,211.0,217.32282796349742,-0.16312414213040788
9.503077030181885,4.445000171661377,-103.76072898968968,-105.05215945657966,0.17215895663581543,-0.16624359705271238,1,320.0,211.0,216.23927101031032,-0.16624359705271238
9.513667345046997,4.445000171661377,-103.85215704303359,-105.16450419779848,0.172819592846267,-0.1668725715019402,1,320.0,211.0,216.14784295696643,-0.1668725715019402
9.52334976196289,4.420000076293945,-103.94358509637749,-105.24671860850526,0.17344448373215765,-0.1675020030914348,1,320.0,211.0,216.0564149036225,-0.1675020030914348
9.534013509750366,4.420000076293945,-104.0350131497214,-105.3590633497241,0.17410609273836888,-0.1681318918211961,1,320.0,210.0,215.9649868502786,-0.1681318918211961
9.543215990066528,4.404000282287598,-105.00236002664926,-106.25614373085747,0.17675576996242426,-0.1709525298348546,1,320.0,210.0,214.99763997335074,-0.1709525298348546
9.553873300552368,4.404000282287598,-105.09946212979922,-106.37369797231648,0.17742870354203666,-0.17159454966928356,1,320.0,210.0,214.90053787020076,-0.17159454966928356
9.56325364112854,4.379000186920166,-105.19656423294919,-106.46053517135705,0.17806521085674212,-0.17223705501422826,1,320.0,210.0,214.80343576705081,-0.17223705501422826
9.573344945907593,4.379000186920166,-105.29366633609915,-106.57808941281607,0.17873916639355703,-0.17288004586968872,1,320.0,208.0,214.70633366390086,-0.17288004586968872
9.583239555358887,4.361999988555908,-106.31761088883988,-107.53243561267378,0.1815300103164587,-0.17583738799690482,1,320.0,208.0,213.68238911116012,-0.17583738799690482
9.593802452087402,4.361999988555908,-106.42069809503727,-107.65552968565785,0.1822160008524679,-0.17649319613481687,1,320.0,208.0,213.57930190496273,-0.17649319613481687
9.603373527526855,4.337000370025635,-106.52378530123465,-107.74728833994577,0.18286484767931313,-0.17714951970875992,1,320.0,208.0,213.47621469876535,-0.17714951970875992
9.614017963409424,4.337000370025635,-106.62687250743204,-107.87038241292984,0.18355191247895866,-0.17780635871873396,1,320.0,206.0,213.37312749256796,-0.17780635871873396
9.623251676559448,4.320000171661377,-107.69853105928568,-108.87346908020241,0.18646255919341123,-0.1808798895789812,1,320.0,206.0,212.3014689407143,-0.1808798895789812
9.63398289680481,4.320000171661377,-107.8078635051967,-109.0023760300281,0.18716225941335224,-0.18155012783160043,1,320.0,206.0,212.1921364948033,-0.18155012783160043
9.643797636032104,4.295000076293945,-107.91719595110773,-109.09930908991102,0.18782407563066128,-0.1822209127464492,1,320.0,206.0,212.08280404889229,-0.1822209127464492
9.6546151638031,4.295000076293945,-108.02652839701875,-109.22821603973671,0.18852490505065078,-0.18289224432352752,1,320.0,203.0,211.97347160298125,-0.18289224432352752
9.663373947143555,4.279000282287598,-109.26545469333513,-110.27444313550693,0.19154120348712286,-0.1863817977848573,1,320.0,203.0,210.73454530666487,-0.1863817977848573
9.674502611160278,4.279000282287598,-109.38206971240756,-110.40939735386198,0.19225519553591822,-0.18706864615630625,1,320.0,203.0,210.61793028759246,-0.18706864615630625
9.683964490890503,4.254000186920166,-109.49868473147998,-110.51173602523328,0.19293056062168995,-0.18775607760285054,1,320.0,203.0,210.50131526852002,-0.18775607760285054
9.6941237449646,4.254000186920166,-109.61529975055241,-110.64669024358832,0.19364573913493396,-0.18844409212449023,1,320.0,202.0,210.38470024944758,-0.18844409212449023
9.703818321228027,4.236999988555908,-110.75016175321394,-111.60684641208104,0.19644995090059064,-0.19167390585387928,1,320.0,202.0,209.24983824678606,-0.19167390585387928
9.71347427368164,4.236999988555908,-110.87334791487352,-111.7472705810931,0.1971771962563106,-0.19237609598744515,1,320.0,202.0,209.12665208512647,-0.19237609598744515
9.723204374313354,4.213000297546387,-110.9965340765331,-111.85574179823271,0.19786664042586932,-0.19307890205181927,1,320.0,202.0,209.0034659234669,-0.19307890205181927
9.734120845794678,4.213000297546387,-111.11972023819267,-111.99616596724479,0.19859513025852002,-0.19378232404700174,1,320.0,200.0,208.88027976180734,-0.19378232404700174
9.7436363697052,4.197000026702881,-112.28916367593541,-112.88981928701536,0.20123375761850207,-0.19709998260857273,1,320.0,200.0,207.7108363240646,-0.19709998260857273
9.753229856491089,4.197000026702881,-112.4191142406845,-113.03525242742654,0.20197345364913266,-0.19781801885747505,1,320.0,200.0,207.5808857593155,-0.19781801885747505
9.763503074645996,4.173000335693359,-112.54906480543357,-113.14809436548086,0.20267460444662522,-0.19853670485920114,1,320.0,200.0,207.45093519456643,-0.19853670485920114
9.773957967758179,4.173000335693359,-112.67901537018265,-113.29352750589204,0.2034155918526481,-0.19925604061375093,1,320.0,198.0,207.32098462981736,-0.19925604061375093
9.783070087432861,4.1570000648498535,-113.8794336179308,-114.36153297390169,0.20649340262386406,-0.20265360734514426,1,320.0,198.0,206.1205663820692,-0.20265360734514426
9.793545722961426,4.1570000648498535,-114.01632252100991,-114.51308809703654,0.2072478342121111,-0.20338795564144424,1,320.0,198.0,205.9836774789901,-0.20338795564144424
9.803150415420532,4.133000373840332,-114.15321142408902,-114.63139445122864,0.20796295880939775,-0.20412298838225962,1,320.0,198.0,205.84678857591098,-0.20412298838225962
9.813876152038574,4.133000373840332,-114.29010032716813,-114.7829495743635,0.20871873970503138,-0.2048587055675904,1,320.0,196.0,205.70989967283185,-0.2048587055675904
9.824684619903564,4.117000102996826,-115.51833012431982,-115.88766310549542,0.21189224925220684,-0.2083291413409809,1,320.0,196.0,204.48166987568018,-0.2083291413409809
9.83328628540039,4.117000102996826,-115.66231386922986,-116.04556030360172,0.2126619536914524,-0.2090802334042191,1,320.0,196.0,204.33768613077012,-0.2090802334042191
9.843972444534302,4.094000339508057,-115.80629761413991,-116.17095284405599,0.2133932795042178,-0.20983204538618183,1,320.0,196.0,204.1937023858601,-0.20983204538618183
9.854098796844482,4.094000339508057,-115.95028135904995,-116.32885004216229,0.21416440039215617,-0.21058457728686913,1,320.0,,204.04971864095006,-0.21058457728686913
9.863688230514526,4.078999996185303,-116.09426510396,-116.4653422899651,0.2149105178009694,-0.211337829106281,1,320.0,,203.90573489604,-0.211337829106281
9.873189449310303,4.078999996185303,-116.23824884887004,-116.62323948807139,0.2156831106361373,-0.21209180084441742,1,320.0,,203.76175115112994,-0.21209180084441742
9.883167505264282,4.056000232696533,-116.38223259378009,-116.7479967388574,0.21641655932077478,-0.21284649250127838,1,320.0,,203.6177674062199,-0.21284649250127838
9.893670558929443,4.056000232696533,-116.52621633869013,-116.9058939369637,0.21719056542818715,-0.21360190407686386,1,320.0,192.0,203.47378366130988,-0.21360190407686386
9.903051137924194,4.0410003662109375,-118.04633892738029,-118.29498996575026,0.22108436357780747,-0.2178123772444684,1,320.0,192.0,201.9536610726197,-0.2178123772444684
9.913599967956543,4.0410003662109375,-118.19930314412304,-118.4610642036828,0.22187595798434498,-0.2185869308202803,1,320.0,192.0,201.80069685587696,-0.2185869308202803
9.924141883850098,4.01800012588501,-118.35226736086578,-118.59334369974819,0.22262766009812215,-0.2193622492171759,1,320.0,192.0,201.64773263913423,-0.2193622492171759
9.934168100357056,4.01800012588501,-118.50523157760853,-118.75941793768072,0.22342074627332958,-0.22013833243515524,1,320.0,,201.49476842239147,-0.22013833243515524
9.94390082359314,4.003000259399414,-118.65819579435127,-118.90323462226642,0.22418784246794382,-0.22091518047421832,1,320.0,,201.3418042056487,-0.22091518047421832
9.953310489654541,4.003000259399414,-118.81116001109402,-119.06930886019896,0.22498247809776384,-0.22169279333436506,1,320.0,,201.18883998890598,-0.22169279333436506
9.964021682739258,3.9810001850128174,-118.96412422783676,-119.20242217566997,0.2257382261872074,-0.22247117101559555,1,320.0,,201.03587577216325,-0.22247117101559555
9.973299264907837,3.9810001850128174,-119.11708844457951,-119.3684964136025,0.22653435775479444,-0.22325031351790975,1,320.0,187.0,200.8829115554205,-0.22325031351790975
9.983545064926147,3.9660000801086426,-121.0249786447632,-121.01284096032796,0.23107196371753508,-0.22843575454563028,1,320.0,187.0,198.9750213552368,-0.22843575454563028
9.993086814880371,3.9660000801086426,-121.18939710097732,-121.18871183976987,0.2318889523320642,-0.22923900367859212,1,320.0,187.0,198.81060289902268,-0.22923900367859212
10.003119707107544,3.944000244140625,-121.35381555719144,-121.33097630509579,0.2326663245719808,-0.23004307490383502,1,320.0,187.0,198.64618444280856,-0.23004307490383502
10.014132022857666,3.944000244140625,-121.51823401340556,-121.50684718453768,0.23348490386323376,-0.23084796822135897,1,320.0,185.0,198.48176598659444,-0.23084796822135897
10.024194240570068,3.92900013923645,-123.32657285435857,-123.08370094976883,0.23785158262759148,-0.23578056678995296,1,320.0,185.0,196.67342714564143,-0.23578056678995296
10.033731460571289,3.92900013923645,-123.50172110604859,-123.26886700791738,0.23869012623240934,-0.2366082532975112,1,320.0,185.0,196.4982788939514,-0.2366082532975112
10.043411493301392,3.9070003032684326,-123.67686935773861,-123.41976163482394,0.23948829859287135,-0.23743681554632792,1,320.0,185.0,196.3231306422614,-0.23743681554632792
10.053433895111084,3.9070003032684326,-123.85201760942863,-123.6049276929725,0.24032852250111447,-0.2382662535364031,1,320.0,183.0,196.14798239057137,-0.2382662535364031
10.063156366348267,3.8930001258850098,-125.58236014391376,-125.13114283234714,0.24456661166044721,-0.24300258113862552,1,320.0,183.0,194.41763985608623,-0.24300258113862552
10.07361364364624,3.8930001258850098,-125.76766841940437,-125.3252137668853,0.24542612285072743,-0.24385378941131125,1,320.0,183.0,194.23233158059563,-0.24385378941131125
10.083410263061523,3.871000289916992,-125.95297669489499,-125.48434709640406,0.246244504581632,-0.24470592422537443,1,320.0,183.0,194.04702330510503,-0.24470592422537443
10.09381365776062,3.871000289916992,-126.1382849703856,-125.67841803094223,0.2471057817932325,-0.24555898558081513,1,320.0,181.0,193.8617150296144,-0.24555898558081513
10.103507041931152,3.8570001125335693,-127.8063289294035,-127.16348707995289,0.25124262096584576,-0.2501401593208836,1,320.0,181.0,192.1936710705965,-0.2501401593208836
10.113126039505005,3.8570001125335693,-128.00133965161712,-127.36615270888305,0.25212265048410637,-0.2510141788857981,1,320.0,181.0,191.99866034838288,-0.2510141788857981
10.123847246170044,3.8360002040863037,-128.19635037383074,-127.53482333420858,0.25296272935116804,-0.25188917350432355,1,320.0,181.0,191.80364962616926,-0.25188917350432355
10.133642673492432,3.8360002040863037,-128.39136109604436,-127.73748896313874,0.2538446155507,-0.25276514317646015,1,320.0,179.0,191.60863890395564,-0.25276514317646015
10.14453673362732,3.821000099182129,-130.00870534606224,-129.18783377900695,0.25789952817435946,-0.25722146722118144,1,320.0,179.0,189.99129465393776,-0.25722146722118144
10.153098344802856,3.821000099182129,-130.2130434053657,-129.39884220631572,0.25879973249816157,-0.25811773810937244,1,320.0,179.0,189.7869565946343,-0.25811773810937244
10.16408896446228,3.8000001907348633,-130.41738146466918,-129.57518182360178,0.2596592159480229,-0.2590150306878599,1,320.0,179.0,189.58261853533082,-0.2590150306878599
10.1740243434906,3.8000001907348633,-130.62171952397264,-129.78619025091055,0.26056135701204797,-0.2599133449566439,1,320.0,177.0,189.37828047602736,-0.2599133449566439
10.183058261871338,3.7860002517700195,-132.19702266218212,-131.32174370692383,0.2648329489025354,-0.26426736640211895,1,320.0,177.0,187.80297733781788,-0.26426736640211895
10.193548679351807,3.7860002517700195,-132.41037408431714,-131.54161372935627,0.26575450099810105,-0.2651854399791026,1,320.0,177.0,187.58962591568286,-0.2651854399791026
10.203203678131104,3.765000104904175,-132.62372550645216,-131.72614006082162,0.26663456329616364,-0.26610458031319684,1,320.0,177.0,187.37627449354784,-0.26610458031319684
10.213859796524048,3.765000104904175,-132.83707692858718,-131.94601008325407,0.2675581373734988,-0.2670247874044018,1,320.0,174.0,187.16292307141282,-0.2670247874044018
10.223950147628784,3.751000165939331,-134.4858984295958,-133.44543191941318,0.2717432276394202,-0.27156857825013647,1,320.0,174.0,185.5141015704042,-0.27156857825013647
10.23349666595459,3.751000165939331,-134.70871372949273,-133.6738947263603,0.27268575248138854,-0.27250950017866027,1,320.0,174.0,185.29128627050727,-0.27250950017866027
10.243051528930664,3.7300002574920654,-134.93152902938965,-133.8663198877487,0.27358599427449337,-0.2734515361836835,1,320.0,174.0,185.06847097061035,-0.2734515361836835
10.25383996963501,3.7300002574920654,-135.15434432928657,-134.0947826946958,0.27453062355630337,-0.27439468626520624,1,320.0,172.0,184.84565567071343,-0.27439468626520624
10.262953758239746,3.7160000801086426,-136.75986606444872,-135.56297348467416,0.2786418494550106,-0.2788336921051122,1,320.0,172.0,183.24013393555128,-0.2788336921051122
10.273542404174805,3.7160000801086426,-136.99182426648258,-135.79979420203782,0.27960503328685715,-0.2797970010688853,1,320.0,172.0,183.00817573351742,-0.2797970010688853
10.283869981765747,3.695000171661377,-137.22378246851645,-135.99986225060516,0.28052511425639104,-0.28076146982366845,1,320.0,172.0,182.77621753148355,-0.28076146982366845
10.293288230895996,3.695000171661377,-137.4557406705503,-136.23668296796882,0.2814904825320672,-0.28172709836946186,1,320.0,170.0,182.5442593294497,-0.28172709836946186
10.30325961112976,3.681000232696533,-139.02321358405436,-137.78380233219644,0.2858068129944897,-0.2860746745468193,1,320.0,170.0,180.97678641594564,-0.2860746745468193
10.313746213912964,3.681000232696533,-139.2640292491544,-138.02947739062856,0.28679177045156135,-0.2870599734911851,1,320.0,170.0,180.7359707508456,-0.2870599734911851
10.3235342502594,3.6600000858306885,-139.50484491425442,-138.2376628406551,0.2877327813057965,-0.2880464765138764,1,320.0,170.0,180.49515508574558,-0.2880464765138764
10.334078550338745,3.6600000858306885,-139.74566057935445,-138.48333789908722,0.2887200080654105,-0.2890341836148932,1,320.0,168.0,180.25433942064555,-0.2890341836148932
10.343515872955322,3.6460001468658447,-141.27914456816183,-139.88848349895883,0.2926818159202389,-0.2933005771955322,1,320.0,168.0,178.72085543183817,-0.2933005771955322
10.353168964385986,3.6460001468658447,-141.528559318618,-140.14203951097838,0.29368679333221726,-0.2943075176926727,1,320.0,168.0,178.471440681382,-0.2943075176926727
10.363689422607422,3.625000238418579,-141.77797406907416,-140.3573474629708,0.294646949611923,-0.2953157052635655,1,320.0,168.0,178.22202593092584,-0.2953157052635655
10.37376880645752,3.625000238418579,-142.02738881953033,-140.61090347499035,0.29565427134372146,-0.2963251399082105,1,320.0,166.0,177.97261118046967,-0.2963251399082105
10.38299822807312,3.6120002269744873,-143.53002739384593,-142.10081503121873,0.29983432369590635,-0.3005182135859586,1,320.0,166.0,176.46997260615407,-0.3005182135859586
10.393477439880371,3.6120002269744873,-143.7878034305601,-142.36277931528605,0.30086049473336357,-0.3015464838471684,1,320.0,166.0,176.2121965694399,-0.3015464838471684
10.403230428695679,3.5910000801086426,-144.04557946727428,-142.58573561865558,0.3018409709755003,-0.3025760429885618,1,320.0,166.0,175.95442053272572,-0.3025760429885618
10.414367914199829,3.5910000801086426,-144.30335550398846,-142.8476999027229,0.3028695666158947,-0.30360689101013877,1,320.0,163.0,175.69664449601154,-0.30360689101013877
10.42331051826477,3.577000141143799,-145.88158301245335,-144.30437145688714,0.3069729703711979,-0.3079971594167866,1,320.0,163.0,174.11841698754665,-0.3079971594167866
10.433768033981323,3.577000141143799,-146.14819398657465,-144.57450512111956,0.3080200032938824,-0.30904783355566506,1,320.0,163.0,173.85180601342535,-0.30904783355566506
10.443181276321411,3.557000160217285,-146.41480496069596,-144.80673245892112,0.3090227097615389,-0.3100998407494141,1,320.0,163.0,173.58519503930404,-0.3100998407494141
10.45397663116455,3.557000160217285,-146.68141593481727,-145.07686612315354,0.31007225448923353,-0.3111531809980337,1,320.0,161.0,173.31858406518273,-0.3111531809980337
10.463121891021729,3.5430002212524414,-148.22227943469125,-146.50427593273918,0.3141064778561399,-0.3154531372962346,1,320.0,161.0,171.77772056530875,-0.3154531372962346
10.474034070968628,3.5430002212524414,-148.49743945231845,-146.7823536480503,0.31517408288275345,-0.31652581651464884,1,320.0,161.0,171.50256054768155,-0.31652581651464884
10.483375787734985,3.5230002403259277,-148.77259946994565,-147.02175698535257,0.31619647567244297,-0.3175998715331512,1,320.0,161.0,171.22740053005435,-0.3175998715331512
10.494266033172607,3.5230002403259277,-149.04775948757285,-147.2998347006637,0.3172666681043196,-0.31867530235174174,1,320.0,158.0,170.95224051242715,-0.31867530235174174
10.50334620475769,3.509000062942505,-150.65673815621594,-148.699653237706,0.32123577863684516,-0.3231537023306456,1,320.0,158.0,169.34326184378406,-0.3231537023306456
10.514124393463135,3.509000062942505,-150.9408698832719,-148.98546010312657,0.3223236741758655,-0.3242493647525291,1,320.0,158.0,169.0591301167281,-0.3242493647525291
10.523802995681763,3.489000082015991,-151.22500161032784,-149.23180095135362,0.3233654421984947,-0.3253464478330479,1,320.0,158.0,168.77499838967216,-0.3253464478330479
10.533336400985718,3.489000082015991,-151.5091333373838,-149.5176078167742,0.3244559984760832,-0.326444951572202,1,320.0,157.0,168.4908666626162,-0.326444951572202
10.543707847595215,3.4750001430511475,-152.9722183108195,-150.89114806719925,0.3283631586566263,-0.3305553455124315,1,320.0,157.0,167.0277816891805,-0.3305553455124315
10.553081750869751,3.4750001430511475,-153.2642991922782,-151.1844772133183,0.32947107601803577,-0.3316721640661433,1,320.0,157.0,166.7357008077218,-0.3316721640661433
10.563751220703125,3.455000162124634,-153.5563800737369,-151.43752415116927,0.3305319199642128,-0.3327904430242625,1,320.0,157.0,166.4436199262631,-0.3327904430242625
10.573581218719482,3.455000162124634,-153.8484609551956,-151.73085329728832,0.33164256920604207,-0.3339101823867888,1,320.0,154.0,166.1515390448044,-0.3339101823867888
10.582817316055298,3.443000078201294,-155.38347962643914,-153.18551910350624,0.3357566644491095,-0.3382089931678307,1,320.0,154.0,164.61652037356086,-0.3382089931678307
10.59321641921997,3.443000078201294,-155.68395986278495,-153.4868610930257,0.336885709141998,-0.3393479892507596,1,320.0,154.0,164.31604013721505,-0.3393479892507596
10.602805614471436,3.4260001182556152,-155.98444009913075,-153.75332251925866,0.33797422946607386,-0.3404884877348702,1,320.0,154.0,164.01555990086925,-0.3404884877348702
10.613529443740845,3.4260001182556152,-156.28492033547656,-154.05466450877813,0.3391061131760411,-0.34163048862016254,1,320.0,153.0,163.71507966452344,-0.34163048862016254
10.623863935470581,3.4170000553131104,-157.67866568419407,-155.37904953187052,0.34288301496452234,-0.3455720154396271,1,320.0,153.0,162.32133431580593,-0.3455720154396271
10.633440017700195,3.4170000553131104,-157.9865491159028,-155.68744524395555,0.3440315270452442,-0.3467314083032571,1,320.0,153.0,162.0134508840972,-0.3467314083032571
10.643128395080566,3.4060001373291016,-158.2944325476115,-155.9729509541753,0.34515399865227875,-0.3478923405840456,1,320.0,153.0,161.7055674523885,-0.3478923405840456
10.653618335723877,3.4060001373291016,-158.60231597932022,-156.28134666626033,0.3463054802401121,-0.3490548122819927,1,320.0,152.0,161.39768402067978,-0.3490548122819927
10.663118600845337,3.3990001678466797,-159.86709024973905,-157.587315639854,0.3500340566343055,-0.3526702772040783,1,320.0,152.0,160.13290975026095,-0.3526702772040783
10.673706293106079,3.3990001678466797,-160.18146568317943,-157.90257873717746,0.35120188524477947,-0.3538484350526227,1,320.0,152.0,159.81853431682057,-0.3538484350526227
10.682844638824463,3.392000198364258,-160.4958411166198,-158.2031310281635,0.35235356364910353,-0.3550281647783342,1,320.0,152.0,159.5041588833802,-0.3550281647783342
10.693185806274414,3.392000198364258,-160.81021655006018,-158.51839412548696,0.3535244713365191,-0.356209466381213,1,320.0,,159.18978344993982,-0.356209466381213
10.702850103378296,3.388000249862671,-161.12459198350055,-158.8252224742207,0.35468679146737075,-0.35739233986125896,1,320.0,,158.87540801649945,-0.35739233986125896
10.713613748550415,3.388000249862671,-161.43896741694093,-159.14048557154416,0.3558608096120166,-0.358576785218472,1,320.0,,158.56103258305907,-0.358576785218472
10.723844289779663,3.383000135421753,-161.7533428503813,-159.4451754130053,0.357023663298835,-0.3597628024528524,1,320.0,,158.2466571496187,-0.3597628024528524
10.733554363250732,3.383000135421753,-162.06771828382168,-159.76043851032875,0.35820078120817483,-0.3609503915644,1,320.0,150.0,157.93228171617832,-0.3609503915644
10.743032455444336,3.383000135421753,-163.26379018939477,-160.7885947145935,0.36120640022244244,-0.36439906821684914,1,320.0,150.0,156.73620981060523,-0.36439906821684914
10.753456354141235,3.38100004196167,-163.58415097990923,-161.10445865994467,0.3623909592501635,-0.3656014219203661,1,320.0,150.0,156.41584902009077,-0.3656014219203661
10.76339840888977,3.379000186920166,-163.90451177042368,-161.42031784427704,0.36357709186058373,-0.36680537742783553,1,320.0,150.0,156.09548822957632,-0.36680537742783553
10.77410101890564,3.379000186920166,-164.22487256093814,-161.74042038457836,0.36476991701086825,-0.36801093473925756,1,320.0,150.0,155.77512743906186,-0.36801093473925756
10.7832670211792,3.378000259399414,-165.1778663763002,-162.6526952440418,0.36748426500346953,-0.3708387879409659,1,320.0,150.0,154.8221336236998,-0.3708387879409659
10.793654918670654,3.378000259399414,-165.50251902327162,-162.97682955776827,0.3686881103277301,-0.3720558837124479,1,320.0,150.0,154.49748097672838,-0.3720558837124479
10.803693771362305,3.378000259399414,-165.82717167024305,-163.30096387149473,0.36989357632355935,-0.37327460274716484,1,320.0,150.0,154.17282832975695,-0.37327460274716484
10.81368637084961,3.377000093460083,-166.15182431721448,-163.62297270243,0.3710981017841938,-0.37449494504511666,1,320.0,150.0,153.84817568278552,-0.37449494504511666
10.823499917984009,3.377000093460083,-166.4764769641859,-163.94710701615645,0.3723067984957463,-0.3757169106063033,1,320.0,150.0,153.5235230358141,-0.3757169106063033
10.83406686782837,3.377000093460083,-167.19079136245145,-164.51610939024522,0.3741441919118634,-0.37793837373434036,1,320.0,150.0,152.80920863754855,-0.37793837373434036
10.844001293182373,3.377000093460083,-167.5180856688894,-164.84190375407297,0.375359354667227,-0.3791687173304103,1,320.0,150.0,152.4819143311106,-0.3791687173304103
10.853556871414185,3.378000259399414,-167.84537997532735,-165.16982360069193,0.37657870760117323,-0.3804006973980125,1,320.0,150.0,152.15462002467265,-0.3804006973980125
10.863864421844482,3.378000259399414,-168.40252907640883,-165.60161864889938,0.37806858137964194,-0.3822229172036186,1,320.0,150.0,151.59747092359117,-0.3822229172036186
10.873425245285034,3.378000259399414,-168.7313815240414,-165.92813157086402,0.3792900375438538,-0.38346119704839793,1,320.0,150.0,151.2686184759586,-0.38346119704839793
10.883941650390625,3.379000186920166,-169.060233971674,-166.25676814861674,0.38051568527790014,-0.3847011211554154,1,320.0,150.0,150.939766028326,-0.3847011211554154
10.89356017112732,3.379000186920166,-169.38908641930658,-166.58328107058136,0.3817404171896106,-0.38594268952467103,1,320.0,150.0,150.61091358069342,-0.38594268952467103
10.903524160385132,3.379000186920166,-169.71793886693916,-166.90979399254599,0.3829667816659309,-0.38718590215616483,1,320.0,150.0,150.28206113306084,-0.38718590215616483
10.913184881210327,3.380000114440918,-170.0772963040065,-167.15794227759048,0.38399121154582594,-0.3885088813564955,1,320.0,150.0,149.9227036959935,-0.3885088813564955
10.923916578292847,3.380000114440918,-170.4063555706107,-167.48390951068737,0.3852197917730956,-0.3897557842542736,1,320.0,150.0,149.5936444293893,-0.3897557842542736
10.93351674079895,3.38100004196167,-170.73541483721493,-167.8119977629103,0.38645255766457765,-0.39100433244838473,1,320.0,150.0,149.26458516278507,-0.39100433244838473
10.94330382347107,3.38100004196167,-170.98751574974864,-167.9661176918583,0.38724423986771844,-0.3920574054301919,1,320.0,150.0,149.01248425025136,-0.3920574054301919
10.954100847244263,3.382000207901001,-171.31605308789295,-168.29303967134717,0.3884780114414619,-0.3933082305014045,1,320.0,150.0,148.68394691210705,-0.3933082305014045
10.9638032913208,3.382000207901001,-171.64459042603727,-168.61784144294379,0.38971086277459244,-0.3945606982593079,1,320.0,150.0,148.35540957396273,-0.3945606982593079
10.97353744506836,3.384000062942505,-171.97312776418158,-168.94687867461553,0.3909504418459716,-0.39581480870390195,1,320.0,150.0,148.02687223581842,-0.39581480870390195
10.983997106552124,3.384000062942505,-172.09635547145902,-168.98338113776995,0.39144777383077584,-0.39654444054845184,1,320.0,150.0,147.90364452854098,-0.39654444054845184
10.993577480316162,3.385000228881836,-172.42349919369565,-169.30834223449878,0.39268426885802293,-0.39779913051110427,1,320.0,150.0,147.57650080630435,-0.39779913051110427
11.004059553146362,3.385000228881836,-172.75064291593227,-169.63118706671204,0.3939198385920124,-0.3990554561923679,1,320.0,150.0,147.24935708406773,-0.3990554561923679
11.01367735862732,3.38700008392334,-173.0777866381689,-169.95825948512473,0.39516211679153324,-0.4003134175922427,1,320.0,,146.9222133618311,-0.4003134175922427
11.02318024635315,3.38700008392334,-173.40493036040553,-170.281104317338,0.39640093611177585,-0.40157301471072865,1,320.0,,146.59506963959447,-0.40157301471072865
11.033692121505737,3.388000249862671,-173.73207408264216,-170.6060614816813,0.3976439150163963,-0.4028342475478258,1,320.0,,146.26792591735784,-0.4028342475478258
11.04322624206543,3.388000249862671,-174.05921780487878,-170.92890631389457,0.3988859733466217,-0.40409711610353416,1,320.0,,145.94078219512122,-0.40409711610353416
11.053935289382935,3.390000104904175,-174.3863615271154,-171.2559708803679,0.4001347306807914,-0.4053616203778537,1,320.0,150.0,145.6136384728846,-0.4053616203778537
11.063546895980835,3.390000104904175,-174.21734559033132,-170.89253888119526,0.3996221994080543,-0.40535689002609554,1,320.0,150.0,145.78265440966868,-0.40535689002609554
11.073064088821411,3.391000270843506,-174.5411243227901,-171.21283774626286,0.4008626222348668,-0.40661813012666004,1,320.0,150.0,145.4588756772099,-0.40661813012666004
11.083461999893188,3.391000270843506,-174.86490305524887,-171.53102820063546,0.40210210592111706,-0.40788098912088677,1,320.0,150.0,145.13509694475113,-0.40788098912088677
11.094425916671753,3.392000198364258,-175.18868178770765,-171.8513252586427,0.403345719017019,-0.40914546700877585,1,320.0,150.0,144.81131821229235,-0.40914546700877585
11.104281663894653,3.392000198364258,-175.51246052016643,-172.1695157130153,0.40458839514083117,-0.41041156379032717,1,320.0,,144.48753947983357,-0.41041156379032717
11.113630056381226,3.3930001258850098,-175.8362392526252,-172.4898114679289,0.4058351991040671,-0.41167927946554084,1,320.0,,144.1637607473748,-0.41167927946554084
11.12328815460205,3.3930001258850098,-176.16001798508398,-172.8080019223015,0.4070810676589257,-0.41294861403441685,1,320.0,,143.83998201491602,-0.41294861403441685
11.134020328521729,3.3950002193450928,-176.48379671754276,-173.13039957451218,0.40833359683945114,-0.41421956749695504,1,320.0,150.0,143.51620328245724,-0.41421956749695504
11.143495798110962,3.3950002193450928,-176.0232067927583,-172.36817212053163,0.4068218316206505,-0.4134878100751722,1,320.0,150.0,143.9767932072417,-0.4134878100751722
11.154017925262451,3.3960001468658447,-176.34168969748703,-172.6811693074278,0.4080608340914631,-0.4147516980093342,1,320.0,150.0,143.65831030251297,-0.4147516980093342
11.163536071777344,3.3960001468658447,-176.66017260221577,-172.99206509612728,0.40929886936338306,-0.4160171783580197,1,320.0,150.0,143.33982739778423,-0.4160171783580197
11.174810647964478,3.3970000743865967,-176.9786555069445,-173.30506098475607,0.41054098973466135,-0.4172842511212289,1,320.0,150.0,143.0213444930555,-0.4172842511212289
11.183370590209961,3.3970000743865967,-177.29713841167325,-173.61595677345554,0.4117821444649681,-0.41855291629896174,1,320.0,151.0,142.70286158832675,-0.41855291629896174
11.19380784034729,3.3980002403259277,-176.61884156759592,-172.79819299625098,0.4101428256657903,-0.4172803959859114,1,320.0,151.0,143.38115843240408,-0.4172803959859114
11.203490018844604,3.3980002403259277,-176.93061618078468,-173.10147881879286,0.4113722760469346,-0.4185391786026418,1,320.0,151.0,143.06938381921532,-0.4185391786026418
11.214050054550171,3.3990001678466797,-177.24239079397344,-173.4068621480271,0.4126057703527558,-0.41979952009243815,1,320.0,151.0,142.75760920602656,-0.41979952009243815
11.22377872467041,3.3990001678466797,-176.61019645029546,-172.65661293502265,0.4111524051223646,-0.4186548868397444,1,320.0,151.0,143.38980354970454,-0.4186548868397444
11.23307490348816,3.4000000953674316,-176.91562580837157,-172.9549132233963,0.4123751400345299,-0.4199059801984776,1,320.0,151.0,143.08437419162843,-0.4199059801984776
11.243530511856079,3.4000000953674316,-177.22105516644768,-173.25111729974088,0.41359684051264217,-0.42115860070400124,1,320.0,151.0,142.77894483355232,-0.42115860070400124
11.254360437393188,3.4010002613067627,-177.5264845245238,-173.54941679399903,0.4148225469897219,-0.42241274835631515,1,320.0,152.0,142.4735154754762,-0.42241274835631515
11.26314663887024,3.4010002613067627,-176.7619816310314,-172.684608601527,0.41308833338137446,-0.4209416576493883,1,320.0,152.0,143.2380183689686,-0.4209416576493883
11.27359414100647,3.4020001888275146,-177.06022350339308,-172.9751069697575,0.4143018069580998,-0.4221848490137393,1,320.0,152.0,142.93977649660692,-0.4221848490137393
11.283111333847046,3.4020001888275146,-177.35846537575475,-173.26351171200014,0.415514210207351,-0.4234295315874521,1,320.0,152.0,142.64153462424525,-0.4234295315874521
11.294433116912842,3.4030001163482666,-177.65670724811642,-173.55400878915805,0.41673057674388636,-0.4246757053705267,1,320.0,152.0,142.34329275188358,-0.4246757053705267
11.303242206573486,3.4030001163482666,-177.9549491204781,-173.8424135314007,0.4179458745022345,-0.42592337036296307,1,320.0,152.0,142.0450508795219,-0.42592337036296307
11.313644170761108,3.4030001163482666,-177.12963647099815,-172.81863358245587,0.41581933195902515,-0.4243098502970254,1,320.0,152.0,142.87036352900185,-0.4243098502970254
11.323165655136108,3.4030001163482666,-177.4203343780152,-173.09822782583657,0.41702033619021117,-0.4255457894573359,1,320.0,152.0,142.5796656219848,-0.4255457894573359
11.334643363952637,3.4040000438690186,-177.71103228503227,-173.37991311425384,0.41822525810188316,-0.4267831821071815,1,320.0,152.0,142.28896771496773,-0.4267831821071815
11.343326330184937,3.4040000438690186,-178.00173019204934,-173.65950735763454,0.41942906873072816,-0.4280220282465622,1,320.0,153.0,141.99826980795066,-0.4280220282465622
11.353667736053467,3.4050002098083496,-177.07211827011145,-172.56120985359388,0.4171210681983505,-0.42615339073492764,1,320.0,153.0,142.92788172988855,-0.42615339073492764
11.363330364227295,3.4050002098083496,-177.35462385814523,-172.8315398490906,0.41830962189219206,-0.4273791705598589,1,320.0,153.0,142.64537614185477,-0.4273791705598589
11.375150203704834,3.4060001373291016,-177.63712944617902,-173.10395831313542,0.4195020438406115,-0.42860636291273035,1,320.0,153.0,142.36287055382098,-0.42860636291273035
11.383810758590698,3.4060001373291016,-177.9196350342128,-173.37428830863215,0.4206933112767507,-0.4298349677935419,1,320.0,152.0,142.0803649657872,-0.4298349677935419
11.393407106399536,3.4060001373291016,-177.11799680792345,-172.20721581194198,0.41822335125898774,-0.4283025282693722,1,320.0,152.0,142.88200319207655,-0.4283025282693722
11.404059410095215,3.4060001373291016,-177.3932220777739,-172.46789326193473,0.4193985036652887,-0.42951976470358166,1,320.0,152.0,142.6067779222261,-0.42951976470358166
11.415401697158813,3.4070000648498535,-177.66844734762438,-172.73065789416998,0.42057747451344185,-0.43073837726414027,1,320.0,152.0,142.33155265237562,-0.43073837726414027
11.42392373085022,3.4070000648498535,-177.94367261747485,-172.99133534416274,0.421755244130154,-0.4319583659510483,1,320.0,154.0,142.05632738252515,-0.4319583659510483
11.433698892593384,3.4080002307891846,-176.92983545232144,-171.87619567804944,0.4194246768098423,-0.42989402439470464,1,320.0,154.0,143.07016454767856,-0.42989402439470464
11.443217992782593,3.4080002307891846,-177.1963987914948,-172.12761422454537,0.42058701713676017,-0.4310998823956701,1,320.0,154.0,142.8036012085052,-0.4310998823956701
11.455628871917725,3.4080002307891846,-177.46296213066816,-172.3790327710413,0.4217506145564105,-0.4323070732133315,1,320.0,154.0,142.53703786933184,-0.4323070732133315
11.463219404220581,3.4080002307891846,-177.72952546984152,-172.63045131753722,0.4229154690687933,-0.4335155968476887,1,320.0,155.0,142.27047453015848,-0.4335155968476887
11.474312543869019,3.4090001583099365,-176.63678773716646,-171.34586347835,0.4201617784704086,-0.4312590746192445,1,320.0,155.0,143.36321226283354,-0.4312590746192445
11.483757734298706,3.4090001583099365,-176.8942089719002,-171.58693745230215,0.42130900192641274,-0.43245245114578457,1,320.0,155.0,143.1057910280998,-0.43245245114578457
11.493601322174072,3.4090001583099365,-177.15163020663397,-171.8280114262543,0.4224574307522866,-0.43364711477849827,1,320.0,155.0,142.84836979336603,-0.43364711477849827
11.503307342529297,3.4090001583099365,-177.40905144136772,-172.06908540020646,0.4236070649480302,-0.4348430655173856,1,320.0,155.0,142.59094855863228,-0.4348430655173856
11.51405119895935,3.4100000858306885,-176.3533283166915,-170.74180948048922,0.42075333521111913,-0.43268971573724246,1,320.0,155.0,143.6466716833085,-0.43268971573724246
11.523435354232788,3.4100000858306885,-176.60190830806468,-170.9723099160381,0.42188479728335804,-0.43387102126843063,1,320.0,155.0,143.39809169193532,-0.43387102126843063
11.533676147460938,3.4100000858306885,-176.85048829943787,-171.202810351587,0.42301741185777464,-0.43505356969957565,1,320.0,155.0,143.14951170056213,-0.43505356969957565
11.543326377868652,3.4100000858306885,-177.09906829081106,-171.4333107871359,0.42415117893436893,-0.4362373610306775,1,320.0,156.0,142.90093170918894,-0.4362373610306775
11.553414106369019,3.4110002517700195,-175.97206863345508,-170.17443449384004,0.42148060910218793,-0.4339102606358477,1,320.0,156.0,144.02793136654492,-0.4339102606358477
11.563955545425415,3.4110002517700195,-176.2113758190824,-170.39488097712547,0.42259711928701604,-0.43507848613769595,1,320.0,156.0,143.7886241809176,-0.43507848613769595
11.573407649993896,3.4110002517700195,-176.45068300470973,-170.6153274604109,0.4237147317042606,-0.43624790817547227,1,320.0,156.0,143.54931699529027,-0.43624790817547227
11.583126783370972,3.4110002517700195,-176.68999019033706,-170.83577394369632,0.4248334463539216,-0.4374185267491767,1,320.0,157.0,143.31000980966294,-0.4374185267491767
11.593091249465942,3.4110002517700195,-175.5009509387351,-169.53262316310153,0.4220605725059514,-0.43494101072169583,1,320.0,157.0,144.4990490612649,-0.43494101072169583
11.603601932525635,3.4110002517700195,-175.73061725596116,-169.74278586625158,0.42316148167906276,-0.4360952633886469,1,320.0,157.0,144.26938274403884,-0.4360952633886469
11.614103078842163,3.4120001792907715,-175.96028357318724,-169.95502933729668,0.42426594899100334,-0.4372506643871842,1,320.0,157.0,144.03971642681276,-0.4372506643871842
11.624701499938965,3.4120001792907715,-176.18994989041332,-170.16519204044673,0.42536897019498565,-0.4384072137173075,1,320.0,158.0,143.81005010958668,-0.4384072137173075
11.633091688156128,3.4120001792907715,-174.94718475418998,-168.82610449268154,0.42251205136653225,-0.43580032427957416,1,320.0,158.0,145.05281524581002,-0.43580032427957416
11.643612623214722,3.4120001792907715,-175.16689953542587,-169.0257964743636,0.42359681072692257,-0.43693981651473435,1,320.0,158.0,144.83310046457413,-0.43693981651473435
11.65401554107666,3.4120001792907715,-175.38661431666176,-169.22548845604567,0.42468256854722125,-0.4380804073238007,1,320.0,158.0,144.61338568333824,-0.4380804073238007
11.66381025314331,3.4120001792907715,-175.60632909789766,-169.42518043772773,0.42576932482742835,-0.43922209670677326,1,320.0,159.0,144.39367090210234,-0.43922209670677326
11.67333698272705,3.4130001068115234,-174.31737636963425,-168.0579722530595,0.42284534764446413,-0.43650495570637293,1,320.0,159.0,145.68262363036575,-0.43650495570637293
11.683940649032593,3.4130001068115234,-174.52688122782848,-168.2470461486284,0.4239134715498899,-0.4376289959423452,1,320.0,159.0,145.47311877217152,-0.4376289959423452
11.693898677825928,3.4130001068115234,-174.73638608602272,-168.43612004419734,0.42498254082479364,-0.4387540837026084,1,320.0,159.0,145.26361391397728,-0.4387540837026084
11.70342469215393,3.4130001068115234,-174.94589094421696,-168.62519393976626,0.4260525554691752,-0.43988021898716256,1,320.0,160.0,145.05410905578304,-0.43988021898716256
11.713658332824707,3.4130001068115234,-173.61762464927259,-167.2309897256474,0.4230699072696601,-0.43707030335542973,1,320.0,160.0,146.38237535072741,-0.43707030335542973
11.72338604927063,3.4130001068115234,-173.81670908646157,-167.40933483076032,0.42412096806994937,-0.4381782882254889,1,320.0,160.0,146.18329091353843,-0.4381782882254889
11.734286785125732,3.4130001068115234,-174.01579352365056,-167.58767993587324,0.4251729205957642,-0.4392872685177339,1,320.0,160.0,145.98420647634944,-0.4392872685177339
11.743869066238403,3.4130001068115234,-174.21487796083954,-167.76602504098616,0.42622576484710467,-0.44039724423216486,1,320.0,161.0,145.78512203916046,-0.44039724423216486
11.752981185913086,3.4130001068115234,-172.85359233061462,-166.24922826390966,0.4229365956408576,-0.4375105917335295,1,320.0,161.0,147.14640766938538,-0.4375105917335295
11.763674259185791,3.4130001068115234,-173.04208987928354,-166.4160720729472,0.42396888857206744,-0.43860199924132864,1,320.0,161.0,146.95791012071646,-0.43860199924132864
11.773340702056885,3.4130001068115234,-173.23058742795246,-166.58291588198475,0.4250020157223224,-0.4396943492368711,1,320.0,161.0,146.76941257204754,-0.4396943492368711
11.783442258834839,3.4130001068115234,-173.41908497662138,-166.7497596910223,0.42603597709162255,-0.44078764172015694,1,320.0,162.0,146.58091502337862,-0.44078764172015694
11.79324197769165,3.4130001068115234,-172.03055945933298,-165.22772353747996,0.42274114523718714,-0.4378390065668719,1,320.0,162.0,147.96944054066702,-0.4378390065668719
11.803772449493408,3.4130001068115234,-172.20834422135272,-165.38309471107814,0.4237545061190604,-0.43891339000240237,1,320.0,162.0,147.79165577864728,-0.43891339000240237
11.81332015991211,3.4130001068115234,-172.38612898337246,-165.53846588467633,0.4247686438568016,-0.43998866236174294,1,320.0,162.0,147.61387101662754,-0.43998866236174294
11.823665380477905,3.4130001068115234,-172.5639137453922,-165.6938370582745,0.4257835584504107,-0.4410648236448935,1,320.0,163.0,147.4360862546078,-0.4410648236448935
11.833254098892212,3.4130001068115234,-171.15346380759186,-164.06780957953566,0.42222967555876245,-0.43806779614753943,1,320.0,163.0,148.84653619240814,-0.43806779614753943
11.844018697738647,3.4130001068115234,-171.32044729515644,-164.21106580830855,0.4232226383623314,-0.4391247785690927,1,320.0,163.0,148.67955270484356,-0.4391247785690927
11.853406429290771,3.4130001068115234,-171.48743078272102,-164.35432203708143,0.42421631744704436,-0.4401825959080838,1,320.0,163.0,148.51256921727898,-0.4401825959080838
11.863730430603027,3.4130001068115234,-171.6544142702856,-164.49757826585432,0.425210712812901,-0.4412412481645127,1,320.0,164.0,148.3455857297144,-0.4412412481645127
11.87353229522705,3.4120001792907715,-170.22693183490895,-162.88069597478673,0.42169105086177394,-0.4382083487133858,1,320.0,164.0,149.77306816509105,-0.4382083487133858
11.883178472518921,3.4120001792907715,-170.38306004653427,-163.011983170151,0.42266365541206186,-0.43924761786756883,1,320.0,164.0,149.61693995346573,-0.43924761786756883
11.89340615272522,3.4120001792907715,-170.53918825815958,-163.1432703655153,0.42363691639832657,-0.44028766766281,1,320.0,164.0,149.46081174184042,-0.44028766766281
11.903666734695435,3.4120001792907715,-170.6953164697849,-163.27455756087957,0.4246108338205681,-0.44132849809910935,1,320.0,166.0,149.3046835302151,-0.44132849809910935
11.913184642791748,3.4120001792907715,-169.15360738952793,-161.77468830299364,0.4213966347983654,-0.4380101014105452,1,320.0,166.0,150.84639261047207,-0.4380101014105452
11.9240083694458,3.4120001792907715,-169.29816503200723,-161.89485935158666,0.42235031435343495,-0.43903006140668044,1,320.0,166.0,150.70183496799277,-0.43903006140668044
11.934964656829834,3.4120001792907715,-169.44272267448653,-162.01503040017968,0.4233045947637475,-0.440050744191028,1,320.0,166.0,150.55727732551347,-0.440050744191028
11.944108963012695,3.4120001792907715,-169.58728031696583,-162.1352014487727,0.42425947602930303,-0.441072149763588,1,320.0,167.0,150.41271968303417,-0.441072149763588
11.953086614608765,3.4110002517700195,-168.04715557696557,-160.43525605461102,0.4205414929377511,-0.4377659359634166,1,320.0,167.0,151.95284442303443,-0.4377659359634166
11.963603734970093,3.4110002517700195,-168.1802217199946,-160.5430259787099,0.4214735319765633,-0.43876651644365144,1,320.0,167.0,151.8197782800054,-0.43876651644365144
11.973168849945068,3.4110002517700195,-168.31328786302362,-160.65079590280877,0.42240610986499594,-0.4397677622546014,1,320.0,167.0,151.68671213697638,-0.4397677622546014
11.983893632888794,3.4110002517700195,-168.44635400605264,-160.75856582690764,0.4233392266030492,-0.4407696733962665,1,320.0,168.0,151.55364599394736,-0.4407696733962665
11.993203401565552,3.4110002517700195,-166.9108150620974,-159.18967901459192,0.41996322608603853,-0.4374832896162299,1,320.0,168.0,153.0891849379026,-0.4374832896162299
12.003755807876587,3.4110002517700195,-167.03248974951345,-159.28600251500427,0.4208752442991084,-0.43846446168987674,1,320.0,168.0,152.96751025048655,-0.43846446168987674
12.014469861984253,3.4100000858306885,-167.15416443692948,-159.3802434705542,0.421785234663121,-0.4394462421369606,1,320.0,168.0,152.84583556307052,-0.4394462421369606
12.024255514144897,3.4100000858306885,-167.2758391243455,-159.47656697096656,0.4226982056984707,-0.4404286309574815,1,320.0,169.0,152.7241608756545,-0.4404286309574815
12.03296184539795,3.4100000858306885,-165.74763522135362,-157.7233175841362,0.4188555948319237,-0.4371690662987007,1,320.0,169.0,154.25236477864638,-0.4371690662987007
12.043535470962524,3.4100000858306885,-165.85803761801316,-157.80700444359718,0.4197450540854949,-0.4381308393627823,1,320.0,169.0,154.14196238198684,-0.4381308393627823
12.053260326385498,3.4100000858306885,-165.9684400146727,-157.89069130305816,0.4206349317733634,-0.43909316443884705,1,320.0,169.0,154.0315599853273,-0.43909316443884705
12.06353235244751,3.4100000858306885,-166.07884241133223,-157.97437816251914,0.42152522789552915,-0.44005604152689515,1,320.0,170.0,153.92115758866777,-0.44005604152689515
12.07309103012085,3.4090001583099365,-164.56048157057432,-156.2585800570287,0.41778980914442787,-0.43682965191930184,1,320.0,170.0,155.43951842942568,-0.43682965191930184
12.083542823791504,3.4090001583099365,-164.65974817220118,-156.3299781468657,0.41865713674296656,-0.4377720705821151,1,320.0,170.0,155.34025182779882,-0.4377720705821151
12.093268632888794,3.4090001583099365,-164.75901477382803,-156.4013762367027,0.41952482133195446,-0.4387149855779364,1,320.0,170.0,155.24098522617197,-0.4387149855779364
12.103396892547607,3.4090001583099365,-164.85828137545488,-156.4727743265397,0.4203928629113916,-0.439658396906766,1,320.0,172.0,155.14171862454512,-0.439658396906766
12.11313247680664,3.4090001583099365,-163.2508002419584,-154.79836524276254,0.41676885913387474,-0.43621041201163796,1,320.0,172.0,156.7491997580416,-0.43621041201163796
12.124114274978638,3.4090001583099365,-163.33839053590452,-154.85781980908354,0.41761449371250525,-0.4371322123170529,1,320.0,172.0,156.66160946409548,-0.4371322123170529
12.133373260498047,3.4080002307891846,-163.42598082985066,-154.91518976251666,0.4184579136054376,-0.4380544505739375,1,320.0,172.0,156.57401917014934,-0.4380544505739375
12.143283128738403,3.4080002307891846,-163.5135711237968,-154.97464432883766,0.41930413230666697,-0.43897712678229184,1,320.0,173.0,156.4864288762032,-0.43897712678229184
12.153151035308838,3.4080002307891846,-161.93007736784537,-153.23809298451746,0.4155276891324051,-0.4355988334409946,1,320.0,173.0,158.06992263215463,-0.4355988334409946
12.163618564605713,3.4080002307891846,-162.00622890568653,-153.28525369070846,0.4163507082482879,-0.4365002464309324,1,320.0,173.0,157.99377109431347,-0.4365002464309324
12.173513412475586,3.4080002307891846,-162.08238044352768,-153.33241439689945,0.41717396316770156,-0.43740204017855944,1,320.0,173.0,157.91761955647232,-0.43740204017855944
12.183607816696167,3.4080002307891846,-162.15853198136884,-153.37957510309045,0.4179974538906462,-0.43830421468387565,1,320.0,174.0,157.84146801863116,-0.43830421468387565
12.193531274795532,3.4070000648498535,-160.60012496802884,-151.6894955180446,0.4143511522942449,-0.4349982595356874,1,320.0,174.0,159.39987503197116,-0.4349982595356874
12.203122854232788,3.4070000648498535,-160.6650821690849,-151.72477295637592,0.4151521090850244,-0.43587953358780007,1,320.0,174.0,159.3349178309151,-0.43587953358780007
12.213976860046387,3.4070000648498535,-160.730039370141,-151.76005039470724,0.4159532422629955,-0.4367611324259181,1,320.0,174.0,159.269960629859,-0.4367611324259181
12.224014282226562,3.4070000648498535,-160.79499657119706,-151.79532783303856,0.4167545518281583,-0.4376430560500414,1,320.0,175.0,159.20500342880294,-0.4376430560500414
12.233536720275879,3.4070000648498535,-159.26263217348057,-150.05369834996682,0.4129799444605401,-0.4344116997406726,1,320.0,175.0,160.73736782651943,-0.4344116997406726
12.242940187454224,3.4070000648498535,-159.31664521357175,-150.07680118589974,0.41375805186958914,-0.43527309861484986,1,320.0,175.0,160.68335478642825,-0.43527309861484986
12.253252506256104,3.4060001373291016,-159.37065825366292,-150.09781683959017,0.4145337597382156,-0.43613476755422764,1,320.0,175.0,160.62934174633708,-0.43613476755422764
12.263870239257812,3.4060001373291016,-159.4246712937541,-150.12091967552308,0.4153120877397127,-0.4369967065588058,1,320.0,177.0,160.5753287062459,-0.4369967065588058
12.275307655334473,3.4060001373291016,-157.81806241435675,-148.43549481165957,0.4116896253676316,-0.43358140769957176,1,320.0,177.0,162.18193758564325,-0.43358140769957176
12.284568071365356,3.4060001373291016,-157.8606931618678,-148.44688699754496,0.4124455304256818,-0.43442186806239436,1,320.0,177.0,162.1393068381322,-0.43442186806239436
12.294635772705078,3.4050002098083496,-157.90332390937886,-148.45619071488227,0.41319897584006093,-0.43526254157895455,1,320.0,177.0,162.09667609062114,-0.43526254157895455
12.303994417190552,3.4050002098083496,-157.9459546568899,-148.46758290076767,0.41395498437762723,-0.43610342824925225,1,320.0,178.0,162.0540453431101,-0.43610342824925225
12.31359601020813,3.4050002098083496,-156.37664919640213,-146.73549488425834,0.41021930075287416,-0.4327916773331031,1,320.0,178.0,163.62335080359787,-0.4327916773331031
12.324023008346558,3.4050002098083496,-156.40822760586545,-146.73493279274692,0.41095230090702417,-0.4336116125624884,1,320.0,178.0,163.59177239413455,-0.4336116125624884
12.334136247634888,3.4050002098083496,-156.43980601532877,-146.7343707012355,0.41168529825071665,-0.4344317056839211,1,320.0,178.0,163.56019398467123,-0.4344317056839211
12.343801259994507,3.4050002098083496,-156.4713844247921,-146.73380860972406,0.4124182927839516,-0.435251956697401,1,320.0,178.0,163.5286155752079,-0.435251956697401
12.353388547897339,3.4040000438690186,-155.04028576198334,-145.16315177798757,0.4091084651377237,-0.43230346371234973,1,320.0,178.0,164.95971423801666,-0.43230346371234973
12.363777160644531,3.4040000438690186,-155.0618322913542,-145.15183541044098,0.40982064467372004,-0.43310462870905153,1,320.0,178.0,164.9381677086458,-0.43310462870905153
12.373110294342041,3.4040000438690186,-155.08337882072504,-145.1405190428944,0.4105327676278786,-0.4339059014384002,1,320.0,178.0,164.91662117927496,-0.4339059014384002
12.383611679077148,3.4040000438690186,-155.1049253500959,-145.1292026753478,0.4112448340001994,-0.43470728190039565,1,320.0,180.0,164.8950746499041,-0.43470728190039565
12.39308214187622,3.4030001163482666,-153.59991741623736,-143.40671753100466,0.407549926559861,-0.4315747461653959,1,320.0,180.0,166.40008258376264,-0.4315747461653959
12.403627395629883,3.4030001163482666,-153.61099131660097,-143.38367636918417,0.4082391955475223,-0.4323560898024152,1,320.0,180.0,166.38900868339903,-0.4323560898024152
12.413633346557617,3.4030001163482666,-153.6220652169646,-143.36063520736369,0.40892834932937455,-0.4331374888089363,1,320.0,180.0,166.3779347830354,-0.4331374888089363
12.423337697982788,3.4030001163482666,-153.6331391173282,-143.3375940455432,0.4096173879054177,-0.43391894318495927,1,320.0,182.0,166.3668608826718,-0.43391894318495927
12.433333158493042,3.4030001163482666,-152.06439651245432,-141.78644685998754,0.40636783906476587,-0.4306287044342848,1,320.0,182.0,167.93560348754568,-0.4306287044342848
12.443929195404053,3.4030001163482666,-152.064630064781,-141.75292017590561,0.4070363716447471,-0.43138930784740076,1,320.0,182.0,167.935369935219,-0.43138930784740076
12.453297853469849,3.4020001888275146,-152.06486361710768,-141.71730115690843,0.407702215327735,-0.43214991242827827,1,320.0,182.0,167.93513638289232,-0.43214991242827827
12.464558362960815,3.4020001888275146,-152.06509716943435,-141.6837744728265,0.40837040217920084,-0.4329105181769175,1,320.0,183.0,167.93490283056565,-0.4329105181769175
12.474779844284058,3.4020001888275146,-150.54300318973716,-140.0870342774078,0.4050090775636045,-0.4297471690825377,1,320.0,183.0,169.45699681026284,-0.4297471690825377
12.483569860458374,3.4020001888275146,-150.53278898539037,-140.04277923556347,0.40565618540956905,-0.4304875759822485,1,320.0,183.0,169.46721101460963,-0.4304875759822485
12.493624925613403,3.4010002613067627,-150.52257478104357,-139.9964305677313,0.40630054916100916,-0.43122793181093755,1,320.0,183.0,169.47742521895643,-0.43122793181093755
12.503877639770508,3.4010002613067627,-150.51236057669678,-139.95217552588696,0.4069472039884254,-0.43196823656860495,1,320.0,184.0,169.48763942330322,-0.43196823656860495
12.51401424407959,3.4010002613067627,-149.03573126932778,-138.41848279251934,0.4037541521731285,-0.4289283527155711,1,320.0,184.0,170.96426873067222,-0.4289283527155711
12.523642301559448,3.4010002613067627,-149.0154515282783,-138.36400418592893,0.40438059786614966,-0.42964909428395315,1,320.0,184.0,170.9845484717217,-0.42964909428395315
12.533910036087036,3.4000000953674316,-148.99517178722883,-138.30743016142497,0.40500424618755204,-0.4303697344536299,1,320.0,184.0,171.00482821277117,-0.4303697344536299
12.543805837631226,3.4000000953674316,-148.97489204617935,-138.25295155483457,0.40563013661741765,-0.4310902732246015,1,320.0,186.0,171.02510795382065,-0.4310902732246015
12.553063869476318,3.4000000953674316,-147.4415018737757,-136.67847311471448,0.4023372305095086,-0.4279099471703655,1,320.0,186.0,172.5584981262243,-0.4279099471703655
12.563922643661499,3.4000000953674316,-147.4108348059426,-136.61355988639735,0.40294240243496005,-0.42861020086299556,1,320.0,186.0,172.5891651940574,-0.42861020086299556
12.573930978775024,3.3980002403259277,-147.38016773810952,-136.54445293935882,0.4035421963632106,-0.42931030122028635,1,320.0,186.0,172.61983226189048,-0.42931030122028635
12.583751678466797,3.3980002403259277,-147.34950067027643,-136.4795397110417,0.40414669818778526,-0.4300102482422381,1,320.0,187.0,172.65049932972357,-0.4300102482422381
12.593888998031616,3.3960001468658447,-145.86894108519223,-134.96817773050446,0.40102753592791884,-0.4269720577537688,1,320.0,187.0,174.13105891480777,-0.4269720577537688
12.603554487228394,3.3960001468658447,-145.82831969890017,-134.893362658328,0.40161222465459867,-0.4276524536887128,1,320.0,187.0,174.17168030109983,-0.4276524536887128
12.613282203674316,3.391000270843506,-145.78769831260811,-134.80802708594106,0.40218386210316404,-0.42833264651672537,1,320.0,187.0,174.21230168739189,-0.42833264651672537
12.624184846878052,3.391000270843506,-145.74707692631605,-134.7332120137646,0.40276775007662113,-0.4290126362378065,1,320.0,188.0,174.25292307368395,-0.4290126362378065
12.633140563964844,3.386000156402588,-144.31744852854766,-133.27953217477938,0.3998107450892296,-0.42611126267488847,1,320.0,188.0,175.68255147145234,-0.42611126267488847
12.643723726272583,3.386000156402588,-144.26729010861442,-133.19532216839548,0.40037566969241084,-0.4267724090215116,1,320.0,188.0,175.73270989138558,-0.4267724090215116
12.653317213058472,3.377000093460083,-144.21713168868118,-133.09203328669162,0.4009171832007996,-0.4274333045760351,1,320.0,188.0,175.78286831131882,-0.4274333045760351
12.66455864906311,3.377000093460083,-144.16697326874794,-133.00782328030772,0.40148117030954056,-0.428093949338459,1,320.0,188.0,175.83302673125206,-0.428093949338459
12.67329454421997,3.369000196456909,-142.8874698343222,-131.60856145096594,0.3986775578546962,-0.4255847295852976,1,320.0,188.0,177.1125301656778,-0.4255847295852976
12.684359550476074,3.369000196456909,-142.82887014948383,-131.5154387392476,0.3992233877943304,-0.42622855431423895,1,320.0,188.0,177.17112985051617,-0.42622855431423895
12.693030595779419,3.3570001125335693,-142.77027046464548,-131.39658278169566,0.3997377435591766,-0.4268720860447561,1,320.0,188.0,177.22972953535452,-0.4268720860447561
12.70446491241455,3.3570001125335693,-142.71167077980712,-131.30346006997732,0.4002825136054644,-0.42751532477684917,1,320.0,189.0,177.28832922019288,-0.42751532477684917
12.71326994895935,3.3480000495910645,-141.46973351370443,-130.0607960649551,0.3978895780058521,-0.42510721163656173,1,320.0,189.0,178.53026648629557,-0.42510721163656173
12.72414231300354,3.3480000495910645,-141.4030081434234,-129.9599131393672,0.3984183180608435,-0.4257341562329416,1,320.0,189.0,178.5969918565766,-0.4257341562329416
12.733305931091309,3.332000255584717,-141.33628277314236,-129.82422169532202,0.3989046094364659,-0.42636076720247007,1,320.0,189.0,178.66371722685764,-0.42636076720247007
12.744216442108154,3.332000255584717,-141.26955740286132,-129.7233387697341,0.39943216661960906,-0.42698704454514713,1,320.0,189.0,178.73044259713868,-0.42698704454514713
12.753402948379517,3.321000099182129,-140.165205714438,-128.62238117391843,0.39741378879364175,-0.4249375870918126,1,320.0,189.0,179.834794285562,-0.4249375870918126
12.764602422714233,3.321000099182129,-140.09135503687799,-128.51479654524624,0.39792726122196137,-0.42554942305392496,1,320.0,189.0,179.90864496312201,-0.42554942305392496
12.773487567901611,3.30400013923645,-140.01750435931797,-128.3695793782243,0.3983948485184261,-0.4261608897626495,1,320.0,189.0,179.98249564068203,-0.4261608897626495
12.784654378890991,3.30400013923645,-139.94365368175795,-128.26199474955212,0.3989070569377673,-0.42677198721798626,1,320.0,189.0,180.05634631824205,-0.42677198721798626
12.793548107147217,3.2920000553131104,-138.9661449180807,-127.19203393031776,0.39697415399486335,-0.42505271952986295,1,320.0,189.0,181.0338550819193,-0.42505271952986295
12.803036212921143,3.2920000553131104,-138.88608880103916,-127.0780247509982,0.3974727331034348,-0.4256510826334183,1,320.0,189.0,181.11391119896084,-0.4256510826334183
12.813724040985107,3.2720000743865967,-138.80603268399764,-126.91887252120216,0.3979163447902856,-0.4262490454563885,1,320.0,189.0,181.19396731600236,-0.4262490454563885
12.823493719100952,3.2720000743865967,-138.72597656695612,-126.8048633418826,0.39841355809181156,-0.42684660799877344,1,320.0,189.0,181.27402343304388,-0.42684660799877344
12.832915544509888,3.259000062942505,-137.8652951683497,-125.86558976237076,0.39682306237246767,-0.4254310000421777,1,320.0,189.0,182.1347048316503,-0.4254310000421777
12.843347787857056,3.259000062942505,-137.77987846753763,-125.7461171061875,0.3973084257705787,-0.426017399393541,1,320.0,189.0,182.22012153246237,-0.426017399393541
12.85287880897522,3.239000082015991,-137.69446176672557,-125.58053170488711,0.3977376259475426,-0.42660337166140017,1,320.0,189.0,182.30553823327443,-0.42660337166140017
12.863755226135254,3.239000082015991,-137.6090450659135,-125.46105904870385,0.39822156405536624,-0.4271889168457552,1,320.0,189.0,182.3909549340865,-0.4271889168457552
12.874053716659546,3.2250001430511475,-136.85585681416057,-124.6414618014832,0.3969445281559316,-0.426052253891843,1,320.0,189.0,183.14414318583943,-0.426052253891843
12.88353180885315,3.2250001430511475,-136.7658545316691,-124.51740551274104,0.39741824763700473,-0.4266280804255116,1,320.0,189.0,183.2341454683309,-0.4266280804255116
12.893048524856567,3.204000234603882,-136.67585224917764,-124.34383101808038,0.3978316773985023,-0.4272034569477677,1,320.0,189.0,183.32414775082236,-0.4272034569477677
12.903571844100952,3.204000234603882,-136.58584996668617,-124.21977472933821,0.39830390872565835,-0.4277783834586113,1,320.0,189.0,183.41415003331383,-0.4277783834586113
12.913380861282349,3.204000234603882,-135.93145914631978,-123.5453483868582,0.3973564576017051,-0.42689765283394143,1,320.0,189.0,184.06854085368022,-0.42689765283394143
12.923843145370483,3.189000129699707,-135.8375812691485,-123.38172183516787,0.39777701434885254,-0.42746418728768165,1,320.0,189.0,184.1624187308515,-0.42746418728768165
12.933205604553223,3.1680002212524414,-135.74370339197722,-123.2031797978329,0.39817877980303973,-0.428030252352036,1,320.0,189.0,184.25629660802278,-0.428030252352036
12.944033145904541,3.1680002212524414,-135.64982551480594,-123.07534417781618,0.39864075377990876,-0.4285958480270045,1,320.0,189.0,184.35017448519406,-0.4285958480270045
12.953454732894897,3.1530001163482666,-135.55594763763466,-122.91085362905721,0.39905791938954327,-0.42916097431258715,1,320.0,189.0,184.44405236236534,-0.42916097431258715
12.963849782943726,3.1530001163482666,-134.99102096030697,-122.34242952542868,0.39838270180679713,-0.42851138199404315,1,320.0,189.0,185.00897903969303,-0.42851138199404315
12.973448276519775,3.1530001163482666,-134.89390990608294,-122.21156980138187,0.3988367279869478,-0.4290693182785048,1,320.0,189.0,185.10609009391706,-0.4290693182785048
12.98410701751709,3.13100004196167,-134.7967988518589,-122.0262801896172,0.3992245118537783,-0.42962676900769525,1,320.0,189.0,185.2032011481411,-0.42962676900769525
12.993680715560913,3.13100004196167,-134.317374562802,-121.54992126314131,0.3987864247157471,-0.42919831254896923,1,320.0,189.0,185.682625437198,-0.42919831254896923
13.003371953964233,3.116000175476074,-134.21763983765462,-121.37911516531538,0.39918835297418254,-0.42974971907798065,1,320.0,189.0,185.78236016234538,-0.42974971907798065
13.013993263244629,3.0940001010894775,-134.11790511250723,-121.19007823694565,0.39956745905132357,-0.43030062693336635,1,320.0,189.0,185.88209488749277,-0.43030062693336635
13.025203466415405,3.0940001010894775,-134.01817038735985,-121.05684748273598,0.4000128663836856,-0.4308510361151263,1,320.0,189.0,185.98182961264015,-0.4308510361151263
13.03392219543457,3.080000162124634,-133.91843566221246,-120.88766615500542,0.400414287121184,-0.43140094662326045,1,320.0,188.0,186.08156433778754,-0.43140094662326045
13.043434858322144,3.080000162124634,-133.62092816281097,-120.50475889280274,0.40021473331454605,-0.4314406721024647,1,320.0,188.0,186.37907183718903,-0.4314406721024647
13.054132223129272,3.080000162124634,-133.51983658685194,-120.36981519416076,0.40065464995214645,-0.4319869613942481,1,320.0,188.0,186.48016341314806,-0.4319869613942481
13.063731908798218,3.058000087738037,-133.4187450108929,-120.17767550832652,0.40102497070668697,-0.43253274522815177,1,320.0,188.0,186.5812549891071,-0.43253274522815177
13.073528289794922,3.058000087738037,-133.1751582269548,-119.86504604804088,0.40100535373938895,-0.43271081186517457,1,320.0,188.0,186.8248417730452,-0.43271081186517457
13.083014965057373,3.0430002212524414,-133.07308912592885,-119.68938615195492,0.4013930087948455,-0.433253694389573,1,320.0,188.0,186.92691087407115,-0.433253694389573
13.093639612197876,3.0430002212524414,-132.97102002490288,-119.55322351908697,0.4018273797529994,-0.43379606656846637,1,320.0,188.0,187.02897997509712,-0.43379606656846637
13.103377103805542,3.0210001468658447,-132.86895092387692,-119.35838167406061,0.4021903614473381,-0.4343379284018546,1,320.0,187.0,187.13104907612308,-0.4343379284018546
13.114115238189697,3.0210001468658447,-132.78005484562325,-119.11687429446036,0.40235157288283785,-0.4349132306568686,1,320.0,187.0,187.21994515437675,-0.4349132306568686
13.123549461364746,3.00600004196167,-132.67807613097074,-118.9394599992132,0.40273337302853734,-0.43545424657994036,1,320.0,187.0,187.32192386902926,-0.43545424657994036
13.13414216041565,3.00600004196167,-132.57609741631822,-118.80257454594297,0.4031631233573428,-0.43599475260943893,1,320.0,187.0,187.42390258368178,-0.43599475260943893
13.144057989120483,2.9840002059936523,-132.4741187016657,-118.60546885054876,0.40351487970944844,-0.43652944984883824,1,320.0,187.0,187.5258812983343,-0.43652944984883824
13.154123067855835,2.9840002059936523,-132.37213998701318,-118.46858339727854,0.4039382214001841,-0.4370636412737604,1,320.0,187.0,187.62786001298682,-0.4370636412737604
13.1636483669281,2.9700000286102295,-132.33479300896212,-118.36916760207248,0.40450654961050164,-0.4377592470021332,1,320.0,187.0,187.66520699103788,-0.4377592470021332
13.1731595993042,2.9700000286102295,-132.23325766049462,-118.23280544383056,0.40492521159587885,-0.4382886533874082,1,320.0,187.0,187.76674233950538,-0.4382886533874082
13.184309244155884,2.948000192642212,-132.1317223120271,-118.03466398322442,0.4052622707135959,-0.43881029252054216,1,320.0,186.0,187.8682776879729,-0.43881029252054216
13.194148778915405,2.948000192642212,-132.21759321395393,-117.90576238402252,0.40569202499488843,-0.4398143384680362,1,320.0,186.0,187.78240678604607,-0.4398143384680362
13.203676462173462,2.933000087738037,-132.11734337109917,-117.72676649862053,0.40604614455733334,-0.4403324957474306,1,320.0,186.0,187.88265662890083,-0.4403324957474306
13.213547468185425,2.933000087738037,-132.0170935282444,-117.59045551578231,0.4064508272800004,-0.4408501685694375,1,320.0,186.0,187.9829064717556,-0.4408501685694375
13.224642276763916,2.9120001792907715,-131.91684368538964,-117.39360462712423,0.40677574769634733,-0.44136043132995656,1,320.0,186.0,188.08315631461036,-0.44136043132995656
13.23331880569458,2.9120001792907715,-131.81659384253487,-117.25729364428601,0.40717266443311906,-0.44187021489618195,1,320.0,186.0,188.18340615746513,-0.44187021489618195
13.243793487548828,2.8970000743865967,-131.94070361873202,-117.25684283420424,0.40797467002144405,-0.44295262897256377,1,320.0,186.0,188.05929638126798,-0.44295262897256377
13.253387212753296,2.8970000743865967,-131.84199254354473,-117.12176413117339,0.4083680255659799,-0.4434594363564951,1,320.0,186.0,188.15800745645527,-0.4434594363564951
13.26421046257019,2.876000165939331,-131.74328146835745,-116.92453623699272,0.4086797282164205,-0.4439588591110103,1,320.0,185.0,188.25671853164255,-0.4439588591110103
13.273751735687256,2.876000165939331,-131.97074475937254,-117.08744832487235,0.4098331088028347,-0.44529816245479215,1,320.0,185.0,188.02925524062746,-0.44529816245479215
13.283195734024048,2.8540000915527344,-131.87427070691973,-116.88826493795584,0.41013586587327594,-0.44579363086675894,1,320.0,185.0,188.12572929308027,-0.44579363086675894
13.293773889541626,2.8540000915527344,-131.77779665446693,-116.7552299644237,0.4105173844226457,-0.4462886521214705,1,320.0,185.0,188.22220334553307,-0.4462886521214705
13.304670810699463,2.8400001525878906,-131.68132260201412,-116.5795354282893,0.410842816886726,-0.4467786173927289,1,320.0,185.0,188.31867739798588,-0.4467786173927289
13.313451528549194,2.8400001525878906,-131.58484854956131,-116.44650045475717,0.4112188288650002,-0.4472681388833092,1,320.0,185.0,188.41515145043869,-0.4472681388833092
13.32395315170288,2.826000213623047,-131.8388431517198,-116.61358076200733,0.4124224167539667,-0.4486554652668196,1,320.0,185.0,188.1611568482802,-0.4486554652668196
13.333502531051636,2.826000213623047,-131.74477254162463,-116.48289954078425,0.41279734378711125,-0.44914399549171724,1,320.0,185.0,188.25522745837537,-0.44914399549171724
13.344488620758057,2.805000066757202,-131.65070193152945,-116.2867005437512,0.4130866487462827,-0.4496251845740406,1,320.0,185.0,188.34929806847055,-0.4496251845740406
13.353372812271118,2.805000066757202,-131.55663132143428,-116.15601932252811,0.4134539853373935,-0.4501059491627203,1,320.0,184.0,188.44336867856572,-0.4501059491627203
13.36373257637024,2.7910001277923584,-131.91748570323404,-116.34212216417458,0.41469325904929577,-0.4517533854031216,1,320.0,184.0,188.08251429676596,-0.4517533854031216
13.373184204101562,2.7910001277923584,-131.82653384512815,-116.21391608501533,0.4150597596007034,-0.45223449652080216,1,320.0,184.0,188.17346615487185,-0.45223449652080216
13.384697675704956,2.7700002193450928,-131.73558198702227,-116.01843113885863,0.41533855928672503,-0.45270828431360655,1,320.0,184.0,188.26441801297773,-0.45270828431360655
13.39332890510559,2.7700002193450928,-131.6446301289164,-115.89022505969938,0.41569752630117296,-0.45318166964438894,1,320.0,183.0,188.3553698710836,-0.45318166964438894
13.403824806213379,2.75600004196167,-132.100878311361,-116.19482024660566,0.4172287217656785,-0.45505917850014466,1,320.0,183.0,187.899121688639,-0.45505917850014466
13.413309812545776,2.75600004196167,-132.013676894091,-116.06989209728214,0.4175883548249736,-0.4555340768548345,1,320.0,183.0,187.986323105909,-0.4555340768548345
13.425144910812378,2.7350001335144043,-131.926475476821,-115.87585120476633,0.417858117297233,-0.45600166628552646,1,320.0,183.0,188.073524523179,-0.45600166628552646
13.433722496032715,2.7350001335144043,-131.839274059551,-115.75092305544281,0.4182102731854338,-0.4564688774800419,1,320.0,182.0,188.160725940449,-0.4564688774800419
13.443262815475464,2.7210001945495605,-132.3804779810912,-116.0592482669346,0.4197374120734947,-0.45854914618763454,1,320.0,182.0,187.6195220189088,-0.45854914618763454
13.454064130783081,2.7210001945495605,-132.29758284847543,-115.93760913592185,0.4200902667359757,-0.4590188824430472,1,320.0,182.0,187.70241715152457,-0.4590188824430472
13.464725971221924,2.701000213623047,-132.21468771585967,-115.7483557993996,0.42035538267700223,-0.4594816513140303,1,320.0,182.0,187.78531228414033,-0.4594816513140303
13.473493576049805,2.701000213623047,-132.1317925832439,-115.62671666838685,0.42070111839417057,-0.45994406767341767,1,320.0,182.0,187.8682074167561,-0.45994406767341767
13.484009742736816,2.687000036239624,-132.64657987206718,-116.03921627982483,0.42248322732825044,-0.46194030898241323,1,320.0,182.0,187.35342012793282,-0.46194030898241323
13.4934823513031,2.687000036239624,-132.5677800374503,-115.92156571878797,0.42283094586892767,-0.4624048538051915,1,320.0,182.0,187.4322199625497,-0.4624048538051915
13.505152940750122,2.6670000553131104,-132.4889802028334,-115.73446189213183,0.4230887446628798,-0.46286244184696745,1,320.0,182.0,187.5110197971666,-0.46286244184696745
13.513877153396606,2.6670000553131104,-132.41018036821652,-115.61681133109498,0.42342939706684574,-0.4633197014904218,1,320.0,181.0,187.58981963178348,-0.4633197014904218
13.524753332138062,2.6530001163482666,-133.00170807429777,-116.02031139093818,0.42517471589152367,-0.4654977182442187,1,320.0,181.0,186.99829192570223,-0.4654977182442187
13.539024829864502,2.6530001163482666,-132.9275010092269,-115.90656915381281,0.4255172091377152,-0.465957992702719,1,320.0,181.0,187.0724989907731,-0.465957992702719
13.545839309692383,2.633000135421753,-132.853293944156,-115.72145853921286,0.42576750929385954,-0.46641131784213896,1,320.0,181.0,187.146706055844,-0.46641131784213896
13.554935693740845,2.633000135421753,-132.77908687908513,-115.6077163020875,0.42610298715025186,-0.4668643400311907,1,320.0,180.0,187.22091312091487,-0.4668643400311907
13.564875841140747,2.620000123977661,-133.4386046393137,-116.00543775309083,0.4278153374526533,-0.46920158918592136,1,320.0,180.0,186.5613953606863,-0.46920158918592136
13.574950695037842,2.620000123977661,-133.36942458150435,-115.89552182847717,0.4281528152424434,-0.4696587193274423,1,320.0,180.0,186.63057541849565,-0.4696587193274423
13.584262371063232,2.5990002155303955,-133.300244523695,-115.70860548023755,0.4283910608373098,-0.47010857105738013,1,320.0,180.0,186.699755476305,-0.47010857105738013
13.594492197036743,2.5990002155303955,-133.23106446588565,-115.59868955562389,0.42872126755155965,-0.4705581462399997,1,320.0,180.0,186.76893553411435,-0.4705581462399997
13.606624364852905,2.5860002040863037,-133.84904349636344,-116.18975461618574,0.4309180069760084,-0.47277202919709826,1,320.0,180.0,186.15095650363656,-0.47277202919709826
13.613821268081665,2.5860002040863037,-133.78457142152794,-116.08497253614928,0.4312525454552989,-0.47322511860124106,1,320.0,180.0,186.21542857847206,-0.47322511860124106
13.624422788619995,2.56600022315979,-133.72009934669245,-115.9048087841321,0.4314901163439314,-0.47367126637498314,1,320.0,180.0,186.27990065330755,-0.47367126637498314
13.633603811264038,2.56600022315979,-133.65562727185696,-115.80002670409564,0.4318177350170389,-0.4741171617405162,1,320.0,178.0,186.34437272814304,-0.4741171617405162
13.643854856491089,2.5530002117156982,-134.43757404874944,-116.36131931208715,0.4339238556947222,-0.47673730716063967,1,320.0,178.0,185.56242595125056,-0.47673730716063967
13.653479814529419,2.5530002117156982,-134.3789012505912,-116.26144121537206,0.4342553870857187,-0.47718862595808054,1,320.0,178.0,185.6210987494088,-0.47718862595808054
13.665025234222412,2.5330002307891846,-134.32022845243299,-116.0840791699749,0.4344874449316384,-0.4776330009533338,1,320.0,178.0,185.67977154756701,-0.4776330009533338
13.673927545547485,2.5330002307891846,-134.26155565427476,-115.98420107325981,0.43481210073311327,-0.4780771510850542,1,320.0,179.0,185.73844434572524,-0.4780771510850542
13.684002161026001,2.5190000534057617,-134.8859395447804,-116.61437331203413,0.4370869859650568,-0.48027467881780816,1,320.0,179.0,185.1140604552196,-0.48027467881780816
13.693871259689331,2.5190000534057617,-134.83194693507573,-116.51987439255501,0.43741607150024464,-0.4807219120226505,1,320.0,179.0,185.16805306492427,-0.4807219120226505
13.704272270202637,2.499000072479248,-134.77795432537107,-116.34563219652145,0.43764298614274244,-0.48116220129926074,1,320.0,179.0,185.22204567462893,-0.48116220129926074
13.71377444267273,2.499000072479248,-134.7239617156664,-116.25113327704233,0.4379652385823877,-0.48160228823855633,1,320.0,178.0,185.2760382843336,-0.48160228823855633
13.723907947540283,2.4860000610351562,-135.40709427444352,-116.74668011643506,0.4398742727982091,-0.4839352700928449,1,320.0,178.0,184.59290572555648,-0.4839352700928449
13.733718872070312,2.4860000610351562,-135.35815259177818,-116.65658451732645,0.4401995373085611,-0.48437939563117904,1,320.0,178.0,184.64184740822182,-0.48437939563117904
13.749175548553467,2.4660000801086426,-135.30921090911283,-116.48445693287916,0.4404198997652118,-0.4848165738970611,1,320.0,178.0,184.69078909088717,-0.4848165738970611
13.756634950637817,2.4660000801086426,-135.2602692264475,-116.39436133377055,0.44073837040388025,-0.48525357279166637,1,320.0,178.0,184.7397307735525,-0.48525357279166637
13.7642240524292,2.453000068664551,-135.21132754378215,-116.25017747228372,0.44098762855971985,-0.48568599794298134,1,320.0,177.0,184.78867245621785,-0.48568599794298134
13.775931358337402,2.453000068664551,-135.96938075759277,-116.9014630735301,0.4432094796005182,-0.48819512257362385,1,320.0,177.0,184.03061924240723,-0.48819512257362385
13.790512084960938,2.433000087738037,-135.9259668348031,-116.73202513329979,0.4434243465778865,-0.4886299806722766,1,320.0,177.0,184.0740331651969,-0.4886299806722766
13.794624090194702,2.433000087738037,-135.8825529120134,-116.64700785286429,0.4437402137725827,-0.4890646832405414,1,320.0,177.0,184.1174470879866,-0.4890646832405414
13.804921388626099,2.4200000762939453,-136.55708368841476,-117.2804161269991,0.44597703169378045,-0.4913423569084137,1,320.0,177.0,183.44291631158524,-0.4913423569084137
13.814374208450317,2.4200000762939453,-136.51858706094032,-117.20070075902667,0.44629743576226233,-0.4917808019655496,1,320.0,177.0,183.48141293905968,-0.4917808019655496
13.824394464492798,2.4000000953674316,-136.48009043346588,-117.03407018348535,0.446507098345158,-0.4922122863616368,1,320.0,177.0,183.51990956653412,-0.4922122863616368
13.833388328552246,2.4000000953674316,-136.44159380599143,-116.95435481551293,0.4468207801733295,-0.4926436360195186,1,320.0,176.0,183.55840619400857,-0.4926436360195186
13.843485355377197,2.38700008392334,-137.16561140069976,-117.54610754617626,0.4489370194397096,-0.49503281600979887,1,320.0,176.0,182.83438859930024,-0.49503281600979887
13.854276895523071,2.38700008392334,-137.1323384586769,-117.47138490238886,0.4492546843189602,-0.49546839489174843,1,320.0,176.0,182.8676615413231,-0.49546839489174843
13.863780736923218,2.368000030517578,-137.09906551665406,-117.31165457266754,0.44946421379088336,-0.4958973461758478,1,320.0,176.0,182.90093448334594,-0.4958973461758478
13.873691082000732,2.368000030517578,-137.06579257463122,-117.23693192888014,0.4497754969344797,-0.4963261836664829,1,320.0,175.0,182.93420742536878,-0.4963261836664829
13.884080648422241,2.3540000915527344,-137.8330341123321,-117.88553350077326,0.4520312195647382,-0.49881044930388985,1,320.0,175.0,182.1669658876679,-0.49881044930388985
13.893660545349121,2.3540000915527344,-137.80524622501,-117.8162026479164,0.4523468304142392,-0.49924357462911606,1,320.0,175.0,182.19475377499,-0.49924357462911606
13.904679536819458,2.3350000381469727,-137.7774583376879,-117.65927633614801,0.4525512066861099,-0.4996700614446711,1,320.0,175.0,182.2225416623121,-0.4996700614446711
13.913569450378418,2.3350000381469727,-137.7496704503658,-117.58994548329115,0.45286046611694636,-0.5000964555181495,1,320.0,175.0,182.2503295496342,-0.5000964555181495
13.923908710479736,2.322000026702881,-138.4534732720979,-118.19590340066857,0.45498717348969114,-0.5024013345709087,1,320.0,175.0,181.5465267279021,-0.5024013345709087
13.933465719223022,2.322000026702881,-138.43069901941718,-118.13161714982802,0.45530045499124877,-0.5028315189371922,1,320.0,175.0,181.56930098058282,-0.5028315189371922
13.943896532058716,2.302000045776367,-138.40792476673644,-117.97231919838308,0.45549329736200644,-0.5032547076449307,1,320.0,175.0,181.59207523326356,-0.5032547076449307
13.954042673110962,2.302000045776367,-138.3851505140557,-117.90803294754252,0.45579994452173556,-0.503677822222474,1,320.0,175.0,181.6148494859443,-0.503677822222474
13.963997602462769,2.2890000343322754,-139.0299082063997,-118.57030072917324,0.45805869900124574,-0.5058146169122224,1,320.0,175.0,180.9700917936003,-0.5058146169122224
13.973657369613647,2.2890000343322754,-139.01170926155802,-118.51142418001906,0.45836995021685273,-0.5062407434234393,1,320.0,175.0,180.98829073844198,-0.5062407434234393
13.9839768409729,2.2700002193450928,-138.99351031671634,-118.35949816511997,0.458563430470552,-0.5066602091611037,1,320.0,175.0,181.00648968328366,-0.5066602091611037
13.993604183197021,2.2700002193450928,-138.97531137187465,-118.3006216159658,0.4588683831500693,-0.5070796171171083,1,320.0,175.0,181.02468862812535,-0.5070796171171083
14.00364065170288,2.257000207901001,-138.95711242703297,-118.17710743424598,0.4590915377535405,-0.5074944511813235,1,320.0,174.0,181.04288757296703,-0.5074944511813235
14.013471364974976,2.257000207901001,-139.6662548335229,-118.7721272634694,0.4610749321010133,-0.5097811047307933,1,320.0,174.0,180.3337451664771,-0.5097811047307933
14.023555994033813,2.236999988555908,-139.6530397955976,-118.61670784551337,0.4612552509650847,-0.5101971237068553,1,320.0,174.0,180.3469602044024,-0.5101971237068553
14.033219814300537,2.236999988555908,-139.6398247576723,-118.56231194176293,0.46155662982687196,-0.510613101815413,1,320.0,174.0,180.3601752423277,-0.510613101815413
14.043331623077393,2.2240002155303955,-140.26636096493786,-119.12977016283587,0.46354569749456964,-0.5126708456732627,1,320.0,174.0,179.73363903506214,-0.5126708456732627
14.053013324737549,2.2240002155303955,-140.25752935335754,-119.08009216229304,0.4638504690400983,-0.513089435854762,1,320.0,174.0,179.74247064664246,-0.513089435854762
14.063687801361084,2.205000162124634,-140.24869774177722,-118.93138241999517,0.46403029818708535,-0.5135013371796571,1,320.0,174.0,179.75130225822278,-0.5135013371796571
14.073442220687866,2.205000162124634,-140.2398661301969,-118.88170441945235,0.4643288157691817,-0.5139132118993188,1,320.0,174.0,179.7601338698031,-0.5139132118993188
14.08366870880127,2.192000150680542,-140.8107451169118,-119.4033184153344,0.4661879751827539,-0.5158124845042192,1,320.0,174.0,179.1892548830882,-0.5158124845042192
14.093196153640747,2.192000150680542,-140.80588651406822,-119.35802741821486,0.466489312952879,-0.5162262557756607,1,320.0,174.0,179.19411348593178,-0.5162262557756607
14.104204654693604,2.1750001907348633,-140.80102791122465,-119.22139416135303,0.466675565946843,-0.5166340285388767,1,320.0,174.0,179.19897208877535,-0.5166340285388767
14.114134311676025,2.1750001907348633,-140.79616930838108,-119.1761031642335,0.4669712966101721,-0.5170417870299447,1,320.0,174.0,179.20383069161892,-0.5170417870299447
14.12463641166687,2.1650002002716064,-141.31528378108877,-119.6710104356245,0.46872897602725516,-0.5187946547338798,1,320.0,174.0,178.68471621891123,-0.5187946547338798
14.133324384689331,2.1650002002716064,-141.3140169257548,-119.62979568257298,0.469027940163415,-0.5192047116525282,1,320.0,174.0,178.6859830742452,-0.5192047116525282
14.144054174423218,2.1530001163482666,-141.31275007042083,-119.52251383320521,0.46924372562506345,-0.5196105254693092,1,320.0,174.0,178.68724992957917,-0.5196105254693092
14.153955221176147,2.1530001163482666,-141.31148321508687,-119.48129908015369,0.4695386728007538,-0.5200163356343792,1,320.0,174.0,178.68851678491313,-0.5200163356343792
14.163338661193848,2.1470000743865967,-141.78249951347362,-119.8580370765032,0.4709532538033073,-0.5216357109053191,1,320.0,174.0,178.21750048652638,-0.5216357109053191
14.173953294754028,2.1470000743865967,-141.78447062998544,-119.81991633576831,0.47125109254680086,-0.522044643241032,1,320.0,174.0,178.21552937001456,-0.522044643241032
14.183205842971802,2.139000177383423,-141.78644174649725,-119.73703834859965,0.4714925902319945,-0.5224507455365957,1,320.0,174.0,178.21355825350275,-0.5224507455365957
14.193851232528687,2.139000177383423,-141.78841286300906,-119.69891760786477,0.47178768806408256,-0.5228568534449145,1,320.0,,178.21158713699094,-0.5228568534449145
14.20339584350586,2.134999990463257,-141.79038397952087,-119.63828092958809,0.4720543976694358,-0.5232615489958901,1,320.0,,178.20961602047913,-0.5232615489958901
14.213945627212524,2.134999990463257,-141.79235509603268,-119.60016018885321,0.4723480182322384,-0.5236662501399088,1,320.0,,178.20764490396732,-0.5236662501399088
14.223980903625488,2.13100004196167,-141.7943262125445,-119.5394334675812,0.47261314392738174,-0.5240695389519636,1,320.0,,178.2056737874555,-0.5240695389519636
14.233500719070435,2.13100004196167,-141.7962973290563,-119.50131272684632,0.47290528901277123,-0.5244728333373507,1,320.0,177.0,178.2037026709437,-0.5244728333373507
14.243417739868164,2.129000186920166,-141.931014431388,-119.70956523939122,0.473845629506243,-0.5252166958133135,1,320.0,177.0,178.068985568612,-0.5252166958133135
14.254028558731079,2.129000186920166,-141.93389355589284,-119.67320728452927,0.47413977764389253,-0.5256207592436066,1,320.0,177.0,178.06610644410716,-0.5256207592436066
14.263969659805298,2.128000020980835,-141.93677268039767,-119.6311709570818,0.47442669395932946,-0.526024475899416,1,320.0,177.0,178.06322731960233,-0.526024475899416
14.273806095123291,2.128000020980835,-141.9396518049025,-119.59481300221985,0.4747203217924344,-0.5264282006743567,1,320.0,180.0,178.0603481950975,-0.5264282006743567
14.284022331237793,2.127000093460083,-141.73140156483925,-119.57740756546103,0.4750699841332269,-0.5262893317027906,1,320.0,180.0,178.26859843516075,-0.5262893317027906
14.293634414672852,2.127000093460083,-141.73283920464152,-119.54121780805481,0.47536336383344446,-0.5266903891781283,1,320.0,180.0,178.26716079535848,-0.5266903891781283
14.3031485080719,2.128000020980835,-141.7342768444438,-119.51071084215995,0.47566377568521406,-0.5270918050140265,1,320.0,180.0,178.2657231555562,-0.5270918050140265
14.314253091812134,2.128000020980835,-141.73571448424607,-119.47452108475373,0.47595726613205225,-0.5274932249040691,1,320.0,182.0,178.26428551575393,-0.5274932249040691
14.323287963867188,2.128000020980835,-141.3350565594004,-119.26036861768908,0.4757939207206989,-0.5268626875076289,1,320.0,182.0,178.6649434405996,-0.5268626875076289
14.333720922470093,2.128000020980835,-141.333752635435,-119.2229654767997,0.4760852457205298,-0.5272596839887155,1,320.0,182.0,178.666247364565,-0.5272596839887155
14.343268871307373,2.130000114440918,-141.33244871146957,-119.19691196373638,0.4763907128152538,-0.5276573834880025,1,320.0,182.0,178.66755128853043,-0.5276573834880025
14.354221820831299,2.130000114440918,-141.33114478750414,-119.159508822847,0.4766824546927029,-0.5280550793037038,1,320.0,184.0,178.66885521249586,-0.5280550793037038
14.363436460494995,2.13100004196167,-140.76150934990685,-118.77309111341,0.47607139066266124,-0.5269952610328161,1,320.0,184.0,179.23849065009315,-0.5269952610328161
14.373948335647583,2.13100004196167,-140.75633413130032,-118.73327200398913,0.4763593260704031,-0.5273870393200105,1,320.0,184.0,179.24366586869968,-0.5273870393200105
14.383272409439087,2.133000135421753,-140.7511589126938,-118.70476801607667,0.4766613525805017,-0.5277795067629548,1,320.0,184.0,179.2488410873062,-0.5277795067629548
14.394004106521606,2.133000135421753,-140.74598369408727,-118.6649489066558,0.4769496881571492,-0.5281719595470907,1,320.0,186.0,179.25401630591273,-0.5281719595470907
14.403219223022461,2.134999990463257,-140.02754449939852,-118.12727198355964,0.4759464591929594,-0.5267360561489741,1,320.0,186.0,179.97245550060148,-0.5267360561489741
14.413782596588135,2.134999990463257,-140.01751375819865,-118.08398686019922,0.47622958035482743,-0.5271213189514848,1,320.0,186.0,179.98248624180135,-0.5271213189514848
14.423701047897339,2.13700008392334,-140.00748301699878,-118.05197109508302,0.47652672418929404,-0.5275072533618956,1,320.0,186.0,179.99251698300122,-0.5275072533618956
14.433306217193604,2.13700008392334,-139.9974522757989,-118.0086859717226,0.4768102217558953,-0.5278931592599223,1,320.0,190.0,180.0025477242011,-0.5278931592599223
14.443662166595459,2.139000177383423,-138.93779919057272,-117.33236603382626,0.47545586070048923,-0.525588641993334,1,320.0,190.0,181.06220080942728,-0.525588641993334
14.45327115058899,2.139000177383423,-138.9206256543272,-117.28469650499461,0.47573262549120016,-0.5259636102929957,1,320.0,190.0,181.0793743456728,-0.5259636102929957
14.463705778121948,2.142000198364258,-138.9034521180817,-117.25385361782195,0.47603037383681923,-0.5263395714741819,1,320.0,190.0,181.0965478819183,-0.5263395714741819
14.473321676254272,2.142000198364258,-138.8862785818362,-117.2061840889903,0.4763077941159191,-0.5267154836249135,1,320.0,193.0,181.1137214181638,-0.5267154836249135
14.483689308166504,2.1440000534057617,-137.6286762319272,-116.30289666276532,0.47437688472056094,-0.5239119453516381,1,320.0,193.0,182.3713237680728,-0.5239119453516381
14.493146181106567,2.1440000534057617,-137.60306252825276,-116.24932918001431,0.4746450768382354,-0.5242747536844317,1,320.0,193.0,182.39693747174724,-0.5242747536844317
14.502875089645386,2.1470000743865967,-137.57744882457834,-116.21250370005232,0.4749341256382526,-0.5246385206001116,1,320.0,193.0,182.42255117542166,-0.5246385206001116
14.51341986656189,2.1470000743865967,-137.55183512090392,-116.15893621730132,0.47520293043015616,-0.5250022140684916,1,320.0,196.0,182.44816487909608,-0.5250022140684916
14.523841142654419,2.1480000019073486,-136.11924070189852,-115.15256543487762,0.47302151928433833,-0.5217589952792029,1,320.0,196.0,183.88075929810148,-0.5217589952792029
14.53350567817688,2.1480000019073486,-136.08405315968437,-115.09247668177532,0.473279728189241,-0.522107331461763,1,320.0,196.0,183.91594684031563,-0.522107331461763
14.543990135192871,2.1500000953674316,-136.04886561747023,-115.04351045629375,0.4735517188386535,-0.5224562469321928,1,320.0,196.0,183.95113438252977,-0.5224562469321928
14.553510427474976,2.1500000953674316,-136.01367807525608,-114.98342170319145,0.4738101896997416,-0.5228050612384305,1,320.0,198.0,183.98632192474392,-0.5228050612384305
14.563231706619263,2.1490001678466797,-134.52993552803275,-113.88010284336683,0.4714009050569667,-0.5194393138122831,1,320.0,198.0,185.47006447196725,-0.5194393138122831
14.573655366897583,2.1490001678466797,-134.48488951748993,-113.81295197699359,0.47164725176963057,-0.5197715665012028,1,320.0,198.0,185.51511048251007,-0.5197715665012028
14.58309817314148,2.1490001678466797,-134.4398435069471,-113.74580111062035,0.4718934055914026,-0.5201036897954383,1,320.0,198.0,185.5601564930529,-0.5201036897954383
14.593757390975952,2.1470000743865967,-134.3947974964043,-113.66751652495574,0.4721254057133787,-0.5204350116896008,1,320.0,201.0,185.6052025035957,-0.5204350116896008
14.603566408157349,2.1470000743865967,-132.764374782011,-112.49439933507912,0.469534445597108,-0.5167006814443296,1,320.0,201.0,187.235625217989,-0.5167006814443296
14.613316059112549,2.1440000534057617,-132.7085361471813,-112.40297747991971,0.46974621190151666,-0.5170132215136334,1,320.0,201.0,187.2914638528187,-0.5170132215136334
14.624051570892334,2.13700008392334,-132.65269751235158,-112.28903580460698,0.46992866349897516,-0.5173232804723482,1,320.0,201.0,187.34730248764842,-0.5173232804723482
14.633674144744873,2.13700008392334,-132.59685887752187,-112.21435595223659,0.4701580170064684,-0.5176331807097319,1,320.0,203.0,187.40314112247813,-0.5176331807097319
14.643963098526001,2.13700008392334,-130.93993511114957,-110.97533708095581,0.46740081386379784,-0.5138363935472049,1,320.0,203.0,189.06006488885043,-0.5138363935472049
14.653562068939209,2.132000207901001,-130.87319309914034,-110.86451385445955,0.4675815726238325,-0.5141266743372861,1,320.0,203.0,189.12680690085966,-0.5141266743372861
14.663744688034058,2.132000207901001,-130.8064510871311,-110.7819048625088,0.46779595468183166,-0.5144167662474386,1,320.0,203.0,189.1935489128689,-0.5144167662474386
14.673393726348877,2.121000051498413,-130.73970907512188,-110.63671566584918,0.4679317870557377,-0.5147030738845428,1,320.0,205.0,189.26029092487812,-0.5147030738845428
14.683043718338013,2.121000051498413,-129.061573430822,-109.44274855603074,0.46529146439565056,-0.5108554098529847,1,320.0,205.0,190.938426569178,-0.5108554098529847
14.693500518798828,2.1130001544952393,-128.98385343714,-109.30661377695525,0.4654322483558127,-0.5111210434825736,1,320.0,205.0,191.01614656286,-0.5111210434825736
14.70315957069397,2.1130001544952393,-128.906133443458,-109.21643340777838,0.46562792668094116,-0.5113864608562501,1,320.0,205.0,191.093866556542,-0.5113864608562501
14.713672876358032,2.1000001430511475,-128.828413449776,-109.05076774026152,0.46572901753020624,-0.5116474750468912,1,320.0,207.0,191.171586550224,-0.5116474750468912
14.723388671875,2.1000001430511475,-127.13391978677706,-107.89921430655122,0.4631970796565591,-0.5077598173689621,1,320.0,207.0,192.86608021322294,-0.5077598173689621
14.733877897262573,2.0900001525878906,-127.04518037505899,-107.74304247422943,0.46330327328961596,-0.5079995282398864,1,320.0,207.0,192.95481962494102,-0.5079995282398864
14.743270874023438,2.0900001525878906,-126.95644096334092,-107.64562812189693,0.4634797104445127,-0.5082389972958798,1,320.0,207.0,193.04355903665908,-0.5082389972958798
14.753957033157349,2.074000120162964,-126.86770155162286,-107.45292444697824,0.4635369771690301,-0.5084731498185963,1,320.0,209.0,193.13229844837713,-0.5084731498185963
14.763621091842651,2.074000120162964,-125.16130530124383,-106.23948361584793,0.46084411596640534,-0.5045554469455725,1,320.0,209.0,194.83869469875617,-0.5045554469455725
14.77318263053894,2.062000036239624,-125.06153546195125,-106.06193989045269,0.4609126579559494,-0.5047677615264035,1,320.0,209.0,194.93846453804875,-0.5047677615264035
14.78374171257019,2.062000036239624,-124.96176562265867,-105.95691561186673,0.4610679444421953,-0.5049798112183019,1,320.0,209.0,195.03823437734133,-0.5049798112183019
14.793877363204956,2.0440001487731934,-124.8619957833661,-105.74138147622848,0.46108528852441105,-0.5051859772665857,1,320.0,209.0,195.1380042166339,-0.5051859772665857
14.803961038589478,2.0440001487731934,-124.76222594407352,-105.63635719764252,0.46123497032168337,-0.5053918829155517,1,320.0,210.0,195.23777405592648,-0.5053918829155517
14.813533782958984,2.0320000648498535,-123.12523949362406,-104.38250065545232,0.45853480330987717,-0.5016484834595859,1,320.0,210.0,196.87476050637594,-0.5016484834595859
14.823131084442139,2.0320000648498535,-123.01498626006509,-104.27015214671741,0.45866900210883854,-0.5018335582638098,1,320.0,210.0,196.9850137399349,-0.5018335582638098
14.833669424057007,2.01200008392334,-122.90473302650611,-104.03089084527448,0.4586450867227721,-0.5020122033838825,1,320.0,212.0,197.0952669734939,-0.5020122033838825
14.843357563018799,2.01200008392334,-121.28471947210194,-102.81343066094996,0.455936655467707,-0.49831541741733104,1,320.0,212.0,198.71528052789807,-0.49831541741733104
14.853901624679565,1.999000072479248,-121.16416813820807,-102.60957039398448,0.4559482905680001,-0.49847336334853826,1,320.0,212.0,198.83583186179192,-0.49847336334853826
14.863518476486206,1.999000072479248,-121.0436168043142,-102.48968390007448,0.45606039477941945,-0.4986310082027673,1,320.0,212.0,198.95638319568582,-0.4986310082027673
14.874679565429688,1.9790000915527344,-120.92306547042033,-102.23826347653457,0.45600891844443087,-0.49878230583251065,1,320.0,212.0,199.07693452957966,-0.49878230583251065
14.88312029838562,1.9790000915527344,-120.80251413652645,-102.11837698262457,0.45611498940277695,-0.4989333084128366,1,320.0,214.0,199.19748586347356,-0.4989333084128366
14.89354395866394,1.9650001525878906,-119.1488313580855,-100.84690496611601,0.4533890533018512,-0.4951441964351373,1,320.0,214.0,200.8511686419145,-0.4951441964351373
14.90310788154602,1.9650001525878906,-119.01781932796827,-100.71980115781693,0.4534795152906071,-0.4952741125335271,1,320.0,214.0,200.98218067203175,-0.4952741125335271
14.914994955062866,1.9440001249313354,-118.88680729785104,-100.44922426869009,0.45339188322430213,-0.4953974709997411,1,320.0,214.0,201.11319270214898,-0.4953974709997411
14.923696756362915,1.9440001249313354,-118.7557952677338,-100.322120460391,0.4534761188899632,-0.495520520277523,1,320.0,216.0,201.2442047322662,-0.495520520277523
14.932990550994873,1.9300000667572021,-117.10245706119662,-99.10149654571528,0.45088265177364883,-0.49173138774060987,1,320.0,216.0,202.89754293880338,-0.49173138774060987
14.943428993225098,1.9300000667572021,-116.96105808147298,-98.96759709034264,0.45095207210695376,-0.491833643444501,1,320.0,216.0,203.03894191852703,-0.491833643444501
14.954261064529419,1.909000039100647,-116.81965910174935,-98.68445962626416,0.45083656759420687,-0.49192943735556066,1,320.0,218.0,203.18034089825065,-0.49192943735556066
14.96375298500061,1.909000039100647,-115.18913412437333,-97.61977716540521,0.4485102007143771,-0.48820180560008114,1,320.0,218.0,204.8108658756267,-0.48820180560008114
14.973315477371216,1.8940000534057617,-115.03757129914376,-97.37071331504734,0.44842894765120717,-0.48827703919701837,1,320.0,218.0,204.96242870085624,-0.48827703919701837
14.98387598991394,1.8940000534057617,-114.8860084739142,-97.23046091527495,0.4484779548646076,-0.4883519340510211,1,320.0,218.0,205.11399152608578,-0.4883519340510211
14.99444580078125,1.873000144958496,-114.73444564868464,-96.93467156638518,0.44833456760176227,-0.4884204666299532,1,320.0,218.0,205.26555435131536,-0.4884204666299532
15.003634214401245,1.873000144958496,-114.58288282345508,-96.79441916661278,0.4483775185769444,-0.4884886684229643,1,320.0,220.0,205.41711717654493,-0.4884886684229643
15.01363468170166,1.8580000400543213,-112.93106920838765,-95.54924211791801,0.4457341779797247,-0.4846997905155767,1,320.0,220.0,207.06893079161233,-0.4846997905155767
15.025270462036133,1.8580000400543213,-112.76926168953776,-95.40221931178213,0.4457623883823386,-0.48474751157057316,1,320.0,220.0,207.23073831046224,-0.48474751157057316
15.034517765045166,1.8370001316070557,-112.60745417068786,-95.09295226492628,0.4455902499600132,-0.4847889736828553,1,320.0,220.0,207.39254582931216,-0.4847889736828553
15.055499792098999,1.8370001316070557,-112.44564665183796,-94.9459294587904,0.4456124969812816,-0.484830097212851,1,320.0,221.0,207.55435334816204,-0.484830097212851
15.074657678604126,1.8220001459121704,-110.90457535467301,-93.75065506794209,0.44310078509661893,-0.48132485080740284,1,320.0,221.0,209.095424645327,-0.48132485080740284
15.088973760604858,1.8010001182556152,-110.73334848686481,-93.42788616721533,0.4429005517854176,-0.481341122129115,1,320.0,223.0,209.26665151313517,-0.481341122129115
15.106269836425781,1.78600013256073,-109.2207541250856,-92.19029457923179,0.4402840620627465,-0.47790771618254324,1,320.0,223.0,210.7792458749144,-0.47790771618254324
15.123490333557129,1.7650001049041748,-109.04036269962496,-91.85332888816097,0.44005537274904966,-0.47789978619425044,1,320.0,223.0,210.95963730037505,-0.47789978619425044
15.13972520828247,1.7500001192092896,-108.85997127416432,-91.56408047499498,0.4398799573314293,-0.47788742896227954,1,320.0,223.0,211.1400287258357,-0.47788742896227954
15.155211210250854,1.7500001192092896,-108.67957984870368,-91.4041447987466,0.43985941731866945,-0.47787473349633214,1,320.0,225.0,211.32042015129633,-0.47787473349633214
15.162551403045654,1.7290000915527344,-107.15681947521142,-90.15224037945121,0.4372806578277682,-0.47440590036679564,1,320.0,225.0,212.84318052478858,-0.47440590036679564
15.171576499938965,1.715000033378601,-106.96724397970395,-89.85986019094575,0.4370904261091515,-0.4743696137297265,1,320.0,227.0,213.03275602029606,-0.4743696137297265
15.188170909881592,1.715000033378601,-105.46570579828806,-88.75367686624344,0.43463413020880687,-0.47095936910141,1,320.0,227.0,214.53429420171193,-0.47095936910141
15.204735040664673,1.693000078201294,-105.26714570893793,-88.37806422951545,0.43391920830835307,-0.4703982614064076,1,320.0,227.0,214.73285429106207,-0.4703982614064076
15.223622560501099,1.6790001392364502,-105.06858561958781,-88.0732208677662,0.43287469308026516,-0.46933208423444395,1,320.0,227.0,214.9314143804122,-0.46933208423444395
15.228515386581421,1.658000111579895,-104.87002553023768,-87.697607767735,0.43133847649226986,-0.4677631808741989,1,320.0,227.0,215.12997446976232,-0.4677631808741989
15.241304874420166,1.658000111579895,-104.67146544088756,-87.52503059257673,0.43128261080392033,-0.4677054328584244,1,320.0,228.0,215.32853455911243,-0.4677054328584244
15.255212306976318,1.658000111579895,-103.24109530845395,-86.35980149076484,0.42876043494574667,-0.46458719597608233,1,320.0,230.0,216.75890469154604,-0.46458719597608233
15.271489381790161,1.6440000534057617,-101.83050267488049,-85.12870384013065,0.42550300561572063,-0.4605991684627939,1,320.0,230.0,218.1694973251195,-0.4605991684627939
15.288329601287842,1.6230000257492065,-101.61522291609378,-84.73024641310192,0.4240496145590374,-0.4591307117799823,1,320.0,230.0,218.38477708390622,-0.4591307117799823
15.292256116867065,1.6090000867843628,-101.39994315730708,-84.39929527775116,0.4230580765390866,-0.4581260582727675,1,320.0,230.0,218.60005684269294,-0.4581260582727675
15.305280685424805,1.6090000867843628,-101.18466339852037,-84.21363426086374,0.4229803937316792,-0.4580413666735675,1,320.0,232.0,218.81533660147963,-0.4580413666735675
15.321878433227539,1.5880000591278076,-99.75259536686613,-82.84521977115728,0.4192990355927373,-0.4537420764434851,1,320.0,232.0,220.24740463313387,-0.4537420764434851
15.326632022857666,1.5880000591278076,-99.52893640758829,-82.652951493475,0.4192138271224908,-0.4536480288871777,1,320.0,232.0,220.47106359241172,-0.4536480288871777
15.33819055557251,1.5740001201629639,-99.30527744831045,-82.30814763804699,0.4182584577110172,-0.4526852466490733,1,320.0,234.0,220.69472255168955,-0.4526852466490733
15.354835748672485,1.5740001201629639,-97.8676855813937,-81.21565853155099,0.41609522619263845,-0.44978893617236243,1,320.0,234.0,222.1323144186063,-0.44978893617236243
15.37525987625122,1.5540000200271606,-97.63565154949274,-80.79395462596048,0.41480921991569114,-0.44850691290921785,1,320.0,234.0,222.36434845050726,-0.44850691290921785
15.388189554214478,1.540000081062317,-97.40361751759177,-80.43536986323394,0.4138889500304193,-0.4475862201417523,1,320.0,236.0,222.59638248240822,-0.4475862201417523
15.404865741729736,1.5200001001358032,-95.96074962061334,-79.0649932673207,0.41056102391284277,-0.4436609285898178,1,320.0,236.0,224.03925037938666,-0.4436609285898178
15.42149019241333,1.50600004196167,-95.72034569059392,-78.69177887734284,0.4096749334700574,-0.4427801515018047,1,320.0,236.0,224.27965430940608,-0.4427801515018047
15.439830303192139,1.50600004196167,-95.47994176057449,-78.48681969208434,0.40958647475062504,-0.4426815250507583,1,320.0,237.0,224.5200582394255,-0.4426815250507583
15.455106735229492,1.4860000610351562,-94.12177948414602,-77.15477773897808,0.40650002136819513,-0.4391030697510356,1,320.0,239.0,225.87822051585397,-0.4391030697510356
15.471442699432373,1.4720001220703125,-92.76555415875949,-75.85922230288679,0.4037477102262744,-0.4359408376566237,1,320.0,239.0,227.23444584124053,-0.4359408376566237
15.488564252853394,1.4520000219345093,-92.50972672036696,-75.38230095392447,0.40261406274061656,-0.4348334965449708,1,320.0,239.0,227.49027327963304,-0.4348334965449708
15.504709720611572,1.4380000829696655,-92.25389928197443,-74.97841907968676,0.40179948694304324,-0.43403370879488745,1,320.0,239.0,227.74610071802556,-0.43403370879488745
15.52409029006958,1.4180001020431519,-91.9980718435819,-74.48739158139713,0.40068538370691564,-0.4329445373767886,1,320.0,242.0,228.0019281564181,-0.4329445373767886
15.542378902435303,1.4180001020431519,-90.52901179350859,-73.31878345254094,0.39870982107411845,-0.43044006503700283,1,320.0,242.0,229.47098820649143,-0.43044006503700283
15.563847303390503,1.40500009059906,-90.26474207774336,-72.91220858144852,0.3979833591864874,-0.42973200473228385,1,320.0,242.0,229.73525792225664,-0.42973200473228385
15.573564291000366,1.3850001096725464,-90.00047236197814,-72.39973964173825,0.3969267412989338,-0.4287087318059599,1,320.0,244.0,229.99952763802185,-0.4287087318059599
15.591686248779297,1.3850001096725464,-88.52650127355719,-71.19431135283625,0.3949570847395652,-0.4262926174753412,1,320.0,244.0,231.4734987264428,-0.4262926174753412
15.606154680252075,1.371000051498413,-88.25379468081971,-70.75587653564183,0.3942231840531975,-0.42558441257039425,1,320.0,246.0,231.7462053191803,-0.42558441257039425
15.626138687133789,1.352000117301941,-86.78438341975391,-69.23450120351575,0.3914243837138609,-0.4224622639213046,1,320.0,246.0,233.2156165802461,-0.4224622639213046
15.638615369796753,1.3380000591278076,-86.5033166996318,-68.77734835684893,0.3907300521228504,-0.421797323623877,1,320.0,248.0,233.4966833003682,-0.421797323623877
15.657109022140503,1.319000005722046,-85.03528116142459,-67.21420781051907,0.3880231391952541,-0.41883490575249716,1,320.0,248.0,234.9647188385754,-0.41883490575249716
15.672664642333984,1.319000005722046,-84.74590580284519,-66.96926747014673,0.38792298695629285,-0.41872502619086904,1,320.0,251.0,235.2540941971548,-0.41872502619086904
15.690421342849731,1.3060001134872437,-83.19677392034887,-65.47284118558719,0.38549866305932406,-0.4159392627545273,1,320.0,251.0,236.80322607965113,-0.4159392627545273
15.709614753723145,1.287000060081482,-82.89856050921114,-64.89698646745406,0.38469748971281903,-0.4151925185981234,1,320.0,251.0,237.10143949078886,-0.4151925185981234
15.722898483276367,1.2740000486373901,-82.6003470980734,-64.41697488947457,0.38412537949292225,-0.41465404931498917,1,320.0,253.0,237.3996529019266,-0.41465404931498917
15.740628480911255,1.255000114440918,-81.04498651532148,-62.76114935317218,0.3816044318342251,-0.41186279768481704,1,320.0,253.0,238.95501348467852,-0.41186279768481704
15.75551986694336,1.2360000610351562,-80.73792441892483,-62.146698556145196,0.38087526495807034,-0.4111904138160991,1,320.0,255.0,239.26207558107518,-0.4111904138160991
15.776684284210205,1.2360000610351562,-79.18882431150645,-60.814276968594186,0.3790576239049091,-0.4090943764030922,1,320.0,255.0,240.81117568849356,-0.4090943764030922
15.789530038833618,1.224000096321106,-78.87300121413092,-60.316438353898135,0.3785923811113869,-0.40866541119190597,1,320.0,258.0,241.1269987858691,-0.40866541119190597
15.810141563415527,1.2120000123977661,-77.25006192876029,-58.72931824055472,0.3764516629995282,-0.40621427390140263,1,320.0,258.0,242.7499380712397,-0.40621427390140263
15.822603225708008,1.193000078201294,-76.92499741943492,-58.06976614672888,0.37583638489284055,-0.4056660129549607,1,320.0,260.0,243.07500258056507,-0.4056660129549607
15.838721752166748,1.1750000715255737,-75.31028122093008,-56.32243948440001,0.3736480223328452,-0.4032513038144622,1,320.0,260.0,244.68971877906992,-0.4032513038144622
15.85862922668457,1.1630001068115234,-74.97607640648067,-55.78045254547312,0.3732618210382016,-0.4029068770475818,1,320.0,260.0,245.02392359351933,-0.4029068770475818
15.874210357666016,1.1510000228881836,-74.64187159203126,-55.43198043057119,0.3730140818696945,-0.40256996760748964,1,320.0,260.0,245.35812840796874,-0.40256996760748964
15.89181637763977,1.1510000228881836,-74.30766677758186,-55.149313243709926,0.3729127894944436,-0.4024638617658001,1,320.0,263.0,245.69233322241814,-0.4024638617658001
15.905943393707275,1.1330000162124634,-72.59890453459603,-53.74292187855434,0.37111491160422,-0.400124333327208,1,320.0,265.0,247.40109546540396,-0.400124333327208
15.922321319580078,1.1220000982284546,-70.92167127836663,-52.33537295940167,0.36943498899485894,-0.39803514079746377,1,320.0,265.0,249.07832872163337,-0.39803514079746377
15.941919326782227,1.1040000915527344,-70.5681901200089,-52.036755208500395,0.3692864955010945,-0.39771134374253314,1,320.0,265.0,249.4318098799911,-0.39771134374253314
15.957049369812012,1.0920000076293945,-70.21470896165116,-51.73813745759912,0.3691601152455044,-0.397467548014708,1,320.0,265.0,249.78529103834884,-0.397467548014708
15.974466562271118,1.0920000076293945,-69.86122780329342,-51.43951970669785,0.3690604928142526,-0.39736307900796836,1,320.0,268.0,250.13877219670658,-0.39736307900796836
16.03755807876587,1.0750000476837158,-68.09596007027338,-50.078615885612365,0.3675971281011655,-0.39529713086538204,1,320.0,271.0,251.90403992972662,-0.39529713086538204
16.077252864837646,1.0360000133514404,-66.29189041473805,-48.63495475974278,0.3662067570726084,-0.393216593848388,1,320.0,271.0,253.70810958526195,-0.393216593848388
16.107003688812256,1.0190000534057617,-65.91801562818252,-48.32060889173712,0.36617994470831866,-0.39305377975522426,1,320.0,277.0,254.0819843718175,-0.39305377975522426
16.141582012176514,0.9910000562667847,-63.83835328702167,-46.71709036737899,0.3648205104163233,-0.3910269532683428,1,320.0,277.0,256.1616467129783,-0.3910269532683428
16.17152428627014,0.9800000190734863,-63.45225225827937,-46.39350434688507,0.36481413268867485,-0.39094243316447613,1,320.0,279.0,256.5477477417206,-0.39094243316447613
16.205790996551514,0.9540000557899475,-61.414869612241894,-44.79068924692257,0.3633769094470113,-0.38910776843405986,1,320.0,282.0,258.5851303877581,-0.38910776843405986
16.22197723388672,0.9270000457763672,-59.36278791215524,-43.20110948720364,0.3619556548660364,-0.3872601747290531,1,320.0,282.0,260.6372120878448,-0.3872601747290531
16.225810527801514,0.9270000457763672,-58.95293085775424,-42.859297015061486,0.3618558738249308,-0.3871518727392273,1,320.0,286.0,261.04706914224573,-0.3871518727392273
16.241561889648438,0.9110000729560852,-56.79155661257642,-41.263889688054874,0.3604288162461105,-0.38518920741972446,1,320.0,286.0,263.2084433874236,-0.38518920741972446
16.255553483963013,0.9110000729560852,-56.36906964546622,-40.913037742207855,0.36032177686871725,-0.3850709672799798,1,320.0,288.0,263.6309303545338,-0.3850709672799798
16.27425479888916,0.9010000228881836,-54.24572548933056,-39.31193211559355,0.35888910463596835,-0.38314940561679567,1,320.0,288.0,265.75427451066946,-0.38314940561679567
16.290518045425415,0.8850000500679016,-53.81094195901444,-38.95204130186969,0.3587747851073337,-0.38302142593518246,1,320.0,288.0,266.18905804098557,-0.38302142593518246
16.305846452713013,0.8740000128746033,-53.376158428698325,-38.59215048814583,0.3586599257424784,-0.38289279407827376,1,320.0,291.0,266.6238415713017,-0.38289279407827376
16.327136039733887,0.859000027179718,-51.1968669194689,-36.97325707224481,0.35720775315726044,-0.3809112407730736,1,320.0,291.0,268.8031330805311,-0.3809112407730736
16.339064836502075,0.8490000367164612,-50.749429780638415,-36.60423421313103,0.35708552853620557,-0.3807725950911059,1,320.0,295.0,269.2505702193616,-0.3807725950911059
16.355215549468994,0.8490000367164612,-48.47302893384211,-34.9847951018268,0.35563374487769156,-0.3786893633141228,1,320.0,295.0,271.5269710661579,-0.3786893633141228
16.360055923461914,0.8340000510215759,-48.0123009335876,-34.60668561674125,0.3555041623532756,-0.378540232325401,1,320.0,295.0,271.9876990664124,-0.378540232325401
16.37132692337036,0.8340000510215759,-47.5515729333331,-34.22857613165571,0.35537401266463203,-0.3783904102446789,1,320.0,298.0,272.4484270666669,-0.3783904102446789
16.390074253082275,0.8230000138282776,-45.233494154174934,-32.52542649484363,0.35383319135435964,-0.376263308959606,1,320.0,298.0,274.76650584582507,-0.376263308959606
16.40483808517456,0.8080000281333923,-44.759237732516574,-32.13766578945378,0.35369527271445667,-0.37610280473380875,1,320.0,298.0,275.24076226748343,-0.37610280473380875
16.424564838409424,0.7980000376701355,-44.284981310858214,-31.749905084063926,0.35350914757586954,-0.3758751616514127,1,320.0,298.0,275.7150186891418,-0.3758751616514127
16.438347816467285,0.7980000376701355,-43.810724889199854,-31.362144378674074,0.3533230224372824,-0.37564751856901674,1,320.0,302.0,276.18927511080017,-0.37564751856901674
16.460154056549072,0.7830000519752502,-41.36553336984332,-29.64859139607659,0.35172678760935894,-0.37332359334190124,1,320.0,302.0,278.6344666301567,-0.37332359334190124
16.472129106521606,0.7740000486373901,-40.87689903196216,-29.251159073233275,0.35153602009439416,-0.3730890488597183,1,320.0,306.0,279.1231009680378,-0.3730890488597183
16.492344617843628,0.7590000629425049,-38.36483230028363,-27.479684810164215,0.3498834732324515,-0.37070186871433786,1,320.0,306.0,281.63516769971636,-0.37070186871433786
16.50569725036621,0.7490000128746033,-37.86143061097528,-27.072224497125035,0.34968789228219266,-0.3704602359034699,1,320.0,310.0,282.1385693890247,-0.3704602359034699
16.52287721633911,0.7490000128746033,-35.28689951293995,-25.24699617362775,0.34798351977221287,-0.3680145030226845,1,320.0,310.0,284.71310048706005,-0.3680145030226845
16.53862476348877,0.7350000143051147,-34.768373349209995,-24.829182574154807,0.34778296924446583,-0.3677656104640941,1,320.0,310.0,285.23162665079,-0.3677656104640941
16.5547935962677,0.7250000238418579,-34.24984718548004,-24.411368974681864,0.34758241871671886,-0.3675167179055038,1,320.0,310.0,285.75015281451994,-0.3675167179055038
16.572239875793457,0.7110000252723694,-33.73132102175009,-23.99355537520892,0.3473818681889718,-0.3672678253469134,1,320.0,315.0,286.2686789782499,-0.3672678253469134
16.58922791481018,0.7010000348091125,-30.975829328937092,-22.096939996419657,0.3456071617640847,-0.36463772624086177,1,320.0,315.0,289.0241706710629,-0.36463772624086177
16.605769157409668,0.687000036239624,-30.440959876538376,-21.66832225890836,0.3454014252500792,-0.3643809889037104,1,320.0,319.0,289.5590401234616,-0.3643809889037104
16.621490001678467,0.687000036239624,-27.65074619207854,-19.732999667106697,0.3435918296523677,-0.3617234798937425,1,320.0,319.0,292.34925380792146,-0.3617234798937425
16.641271114349365,0.6770000457763672,-27.099399159161983,-19.293373920174815,0.34338080929384035,-0.36145883331794254,1,320.0,325.0,292.900600840838,-0.36145883331794254
16.654734134674072,0.6630000472068787,-24.12443274966098,-17.246022328596908,0.3414581956795626,-0.35861398900925023,1,320.0,325.0,295.87556725033903,-0.35861398900925023
16.672056674957275,0.6540000438690186,-23.555374961342775,-16.794648021036018,0.34124153601193336,-0.3583408412708575,1,320.0,330.0,296.44462503865725,-0.3583408412708575
16.688225507736206,0.64000004529953,-20.485367105597337,-14.718874448065115,0.3392951635731763,-0.35540460117352435,1,320.0,330.0,299.51463289440267,-0.35540460117352435
16.707078218460083,0.6310000419616699,-19.89802636319694,-14.255625126457588,0.3390728038988047,-0.35512267761717214,1,320.0,330.0,300.10197363680305,-0.35512267761717214
16.721981287002563,0.6170000433921814,-19.310685620796544,-13.79237580485006,0.3388504442244331,-0.35484075406081994,1,320.0,330.0,300.68931437920344,-0.35484075406081994
16.738269090652466,0.6170000433921814,-18.723344878396148,-13.329126483242533,0.3386280845500615,-0.3545588305044678,1,320.0,336.0,301.2766551216039,-0.3545588305044678
16.75543737411499,0.6080000400543213,-15.426267026426107,-11.045320991517379,0.33646701089624304,-0.3513913023723397,1,320.0,342.0,304.5737329735739,-0.3513913023723397
16.76083993911743,0.5940000414848328,-12.02766656096049,-8.700749149313886,0.33424897081497185,-0.34812718829271067,1,320.0,342.0,307.9723334390395,-0.34812718829271067
16.773481845855713,0.5940000414848328,-11.400104360817744,-8.210531170021312,0.3340136661849114,-0.34782595843664216,1,320.0,349.0,308.59989563918225,-0.34782595843664216
16.78813147544861,0.5850000381469727,-7.794182397094594,-5.714309679979355,0.33164156228478187,-0.3443521733309348,1,320.0,349.0,312.2058176029054,-0.3443521733309348
16.791749477386475,0.5710000395774841,-7.144833414912844,-5.209417730875412,0.331399214149212,-0.34404048581948754,1,320.0,349.0,312.85516658508715,-0.34404048581948754
16.807746410369873,0.5710000395774841,-6.495484432731094,-4.704525781771469,0.3311568660136421,-0.3437287983080403,1,320.0,349.0,313.5045155672689,-0.3437287983080403
16.821473360061646,0.5710000395774841,-5.846135450549344,-4.199633832667526,0.3309145178780722,-0.3434171107965931,1,320.0,357.0,314.15386454945065,-0.3434171107965931
16.83820867538452,0.5630000233650208,-1.8844081433951483,-1.5146653166280721,0.3283496474565367,-0.3395766148955801,1,320.0,357.0,318.11559185660485,-0.3395766148955801
16.85581660270691,0.5490000247955322,-1.210823326293661,-0.9938222983511729,0.3280996428077638,-0.33925329418337136,1,320.0,357.0,318.7891766737063,-0.33925329418337136
16.87130117416382,0.5410000085830688,-0.5372385091921735,-0.4729792800742736,0.32784963815899093,-0.33892997347116266,1,320.0,365.0,319.46276149080785,-0.33892997347116266
16.888086557388306,0.527999997138977,3.7028678522870893,2.4345376051702843,0.3250577198476441,-0.3348081489218811,1,320.0,365.0,323.7028678522871,-0.3348081489218811
16.906054496765137,0.5190000534057617,4.40253483808572,2.972834501027549,0.3247993373376326,-0.33447230876869777,1,320.0,365.0,324.4025348380857,-0.33447230876869777
16.92144012451172,0.5190000534057617,5.102201823884351,3.5111313968848137,0.32454095482762113,-0.33413646861551444,1,320.0,374.0,325.10220182388434,-0.33413646861551444
16.939183235168457,0.5060000419616699,9.675448597202752,6.7023453844424505,0.32145825493715063,-0.32967678352472896,1,320.0,374.0,329.6754485972028,-0.32967678352472896
16.955281257629395,0.49800002574920654,10.403422165996291,7.260028745005252,0.3211905669240805,-0.32932735621170806,1,320.0,384.0,330.4034221659963,-0.32932735621170806
16.959583520889282,0.48500001430511475,15.301179800832427,10.5982620713039,0.31796335342285403,-0.3245397485474503,1,320.0,384.0,335.3011798008324,-0.3245397485474503
16.972092866897583,0.48500001430511475,16.05961191962017,11.17625620067424,0.31768591624075626,-0.3241757011304322,1,320.0,395.0,336.0596119196202,-0.3241757011304322
16.98821234703064,0.47600001096725464,21.330133770704492,14.802895093860823,0.3141638737417708,-0.31900953622519684,1,320.0,395.0,341.3301337707045,-0.31900953622519684
17.004778146743774,0.47600001096725464,22.121519819701174,15.403154921109362,0.3138757490246915,-0.31862967092167843,1,320.0,395.0,342.1215198197012,-0.31862967092167843
17.023731231689453,0.46400001645088196,22.912905868697855,16.0034147483579,0.3135876243076122,-0.31824980561816,1,320.0,395.0,342.91290586869786,-0.31824980561816
17.03831195831299,0.45600003004074097,23.704291917694537,16.60367457560644,0.3132994995905329,-0.3178699403146416,1,320.0,407.0,343.70429191769455,-0.3178699403146416
17.054927587509155,0.44300001859664917,29.55000600552957,20.58939200856793,0.3094097617981355,-0.3121130370825111,1,320.0,407.0,349.55000600552955,-0.3121130370825111
17.072033166885376,0.4350000321865082,30.378279060400875,21.214359253623666,0.3091097775205088,-0.31171546601617284,1,320.0,407.0,350.37827906040087,-0.31171546601617284
17.088332176208496,0.4230000078678131,31.206552115272178,21.839326498679405,0.30880979324288205,-0.31131789494983464,1,320.0,421.0,351.2065521152722,-0.31131789494983464
17.104925394058228,0.4230000078678131,37.6579051186734,26.263908830274957,0.30446988300566113,-0.3049416060029896,1,320.0,421.0,357.6579051186734,-0.3049416060029896
17.121716260910034,0.41100001335144043,38.527173667359854,26.91657745930638,0.3041566020637261,-0.3045243570996201,1,320.0,421.0,358.5271736673599,-0.3045243570996201
17.138331174850464,0.40300002694129944,39.39644221604631,27.569246088337806,0.303843321121791,-0.3041071081962506,1,320.0,435.0,359.3964422160463,-0.3041071081962506
17.143057823181152,0.39500001072883606,46.404394029173915,32.31667472767626,0.2991790099652335,-0.29716698706243316,1,320.0,453.0,366.4043940291739,-0.29716698706243316
17.155088663101196,0.39500001072883606,54.01395928225675,37.53657137655342,0.294030560325221,-0.2896144214145822,1,320.0,453.0,374.01395928225674,-0.2896144214145822
17.17149019241333,0.3830000162124634,54.976681313316796,38.252095563812674,0.2936871087153366,-0.2891523148396734,1,320.0,453.0,374.9766813133168,-0.2891523148396734
17.188868045806885,0.3750000298023224,55.93940334437684,38.96761975107193,0.2933436571054522,-0.28869020826476455,1,320.0,453.0,375.93940334437684,-0.28869020826476455
17.205055713653564,0.3750000298023224,56.90212537543689,39.683143938331185,0.2930002054955677,-0.28822810168985574,1,320.0,471.0,376.90212537543687,-0.28822810168985574
17.222554445266724,0.3630000054836273,65.44237372456787,45.57798457080647,0.2871560835032412,-0.27971831642397066,1,320.0,471.0,385.44237372456786,-0.27971831642397066
17.240561723709106,0.35500001907348633,66.4602265813567,46.331191239174956,0.28679454430242435,-0.27922974705271203,1,320.0,493.0,386.46022658135666,-0.27922974705271203
17.254749059677124,0.3440000116825104,75.8880505966671,52.820683673810294,0.2803423395964363,-0.26981165022731,1,320.0,493.0,395.8880505966671,-0.26981165022731
17.272902250289917,0.3360000252723694,76.96706271968159,53.61560594639582,0.2799607769055953,-0.26929372440826305,1,320.0,518.0,396.9670627196816,-0.26929372440826305
17.288304090499878,0.32500001788139343,87.43138052560548,60.87643778841313,0.27271447942957416,-0.2588115957652849,1,320.0,518.0,407.4313805256055,-0.2588115957652849
17.307044744491577,0.32500001788139343,88.57863334982164,61.71837378839681,0.272310350149582,-0.25826091440966115,1,320.0,518.0,408.57863334982164,-0.25826091440966115
17.322034120559692,0.31700000166893005,89.72588617403781,62.56030978838049,0.2719062208695898,-0.2577102330540374,1,320.0,547.0,409.7258861740378,-0.2577102330540374
17.32690978050232,0.3060000240802765,101.65054822927276,70.81671863174134,0.2636311825387415,-0.24571868332474667,1,320.0,547.0,421.6505482292728,-0.24571868332474667
17.33010458946228,0.3060000240802765,102.87614745277365,71.71255415780047,0.26320118148623317,-0.24513039569746625,1,320.0,,422.87614745277364,-0.24513039569746625
17.333208799362183,0.2990000247955322,104.10174667627454,72.60838968385958,0.26277118043372477,-0.24454210807018584,1,320.0,,424.10174667627456,-0.24454210807018584
17.336193561553955,0.2990000247955322,105.32734589977544,73.5042252099187,0.26234117938121637,-0.2439538204429054,1,320.0,,425.3273458997754,-0.2439538204429054
17.339361429214478,0.2990000247955322,106.55294512327633,74.40006073597783,0.261911178328708,-0.24336553281562495,1,320.0,,426.55294512327634,-0.24336553281562495
17.342462062835693,0.2990000247955322,107.77854434677722,75.29589626203696,0.26148117727619963,-0.24277724518834454,1,320.0,,427.7785443467772,-0.24277724518834454
17.345561265945435,0.2990000247955322,109.00414357027812,76.19173178809608,0.26105117622369123,-0.2421889575610641,1,320.0,,429.00414357027813,-0.2421889575610641
17.348448991775513,0.2990000247955322,110.22974279377901,77.0875673141552,0.2606211751711829,-0.24160066993378368,1,320.0,,430.229742793779,-0.24160066993378368
17.35147213935852,0.2990000247955322,111.4553420172799,77.98340284021432,0.2601911741186745,-0.24101238230650324,1,320.0,,431.4553420172799,-0.24101238230650324
17.354706525802612,0.2880000174045563,112.6809412407808,78.87923836627346,0.2597611730661661,-0.24042409467922282,1,320.0,,432.6809412407808,-0.24042409467922282
17.358633756637573,0.2880000174045563,113.90654046428169,79.77507389233257,0.25933117201365774,-0.2398358070519424,1,320.0,,433.9065404642817,-0.2398358070519424
17.363115549087524,0.2880000174045563,115.13213968778258,80.67090941839169,0.25890117096114934,-0.23924751942466196,1,320.0,,435.13213968778257,-0.23924751942466196
17.366416931152344,0.2880000174045563,116.35773891128348,81.56674494445082,0.25847116990864094,-0.23865923179738152,1,320.0,,436.3577389112835,-0.23865923179738152
17.36956024169922,0.2880000174045563,117.58333813478437,82.46258047050995,0.2580411688561326,-0.2380709441701011,1,320.0,,437.58333813478436,-0.2380709441701011
17.373209238052368,0.2880000174045563,118.80893735828526,83.35841599656906,0.2576111678036242,-0.2374826565428207,1,320.0,,438.8089373582853,-0.2374826565428207
17.376356840133667,0.281000018119812,120.03453658178616,84.25425152262818,0.25718116675111585,-0.23689436891554025,1,320.0,,440.03453658178614,-0.23689436891554025
17.379568815231323,0.281000018119812,121.26013580528705,85.15008704868731,0.25675116569860745,-0.2363060812882598,1,320.0,,441.26013580528706,-0.2363060812882598
17.382545709609985,0.281000018119812,122.48573502878794,86.04592257474643,0.2563211646460991,-0.2357177936609794,1,320.0,,442.48573502878793,-0.2357177936609794
17.385584592819214,0.281000018119812,123.71133425228884,86.94175810080554,0.2558911635935907,-0.23512950603369898,1,320.0,,443.71133425228885,-0.23512950603369898
17.389132738113403,0.281000018119812,124.93693347578973,87.83759362686466,0.2554611625410823,-0.23454121840641853,1,320.0,,444.9369334757897,-0.23454121840641853
17.392473220825195,0.281000018119812,126.16253269929062,88.73342915292378,0.25503116148857397,-0.2339529307791381,1,320.0,,446.16253269929064,-0.2339529307791381
17.395630359649658,0.27000001072883606,127.38813192279152,89.62926467898289,0.25460116043606557,-0.23336464315185768,1,320.0,,447.3881319227915,-0.23336464315185768
17.3990318775177,0.27000001072883606,128.61373114629242,90.52510020504201,0.25417115938355717,-0.23277635552457723,1,320.0,,448.6137311462924,-0.23277635552457723
17.403321027755737,0.27000001072883606,129.83933036979332,91.42093573110112,0.2537411583310488,-0.23218806789729682,1,320.0,,449.8393303697933,-0.23218806789729682
17.406920194625854,0.27000001072883606,131.0649295932942,92.31677125716024,0.2533111572785405,-0.23159978027001638,1,320.0,,451.0649295932942,-0.23159978027001638
17.410386562347412,0.27000001072883606,132.2905288167951,93.21260678321936,0.2528811562260321,-0.23101149264273596,1,320.0,,452.29052881679513,-0.23101149264273596
17.413684368133545,0.27000001072883606,133.516128040296,94.10844230927847,0.2524511551735237,-0.23042320501545552,1,320.0,,453.516128040296,-0.23042320501545552
17.41700553894043,0.2639999985694885,134.7417272637969,95.00427783533759,0.25202115412101533,-0.2298349173881751,1,320.0,,454.74172726379686,-0.2298349173881751
17.42000102996826,0.2639999985694885,135.96732648729778,95.9001133613967,0.25159115306850693,-0.22924662976089466,1,320.0,,455.9673264872978,-0.22924662976089466
17.42321276664734,0.2639999985694885,137.19292571079868,96.79594888745582,0.25116115201599853,-0.22865834213361425,1,320.0,,457.1929257107987,-0.22865834213361425
17.42641544342041,0.2639999985694885,138.41852493429957,97.69178441351494,0.2507311509634902,-0.2280700545063338,1,320.0,,458.41852493429957,-0.2280700545063338
17.429866313934326,0.2639999985694885,139.64412415780046,98.58761993957405,0.25030114991098185,-0.2274817668790534,1,320.0,,459.64412415780043,-0.2274817668790534
17.432837963104248,0.2639999985694885,140.86972338130136,99.48345546563317,0.24987114885847345,-0.22689347925177294,1,320.0,,460.86972338130136,-0.22689347925177294
17.435871601104736,0.25600001215934753,142.09532260480225,100.37929099169229,0.24944114780596505,-0.22630519162449253,1,320.0,,462.0953226048023,-0.22630519162449253
17.439531087875366,0.25600001215934753,143.32092182830314,101.2751265177514,0.2490111467534567,-0.2257169039972121,1,320.0,,463.32092182830314,-0.2257169039972121
17.442789793014526,0.25600001215934753,144.54652105180404,102.17096204381052,0.2485811457009483,-0.22512861636993167,1,320.0,,464.546521051804,-0.22512861636993167
17.446847677230835,0.25600001215934753,145.77212027530493,103.06679756986964,0.24815114464843993,-0.22454032874265123,1,320.0,,465.7721202753049,-0.22454032874265123
17.44999384880066,0.25600001215934753,146.99771949880582,103.96263309592875,0.24772114359593156,-0.22395204111537081,1,320.0,,466.99771949880585,-0.22395204111537081
17.45292019844055,0.25600001215934753,148.22331872230671,104.85846862198787,0.2472911425434232,-0.22336375348809037,1,320.0,,468.2233187223067,-0.22336375348809037
17.45613956451416,0.25200000405311584,149.4489179458076,105.75430414804698,0.24686114149091481,-0.22277546586080996,1,320.0,,469.4489179458076,-0.22277546586080996
17.459392786026,0.25200000405311584,150.6745171693085,106.6501396741061,0.24643114043840644,-0.22218717823352951,1,320.0,,470.6745171693085,-0.22218717823352951
17.462469577789307,0.25200000405311584,151.9001163928094,107.54597520016522,0.24600113938589807,-0.2215988906062491,1,320.0,,471.9001163928094,-0.2215988906062491
17.465516805648804,0.25200000405311584,153.1257156163103,108.44181072622433,0.24557113833338967,-0.22101060297896866,1,320.0,,473.1257156163103,-0.22101060297896866
17.46845579147339,0.25200000405311584,154.35131483981118,109.33764625228345,0.2451411372808813,-0.22042231535168824,1,320.0,,474.35131483981115,-0.22042231535168824
17.471742868423462,0.25200000405311584,155.57691406331207,110.23348177834256,0.24471113622837293,-0.2198340277244078,1,320.0,,475.5769140633121,-0.2198340277244078
17.47511076927185,0.24700000882148743,156.80251328681297,111.12931730440168,0.24428113517586456,-0.21924574009712738,1,320.0,,476.802513286813,-0.21924574009712738
17.478739500045776,0.24700000882148743,158.02811251031386,112.0251528304608,0.24385113412335618,-0.21865745246984694,1,320.0,,478.02811251031386,-0.21865745246984694
17.482819080352783,0.24700000882148743,159.25371173381475,112.92098835651991,0.2434211330708478,-0.2180691648425665,1,320.0,,479.2537117338147,-0.2180691648425665
17.486449003219604,0.24700000882148743,160.47931095731565,113.81682388257903,0.24299113201833944,-0.21748087721528608,1,320.0,,480.47931095731565,-0.21748087721528608
17.490650177001953,0.24700000882148743,161.70491018081654,114.71265940863815,0.24256113096583104,-0.21689258958800567,1,320.0,,481.70491018081657,-0.21689258958800567
17.493780851364136,0.24700000882148743,162.93050940431743,115.60849493469726,0.24213112991332267,-0.21630430196072523,1,320.0,,482.93050940431743,-0.21630430196072523
17.496911764144897,0.24400001764297485,164.15610862781833,116.50433046075638,0.2417011288608143,-0.21571601433344478,1,320.0,,484.1561086278183,-0.21571601433344478
17.500043392181396,0.24400001764297485,165.38170785131922,117.4001659868155,0.24127112780830592,-0.21512772670616437,1,320.0,,485.3817078513192,-0.21512772670616437
17.50302815437317,0.24400001764297485,166.6073070748201,118.29600151287461,0.24084112675579755,-0.21453943907888395,1,320.0,,486.60730707482014,-0.21453943907888395
17.506282329559326,0.24400001764297485,167.832906298321,119.19183703893373,0.24041112570328918,-0.2139511514516035,1,320.0,,487.832906298321,-0.2139511514516035
17.50945258140564,0.24400001764297485,169.0585055218219,120.08767256499284,0.2399811246507808,-0.21336286382432307,1,320.0,,489.05850552182187,-0.21336286382432307
17.512977361679077,0.24400001764297485,170.2841047453228,120.98350809105196,0.2395511235982724,-0.21277457619704265,1,320.0,,490.2841047453228,-0.21277457619704265
17.516165494918823,0.24400001764297485,171.5097039688237,121.87934361711108,0.23912112254576404,-0.21218628856976224,1,320.0,,491.5097039688237,-0.21218628856976224
17.519166469573975,0.2410000115633011,172.73530319232458,122.77517914317019,0.23869112149325566,-0.2115980009424818,1,320.0,,492.7353031923246,-0.2115980009424818
17.522886991500854,0.2410000115633011,173.96090241582547,123.67101466922931,0.2382611204407473,-0.21100971331520135,1,320.0,,493.96090241582544,-0.21100971331520135
17.52729606628418,0.2410000115633011,175.18650163932637,124.56685019528842,0.23783111938823892,-0.21042142568792094,1,320.0,,495.18650163932637,-0.21042142568792094
17.53051781654358,0.2410000115633011,176.41210086282726,125.46268572134754,0.23740111833573055,-0.20983313806064052,1,320.0,,496.4121008628273,-0.20983313806064052
17.533686876296997,0.2410000115633011,177.63770008632815,126.35852124740666,0.23697111728322218,-0.2092448504333601,1,320.0,,497.63770008632815,-0.2092448504333601
17.536667585372925,0.24000000953674316,178.86329930982905,127.25435677346577,0.23654111623071378,-0.20865656280607964,1,320.0,,498.863299309829,-0.20865656280607964
17.539851427078247,0.24000000953674316,180.08889853332994,128.1501922995249,0.23611111517820543,-0.20806827517879922,1,320.0,,500.08889853332994,-0.20806827517879922
17.543123722076416,0.24000000953674316,181.31449775683083,129.04602782558402,0.23568111412569703,-0.2074799875515188,1,320.0,,501.31449775683086,-0.2074799875515188
17.546371936798096,0.24000000953674316,182.54009698033173,129.94186335164312,0.23525111307318866,-0.2068916999242384,1,320.0,,502.5400969803317,-0.2068916999242384
17.549400806427002,0.24000000953674316,183.76569620383262,130.83769887770222,0.2348211120206803,-0.20630341229695792,1,320.0,,503.7656962038326,-0.20630341229695792
17.55256986618042,0.24000000953674316,184.9912954273335,131.73353440376135,0.23439111096817192,-0.2057151246696775,1,320.0,,504.9912954273335,-0.2057151246696775
17.555946350097656,0.24000000953674316,186.2168946508344,132.62936992982048,0.23396110991566355,-0.2051268370423971,1,320.0,,506.21689465083443,-0.2051268370423971
17.559123754501343,0.23900000751018524,187.4424938743353,133.5252054558796,0.23353110886315517,-0.20453854941511668,1,320.0,,507.4424938743353,-0.20453854941511668
17.56290054321289,0.23900000751018524,188.6680930978362,134.4210409819387,0.2331011078106468,-0.2039502617878362,1,320.0,,508.66809309783616,-0.2039502617878362
17.566251277923584,0.23900000751018524,189.89369232133708,135.31687650799782,0.2326711067581384,-0.2033619741605558,1,320.0,,509.8936923213371,-0.2033619741605558
17.569324731826782,0.23900000751018524,191.11929154483798,136.21271203405695,0.23224110570563003,-0.20277368653327538,1,320.0,,511.119291544838,-0.20277368653327538
17.57291603088379,0.23900000751018524,192.34489076833887,137.10854756011605,0.23181110465312166,-0.20218539890599496,1,320.0,,512.3448907683389,-0.20218539890599496
17.576844453811646,0.23900000751018524,193.57048999183976,138.00438308617515,0.23138110360061329,-0.2015971112787145,1,320.0,,513.5704899918397,-0.2015971112787145
17.58007788658142,0.23900000751018524,194.79608921534066,138.90021861223428,0.23095110254810491,-0.20100882365143408,1,320.0,,514.7960892153407,-0.20100882365143408
17.583155632019043,0.23900000751018524,196.02168843884155,139.7960541382934,0.23052110149559651,-0.20042053602415366,1,320.0,,516.0216884388416,-0.20042053602415366
17.58608651161194,0.23900000751018524,197.24728766234244,140.69188966435252,0.23009110044308817,-0.19983224839687325,1,320.0,,517.2472876623424,-0.19983224839687325
17.589685916900635,0.23900000751018524,198.47288688584334,141.58772519041162,0.2296610993905798,-0.19924396076959278,1,320.0,,518.4728868858433,-0.19924396076959278
17.593064546585083,0.23900000751018524,199.69848610934423,142.48356071647075,0.2292310983380714,-0.19865567314231236,1,320.0,,519.6984861093442,-0.19865567314231236
17.59652304649353,0.23900000751018524,200.92408533284512,143.37939624252988,0.22880109728556303,-0.19806738551503195,1,320.0,,520.9240853328452,-0.19806738551503195
17.59953546524048,0.23900000751018524,202.14968455634602,144.27523176858898,0.22837109623305465,-0.19747909788775153,1,320.0,,522.1496845563461,-0.19747909788775153
17.602811813354492,0.23900000751018524,203.3752837798469,145.17106729464808,0.22794109518054628,-0.19689081026047106,1,320.0,,523.3752837798469,-0.19689081026047106
17.60668110847473,0.23900000751018524,204.6008830033478,146.0669028207072,0.2275110941280379,-0.19630252263319065,1,320.0,,524.6008830033478,-0.19630252263319065
17.609868049621582,0.23900000751018524,205.8264822268487,146.96273834676634,0.2270810930755295,-0.19571423500591023,1,320.0,,525.8264822268487,-0.19571423500591023
17.61319375038147,0.23900000751018524,207.0520814503496,147.85857387282545,0.22665109202302114,-0.19512594737862982,1,320.0,,527.0520814503495,-0.19512594737862982
17.616268634796143,0.23900000751018524,208.27768067385048,148.75440939888455,0.2262210909705128,-0.19453765975134937,1,320.0,,528.2776806738505,-0.19453765975134937
17.61933159828186,0.24000000953674316,209.50327989735138,149.65024492494368,0.2257910899180044,-0.19394937212406893,1,320.0,,529.5032798973514,-0.19394937212406893
17.622375011444092,0.24000000953674316,210.72887912085227,150.5460804510028,0.22536108886549602,-0.19336108449678852,1,320.0,,530.7288791208523,-0.19336108449678852
17.625885486602783,0.24000000953674316,211.95447834435316,151.44191597706194,0.22493108781298762,-0.1927727968695081,1,320.0,,531.9544783443532,-0.1927727968695081
17.629135370254517,0.24000000953674316,213.18007756785406,152.33775150312107,0.22450108676047925,-0.19218450924222766,1,320.0,,533.180077567854,-0.19218450924222766
17.632182598114014,0.24000000953674316,214.40567679135495,153.2335870291802,0.22407108570797088,-0.19159622161494722,1,320.0,,534.405676791355,-0.19159622161494722
17.63528871536255,0.24000000953674316,215.63127601485584,154.12942255523933,0.22364108465546248,-0.1910079339876668,1,320.0,,535.6312760148559,-0.1910079339876668
17.638517379760742,0.2410000115633011,216.85687523835674,155.02525808129846,0.2232110836029541,-0.19041964636038636,1,320.0,,536.8568752383567,-0.19041964636038636
17.642115354537964,0.2410000115633011,218.08247446185763,155.9210936073576,0.2227810825504457,-0.18983135873310591,1,320.0,,538.0824744618576,-0.18983135873310591
17.646435499191284,0.2410000115633011,219.30807368535852,156.81692913341672,0.22235108149793734,-0.1892430711058255,1,320.0,,539.3080736853585,-0.1892430711058255
17.649636268615723,0.2410000115633011,220.53367290885942,157.71276465947585,0.22192108044542896,-0.18865478347854509,1,320.0,,540.5336729088594,-0.18865478347854509
17.652907371520996,0.2410000115633011,221.7592721323603,158.60860018553498,0.22149107939292056,-0.18806649585126467,1,320.0,,541.7592721323604,-0.18806649585126467
17.656020402908325,0.2410000115633011,222.9848713558612,159.5044357115941,0.22106107834041216,-0.18747820822398423,1,320.0,,542.9848713558612,-0.18747820822398423
17.659188747406006,0.242000013589859,224.2104705793621,160.40027123765324,0.22063107728790382,-0.18688992059670378,1,320.0,,544.2104705793621,-0.18688992059670378
17.66233468055725,0.242000013589859,225.436069802863,161.29610676371237,0.22020107623539542,-0.18630163296942337,1,320.0,,545.436069802863,-0.18630163296942337
17.6655330657959,0.242000013589859,226.66166902636388,162.1919422897715,0.21977107518288702,-0.18571334534214293,1,320.0,,546.6616690263638,-0.18571334534214293
17.66860318183899,0.242000013589859,227.88726824986477,163.08777781583063,0.21934107413037868,-0.18512505771486248,1,320.0,,547.8872682498647,-0.18512505771486248
17.67163872718811,0.242000013589859,229.11286747336567,163.98361334188976,0.21891107307787028,-0.18453677008758207,1,320.0,,549.1128674733657,-0.18453677008758207
17.674861669540405,0.242000013589859,230.33846669686656,164.8794488679489,0.21848107202536188,-0.18394848246030165,1,320.0,,550.3384666968666,-0.18394848246030165
17.678045988082886,0.24400001764297485,231.56406592036745,165.77528439400803,0.2180510709728535,-0.18336019483302124,1,320.0,,551.5640659203675,-0.18336019483302124
17.681145429611206,0.24400001764297485,232.78966514386835,166.67111992006716,0.21762106992034513,-0.1827719072057408,1,320.0,,552.7896651438683,-0.1827719072057408
17.685010194778442,0.24400001764297485,234.01526436736924,167.5669554461263,0.21719106886783673,-0.18218361957846035,1,320.0,,554.0152643673692,-0.18218361957846035
17.68934464454651,0.24400001764297485,235.24086359087013,168.46279097218542,0.21676106781532836,-0.18159533195117994,1,320.0,,555.2408635908702,-0.18159533195117994
17.692960023880005,0.24400001764297485,236.46646281437103,169.35862649824455,0.21633106676282,-0.18100704432389952,1,320.0,,556.466462814371,-0.18100704432389952
17.69622230529785,0.24400001764297485,237.69206203787192,170.25446202430368,0.2159010657103116,-0.18041875669661905,1,320.0,,557.6920620378719,-0.18041875669661905
17.69928479194641,0.2460000067949295,238.9176612613728,171.1502975503628,0.2154710646578032,-0.17983046906933864,1,320.0,,558.9176612613728,-0.17983046906933864
17.70225167274475,0.2460000067949295,240.1432604848737,172.04613307642194,0.21504106360529485,-0.17924218144205822,1,320.0,,560.1432604848737,-0.17924218144205822
17.70546245574951,0.2460000067949295,241.3688597083746,172.94196860248107,0.21461106255278645,-0.1786538938147778,1,320.0,,561.3688597083747,-0.1786538938147778
17.708858013153076,0.2460000067949295,242.5944589318755,173.8378041285402,0.21418106150027805,-0.17806560618749737,1,320.0,,562.5944589318755,-0.17806560618749737
17.712186336517334,0.2460000067949295,243.8200581553764,174.73363965459933,0.2137510604477697,-0.17747731856021692,1,320.0,,563.8200581553764,-0.17747731856021692
17.715285539627075,0.2460000067949295,245.04565737887728,175.62947518065846,0.2133210593952613,-0.1768890309329365,1,320.0,,565.0456573788773,-0.1768890309329365
17.718393564224243,0.24800001084804535,246.27125660237817,176.5253107067176,0.2128910583427529,-0.1763007433056561,1,320.0,,566.2712566023781,-0.1763007433056561
17.721848964691162,0.24800001084804535,247.49685582587907,177.42114623277672,0.21246105729024453,-0.17571245567837562,1,320.0,,567.496855825879,-0.17571245567837562
17.725544929504395,0.24800001084804535,248.72245504937996,178.31698175883585,0.21203105623773616,-0.1751241680510952,1,320.0,,568.72245504938,-0.1751241680510952
17.729654788970947,0.24800001084804535,249.94805427288085,179.21281728489498,0.21160105518522776,-0.1745358804238148,1,320.0,,569.9480542728809,-0.1745358804238148
17.732895851135254,0.24800001084804535,251.17365349638175,180.1086528109541,0.2111710541327194,-0.17394759279653438,1,320.0,,571.1736534963818,-0.17394759279653438
17.735892295837402,0.24800001084804535,252.39925271988264,181.00448833701324,0.21074105308021102,-0.17335930516925394,1,320.0,,572.3992527198826,-0.17335930516925394
17.738982677459717,0.24900001287460327,253.62485194338353,181.90032386307237,0.21031105202770262,-0.1727710175419735,1,320.0,,573.6248519433835,-0.1727710175419735
17.74224019050598,0.24900001287460327,254.85045116688443,182.7961593891315,0.20988105097519424,-0.17218272991469308,1,320.0,,574.8504511668845,-0.17218272991469308
17.745332956314087,0.24900001287460327,256.0760503903853,183.69199491519063,0.20945104992268587,-0.17159444228741266,1,320.0,,576.0760503903853,-0.17159444228741266
17.74852180480957,0.24900001287460327,257.30164961388624,184.58783044124976,0.20902104887017747,-0.1710061546601322,1,320.0,,577.3016496138862,-0.1710061546601322
17.751600742340088,0.24900001287460327,258.52724883738716,185.4836659673089,0.20859104781766907,-0.17041786703285178,1,320.0,,578.5272488373871,-0.17041786703285178
17.755433082580566,0.24900001287460327,259.7528480608881,186.37950149336802,0.20816104676516073,-0.1698295794055713,1,320.0,,579.752848060888,-0.1698295794055713
17.758647203445435,0.25200000405311584,260.978447284389,187.27533701942716,0.20773104571265233,-0.1692412917782909,1,320.0,,580.978447284389,-0.1692412917782909
17.763197660446167,0.25200000405311584,262.2040465078899,188.1711725454863,0.20730104466014393,-0.16865300415101042,1,320.0,,582.2040465078899,-0.16865300415101042
17.76659345626831,0.25200000405311584,263.42964573139085,189.06700807154542,0.20687104360763556,-0.16806471652373,1,320.0,,583.4296457313908,-0.16806471652373
17.769572019577026,0.25200000405311584,264.65524495489177,189.96284359760455,0.20644104255512719,-0.16747642889644954,1,320.0,,584.6552449548917,-0.16747642889644954
17.77322816848755,0.25200000405311584,265.8808441783927,190.85867912366368,0.20601104150261879,-0.16688814126916912,1,320.0,,585.8808441783926,-0.16688814126916912
17.783228874206543,0.2540000081062317,267.1064434018936,191.7545146497228,0.2055810404501104,-0.16629985364188865,1,320.0,,587.1064434018936,-0.16629985364188865
17.793622970581055,0.2540000081062317,268.33204262539454,192.65035017578194,0.20515103939760204,-0.16571156601460824,1,320.0,,588.3320426253945,-0.16571156601460824
17.80357313156128,0.25600001215934753,269.55764184889546,193.54618570184107,0.20472103834509364,-0.16512327838732782,1,320.0,,589.5576418488954,-0.16512327838732782
17.81327199935913,0.25600001215934753,270.7832410723964,194.4420212279002,0.20429103729258527,-0.16453499076004735,1,320.0,,590.7832410723963,-0.16453499076004735
17.823627471923828,0.2580000162124634,272.0088402958973,195.33785675395933,0.2038610362400769,-0.16394670313276688,1,320.0,,592.0088402958972,-0.16394670313276688
17.833091497421265,0.2580000162124634,273.2344395193982,196.23369228001846,0.2034310351875685,-0.16335841550548647,1,320.0,,593.2344395193982,-0.16335841550548647
17.84379243850708,0.2600000202655792,274.46003874289914,197.1295278060776,0.2030010341350601,-0.16277012787820605,1,320.0,,594.4600387428991,-0.16277012787820605
17.853319883346558,0.2600000202655792,275.68563796640007,198.02536333213672,0.20257103308255175,-0.16218184025092558,1,320.0,,595.6856379664,-0.16218184025092558
17.8634090423584,0.26200002431869507,276.911237189901,198.92119885819585,0.20214103203004335,-0.1615935526236451,1,320.0,,596.9112371899009,-0.1615935526236451
17.874022006988525,0.26200002431869507,278.1368364134019,199.81703438425498,0.20171103097753496,-0.1610052649963647,1,320.0,,598.1368364134019,-0.1610052649963647
17.88426947593689,0.2639999985694885,279.36243563690283,200.7128699103141,0.20128102992502658,-0.16041697736908428,1,320.0,,599.3624356369028,-0.16041697736908428
17.8938148021698,0.2639999985694885,280.58803486040375,201.60870543637324,0.2008510288725182,-0.1598286897418038,1,320.0,,600.5880348604037,-0.1598286897418038
17.9032142162323,0.26600000262260437,281.8136340839047,202.50454096243237,0.2004210278200098,-0.15924040211452334,1,320.0,,601.8136340839046,-0.15924040211452334
17.913642406463623,0.26600000262260437,283.0392333074056,203.4003764884915,0.19999102676750144,-0.15865211448724292,1,320.0,,603.0392333074055,-0.15865211448724292
17.923439502716064,0.2680000066757202,284.2648325309065,204.29621201455063,0.19956102571499307,-0.1580638268599625,1,320.0,,604.2648325309065,-0.1580638268599625
17.93347406387329,0.2680000066757202,285.49043175440744,205.19204754060976,0.19913102466248467,-0.15747553923268204,1,320.0,,605.4904317544074,-0.15747553923268204
17.943188190460205,0.27000001072883606,286.71603097790836,206.0878830666689,0.1987010236099763,-0.15688725160540157,1,320.0,,606.7160309779083,-0.15688725160540157
17.953603267669678,0.27000001072883606,287.9416302014093,206.98371859272802,0.19827102255746792,-0.15629896397812115,1,320.0,,607.9416302014092,-0.15629896397812115
17.963573694229126,0.2720000147819519,289.1672294249102,207.87955411878715,0.19784102150495952,-0.15571067635084074,1,320.0,,609.1672294249101,-0.15571067635084074
17.973466634750366,0.2720000147819519,290.3928286484111,208.77538964484629,0.19741102045245112,-0.15512238872356027,1,320.0,,610.3928286484111,-0.15512238872356027
17.983088970184326,0.27400001883506775,291.61842787191205,209.67122517090542,0.19698101939994275,-0.1545341010962798,1,320.0,,611.618427871912,-0.1545341010962798
17.993661403656006,0.27400001883506775,292.84402709541297,210.56706069696455,0.19655101834743438,-0.15394581346899938,1,320.0,,612.8440270954129,-0.15394581346899938
18.004215002059937,0.2760000228881836,294.0696263189139,211.46289622302368,0.19612101729492598,-0.15335752584171897,1,320.0,,614.0696263189138,-0.15335752584171897
18.014047622680664,0.2760000228881836,295.2952255424148,212.3587317490828,0.1956910162424176,-0.1527692382144385,1,320.0,,615.2952255424148,-0.1527692382144385
18.023281574249268,0.2770000100135803,296.52082476591573,213.25456727514194,0.19526101518990924,-0.15218095058715803,1,320.0,,616.5208247659157,-0.15218095058715803
18.03399634361267,0.2770000100135803,297.74642398941666,214.15040280120107,0.19483101413740084,-0.1515926629598776,1,320.0,,617.7464239894166,-0.1515926629598776
18.043494701385498,0.27900001406669617,298.9720232129176,215.0462383272602,0.19440101308489247,-0.1510043753325972,1,320.0,,618.9720232129175,-0.1510043753325972
18.054052352905273,0.27900001406669617,300.1976224364185,215.94207385331933,0.1939710120323841,-0.15041608770531673,1,320.0,,620.1976224364184,-0.15041608770531673
18.06353783607483,0.2800000011920929,301.4232216599194,216.83790937937846,0.1935410109798757,-0.14982780007803626,1,320.0,,621.4232216599194,-0.14982780007803626
18.074203491210938,0.2800000011920929,302.64882088342034,217.7337449054376,0.19311100992736732,-0.14923951245075584,1,320.0,,622.6488208834203,-0.14923951245075584
18.083556175231934,0.28200000524520874,303.87442010692126,218.62958043149672,0.19268100887485895,-0.14865122482347543,1,320.0,,623.8744201069212,-0.14865122482347543
18.093864917755127,0.28200000524520874,305.1000193304222,219.52541595755585,0.19225100782235055,-0.14806293719619495,1,320.0,,625.1000193304221,-0.14806293719619495
18.103506088256836,0.2840000092983246,306.3256185539231,220.42125148361498,0.19182100676984218,-0.14747464956891454,1,320.0,,626.325618553923,-0.14747464956891454
18.1130268573761,0.2840000092983246,307.55121777742403,221.3170870096741,0.1913910057173338,-0.14688636194163407,1,320.0,,627.551217777424,-0.14688636194163407
18.12386202812195,0.2850000262260437,308.77681700092495,222.21292253573324,0.1909610046648254,-0.14629807431435365,1,320.0,,628.7768170009249,-0.14629807431435365
18.13363003730774,0.2850000262260437,310.0024162244259,223.10875806179237,0.19053100361231703,-0.14570978668707318,1,320.0,,630.0024162244258,-0.14570978668707318
18.143084049224854,0.28600001335144043,311.2280154479268,224.0045935878515,0.19010100255980866,-0.14512149905979277,1,320.0,,631.2280154479267,-0.14512149905979277
18.153796911239624,0.28600001335144043,312.4536146714277,224.90042911391063,0.18967100150730026,-0.1445332114325123,1,320.0,,632.4536146714277,-0.1445332114325123
18.1640841960907,0.2880000174045563,313.67921389492864,225.79626463996976,0.18924100045479186,-0.14394492380523183,1,320.0,,633.6792138949286,-0.14394492380523183
18.173990964889526,0.2880000174045563,314.90481311842956,226.6921001660289,0.18881099940228352,-0.1433566361779514,1,320.0,,634.9048131184295,-0.1433566361779514
18.18313694000244,0.289000004529953,316.1304123419305,227.58793569208802,0.18838099834977512,-0.142768348550671,1,320.0,,636.1304123419304,-0.142768348550671
18.193480730056763,0.289000004529953,317.3560115654314,228.48377121814715,0.18795099729726672,-0.14218006092339053,1,320.0,,637.3560115654313,-0.14218006092339053
18.202934503555298,0.2900000214576721,318.5816107889323,229.37960674420628,0.18752099624475832,-0.14159177329611006,1,320.0,,638.5816107889323,-0.14159177329611006
18.213469743728638,0.2900000214576721,319.80721001243325,230.27544227026542,0.18709099519224998,-0.14100348566882964,1,320.0,,639.8072100124332,-0.14100348566882964
18.223207235336304,0.29100000858306885,321.03280923593417,231.17127779632455,0.18666099413974158,-0.14041519804154923,1,320.0,,641.0328092359341,-0.14041519804154923
18.233670949935913,0.29100000858306885,322.2584084594351,232.06711332238368,0.18623099308723318,-0.13982691041426876,1,320.0,,642.258408459435,-0.13982691041426876
18.24328637123108,0.2930000126361847,323.484007682936,232.9629488484428,0.18580099203472483,-0.1392386227869883,1,320.0,,643.484007682936,-0.1392386227869883
18.25325298309326,0.2930000126361847,324.70960690643693,233.85878437450194,0.18537099098221643,-0.13865033515970787,1,320.0,,644.7096069064369,-0.13865033515970787
18.26294708251953,0.2930000126361847,325.93520612993785,234.75461990056107,0.18494098992970803,-0.13806204753242746,1,320.0,,645.9352061299378,-0.13806204753242746
18.2734534740448,0.2930000126361847,327.1608053534388,235.6504554266202,0.18451098887719966,-0.13747375990514699,1,320.0,,647.1608053534387,-0.13747375990514699
18.282989740371704,0.29500001668930054,328.3864045769397,236.54629095267933,0.1840809878246913,-0.13688547227786652,1,320.0,,648.3864045769396,-0.13688547227786652
18.293651580810547,0.29500001668930054,329.6120038004406,237.44212647873846,0.1836509867721829,-0.1362971846505861,1,320.0,,649.6120038004406,-0.1362971846505861
18.302807331085205,0.29500001668930054,330.83760302394154,238.3379620047976,0.18322098571967452,-0.13570889702330569,1,320.0,,650.8376030239415,-0.13570889702330569
18.313297271728516,0.29500001668930054,332.06320224744246,239.23379753085672,0.18279098466716615,-0.13512060939602522,1,320.0,,652.0632022474424,-0.13512060939602522
18.323139667510986,0.29600000381469727,333.2888014709434,240.12963305691585,0.18236098361465775,-0.13453232176874474,1,320.0,,653.2888014709433,-0.13453232176874474
18.33363914489746,0.29600000381469727,334.5144006944443,241.02546858297498,0.18193098256214937,-0.13394403414146433,1,320.0,,654.5144006944442,-0.13394403414146433
18.343146800994873,0.2970000207424164,335.7399999179452,241.9213041090341,0.181500981509641,-0.13335574651418391,1,320.0,,655.7399999179452,-0.13335574651418391
18.35356903076172,0.2970000207424164,336.96559914144615,242.81713963509324,0.1810709804571326,-0.13276745888690344,1,320.0,,656.9655991414461,-0.13276745888690344
18.363216161727905,0.2980000078678131,338.19119836494707,243.71297516115237,0.18064097940462423,-0.13217917125962297,1,320.0,,658.191198364947,-0.13217917125962297
18.37386703491211,0.2980000078678131,339.416797588448,244.6088106872115,0.18021097835211586,-0.13159088363234256,1,320.0,,659.4167975884479,-0.13159088363234256
18.383293628692627,0.2990000247955322,340.6423968119489,245.50464621327063,0.17978097729960746,-0.13100259600506214,1,320.0,,660.6423968119489,-0.13100259600506214
18.393704891204834,0.2990000247955322,341.86799603544983,246.40048173932976,0.1793509762470991,-0.13041430837778167,1,320.0,,661.8679960354498,-0.13041430837778167
18.40329885482788,0.2990000247955322,343.09359525895076,247.2963172653889,0.17892097519459071,-0.12982602075050126,1,320.0,,663.0935952589507,-0.12982602075050126
18.413862228393555,0.2990000247955322,344.3191944824517,248.19215279144802,0.17849097414208231,-0.1292377331232208,1,320.0,,664.3191944824516,-0.1292377331232208
18.42400288581848,0.30000001192092896,345.5447937059526,249.08798831750715,0.17806097308957392,-0.12864944549594037,1,320.0,,665.5447937059525,-0.12864944549594037
18.433518171310425,0.30000001192092896,346.7703929294535,249.98382384356628,0.17763097203706557,-0.1280611578686599,1,320.0,,666.7703929294535,-0.1280611578686599
18.44390058517456,0.30100002884864807,347.99599215295444,250.87965936962541,0.17720097098455717,-0.1274728702413795,1,320.0,,667.9959921529544,-0.1274728702413795
18.45369553565979,0.30100002884864807,349.22159137645536,251.77549489568455,0.17677096993204877,-0.12688458261409902,1,320.0,,669.2215913764553,-0.12688458261409902
18.46340036392212,0.3020000159740448,350.4471905999563,252.67133042174368,0.17634096887954037,-0.1262962949868186,1,320.0,,670.4471905999562,-0.1262962949868186
18.47384524345398,0.3020000159740448,351.6727898234572,253.5671659478028,0.17591096782703203,-0.12570800735953813,1,320.0,,671.6727898234572,-0.12570800735953813
18.483478307724,0.3020000159740448,352.89838904695813,254.46300147386194,0.17548096677452363,-0.12511971973225772,1,320.0,,672.8983890469581,-0.12511971973225772
18.493875741958618,0.3020000159740448,354.12398827045905,255.35883699992107,0.17505096572201523,-0.12453143210497725,1,320.0,,674.123988270459,-0.12453143210497725
18.503063917160034,0.30300000309944153,355.34958749396,256.2546725259802,0.17462096466950688,-0.12394314447769683,1,320.0,,675.3495874939599,-0.12394314447769683
18.513586282730103,0.30300000309944153,356.5751867174609,257.1505080520393,0.17419096361699848,-0.12335485685041636,1,320.0,,676.5751867174608,-0.12335485685041636
18.52373766899109,0.30400002002716064,357.8007859409618,258.04634357809846,0.17376096256449008,-0.12276656922313595,1,320.0,,677.8007859409618,-0.12276656922313595
18.533199310302734,0.30400002002716064,359.02638516446274,258.9421791041576,0.1733309615119817,-0.12217828159585548,1,320.0,,679.0263851644627,-0.12217828159585548
18.543470859527588,0.30400002002716064,360.25198438796366,259.8380146302167,0.17290096045947334,-0.12158999396857506,1,320.0,,680.2519843879636,-0.12158999396857506
18.55395770072937,0.30400002002716064,361.4775836114646,260.7338501562758,0.172470959406965,-0.12100170634129459,1,320.0,,681.4775836114645,-0.12100170634129459
18.563594102859497,0.3050000071525574,362.7031828349655,261.629685682335,0.1720409583544566,-0.12041341871401418,1,320.0,,682.7031828349654,-0.12041341871401418
18.57310152053833,0.3050000071525574,363.9287820584664,262.52552120839414,0.1716109573019482,-0.1198251310867337,1,320.0,,683.9287820584664,-0.1198251310867337
18.58352041244507,0.3060000240802765,365.15438128196735,263.42135673445324,0.1711809562494398,-0.11923684345945329,1,320.0,,685.1543812819673,-0.11923684345945329
18.593884468078613,0.3060000240802765,366.37998050546827,264.31719226051234,0.17075095519693145,-0.11864855583217282,1,320.0,,686.3799805054682,-0.11864855583217282
18.60329580307007,0.3060000240802765,367.6055797289692,265.2130277865715,0.17032095414442305,-0.1180602682048924,1,320.0,,687.6055797289691,-0.1180602682048924
18.613779544830322,0.3060000240802765,368.8311789524701,266.10886331263066,0.16989095309191465,-0.11747198057761193,1,320.0,,688.83117895247,-0.11747198057761193
18.62370204925537,0.3070000112056732,370.05677817597103,267.00469883868976,0.1694609520394063,-0.11688369295033152,1,320.0,,690.056778175971,-0.11688369295033152
18.633190870285034,0.3070000112056732,371.28237739947195,267.90053436474886,0.1690309509868979,-0.11629540532305105,1,320.0,,691.2823773994719,-0.11629540532305105
18.644253253936768,0.3070000112056732,372.5079766229729,268.796369890808,0.1686009499343895,-0.11570711769577063,1,320.0,,692.5079766229728,-0.11570711769577063
18.654285669326782,0.3070000112056732,373.7335758464738,269.6922054168672,0.1681709488818811,-0.11511883006849016,1,320.0,,693.7335758464737,-0.11511883006849016
18.663179636001587,0.30800002813339233,374.9591750699747,270.5880409429263,0.16774094782937277,-0.11453054244120975,1,320.0,,694.9591750699747,-0.11453054244120975
18.67361307144165,0.30800002813339233,376.18477429347564,271.4838764689854,0.16731094677686437,-0.11394225481392928,1,320.0,,696.1847742934756,-0.11394225481392928
18.683109760284424,0.30800002813339233,377.41037351697656,272.37971199504454,0.16688094572435597,-0.11335396718664886,1,320.0,,697.4103735169765,-0.11335396718664886
18.693471431732178,0.30800002813339233,378.6359727404775,273.2755475211037,0.16645094467184757,-0.11276567955936839,1,320.0,,698.6359727404774,-0.11276567955936839
18.703318119049072,0.30900001525878906,379.8615719639784,274.1713830471628,0.16602094361933922,-0.11217739193208798,1,320.0,,699.8615719639783,-0.11217739193208798
18.713831901550293,0.30900001525878906,381.0871711874793,275.0672185732219,0.16559094256683088,-0.11158910430480751,1,320.0,,701.0871711874793,-0.11158910430480751
18.723681449890137,0.30900001525878906,382.31277041098025,275.96305409928107,0.16516094151432248,-0.11100081667752709,1,320.0,,702.3127704109802,-0.11100081667752709
18.733591318130493,0.30900001525878906,383.53836963448117,276.8588896253402,0.16473094046181408,-0.11041252905024662,1,320.0,,703.5383696344811,-0.11041252905024662
18.743810892105103,0.3100000023841858,384.7639688579821,277.7547251513993,0.16430093940930568,-0.1098242414229662,1,320.0,,704.763968857982,-0.1098242414229662
18.75337862968445,0.3100000023841858,385.989568081483,278.65056067745843,0.16387093835679734,-0.10923595379568574,1,320.0,,705.989568081483,-0.10923595379568574
18.764063835144043,0.3100000023841858,387.21516730498394,279.54639620351753,0.16344093730428894,-0.10864766616840532,1,320.0,,707.2151673049839,-0.10864766616840532
18.773977279663086,0.3100000023841858,388.44076652848486,280.44223172957663,0.1630109362517806,-0.10805937854112485,1,320.0,,708.4407665284848,-0.10805937854112485
18.7831871509552,0.3100000023841858,389.6663657519858,281.33806725563574,0.16258093519927225,-0.10747109091384444,1,320.0,,709.6663657519857,-0.10747109091384444
18.793683528900146,0.3100000023841858,390.8919649754867,282.23390278169484,0.16215093414676385,-0.10688280328656397,1,320.0,,710.8919649754866,-0.10688280328656397
18.803822994232178,0.3110000193119049,392.1175641989876,283.12973830775394,0.16172093309425545,-0.10629451565928355,1,320.0,,712.1175641989876,-0.10629451565928355
18.814101934432983,0.3110000193119049,393.34316342248854,284.02557383381304,0.1612909320417471,-0.10570622803200308,1,320.0,,713.3431634224885,-0.10570622803200308
21.70423698425293,1.6150001287460327,747.5413390142548,536.0423144410622,-0.7649875359946239,1.0624152496256407,1,320.0,18.0,1067.5413390142548,1.0624152496256407
21.714069843292236,1.6150001287460327,-228.01306216323536,146.12795888914488,-0.17013241177220642,-0.4263909977129173,1,320.0,18.0,91.98693783676464,-0.4263909977129173
21.7234787940979,1.63100004196167,-228.94376257023453,145.99659617048385,-0.17264044812379034,-0.43393482221869306,1,320.0,18.0,91.05623742976547,-0.43393482221869306
21.733017683029175,1.63100004196167,-229.8744629772337,146.0296950820841,-0.17290824485351025,-0.4353500714075242,1,320.0,18.0,90.12553702276631,-0.4353500714075242
21.743979692459106,1.6540000438690186,-230.80516338423286,145.83255055782004,-0.1764047387370904,-0.44565626446176193,1,320.0,18.0,89.19483661576714,-0.44565626446176193
21.75427007675171,1.6540000438690186,-231.73586379123202,145.86564946942028,-0.17668142523540903,-0.4471091809349816,1,320.0,22.0,88.26413620876798,-0.4471091809349816
21.76376700401306,1.6690000295639038,-265.13789473328075,136.86321026168378,-0.1646765686681146,-0.5069433083366056,1,320.0,22.0,54.862105266719254,-0.5069433083366056
21.77323293685913,1.6690000295639038,-266.1432277764794,136.8758781808901,-0.1649203023824153,-0.5085636672619532,1,320.0,22.0,53.85677222352058,-0.5085636672619532
21.784235954284668,1.690000057220459,-267.1485608196781,136.68843929772353,-0.16785177268099172,-0.5193285303756296,1,320.0,22.0,52.851439180321904,-0.5193285303756296
21.794036626815796,1.690000057220459,-268.15389386287677,136.70110721692987,-0.16810265693507653,-0.5209874422598347,1,320.0,24.0,51.84610613712323,-0.5209874422598347
21.803709030151367,1.7020000219345093,-278.5097691774894,141.5306457558297,-0.17795166728069559,-0.5428458386100744,1,320.0,24.0,41.490230822510625,-0.5428458386100744
21.813178062438965,1.7020000219345093,-279.538029681855,141.55539898243572,-0.17822980088559937,-0.5445703404727337,1,320.0,24.0,40.461970318145006,-0.5445703404727337
21.82455849647522,1.7190001010894775,-280.5662901862206,141.4245760299594,-0.17832702405378298,-0.5463085710554877,1,320.0,24.0,39.43370981377939,-0.5463085710554877
21.83340835571289,1.7190001010894775,-281.59455069058623,141.44932925656542,-0.17861098313079646,-0.5480486499367584,1,320.0,18.0,38.40544930941377,-0.5480486499367584
21.843883275985718,1.7290000915527344,-287.8972757078272,152.67010540916024,-0.19840260494569348,-0.5589633392775795,1,320.0,18.0,32.10272429217281,-0.5589633392775795
21.853285551071167,1.7290000915527344,-288.93966984453914,152.72510088141493,-0.1987469410437115,-0.5607408048560585,1,320.0,18.0,31.06033015546086,-0.5607408048560585
21.86454486846924,1.7410000562667847,-289.9820639812511,152.67367033996524,-0.19896805238975276,-0.5625288696344289,1,320.0,18.0,30.017936018748912,-0.5625288696344289
21.87329339981079,1.7410000562667847,-291.02445811796304,152.72866581221993,-0.19931697683135943,-0.5643188654480844,1,320.0,,28.975541882036964,-0.5643188654480844
21.88370132446289,1.752000093460083,-292.066852254675,152.68751292906975,-0.19955464593156133,-0.566118824162619,1,320.0,,27.933147745325016,-0.566118824162619
21.893189430236816,1.752000093460083,-293.10924639138693,152.74250840132444,-0.19990779644974976,-0.5679207425783742,1,320.0,,26.890753608613068,-0.5679207425783742
21.905130624771118,1.7570000886917114,-294.1516405280989,152.75423812304768,-0.2002109595453356,-0.56972829758735,1,320.0,,25.84835947190112,-0.56972829758735
21.914058208465576,1.7570000886917114,-295.19403466481083,152.80923359530237,-0.20056614562050262,-0.5715378253274607,1,320.0,,24.80596533518917,-0.5715378253274607
21.923906087875366,1.7620000839233398,-296.2364288015228,152.82123339010303,-0.20087166985593474,-0.5733530287505348,1,320.0,,23.763571198477223,-0.5733530287505348
21.93340229988098,1.7620000839233398,-297.2788229382347,152.87622886235772,-0.20122889367069785,-0.5751702179346581,1,320.0,,22.721177061765275,-0.5751702179346581
21.944924354553223,1.7670000791549683,-298.3212170749467,152.8884962093322,-0.20153677820880336,-0.5769931218914875,1,320.0,,21.678782925053326,-0.5769931218914875
21.95374822616577,1.7670000791549683,-299.3636112116586,152.9434916815869,-0.201896041951074,-0.5788180246392806,1,320.0,,20.636388788341378,-0.5788180246392806
21.96343469619751,1.7690000534057617,-300.40600534837057,152.98147046222718,-0.20223572338523121,-0.5806464281887257,1,320.0,,19.59399465162943,-0.5806464281887257
21.974026441574097,1.7690000534057617,-301.4483994850825,153.03646593448187,-0.20259593057812847,-0.5824768357410378,1,320.0,,18.55160051491748,-0.5824768357410378
21.98448657989502,1.7720000743865967,-302.49079362179447,153.06601503561765,-0.2029268069369753,-0.5843115159930353,1,320.0,,17.509206378205533,-0.5843115159930353
21.993430376052856,1.7720000743865967,-303.5331877585064,153.12101050787234,-0.2032883250824365,-0.5861482080659106,1,320.0,,16.466812241493585,-0.5861482080659106
22.003119468688965,1.7730001211166382,-304.57558189521836,153.16754455496883,-0.20364016226518258,-0.5879876734342004,1,320.0,,15.424418104781637,-0.5879876734342004
22.013771295547485,1.7730001211166382,-305.6179760319303,153.22254002722352,-0.20400225943688532,-0.589829153229475,1,320.0,,14.382023968069689,-0.589829153229475
22.023427486419678,1.7740000486373901,-306.66037016864226,153.26908556660558,-0.2043546897833517,-0.5916734140470936,1,320.0,,13.33962983135774,-0.5916734140470936
22.033963203430176,1.7740000486373901,-307.7027643053542,153.32408103886027,-0.20471736646551073,-0.5935196918974933,1,320.0,,12.297235694645792,-0.5935196918974933
22.04347801208496,1.7740000486373901,-308.74515844206616,153.37907651111496,-0.20508014956391524,-0.5953679867806745,1,320.0,,11.254841557933844,-0.5953679867806745
22.05390501022339,1.7740000486373901,-309.7875525787781,153.43407198336965,-0.2054430390785653,-0.5972182986966369,1,320.0,,10.212447421221896,-0.5972182986966369
22.065418243408203,1.7740000486373901,-310.82994671549005,153.48906745562434,-0.20580603500946082,-0.5990706276453807,1,320.0,,9.170053284509947,-0.5990706276453807
22.073472261428833,1.7740000486373901,-311.872340852202,153.54406292787903,-0.20616913735660186,-0.6009249736269057,1,320.0,,8.127659147798,-0.6009249736269057
22.08319067955017,1.7730001211166382,-312.91473498891395,153.60750833300634,-0.2065421183991192,-0.602780554411074,1,320.0,,7.085265011086051,-0.602780554411074
22.093605995178223,1.7730001211166382,-313.9571291256259,153.66250380526103,-0.20690506580095624,-0.6046381496222272,1,320.0,,6.042870874374103,-0.6046381496222272
22.103861331939697,1.7710000276565552,-314.99952326233785,153.73443263288542,-0.2072877035236348,-0.6064961841891492,1,320.0,,5.000476737662154,-0.6064961841891492
22.1135094165802,1.7710000276565552,-316.0419173990498,153.7894281051401,-0.20765012722364629,-0.6083562279708417,1,320.0,,3.958082600950206,-0.6083562279708417
22.123534440994263,1.7700001001358032,-317.08431153576174,153.85290502046695,-0.20802246640271838,-0.6102174883139811,1,320.0,,2.915688464238258,-0.6102174883139811
22.134033679962158,1.7700001001358032,-318.1267056724737,153.90790049272164,-0.2083847337164017,-0.6120807552660946,1,320.0,,1.8732943275263096,-0.6120807552660946
22.144087314605713,1.7680001258850098,-319.16909980918564,153.97989151028406,-0.20876676437763578,-0.6139444330022291,1,320.0,,0.8309001908143614,-0.6139444330022291
22.153605461120605,1.7680001258850098,-320.2114939458976,154.03488698253875,-0.20912850597582458,-0.6158101121354342,1,320.0,,-0.21149394589758685,-0.6158101121354342
22.163793563842773,1.7660000324249268,-321.25388808260954,154.1069213464918,-0.209510061979439,-0.6176761863212084,1,320.0,,-1.253888082609535,-0.6176761863212084
22.17452597618103,1.7660000324249268,-322.2962822193215,154.16191681874648,-0.2098712766293493,-0.6195442566918388,1,320.0,,-2.2962822193214834,-0.6195442566918388
22.184040784835815,1.7630001306533813,-323.33867635603343,154.24254831136085,-0.21026225213177122,-0.6214118982866554,1,320.0,,-3.3386763560334316,-0.6214118982866554
22.19368314743042,1.7630001306533813,-324.3810704927454,154.29754378361554,-0.21062256931364282,-0.6232815282486285,1,320.0,,-4.38107049274538,-0.6232815282486285
22.2033588886261,1.7600001096725464,-325.4234646294573,154.37827243259937,-0.21101276245237302,-0.6251507058847037,1,320.0,,-5.423464629457328,-0.6251507058847037
22.213797092437744,1.7600001096725464,-326.4658587661693,154.43326790485406,-0.21137218027044058,-0.6270218640699247,1,320.0,,-6.465858766169276,-0.6270218640699247
22.22482705116272,1.7570000886917114,-327.5082529028812,154.51409323519772,-0.2117615886225609,-0.6288925464752159,1,320.0,,-7.508252902881225,-0.6288925464752159
22.233829259872437,1.7570000886917114,-328.5506470395932,154.5690887074524,-0.21212010522391786,-0.630765201611642,1,320.0,,-8.550647039593173,-0.630765201611642
22.243185997009277,1.7540000677108765,-329.5930411763051,154.65001126503935,-0.21250872759043551,-0.6326373575141062,1,320.0,,-9.593041176305121,-0.6326373575141062
22.25355315208435,1.7540000677108765,-330.63543531301707,154.70500673729404,-0.21286634112102898,-0.6345114783296947,1,320.0,,-10.63543531301707,-0.6345114783296947
22.26310634613037,1.7510000467300415,-331.677829449729,154.78602707212508,-0.21325417630673701,-0.6363850764572891,1,320.0,,-11.677829449729018,-0.6363850764572891
22.273472547531128,1.7510000467300415,-332.72022358644097,154.84102254437977,-0.21361088491135902,-0.6382606316799971,1,320.0,,-12.720223586440966,-0.6382606316799971
22.283570051193237,1.7480000257492065,-333.7626177231529,154.92214121061195,-0.2139979317248743,-0.6401356407606791,1,320.0,,-13.762617723152914,-0.6401356407606791
22.293155431747437,1.7480000257492065,-334.80501185986486,154.97713668286664,-0.21435373354715323,-0.6420125991184636,1,320.0,,-14.805011859864862,-0.6420125991184636
22.303736209869385,1.7440000772476196,-335.8474059965768,155.06711630920807,-0.2147501339650445,-0.6438881483225302,1,320.0,,-15.84740599657681,-0.6438881483225302
22.3136305809021,1.7440000772476196,-336.88980013328876,155.12211178146276,-0.2151046556896207,-0.6457656363798923,1,320.0,,-16.88980013328876,-0.6457656363798923
22.323898315429688,1.7420001029968262,-337.9321942700007,155.19466567153464,-0.21547960650248904,-0.6476433736513323,1,320.0,,-17.932194270000707,-0.6476433736513323
22.33352041244507,1.7420001029968262,-338.97458840671266,155.24966114378933,-0.21583358923059193,-0.6495230445641644,1,320.0,,-18.974588406712655,-0.6495230445641644
22.34341788291931,1.7380000352859497,-340.0169825434246,155.33990802725526,-0.21622848763476463,-0.6514012488910059,1,320.0,,-20.016982543424604,-0.6514012488910059
22.353556156158447,1.7380000352859497,-341.05937668013655,155.39490349950995,-0.216581185812135,-0.6532813764351216,1,320.0,,-21.059376680136552,-0.6532813764351216
22.363016843795776,1.7350001335144043,-342.1017708168485,155.4764537153233,-0.21696473410670877,-0.6551608615172407,1,320.0,,-22.1017708168485,-0.6551608615172407
22.373417615890503,1.7350001335144043,-343.14416495356045,155.53144918757798,-0.21731651776321081,-0.657042261998934,1,320.0,,-23.14416495356045,-0.657042261998934
22.383339405059814,1.7320001125335693,-344.1865590902724,155.613101815315,-0.21769927293659647,-0.6589229964629548,1,320.0,,-24.186559090272397,-0.6589229964629548
22.39353609085083,1.7320001125335693,-345.22895322698434,155.66809728756968,-0.21805014016513308,-0.6608056385085391,1,320.0,,-25.228953226984345,-0.6608056385085391
22.4029483795166,1.7290000915527344,-346.2713473636963,155.7498518554228,-0.21843209978721168,-0.662687591082419,1,320.0,,-26.271347363696293,-0.662687591082419
22.41364049911499,1.7290000915527344,-347.31374150040824,155.8048473276775,-0.21878204872383286,-0.6645714434198516,1,320.0,,-27.31374150040824,-0.6645714434198516
22.423503160476685,1.7260000705718994,-348.3561356371202,155.88670442151349,-0.21916321163246416,-0.6664545828315478,1,320.0,,-28.35613563712019,-0.6664545828315478
22.43334722518921,1.7260000705718994,-349.39852977383214,155.94169989376817,-0.21951224041198975,-0.668339614188786,1,320.0,,-29.398529773832138,-0.668339614188786
22.44345760345459,1.7230000495910645,-350.4409239105441,156.02366010395195,-0.2198926054491916,-0.6702239091662554,1,320.0,,-30.440923910544086,-0.6702239091662554
22.453027963638306,1.7230000495910645,-351.48331804725603,156.07865557620664,-0.2202407122052015,-0.6721100882712563,1,320.0,,-31.483318047256034,-0.6721100882712563
22.463183164596558,1.7200000286102295,-352.525712183968,156.1607194976443,-0.22062027821719193,-0.6739955075424564,1,320.0,,-32.52571218396798,-0.6739955075424564
22.473775386810303,1.7200000286102295,-353.56810632067993,156.21571496989898,-0.2209674610820168,-0.6758828031231771,1,320.0,,-33.56810632067993,-0.6758828031231771
22.4834246635437,1.718000054359436,-354.6105004573919,156.28881362801627,-0.22133571791345924,-0.6777702019837435,1,320.0,,-34.61050045739188,-0.6777702019837435
22.49389624595642,1.718000054359436,-355.6528945941038,156.34380910027096,-0.22168234963874675,-0.679659471941927,1,320.0,,-35.65289459410383,-0.679659471941927
22.50329899787903,1.715000033378601,-356.6952887308158,156.42604720689442,-0.22206064693913044,-0.6815479377643526,1,320.0,,-36.695288730815776,-0.6815479377643526
22.513829469680786,1.715000033378601,-357.7376828675277,156.4810426791491,-0.22240635138268286,-0.6834382668663846,1,320.0,,-37.737682867527724,-0.6834382668663846
22.52391004562378,1.7130000591278076,-358.7800770042397,156.5542580187274,-0.22277326777823697,-0.6853286653707338,1,320.0,,-38.78007700423967,-0.6853286653707338
22.53343677520752,1.7130000591278076,-359.8224711409516,156.6092534909821,-0.22311841836244017,-0.6872209219427856,1,320.0,,-39.82247114095162,-0.6872209219427856
22.544004440307617,1.7100000381469727,-360.86486527766357,156.69166746953724,-0.22349544286140804,-0.6891123300771226,1,320.0,,-40.86486527766357,-0.6891123300771226
22.554109573364258,1.7100000381469727,-361.9072594143755,156.74666294179193,-0.2238396627697839,-0.6910055884611516,1,320.0,,-41.90725941437552,-0.6910055884611516
22.563832998275757,1.7080000638961792,-362.94965355108747,156.81999609455778,-0.22420523397124079,-0.692898882369969,1,320.0,,-42.949653551087465,-0.692898882369969
22.573387622833252,1.7080000638961792,-363.9920476877994,156.87499156681247,-0.22454889729807892,-0.694794021316575,1,320.0,,-43.99204768779941,-0.694794021316575
22.583906888961792,1.7060000896453857,-365.03444182451136,156.94837216445114,-0.22491396792728985,-0.6966891801522588,1,320.0,,-45.03444182451136,-0.6966891801522588
22.593724727630615,1.7060000896453857,-366.0768359612233,157.00336763670583,-0.22525707347306084,-0.6985861788138275,1,320.0,,-46.07683596122331,-0.6985861788138275
22.60299062728882,1.7040001153945923,-367.11923009793526,157.07679586358626,-0.22562164255135178,-0.7004831817287631,1,320.0,,-47.11923009793526,-0.7004831817287631
22.613675117492676,1.7040001153945923,-368.1616242346472,157.13179133584094,-0.22596418911613889,-0.7023820192576801,1,320.0,,-48.161624234647206,-0.7023820192576801
22.623576641082764,1.7020000219345093,-369.20401837135915,157.2052684802592,-0.2263282569442442,-0.704280845294222,1,320.0,,-49.204018371359155,-0.704280845294222
22.633222818374634,1.7020000219345093,-370.2464125080711,157.2602639525139,-0.22667024328281007,-0.7061815007325308,1,320.0,,-50.2464125080711,-0.7061815007325308
22.64431071281433,1.7000000476837158,-371.28880664478305,157.33378799768334,-0.227033806284765,-0.7080821291524747,1,320.0,,-51.28880664478305,-0.7080821291524747
22.653992891311646,1.7000000476837158,-372.331200781495,157.38878346993803,-0.2273752312413052,-0.7099845817622819,1,320.0,,-52.331200781495,-0.7099845817622819
22.66357421875,1.6980000734329224,-373.37359491820695,157.46235570323094,-0.22740504546137544,-0.7107928199915284,1,320.0,,-53.37359491820695,-0.7107928199915284
22.67339515686035,1.6980000734329224,-374.4159890549189,157.51735117548563,-0.22774579784789367,-0.7126949642134924,1,320.0,,-54.415989054918896,-0.7126949642134924
22.68337631225586,1.6970000267028809,-375.45838319163084,157.5816537126694,-0.22793066297640002,-0.7140487723205791,1,320.0,,-55.458383191630844,-0.7140487723205791
22.693811893463135,1.6970000267028809,-376.5007773283428,157.6366491849241,-0.22827117442988554,-0.7159525707596869,1,320.0,,-56.50077732834279,-0.7159525707596869
22.70322895050049,1.6950000524520874,-377.54317146505474,157.71029405509194,-0.2282996008827791,-0.7167537610188338,1,320.0,,-57.54317146505474,-0.7167537610188338
22.713794231414795,1.6950000524520874,-378.5855656017667,157.76528952734662,-0.2286394376862496,-0.7186572145367575,1,320.0,,-58.58556560176669,-0.7186572145367575
22.723620891571045,1.693000078201294,-379.62795973847864,157.8389830580673,-0.22866695203837487,-0.7194538747161442,1,320.0,,-59.62795973847864,-0.7194538747161442
22.73297691345215,1.693000078201294,-380.6703538751906,157.893978530322,-0.229006112989748,-0.7213569624652691,1,320.0,,-60.670353875190585,-0.7213569624652691
22.74425959587097,1.6920000314712524,-381.71274801190253,157.95834189777977,-0.2291890343724059,-0.7227054307758728,1,320.0,,-61.712748011902534,-0.7227054307758728
22.75397253036499,1.6920000314712524,-382.7551421486145,158.01333737003446,-0.22952795206314663,-0.7246101310456705,1,320.0,,-62.75514214861448,-0.7246101310456705
22.763826847076416,1.690000057220459,-383.79753628532643,158.08710425091732,-0.22955408073897365,-0.725399670265576,1,320.0,,-63.79753628532643,-0.725399670265576
22.77487301826477,1.690000057220459,-384.8399304220384,158.142099723172,-0.22989232049874847,-0.7273039682829392,1,320.0,,-64.83993042203838,-0.7273039682829392
22.78292465209961,1.689000129699707,-385.8823245587503,158.20649875397783,-0.23007410581472443,-0.728649525674221,1,320.0,,-65.88232455875033,-0.728649525674221
22.793343782424927,1.689000129699707,-386.9247186954623,158.26149422623251,-0.23041210091348902,-0.7305554103913828,1,320.0,,-66.92471869546227,-0.7305554103913828
22.803885221481323,1.6880000829696655,-387.9671128321742,158.32590668774208,-0.23059350828529188,-0.7319003949524862,1,320.0,,-67.96711283217422,-0.7319003949524862
22.813511848449707,1.6880000829696655,-389.00950696888617,158.38090215999677,-0.2309312580954606,-0.7338078557060634,1,320.0,,-69.00950696888617,-0.7338078557060634
22.823174953460693,1.686000108718872,-390.0519011055981,158.45476751244055,-0.23095552306663356,-0.7345876051459244,1,320.0,,-70.05190110559812,-0.7345876051459244
22.833997011184692,1.686000108718872,-391.09429524231007,158.50976298469524,-0.2312925919893079,-0.7364946115280314,1,320.0,,-71.09429524231007,-0.7364946115280314
22.843233585357666,1.686000108718872,-392.136689379022,158.56475845694993,-0.23162975522923213,-0.7384034056163664,1,320.0,,-72.13668937902202,-0.7384034056163664
22.853928089141846,1.686000108718872,-393.17908351573396,158.61975392920462,-0.23196701278640625,-0.7403139874109292,1,320.0,,-73.17908351573396,-0.7403139874109292
22.86311984062195,1.6840001344680786,-394.2214776524459,158.693668808251,-0.23199032722855098,-0.741088492786527,1,320.0,,-74.22147765244591,-0.741088492786527
22.874061346054077,1.6840001344680786,-395.26387178915786,158.7486642805057,-0.23232690214438192,-0.742998588938198,1,320.0,,-75.26387178915786,-0.742998588938198
22.884535312652588,1.683000087738037,-396.3062659258698,158.81313865493587,-0.23250642638109978,-0.744339411512257,1,320.0,,-76.30626592586981,-0.744339411512257
22.89414644241333,1.683000087738037,-397.34866006258176,158.86813412719056,-0.2328427534034714,-0.7462510367916583,1,320.0,,-77.34866006258176,-0.7462510367916583
22.90315818786621,1.6820000410079956,-398.3910541992937,158.9326209580529,-0.23302191507681483,-0.7475912957894303,1,320.0,,-78.3910541992937,-0.7475912957894303
22.913801670074463,1.6820000410079956,-399.43344833600565,158.98761643030758,-0.2333579936295882,-0.749504439772133,1,320.0,,-79.43344833600565,-0.749504439772133
22.922932147979736,1.6810001134872437,-400.4758424727176,159.0521146085343,-0.23353681091480924,-0.7508441933394923,1,320.0,,-80.4758424727176,-0.7508441933394923
22.933428525924683,1.6810001134872437,-401.51823660942955,159.107110080789,-0.23387264047383743,-0.752758845844993,1,320.0,,-81.51823660942955,-0.752758845844993
22.943482875823975,1.6800000667572021,-402.5606307461415,159.17162189679826,-0.2340510753192956,-0.7540979466611413,1,320.0,,-82.5606307461415,-0.7540979466611413
22.95432162284851,1.6800000667572021,-403.60302488285345,159.22661736905295,-0.23438665525632868,-0.7560140970217081,1,320.0,,-83.60302488285345,-0.7560140970217081
22.963358640670776,1.6790001392364502,-404.6454190195654,159.2911405787708,-0.23456474457170273,-0.7573526720575028,1,320.0,,-84.6454190195654,-0.7573526720575028
22.973950386047363,1.6790001392364502,-405.68781315627734,159.3461360510255,-0.234900074362562,-0.7592703100938745,1,320.0,,-85.68781315627734,-0.7592703100938745
22.983649492263794,1.6780000925064087,-406.7302072929893,159.4106729509684,-0.23507778004151447,-0.7606082110331702,1,320.0,,-86.73020729298929,-0.7606082110331702
22.99369215965271,1.6780000925064087,-407.77260142970124,159.4656684232231,-0.23541285905777426,-0.7625273260763724,1,320.0,,-87.77260142970124,-0.7625273260763724
23.004124641418457,1.6770000457763672,-408.8149955664132,159.53021790309123,-0.23559019924996527,-0.7638646113184815,1,320.0,,-88.81499556641319,-0.7638646113184815
23.013590574264526,1.6770000457763672,-409.85738970312514,159.58521337534592,-0.23592502691522738,-0.7657851929440855,1,320.0,,-89.85738970312514,-0.7657851929440855
23.02371120452881,1.6760001182556152,-410.8997838398371,159.6497743189068,-0.2361020198638242,-0.7671219218806192,1,320.0,,-90.89978383983708,-0.7671219218806192
23.033813953399658,1.6760001182556152,-411.94217797654903,159.70476979116148,-0.23643659565386124,-0.769043959911228,1,320.0,,-91.94217797654903,-0.769043959911228
23.043293476104736,1.6760001182556152,-412.984572113261,159.75976526341617,-0.23677126438626273,-0.770967759588236,1,320.0,,-92.98457211326098,-0.770967759588236
23.053668975830078,1.6760001182556152,-414.02696624997293,159.81476073567086,-0.23710602606102849,-0.7728933209116431,1,320.0,,-94.02696624997293,-0.7728933209116431
23.063034772872925,1.6740000247955322,-415.0693603866849,159.88892734414964,-0.23712453337520387,-0.7736409099751986,1,320.0,,-95.06936038668488,-0.7736409099751986
23.073843479156494,1.6740000247955322,-416.1117545233968,159.94392281640432,-0.2374586035808549,-0.7755658290497114,1,320.0,,-96.11175452339683,-0.7755658290497114
23.08315944671631,1.6740000247955322,-417.1541486601088,159.998918288659,-0.2377927664538801,-0.777492504558409,1,320.0,,-97.15414866010877,-0.777492504558409
23.09368896484375,1.6740000247955322,-418.1965427968207,160.0539137609137,-0.23812702199427943,-0.7794209365012917,1,320.0,,-98.19654279682072,-0.7794209365012917
23.103326559066772,1.6730000972747803,-419.23893693353267,160.11851266292507,-0.23830298838823905,-0.7807571485420437,1,320.0,,-99.23893693353267,-0.7807571485420437
23.11304259300232,1.6730000972747803,-420.2813310702446,160.17350813517976,-0.23863699004893305,-0.7826870004075381,1,320.0,,-100.28133107024462,-0.7826870004075381
23.12356209754944,1.6720000505447388,-421.32372520695657,160.238120886392,-0.23881256892654099,-0.7840224688545658,1,320.0,,-101.32372520695657,-0.7840224688545658
23.1329824924469,1.6720000505447388,-422.3661193436685,160.2931163586467,-0.2391463160785407,-0.7859537299693481,1,320.0,,-102.36611934366852,-0.7859537299693481
23.143765687942505,1.6710001230239868,-423.40851348038046,160.35774069144875,-0.2393215445933936,-0.7872885862725709,1,320.0,,-103.40851348038046,-0.7872885862725709
23.15339756011963,1.6710001230239868,-424.4509076170924,160.41273616370344,-0.23965503671242078,-0.789221246462972,1,320.0,23.0,-104.45090761709241,-0.789221246462972
23.163787603378296,1.6700000762939453,-355.9030198354407,199.87090303280235,-0.32085154213352873,-0.6474272468030491,1,320.0,23.0,-35.903019835440716,-0.6474272468030491
23.173320770263672,1.6700000762939453,-356.62956326385216,200.104694646966,-0.32146025374163767,-0.6488746572562101,1,320.0,23.0,-36.62956326385216,-0.6488746572562101
23.182948350906372,1.6690000295639038,-357.3561066922636,200.34814180535582,-0.3218408446235462,-0.6498439222018099,1,320.0,23.0,-37.35610669226361,-0.6498439222018099
23.19369411468506,1.6690000295639038,-358.08265012067505,200.5819334195195,-0.3224496203258844,-0.6512921447498949,1,320.0,29.0,-38.082650120675055,-0.6512921447498949
23.204221725463867,1.6680001020431519,-334.3648067448948,209.93419514668065,-0.34155980374370914,-0.6019970531150044,1,320.0,29.0,-14.364806744894793,-0.6019970531150044
23.214284658432007,1.6680001020431519,-334.98002193488406,210.20947141705028,-0.3422323763264835,-0.6032750412417777,1,320.0,29.0,-14.980021934884064,-0.6032750412417777
23.22396731376648,1.6670000553131104,-335.59523712487334,210.49442886833015,-0.34265982036028014,-0.6041150661747687,1,320.0,29.0,-15.595237124873336,-0.6041150661747687
23.233662605285645,1.6670000553131104,-336.2104523148626,210.76970513869978,-0.3433325262954925,-0.6053936533112428,1,320.0,36.0,-16.210452314862607,-0.6053936533112428
23.243220567703247,1.6670000553131104,-322.33312584154936,212.94052461357148,-0.34792270132386793,-0.5767254226089936,1,320.0,36.0,-2.3331258415493608,-0.5767254226089936
23.253723859786987,1.6670000553131104,-322.88144704770565,213.2245502420194,-0.34860971121499085,-0.5779037183445084,1,320.0,36.0,-2.881447047705649,-0.5779037183445084
23.263010025024414,1.6660001277923584,-323.42976825386194,213.51826875245956,-0.3490471517517526,-0.5786673333195457,1,320.0,36.0,-3.429768253861937,-0.5786673333195457
23.273669719696045,1.6660001277923584,-323.9780894600182,213.80229438090748,-0.3497343065592691,-0.5798460995384509,1,320.0,44.0,-3.978089460018225,-0.5798460995384509
23.28298258781433,1.665000081062317,-313.6231490055902,213.59741535165642,-0.34913296119456516,-0.5579036967330817,1,320.0,44.0,6.376850994409779,-0.5579036967330817
23.293391466140747,1.665000081062317,-314.1200457834714,213.87908931542782,-0.3498166854145227,-0.5590048061593662,1,320.0,44.0,5.879954216528574,-0.5590048061593662
23.302781581878662,1.6640000343322754,-314.61694256135263,214.17048310777315,-0.3502505538808628,-0.5597085034532608,1,320.0,44.0,5.38305743864737,-0.5597085034532608
23.31353235244751,1.6640000343322754,-315.11383933923383,214.45215707154455,-0.3509344129835085,-0.5608099803201237,1,320.0,53.0,4.886160660766166,-0.5608099803201237
23.32415223121643,1.6630001068115234,-306.23759429494027,213.0244466655071,-0.3477497735608881,-0.5417861011341095,1,320.0,53.0,13.762405705059734,-0.5417861011341095
23.333561420440674,1.6630001068115234,-306.6890371147342,213.29778397687122,-0.3484212060170984,-0.5428194663426616,1,320.0,53.0,13.31096288526578,-0.5428194663426616
23.343237161636353,1.6630001068115234,-307.1404799345282,213.57112128823533,-0.34909309152997536,-0.5438535798178081,1,320.0,53.0,12.859520065471827,-0.5438535798178081
23.354389905929565,1.6630001068115234,-307.5919227543221,213.84445859959945,-0.3497654300995189,-0.544888441559549,1,320.0,64.0,12.408077245677873,-0.544888441559549
23.36312747001648,1.662000060081482,-299.14557923754717,211.50485900186086,-0.3445940298955719,-0.5265571712517914,1,320.0,64.0,20.854420762452833,-0.5265571712517914
23.373696088790894,1.662000060081482,-299.5524668737763,211.7650633718803,-0.34524685860085635,-0.527525734087206,1,320.0,64.0,20.447533126223675,-0.527525734087206
23.383147954940796,1.662000060081482,-299.9593545100055,212.02526774189974,-0.3459001179444122,-0.5284949703217199,1,320.0,64.0,20.040645489994517,-0.5284949703217199
23.394123554229736,1.66100013256073,-300.36624214623464,212.2952296559949,-0.34630898754774764,-0.5290959749314397,1,320.0,75.0,19.63375785376536,-0.5290959749314397
23.40346121788025,1.66100013256073,-292.1150639080934,209.48442909158365,-0.3403115561556589,-0.5113149044002867,1,320.0,75.0,27.88493609190658,-0.5113149044002867
23.41400384902954,1.66100013256073,-292.47707210891554,209.72871478304495,-0.3409417486465116,-0.5122185144280167,1,320.0,75.0,27.522927891084464,-0.5122185144280167
23.42364192008972,1.6600000858306885,-292.83908030973765,209.98277219329773,-0.3413324721834822,-0.5127688002582346,1,320.0,75.0,27.160919690262347,-0.5127688002582346
23.433215618133545,1.6600000858306885,-293.20108851055977,210.22705788475903,-0.34196271829716424,-0.5136725116612162,1,320.0,85.0,26.79891148944023,-0.5136725116612162
23.443870067596436,1.6600000858306885,-285.1565595885449,206.92385240612168,-0.3347887496995428,-0.49608211356268317,1,320.0,85.0,34.843440411455106,-0.49608211356268317
23.453375816345215,1.659000039100647,-285.4734164880025,207.1588693679756,-0.3351579546481027,-0.4965816863671146,1,320.0,85.0,34.5265835119975,-0.4965816863671146
23.464003086090088,1.659000039100647,-285.7902733874601,207.38410157277897,-0.3357606641098898,-0.4974197630293175,1,320.0,85.0,34.209726612539896,-0.4974197630293175
23.473747491836548,1.658000111579895,-286.1071302869177,207.61913043028812,-0.3361294560300302,-0.4979187544482011,1,320.0,96.0,33.89286971308229,-0.4979187544482011
23.48384165763855,1.658000111579895,-278.01546368406525,203.92721452029596,-0.3279834919595474,-0.47997697024843633,1,320.0,96.0,41.98453631593475,-0.47997697024843633
23.493313789367676,1.6570000648498535,-278.2855383658228,204.14046393108728,-0.32832767754153985,-0.4804234877088756,1,320.0,96.0,41.71446163417721,-0.4804234877088756
23.503624200820923,1.6570000648498535,-278.5556130475803,204.3439024314645,-0.32889869079254214,-0.4811934917727747,1,320.0,96.0,41.44438695241968,-0.4811934917727747
23.513325214385986,1.6570000648498535,-278.82568772933786,204.54734093184172,-0.32947003819131426,-0.4819639394343824,1,320.0,105.0,41.17431227066214,-0.4819639394343824
23.52402925491333,1.6570000648498535,-270.8992909147354,200.40361006629155,-0.32017951481378254,-0.4641399072510999,1,320.0,105.0,49.10070908526461,-0.4641399072510999
23.53353977203369,1.6560001373291016,-271.1221842196179,200.59184779617098,-0.3204959656124755,-0.46453418656939466,1,320.0,105.0,48.87781578038209,-0.46453418656939466
23.543969869613647,1.6560001373291016,-271.3450775245004,200.7702626706765,-0.3210314765316144,-0.4652368572807477,1,320.0,105.0,48.654922475499575,-0.4652368572807477
23.553510189056396,1.6560001373291016,-271.56797082938294,200.948677545182,-0.3215672800512086,-0.4659398935371973,1,320.0,114.0,48.43202917061706,-0.4659398935371973
23.562942028045654,1.6560001373291016,-263.72598433143713,196.42321713522188,-0.311270650140518,-0.44807038936408694,1,320.0,114.0,56.27401566856287,-0.44807038936408694
23.57334017753601,1.65500009059906,-263.9009364097862,196.58350725518628,-0.3115561817216111,-0.4484116985230057,1,320.0,114.0,56.0990635902138,-0.4484116985230057
23.583775997161865,1.65500009059906,-264.07588848813526,196.733960206376,-0.3120521067982638,-0.4490461925165613,1,320.0,114.0,55.92411151186474,-0.4490461925165613
23.59380865097046,1.6540000438690186,-264.2508405664843,196.89426349585605,-0.3123371991265295,-0.44938688910488184,1,320.0,114.0,55.74915943351567,-0.44938688910488184
23.603330612182617,1.6540000438690186,-264.4257926448334,197.04471644704577,-0.312832989971804,-0.4500211200109462,1,320.0,122.0,55.57420735516661,-0.4500211200109462
23.613768100738525,1.6540000438690186,-256.5560562504392,191.94887821852495,-0.3010486017525818,-0.4318247733122043,1,320.0,122.0,63.44394374956079,-0.4318247733122043
23.623246908187866,1.6540000438690186,-256.68143741350906,192.06700382024914,-0.3014989482744641,-0.4323891373582093,1,320.0,122.0,63.31856258649094,-0.4323891373582093
23.633795976638794,1.6530001163482666,-256.8068185765789,192.1949917796856,-0.30174853753027664,-0.43267538088058166,1,320.0,130.0,63.193181423421095,-0.43267538088058166
23.643333911895752,1.6530001163482666,-249.2479709170676,186.8542415714733,-0.2893019844783389,-0.41508524323394747,1,320.0,130.0,70.75202908293241,-0.41508524323394747
23.65412735939026,1.6530001163482666,-249.32505191432213,186.93805473757476,-0.28970379749733927,-0.4155811408525216,1,320.0,130.0,70.67494808567787,-0.4155811408525216
23.663703203201294,1.6530001163482666,-249.40213291157667,187.02186790367622,-0.2901057473413577,-0.4160771643058463,1,320.0,130.0,70.59786708842333,-0.4160771643058463
23.674553871154785,1.652000069618225,-249.4792139088312,187.11555782498377,-0.29031767640782213,-0.4163103515614496,1,320.0,130.0,70.52078609116879,-0.4163103515614496
23.683196306228638,1.652000069618225,-249.55629490608575,187.19937099108523,-0.29071936418830263,-0.41680592567978414,1,320.0,137.0,70.44370509391425,-0.41680592567978414
23.69360852241516,1.6510000228881836,-241.99090598891271,181.38475051127014,-0.27678057912170695,-0.39873499502482573,1,320.0,137.0,78.00909401108729,-0.39873499502482573
23.703336000442505,1.6510000228881836,-242.01849302019272,181.4303003445766,-0.27712828480507756,-0.3991606328096992,1,320.0,137.0,77.98150697980728,-0.3991606328096992
23.713876247406006,1.6510000228881836,-242.04608005147273,181.47585017788307,-0.2774760646208045,-0.39958631549246765,1,320.0,137.0,77.95391994852727,-0.39958631549246765
23.723423957824707,1.6510000228881836,-242.07366708275273,181.52140001118954,-0.2778239185688877,-0.4000120430731311,1,320.0,143.0,77.92633291724727,-0.4000120430731311
23.733885765075684,1.6500000953674316,-234.7846236114993,175.41915275662913,-0.2631007260699592,-0.38249462870105794,1,320.0,143.0,85.21537638850069,-0.38249462870105794
23.743377447128296,1.6500000953674316,-234.76384602873475,175.4239987790129,-0.2633913630360029,-0.38285222578466593,1,320.0,143.0,85.23615397126525,-0.38285222578466593
23.754465579986572,1.6490000486373901,-234.74306844597018,175.43876138246952,-0.2635167347752783,-0.38297791127388636,1,320.0,149.0,85.25693155402982,-0.38297791127388636
23.76297378540039,1.6490000486373901,-227.82817568749294,169.09884514210557,-0.24835898026517786,-0.3665493518503905,1,320.0,149.0,92.17182431250706,-0.3665493518503905
23.773444414138794,1.6490000486373901,-227.76116834924176,169.06114519585495,-0.24858996475373923,-0.3668419029388217,1,320.0,149.0,92.23883165075824,-0.3668419029388217
23.78300714492798,1.6490000486373901,-227.69416101099057,169.02344524960432,-0.24882088807413327,-0.36713434530783845,1,320.0,149.0,92.30583898900943,-0.36713434530783845
23.7939190864563,1.6480001211166382,-227.62715367273938,168.99567402930973,-0.24890005142737656,-0.36720966635564267,1,320.0,149.0,92.37284632726062,-0.36720966635564267
23.803624868392944,1.6480001211166382,-227.5601463344882,168.9579740830591,-0.24913048385368838,-0.36750138942917976,1,320.0,154.0,92.4398536655118,-0.36750138942917976
23.813036680221558,1.6470000743865967,-220.75711870832717,162.23655617318676,-0.23275993857562402,-0.3510227342180178,1,320.0,154.0,99.24288129167283,-0.3510227342180178
23.82349443435669,1.6470000743865967,-220.64399321615414,162.15302808425662,-0.23292641440448905,-0.3512498709701399,1,320.0,154.0,99.35600678384586,-0.3512498709701399
23.834304094314575,1.6470000743865967,-220.53086772398112,162.06949999532648,-0.23309275512665478,-0.35147682474175723,1,320.0,154.0,99.46913227601888,-0.35147682474175723
23.84416699409485,1.6470000743865967,-220.4177422318081,161.98597190639634,-0.2332589607421211,-0.35170359553287,1,320.0,159.0,99.58225776819191,-0.35170359553287
23.853598833084106,1.6460000276565552,-213.876477216545,154.85966898601237,-0.21584498123763374,-0.3358298537207338,1,320.0,159.0,106.123522783455,-0.3358298537207338
23.86318850517273,1.6460000276565552,-213.7187376441051,154.72719187735282,-0.215943046893026,-0.33599423994242716,1,320.0,159.0,106.28126235589491,-0.33599423994242716
23.873835802078247,1.6450001001358032,-213.56099807166518,154.60468363798907,-0.21591943697819316,-0.3359705800548365,1,320.0,159.0,106.43900192833482,-0.3359705800548365
23.88384509086609,1.6450001001358032,-213.40325849922527,154.47220652932953,-0.21601683714721137,-0.3361340810363506,1,320.0,164.0,106.59674150077473,-0.3361340810363506
23.8936026096344,1.6450001001358032,-207.09132849385355,147.0861955649194,-0.19807685410358478,-0.3209938661010474,1,320.0,164.0,112.90867150614645,-0.3209938661010474
23.9031879901886,1.6450001001358032,-206.89037326091633,146.90278303917583,-0.19810372751766847,-0.32109738311788755,1,320.0,164.0,113.10962673908367,-0.32109738311788755
23.914525985717773,1.6440000534057617,-206.68941802797912,146.72935400775808,-0.19802521951096488,-0.3210268543739702,1,320.0,164.0,113.31058197202088,-0.3210268543739702
23.92329216003418,1.6440000534057617,-206.4884627950419,146.5459414820145,-0.19805133455707097,-0.3211294080294271,1,320.0,168.0,113.5115372049581,-0.3211294080294271
23.93367862701416,1.6440000534057617,-200.48764943729324,138.94127455206154,-0.1795399029083303,-0.3067444069738863,1,320.0,168.0,119.51235056270676,-0.3067444069738863
23.943241834640503,1.6440000534057617,-200.24556034930342,138.70522887626464,-0.1794931820796224,-0.306789852423195,1,320.0,168.0,119.75443965069658,-0.306789852423195
23.95533037185669,1.6430001258850098,-200.0034712613136,138.47917896686135,-0.17935805524742687,-0.30667476441836755,1,320.0,168.0,119.99652873868641,-0.30667476441836755
23.96391534805298,1.6430001258850098,-199.76138217332377,138.24313329106445,-0.17931048089054863,-0.3067191730450308,1,320.0,172.0,120.23861782667623,-0.3067191730450308
23.973403215408325,1.6420000791549683,-194.04088599391437,130.35342395337443,-0.15997940458530918,-0.29288149857736717,1,320.0,172.0,125.95911400608563,-0.29288149857736717
23.983794450759888,1.6420000791549683,-193.75961889259017,130.0625726522381,-0.1598560028312338,-0.29287127575205646,1,320.0,172.0,126.24038110740983,-0.29287127575205646
23.994476079940796,1.6420000791549683,-193.47835179126596,129.77172135110175,-0.15973213426076244,-0.2928606014929924,1,320.0,172.0,126.52164820873404,-0.2928606014929924
24.003525733947754,1.6420000791549683,-193.19708468994176,129.4808700499654,-0.15960779887389526,-0.2928494758001752,1,320.0,175.0,126.80291531005824,-0.2928494758001752
24.014159202575684,1.6410000324249268,-187.8373573041114,121.54648065119277,-0.14018863173860474,-0.27993492372053386,1,320.0,175.0,132.1626426958886,-0.27993492372053386
24.023691654205322,1.6410000324249268,-187.51952340487657,121.20052086408249,-0.13998811545480366,-0.2798727752826582,1,320.0,175.0,132.48047659512343,-0.2798727752826582
24.033456325531006,1.6400001049041748,-187.20168950564172,120.86459739438723,-0.13973501010066636,-0.27967542990150773,1,320.0,175.0,132.79831049435828,-0.27967542990150773
24.043126106262207,1.6400001049041748,-186.88385560640688,120.51863760727696,-0.1395334457588469,-0.2796121134410203,1,320.0,179.0,133.11614439359312,-0.2796121134410203
24.054121255874634,1.6400001049041748,-181.74816958742966,112.33395464451766,-0.11959947527271597,-0.26742065671507365,1,320.0,179.0,138.25183041257034,-0.26742065671507365
24.063708782196045,1.6400001049041748,-181.39545373748595,111.93124136048849,-0.11931947210220831,-0.2673087933826893,1,320.0,179.0,138.60454626251405,-0.2673087933826893
24.073602437973022,1.6390000581741333,-181.04273788754224,111.53857916358724,-0.11900559827875806,-0.26707365060089694,1,320.0,179.0,138.95726211245776,-0.26707365060089694
24.083245515823364,1.6390000581741333,-180.69002203759854,111.13586587955807,-0.11872444738672701,-0.26696055956377585,1,320.0,181.0,139.30997796240146,-0.26696055956377585
24.094292402267456,1.6390000581741333,-175.97176224247855,102.85225033628093,-0.09857503980360982,-0.2558414470151251,1,320.0,181.0,144.02823775752145,-0.2558414470151251
24.103964805603027,1.6390000581741333,-175.587302078353,102.39223059960904,-0.09821464890005362,-0.2556840476064272,1,320.0,181.0,144.412697921647,-0.2556840476064272
24.113860368728638,1.6380001306533813,-175.20284191422743,101.94227435107035,-0.09783947618115947,-0.25541447795364924,1,320.0,181.0,144.79715808577257,-0.25541447795364924
24.124024629592896,1.6380001306533813,-174.81838175010188,101.48225461439846,-0.09747783788998118,-0.2552557976126363,1,320.0,184.0,145.18161824989812,-0.2552557976126363
24.13340425491333,1.6370000839233398,-170.37777458983402,93.13312597741565,-0.07718779193555064,-0.24475980361973393,1,320.0,184.0,149.62222541016598,-0.24475980361973393
24.143972635269165,1.6370000839233398,-169.9637228550267,92.61547781724977,-0.07674671610185474,-0.24455969402681588,1,320.0,184.0,150.0362771449733,-0.24455969402681588
24.153929471969604,1.6360000371932983,-169.5496711202194,92.10792163023702,-0.07631024277772576,-0.24425795541549805,1,320.0,184.0,150.4503288797806,-0.24425795541549805
24.16353964805603,1.6360000371932983,-169.13561938541207,91.59027347007114,-0.07586782299185804,-0.2440565182799066,1,320.0,186.0,150.86438061458793,-0.2440565182799066
24.1733615398407,1.6360000371932983,-165.05641866473633,83.07326704365406,-0.05524906460364923,-0.23461039748575302,1,320.0,186.0,154.94358133526367,-0.23461039748575302
24.18371558189392,1.6360000371932983,-164.61556452757713,82.4971213927625,-0.054725733553492986,-0.2343713259324487,1,320.0,186.0,155.38443547242287,-0.2343713259324487
24.193670511245728,1.6350001096725464,-164.17471039041794,81.93108019424636,-0.054226868516688245,-0.23404045056693043,1,320.0,186.0,155.82528960958206,-0.23404045056693043
24.203171968460083,1.6350001096725464,-163.73385625325875,81.3549345433548,-0.05370209412063255,-0.23380000861459996,1,320.0,189.0,156.26614374674125,-0.23380000861459996
24.213063716888428,1.6340000629425049,-159.88297032453718,72.82584574432424,-0.033137122490393967,-0.2248758276818733,1,320.0,189.0,160.11702967546282,-0.2248758276818733
24.223675966262817,1.6340000629425049,-159.41714037820446,72.19137690408596,-0.032532058129381425,-0.22460025268599626,1,320.0,189.0,160.58285962179554,-0.22460025268599626
24.233702659606934,1.6340000629425049,-158.95131043187175,71.55690806384769,-0.031925988135157304,-0.22432393934958095,1,320.0,189.0,161.04868956812825,-0.22432393934958095
24.243260860443115,1.6340000629425049,-158.48548048553903,70.92243922360942,-0.031318912507721564,-0.22404688767262743,1,320.0,191.0,161.51451951446097,-0.22404688767262743
24.253719806671143,1.633000135421753,-154.95135337520247,62.38974941079865,-0.010837746437950782,-0.2159597839867301,1,320.0,191.0,165.04864662479753,-0.2159597839867301
24.263615131378174,1.633000135421753,-154.4630310760554,61.69730787316744,-0.010150846092640164,-0.21565095255463895,1,320.0,191.0,165.5369689239446,-0.21565095255463895
24.2762668132782,1.6320000886917114,-153.9747087769083,61.01501321151056,-0.009528604334451574,-0.21526837234664076,1,320.0,191.0,166.0252912230917,-0.21526837234664076
24.28360414505005,1.6320000886917114,-153.48638647776122,60.32257167387935,-0.008840070129059227,-0.21495809998536342,1,320.0,192.0,166.51361352223878,-0.21495809998536342
24.293444633483887,1.6320000886917114,-150.34831172225157,51.897357673591685,0.011312799698304676,-0.20797767941940648,1,320.0,192.0,169.65168827774843,-0.20797767941940648
24.303852081298828,1.6320000886917114,-149.84056007817662,51.148215479616255,0.012080014536528724,-0.20763965263142786,1,320.0,192.0,170.15943992182338,-0.20763965263142786
24.313827991485596,1.63100004196167,-149.33280843410168,50.40923395814793,0.01276256983519547,-0.2072357396880647,1,320.0,192.0,170.66719156589832,-0.2072357396880647
24.323994874954224,1.63100004196167,-148.82505679002674,49.6600917641725,0.013531510888049395,-0.20689624410000848,1,320.0,194.0,171.17494320997326,-0.20689624410000848
24.33388090133667,1.63100004196167,-145.9460824036235,41.25404575086628,0.0335542541478758,-0.20059371364616213,1,320.0,194.0,174.0539175963765,-0.20059371364616213
24.343732595443726,1.63100004196167,-145.42094805323157,40.44877314450363,0.034401209555583845,-0.20022918823464253,1,320.0,194.0,174.57905194676843,-0.20022918823464253
24.35346794128418,1.630000114440918,-144.89581370283963,39.653673821675454,0.035143460801737025,-0.1998061029467624,1,320.0,194.0,175.10418629716037,-0.1998061029467624
24.363642692565918,1.630000114440918,-144.3706793524477,38.848401215312805,0.03599223269605423,-0.19944008493200752,1,320.0,195.0,175.6293206475523,-0.19944008493200752
24.373175382614136,1.6290000677108765,-141.83457512508815,30.487018406837198,0.055718681387350893,-0.19397098781721045,1,320.0,195.0,178.16542487491185,-0.19397098781721045
24.38406467437744,1.6290000677108765,-141.29470905253473,29.626317517179658,0.05664382536074225,-0.1935836649386459,1,320.0,195.0,178.70529094746527,-0.1935836649386459
24.39373517036438,1.6290000677108765,-140.7548429799813,28.765616627522117,0.05757032278642829,-0.1931954931205909,1,320.0,195.0,179.2451570200187,-0.1931954931205909
24.40388774871826,1.6290000677108765,-140.21497690742788,27.904915737864577,0.058498173664409014,-0.19280647236304538,1,320.0,196.0,179.78502309257212,-0.19280647236304538
24.413695335388184,1.628000020980835,-137.99282544422107,19.695640843175752,0.07773583942646174,-0.18815183559543136,1,320.0,196.0,182.00717455577893,-0.18815183559543136
24.42332625389099,1.628000020980835,-137.44064841993952,18.781088484851047,0.07873796819593377,-0.187744761725685,1,320.0,196.0,182.55935158006048,-0.187744761725685
24.433660984039307,1.628000020980835,-136.88847139565797,17.86653612652634,0.07974153281265632,-0.18733682093798154,1,320.0,196.0,183.11152860434203,-0.18733682093798154
24.4445743560791,1.628000020980835,-136.33629437137643,16.951983768201636,0.08074653327662944,-0.186928013232321,1,320.0,196.0,183.66370562862357,-0.186928013232321
24.45293426513672,1.627000093460083,-134.505023746451,8.896919771091339,0.09949101035316178,-0.18327488764238103,1,320.0,196.0,185.494976253549,-0.18327488764238103
24.46351385116577,1.627000093460083,-133.94349898646738,7.930109234067176,0.10056817547066896,-0.18285200565135654,1,320.0,196.0,186.05650101353262,-0.18285200565135654
24.473783016204834,1.6260000467300415,-133.38197422648375,6.973528772787596,0.10148115940188168,-0.1823881136257931,1,320.0,196.0,186.61802577351625,-0.1823881136257931
24.48345708847046,1.6260000467300415,-132.82044946650012,6.006718235763433,0.10256038759700928,-0.18196370073874335,1,320.0,196.0,187.17955053349988,-0.18196370073874335
24.493073225021362,1.6260000467300415,-131.3449243051039,-1.9028148212154505,0.12097610323536828,-0.17925628220513204,1,320.0,196.0,188.6550756948961,-0.17925628220513204
24.503626823425293,1.6260000467300415,-130.77673063622396,-2.9202822112412363,0.12212634180608535,-0.1788211617061452,1,320.0,196.0,189.22326936377604,-0.1788211617061452
24.51323914527893,1.6250001192092896,-130.20853696734403,-3.927506780857522,0.1230931206194793,-0.17834931946780588,1,320.0,196.0,189.79146303265597,-0.17834931946780588
24.523202419281006,1.6250001192092896,-129.6403432984641,-4.944974170883308,0.1242454980781656,-0.17791266459762164,1,320.0,196.0,190.3596567015359,-0.17791266459762164
24.533260345458984,1.6250001192092896,-128.48803565708667,-12.594213159668774,0.14192699978101558,-0.17601940776743508,1,320.0,196.0,191.51196434291333,-0.17601940776743508
24.543676614761353,1.6250001192092896,-127.91558773164273,-13.659981496399288,0.14314733301204602,-0.17557527192702205,1,320.0,196.0,192.08441226835726,-0.17557527192702205
24.553423643112183,1.6250001192092896,-127.34313980619879,-14.725749833129802,0.14436933150642023,-0.17513024163655494,1,320.0,196.0,192.6568601938012,-0.17513024163655494
24.563187837600708,1.6250001192092896,-126.77069188075485,-15.791518169860316,0.14559299526413816,-0.1746843168960337,1,320.0,196.0,193.22930811924516,-0.1746843168960337
24.573665142059326,1.624000072479248,-125.91148871203632,-23.28358512316496,0.1626218236615905,-0.1734931470957593,1,320.0,196.0,194.08851128796368,-0.1734931470957593
24.583191633224487,1.624000072479248,-125.3369563570915,-24.396140916743434,0.16391039443846056,-0.17304289836178754,1,320.0,196.0,194.66304364290852,-0.17304289836178754
24.593515872955322,1.6220000982284546,-124.76242400214667,-25.488139764795285,0.16475561250655996,-0.17253311623703466,1,320.0,196.0,195.23757599785333,-0.17253311623703466
24.60343360900879,1.6220000982284546,-124.18789164720185,-26.600695558373758,0.16604526430436525,-0.1720816030803595,1,320.0,195.0,195.81210835279813,-0.1720816030803595
24.61354374885559,1.6200001239776611,-123.69735570011787,-33.83135905230428,0.18208425263337047,-0.17178080638899373,1,320.0,195.0,196.30264429988213,-0.17178080638899373
24.623127222061157,1.6200001239776611,-123.12343265023081,-34.988444770766776,0.1834344208817404,-0.17132885386073585,1,320.0,195.0,196.87656734976918,-0.17132885386073585
24.63395857810974,1.6150001287460327,-122.54950960034375,-36.093748784186815,0.18358314991321473,-0.17074000167264963,1,320.0,195.0,197.45049039965625,-0.17074000167264963
24.6436665058136,1.6150001287460327,-121.9755865504567,-37.25083450264931,0.18493057380830813,-0.1702876149017163,1,320.0,194.0,198.02441344954332,-0.1702876149017163
24.65357542037964,1.6100001335144043,-121.81763579502916,-44.31243140754502,0.19966246944051858,-0.17072347347293504,1,320.0,194.0,198.18236420497084,-0.17072347347293504
24.662972927093506,1.6100001335144043,-121.24672366691284,-45.51263299555815,0.20106410014396706,-0.1702746622285634,1,320.0,194.0,198.75327633308717,-0.1702746622285634
24.673402786254883,1.6010000705718994,-120.67581153879652,-46.61807215479511,0.20014130086366272,-0.1695925494000512,1,320.0,194.0,199.32418846120348,-0.1695925494000512
24.684345245361328,1.6010000705718994,-120.1048994106802,-47.818273742808245,0.2015345698615008,-0.16914443273925944,1,320.0,192.0,199.89510058931978,-0.16914443273925944
24.693455934524536,1.5940001010894775,-120.34949080856431,-54.61620299667726,0.214787998965046,-0.17049176905331956,1,320.0,192.0,199.65050919143567,-0.17049176905331956
24.704105138778687,1.5940001010894775,-119.78446843373597,-55.85737089743053,0.21622962283028524,-0.1700533112207901,1,320.0,192.0,200.21553156626402,-0.1700533112207901
24.7130868434906,1.5820000171661377,-119.21944605890762,-56.96907206770825,0.21436529082320546,-0.1693134151494483,1,320.0,192.0,200.78055394109236,-0.1693134151494483
24.724563360214233,1.5820000171661377,-118.65442368407928,-58.210239968461515,0.21579554987307925,-0.16888004256571088,1,320.0,189.0,201.3455763159207,-0.16888004256571088
24.733344554901123,1.5730000734329224,-119.36371874883744,-64.85644163567167,0.22773087589296176,-0.17124198222880505,1,320.0,189.0,200.63628125116256,-0.17124198222880505
24.743961572647095,1.5730000734329224,-118.80787908708994,-66.13726822286228,0.22920440881740645,-0.17082377804956372,1,320.0,189.0,201.19212091291007,-0.17082377804956372
24.753527641296387,1.558000087738037,-118.25203942534245,-67.2510380160347,0.22628953242183722,-0.17002055904020236,1,320.0,189.0,201.74796057465755,-0.17002055904020236
24.76316809654236,1.558000087738037,-117.69619976359495,-68.5318646032253,0.2277474448603669,-0.16960902492895058,1,320.0,185.0,202.30380023640504,-0.16960902492895058
24.77343225479126,1.5470000505447388,-118.92519661851891,-75.02382571663465,0.23824950423539015,-0.17303781296761328,1,320.0,185.0,201.0748033814811,-0.17303781296761328
24.783897399902344,1.5470000505447388,-118.38218939296546,-76.34301610196373,0.2397452111596608,-0.17264685765910212,1,320.0,185.0,201.61781060703453,-0.17264685765910212
24.793779134750366,1.53000009059906,-117.839182167412,-77.46538454820097,0.23598192333670748,-0.17179034331031218,1,320.0,185.0,202.160817832588,-0.17179034331031218
24.803398609161377,1.53000009059906,-117.29617494185855,-78.78457493353005,0.2374588664155141,-0.171406990081209,1,320.0,182.0,202.70382505814143,-0.171406990081209
24.81384587287903,1.5180001258850098,-118.88715602405989,-85.2347319895593,0.24698681912384862,-0.17548068594675958,1,320.0,182.0,201.1128439759401,-0.17548068594675958
24.823573112487793,1.5180001258850098,-118.35945695904329,-86.5917472722565,0.24849814847337065,-0.17512102741758187,1,320.0,182.0,201.64054304095671,-0.17512102741758187
24.832956075668335,1.499000072479248,-117.83175789402668,-87.71888472339302,0.24381326223255045,-0.174192819383173,1,320.0,182.0,202.16824210597332,-0.174192819383173
24.84352397918701,1.499000072479248,-117.30405882901007,-89.07590000609024,0.24530253444832956,-0.17384160406721766,1,320.0,177.0,202.69594117098993,-0.17384160406721766
24.85295009613037,1.4860000610351562,-119.42294365302223,-95.36952088551469,0.2535488827245359,-0.17884130505258747,1,320.0,177.0,200.57705634697777,-0.17884130505258747
24.863487720489502,1.4860000610351562,-118.91418749432144,-96.76302282017593,0.2550680202513948,-0.17851804273029792,1,320.0,177.0,201.08581250567858,-0.17851804273029792
24.873983144760132,1.4660000801086426,-118.40543133562065,-97.90244766017648,0.24973529777976056,-0.1775217631505061,1,320.0,177.0,201.59456866437935,-0.1775217631505061
24.883505821228027,1.4660000801086426,-117.89667517691986,-99.29594959483774,0.25123036468466714,-0.17720714967321072,1,320.0,172.0,202.10332482308013,-0.17720714967321072
24.893926858901978,1.4520000219345093,-120.48613702106044,-105.4325102096619,0.25817034650009296,-0.18290037084652566,1,320.0,172.0,199.51386297893956,-0.18290037084652566
24.90347719192505,1.4520000219345093,-119.99950763859353,-106.86118962863546,0.25969074112273616,-0.18261709892520103,1,320.0,172.0,200.0004923614065,-0.18261709892520103
24.913267135620117,1.4320000410079956,-119.51287825612661,-108.02213560892963,0.2540352940847723,-0.18156493816881067,1,320.0,172.0,200.4871217438734,-0.18156493816881067
24.923834323883057,1.4320000410079956,-119.0262488736597,-109.45081502790316,0.25553099958438474,-0.1812899389377063,1,320.0,166.0,200.9737511263403,-0.1812899389377063
24.93403649330139,1.4180001020431519,-122.13640307542364,-115.4438452688328,0.2615264624473105,-0.18771909302465617,1,320.0,166.0,197.86359692457637,-0.18771909302465617
24.943530559539795,1.4180001020431519,-121.6754058745412,-116.90642383586828,0.263044469356849,-0.18747841065601628,1,320.0,166.0,198.32459412545882,-0.18747841065601628
24.953076601028442,1.3970000743865967,-121.21440867365875,-118.07211474378528,0.2566931325000241,-0.18630502318507627,1,320.0,166.0,198.78559132634126,-0.18630502318507627
24.96377682685852,1.3970000743865967,-120.7534114727763,-119.53469331082076,0.25818436762341745,-0.18607263877880187,1,320.0,160.0,199.2465885272237,-0.18607263877880187
24.973100423812866,1.3820000886917114,-124.32560078561917,-125.37055032456485,0.2628701776678951,-0.19296723442387675,1,320.0,160.0,195.67439921438083,-0.19296723442387675
24.983535289764404,1.3820000886917114,-123.8932855103882,-126.86578187767404,0.2643792707031686,-0.19277177224104586,1,320.0,160.0,196.10671448961182,-0.19277177224104586
24.99385929107666,1.3610000610351562,-123.46097023515722,-128.04621810103646,0.25769019343454047,-0.1914960832518922,1,320.0,160.0,196.53902976484278,-0.1914960832518922
25.003318309783936,1.3610000610351562,-123.02865495992624,-129.54144965414565,0.2591719000675104,-0.19130840275597183,1,320.0,154.0,196.97134504007374,-0.19130840275597183
25.013137817382812,1.3470001220703125,-127.00900320964854,-135.14797436704373,0.26315631663155853,-0.198577486385518,1,320.0,154.0,192.99099679035146,-0.198577486385518
25.023600578308105,1.3470001220703125,-126.60800465071102,-136.67391711965948,0.26465380120497584,-0.19842775256412398,1,320.0,154.0,193.39199534928898,-0.19842775256412398
25.033100843429565,1.3280000686645508,-126.20700609177351,-137.89836226451084,0.2584455120556316,-0.19714930972820763,1,320.0,154.0,193.7929939082265,-0.19714930972820763
25.043609380722046,1.3280000686645508,-125.80600753283599,-139.42430501712658,0.2599181292171013,-0.19700599190517223,1,320.0,147.0,194.193992467164,-0.19700599190517223
25.053257942199707,1.3170000314712524,-130.24769808230567,-144.848995627484,0.26416908911863046,-0.20485216986699492,1,320.0,147.0,189.75230191769433,-0.20485216986699492
25.06379795074463,1.3170000314712524,-129.88100049644737,-146.40382178942883,0.2656589878745559,-0.20474739942855294,1,320.0,147.0,190.11899950355263,-0.20474739942855294
25.073384046554565,1.3030000925064087,-129.51430291058907,-147.72574811317816,0.2612645269930161,-0.2036845105780049,1,320.0,147.0,190.48569708941093,-0.2036845105780049
25.08383846282959,1.3030000925064087,-129.14760532473076,-149.280574275123,0.2627369734063019,-0.2035837737906259,1,320.0,141.0,190.85239467526924,-0.2035837737906259
25.093181610107422,1.2950000762939453,-133.89263524799404,-154.23438133992917,0.2669502333843492,-0.21180093136945763,1,320.0,141.0,186.10736475200596,-0.21180093136945763
25.103604078292847,1.2950000762939453,-133.56207555531694,-155.81419605929855,0.2684399075008671,-0.21173847950189256,1,320.0,141.0,186.43792444468306,-0.21173847950189256
25.113518476486206,1.2850000858306885,-133.23151586263984,-157.22171532404727,0.26558948032162183,-0.21089415020247493,1,320.0,141.0,186.76848413736016,-0.21089415020247493
25.124136924743652,1.2850000858306885,-132.90095616996274,-158.80153004341665,0.26706783730698846,-0.21083401224960616,1,320.0,136.0,187.09904383003726,-0.21083401224960616
25.133692741394043,1.2790000438690186,-137.8061739876369,-163.31379999447614,0.27107800001595217,-0.21919203982384525,1,320.0,136.0,182.1938260123631,-0.21919203982384525
25.143404960632324,1.2790000438690186,-137.512561682307,-164.91504815395533,0.27257274497466255,-0.21916958466763622,1,320.0,136.0,182.487438317693,-0.21916958466763622
25.153225660324097,1.2730000019073486,-137.2189493769771,-166.4103095329809,0.2713874409207794,-0.21861698399751145,1,320.0,136.0,182.7810506230229,-0.21861698399751145
25.164326667785645,1.2730000019073486,-136.9253370716472,-168.0115576924601,0.2728772230876496,-0.21859540969053887,1,320.0,131.0,183.0746629283528,-0.21859540969053887
25.173330307006836,1.2690000534057617,-141.96369329545476,-171.9192370223761,0.2765473259620569,-0.22714489137518162,1,320.0,131.0,178.03630670454524,-0.22714489137518162
25.183748722076416,1.2690000534057617,-141.70764141835824,-173.53723478547707,0.27805187218047017,-0.2271605489301473,1,320.0,131.0,178.29235858164176,-0.2271605489301473
25.192938566207886,1.2650001049041748,-141.4515895412617,-175.08342283501037,0.27772454004455316,-0.22678072238735145,1,320.0,131.0,178.5484104587383,-0.22678072238735145
25.203951120376587,1.2650001049041748,-141.1955376641652,-176.70142059811133,0.2792273606339573,-0.22679663598100797,1,320.0,127.0,178.8044623358348,-0.22679663598100797
25.213278770446777,1.2640000581741333,-146.24012002871763,-179.9783146417358,0.28305615571814496,-0.2355181783027116,1,320.0,127.0,173.75987997128237,-0.2355181783027116
25.223922729492188,1.2640000581741333,-146.02134547142938,-181.60810561555263,0.284573728275376,-0.23557006654642354,1,320.0,127.0,173.97865452857062,-0.23557006654642354
25.23352289199829,1.2610000371932983,-145.80257091414114,-183.18359775047549,0.28468772393216846,-0.2352936039001537,1,320.0,127.0,174.19742908585886,-0.2352936039001537
25.244345903396606,1.2610000371932983,-145.5837963568529,-184.81338872429234,0.28620521500694684,-0.23534549214845565,1,320.0,127.0,174.4162036431471,-0.23534549214845565
25.253587007522583,1.2610000371932983,-145.36502179956466,-186.44317969810913,0.2877251507681859,-0.2353970522349217,1,320.0,123.0,174.63497820043534,-0.2353970522349217
25.263254165649414,1.2610000371932983,-150.54952322198386,-188.970289098585,0.290730201181401,-0.24437630209888175,1,320.0,123.0,169.45047677801614,-0.24437630209888175
25.273589372634888,1.2600001096725464,-150.36865683475224,-190.5882114716024,0.2917840867908784,-0.2443440002115247,1,320.0,123.0,169.63134316524776,-0.2443440002115247
25.283759832382202,1.2600001096725464,-150.18779044752063,-192.22429782985645,0.29331584904933,-0.24443182342306388,1,320.0,119.0,169.81220955247937,-0.24443182342306388
25.29367756843567,1.2600001096725464,-155.18119837616516,-194.24486912299483,0.29548409302609,-0.2530519142474289,1,320.0,119.0,164.81880162383484,-0.2530519142474289
25.303749084472656,1.2600001096725464,-155.0365872083337,-195.88364949877084,0.2970233917656572,-0.2531745646248296,1,320.0,119.0,164.9634127916663,-0.2531745646248296
25.313897609710693,1.2600001096725464,-154.89197604050227,-197.52242987454684,0.298565148675788,-0.25329699808547856,1,320.0,119.0,165.10802395949773,-0.25329699808547856
25.323671340942383,1.2600001096725464,-154.74736487267083,-199.16121025032285,0.30010936375648245,-0.2534192146293758,1,320.0,115.0,165.25263512732917,-0.2534192146293758
25.334323406219482,1.2600001096725464,-159.71924142335928,-200.68176184532288,0.3014612102059011,-0.26197257024537224,1,320.0,115.0,160.28075857664072,-0.26197257024537224
25.343994855880737,1.2600001096725464,-159.61043406638794,-202.31971488775264,0.30300953427011784,-0.2621292922932404,1,320.0,115.0,160.38956593361206,-0.2621292922932404
25.353017568588257,1.2610000371932983,-159.5016267094166,-203.97583191541906,0.3050510805760193,-0.26242720795110863,1,320.0,115.0,160.4983732905834,-0.26242720795110863
25.363535165786743,1.2610000371932983,-159.39281935244526,-205.6137849578488,0.306605983579666,-0.26258349477743514,1,320.0,111.0,160.60718064755474,-0.26258349477743514
25.373995065689087,1.2610000371932983,-164.33377854033674,-206.58033648892768,0.3070562437561576,-0.27106637253132754,1,320.0,111.0,155.66622145966326,-0.27106637253132754
25.384055137634277,1.2610000371932983,-164.26026400918576,-208.21359710520562,0.3086114755415493,-0.27125681836640114,1,320.0,111.0,155.73973599081424,-0.27125681836640114
25.392903566360474,1.2620000839233398,-164.18674947803478,-209.86499090319944,0.31066508139060345,-0.27159909535719506,1,320.0,111.0,155.81325052196522,-0.27159909535719506
25.403486251831055,1.2620000839233398,-164.1132349468838,-211.4982515194774,0.31222687349455513,-0.27178924713070873,1,320.0,109.0,155.8867650531162,-0.27178924713070873
25.413043975830078,1.2620000839233398,-168.81145632341224,-212.06678366329987,0.31203426874976303,-0.2798528534790866,1,320.0,109.0,151.18854367658776,-0.2798528534790866
25.423447847366333,1.2630000114440918,-168.7712515845036,-213.71070993333973,0.3140921537051512,-0.28023743305706206,1,320.0,109.0,151.2287484154964,-0.28023743305706206
25.43317985534668,1.2630000114440918,-168.73104684559496,-215.33653805861272,0.31565566539042855,-0.28045985341108304,1,320.0,109.0,151.26895315440504,-0.28045985341108304
25.443676471710205,1.2640000581741333,-168.69084210668632,-216.98043369629696,0.3177234030212547,-0.28084421108008606,1,320.0,,151.30915789331368,-0.28084421108008606
25.453256368637085,1.2640000581741333,-168.65063736777768,-218.60626182156994,0.31929344519627667,-0.2810664706132727,1,320.0,,151.34936263222232,-0.2810664706132727
25.46361541748047,1.2650001049041748,-168.61043262886903,-220.2501247563492,0.3213709761949815,-0.281450587048206,1,320.0,,151.38956737113097,-0.281450587048206
25.473247528076172,1.2650001049041748,-168.5702278899604,-221.8759528816222,0.32294754881069393,-0.2816726857605582,1,320.0,,151.4297721100396,-0.2816726857605582
25.483667373657227,1.2660000324249268,-168.53002315105175,-223.51978105821803,0.3250348125047463,-0.2820565416698738,1,320.0,,151.46997684894825,-0.2820565416698738
25.493328094482422,1.2660000324249268,-168.4898184121431,-225.14560918349102,0.32661791531519796,-0.2822784795661844,1,320.0,,151.5101815878569,-0.2822784795661844
25.503739833831787,1.2660000324249268,-168.44961367323447,-226.771437308764,0.3282034568678376,-0.2825003571553866,1,320.0,,151.55038632676553,-0.2825003571553866
25.513489246368408,1.2660000324249268,-168.40940893432582,-228.397265434037,0.3297914371626651,-0.28272217443748043,1,320.0,,151.59059106567418,-0.28272217443748043
25.523935794830322,1.2680000066757202,-168.36920419541718,-230.05899833206445,0.3324114609178882,-0.2832672640783871,1,320.0,,151.63079580458282,-0.2832672640783871
25.533607482910156,1.2680000066757202,-168.32899945650854,-231.68482645733744,0.33400762416863744,-0.2834888803378216,1,320.0,,151.67100054349146,-0.2834888803378216
25.543060302734375,1.2680000066757202,-168.2887947175999,-233.31065458261043,0.33560622616157454,-0.2837104362901478,1,320.0,,151.7112052824001,-0.2837104362901478
25.553483486175537,1.2680000066757202,-168.24858997869126,-234.9364827078834,0.33720726689669966,-0.2839319319353656,1,320.0,,151.75141002130874,-0.2839319319353656
25.56302499771118,1.2690000534057617,-168.20838523978261,-236.58021572264676,0.33933209947443566,-0.2843148824161533,1,320.0,,151.79161476021739,-0.2843148824161533
25.574016571044922,1.2690000534057617,-168.16818050087397,-238.20604384791972,0.3409396704553711,-0.28453621724053674,1,320.0,,151.83181949912603,-0.28453621724053674
25.58353066444397,1.2700001001358032,-168.12797576196533,-239.84974460011625,0.3430742960079969,-0.28491892648725475,1,320.0,,151.87202423803467,-0.28491892648725475
25.593132257461548,1.2700001001358032,-168.0877710230567,-241.4755727253892,0.34468839718634875,-0.28514010049080374,1,320.0,,151.9122289769433,-0.28514010049080374
25.60356044769287,1.2710000276565552,-168.04756628414805,-243.11923917740654,0.34683275271024805,-0.2855225492694174,1,320.0,,151.95243371585195,-0.2855225492694174
25.61310839653015,1.2710000276565552,-168.0073615452394,-244.7450673026795,0.34845338384075236,-0.2857435624569248,1,320.0,,151.9926384547606,-0.2857435624569248
25.623753786087036,1.2720000743865967,-167.96715680633076,-246.38870379461406,0.35060759491144683,-0.286125789240296,1,320.0,,152.03284319366924,-0.286125789240296
25.633179903030396,1.2720000743865967,-167.92695206742212,-248.01453191988702,0.35223475614297717,-0.286346641606969,1,320.0,,152.07304793257788,-0.286346641606969
25.644181728363037,1.2730000019073486,-167.88674732851348,-249.6581342925658,0.3543986962520569,-0.286728607941407,1,320.0,,152.11325267148652,-0.286728607941407
25.653716802597046,1.2730000019073486,-167.84654258960484,-251.28396241783875,0.35603238733962067,-0.2869492994920383,1,320.0,,152.15345741039516,-0.2869492994920383
25.663184642791748,1.2730000019073486,-167.8063378506962,-252.9097905431117,0.35766851716937237,-0.2871699307355613,1,320.0,,152.1936621493038,-0.2871699307355613
25.67461585998535,1.2730000019073486,-167.76613311178755,-254.53561866838467,0.359307085741312,-0.2873905016719759,1,320.0,,152.23386688821245,-0.2873905016719759
25.68383288383484,1.2740000486373901,-167.7259283728789,-256.1791912460028,0.3614890113130397,-0.28777204496454833,1,320.0,,152.2740716271211,-0.28777204496454833
25.693354606628418,1.2740000486373901,-167.68572363397027,-257.80501937127576,0.36313410989013395,-0.2879924550801285,1,320.0,,152.31427636602973,-0.2879924550801285
25.70380139350891,1.2750000953674316,-167.64551889506163,-259.44856011879517,0.36532582804970526,-0.2883737571386312,1,320.0,,152.35448110493837,-0.2883737571386312
25.71333384513855,1.2750000953674316,-167.60531415615299,-261.07438824406813,0.366977456584209,-0.288594006433377,1,320.0,,152.39468584384701,-0.288594006433377
25.724311351776123,1.2750000953674316,-167.56510941724434,-262.7002163693411,0.3686315238609006,-0.2888141954210145,1,320.0,,152.43489058275566,-0.2888141954210145
25.733783721923828,1.2750000953674316,-167.5249046783357,-264.32604449461405,0.37028802987978005,-0.28903432410154356,1,320.0,,152.4750953216643,-0.28903432410154356
25.743271112442017,1.2760000228881836,-167.48469993942706,-265.9695513918656,0.37249760419750577,-0.28941516473158874,1,320.0,,152.51530006057294,-0.28941516473158874
25.753793954849243,1.2760000228881836,-167.44449520051842,-267.59537951713855,0.3741606399292056,-0.2896351325960762,1,320.0,,152.55550479948158,-0.2896351325960762
25.764008045196533,1.277000069618225,-167.40429046160978,-269.2388568646293,0.3763800721288939,-0.29001575116378,1,320.0,,152.59570953839022,-0.29001575116378
25.773518562316895,1.277000069618225,-167.36408572270113,-270.8646849899023,0.3780496377229031,-0.2902355582074331,1,320.0,,152.63591427729887,-0.2902355582074331
25.783952951431274,1.277000069618225,-167.3238809837925,-272.49051311517525,0.37972164205910025,-0.29045530494397775,1,320.0,,152.6761190162075,-0.29045530494397775
25.793306827545166,1.277000069618225,-167.28367624488385,-274.1163412404482,0.3813960851374853,-0.2906749913734141,1,320.0,,152.71632375511615,-0.2906749913734141
25.80394196510315,1.2780001163482666,-167.2434715059752,-275.75978701361845,0.3836334389881675,-0.2910551676795961,1,320.0,,152.7565284940248,-0.2910551676795961
25.813743591308594,1.2780001163482666,-167.20326676706657,-277.3856151388914,0.3853144118815005,-0.291274693288198,1,320.0,,152.79673323293343,-0.291274693288198
25.823155164718628,1.2780001163482666,-167.16306202815792,-279.01144326416437,0.38699782351702133,-0.2914941585896916,1,320.0,,152.83693797184208,-0.2914941585896916
25.833627700805664,1.2780001163482666,-167.12285728924928,-280.63727138943733,0.38868367389473013,-0.2917135635840768,1,320.0,,152.87714271075072,-0.2917135635840768
25.843569040298462,1.2780001163482666,-167.08265255034064,-282.2630995147103,0.39037196301462684,-0.29193290827135365,1,320.0,,152.91734744965936,-0.29193290827135365
25.853360176086426,1.2780001163482666,-167.042447811432,-283.88892763998325,0.3920626908767115,-0.29215219265152215,1,320.0,,152.957552188568,-0.29215219265152215
25.86366868019104,1.2790000438690186,-167.00224307252336,-285.5323398290245,0.39432602761980917,-0.2925317065593078,1,320.0,,152.99775692747664,-0.2925317065593078
25.873252153396606,1.2790000438690186,-166.96203833361471,-287.1581679542975,0.3960232850526517,-0.2927508301234347,1,320.0,,153.03796166638529,-0.2927508301234347
25.884305000305176,1.2790000438690186,-166.92183359470607,-288.78399607957044,0.39772298122768224,-0.2929698933804532,1,320.0,,153.07816640529393,-0.2929698933804532
25.893986225128174,1.2790000438690186,-166.88162885579743,-290.4098242048434,0.3994251161449006,-0.29318889633036327,1,320.0,,153.11837114420257,-0.29318889633036327
25.903300285339355,1.2790000438690186,-166.8414241168888,-292.03565233011636,0.40112968980430685,-0.293407838973165,1,320.0,,153.1585758831112,-0.293407838973165
25.913789749145508,1.2790000438690186,-166.80121937798015,-293.6614804553893,0.40283670220590106,-0.2936267213088585,1,320.0,,153.19878062201985,-0.2936267213088585
25.924672842025757,1.2790000438690186,-166.7610146390715,-295.2873085806623,0.40454615334968325,-0.2938455433374435,1,320.0,,153.2389853609285,-0.2938455433374435
25.93326687812805,1.2790000438690186,-166.72080990016286,-296.91313670593524,0.40625804323565323,-0.2940643050589201,1,320.0,,153.27919009983714,-0.2940643050589201
25.943683624267578,1.28000009059906,-166.68060516125422,-298.55651958786166,0.40855562784001054,-0.29444299376449506,1,320.0,,153.31939483874578,-0.29444299376449506
25.953309059143066,1.28000009059906,-166.64040042234558,-300.1823477131346,0.4102740474465916,-0.2946615946651373,1,320.0,,153.35959957765442,-0.2946615946651373
25.964621782302856,1.28000009059906,-166.60019568343694,-301.8081758384076,0.4119949057953607,-0.2948801352586712,1,320.0,,153.39980431656306,-0.2948801352586712
25.97339940071106,1.28000009059906,-166.5599909445283,-303.43400396368054,0.4137182028863176,-0.2950986155450967,1,320.0,,153.4400090554717,-0.2950986155450967
25.984118461608887,1.28000009059906,-166.51978620561965,-305.0598320889535,0.41544393871946245,-0.2953170355244139,1,320.0,,153.48021379438035,-0.2953170355244139
25.993887901306152,1.28000009059906,-166.479581466711,-306.68566021422646,0.41717211329479525,-0.29553539519662275,1,320.0,,153.520418533289,-0.29553539519662275
26.004944324493408,1.28000009059906,-166.43937672780237,-308.3114883394994,0.41890272661231587,-0.2957536945617232,1,320.0,,153.56062327219763,-0.2957536945617232
26.013642072677612,1.28000009059906,-166.39917198889373,-309.9373164647724,0.42063577867202445,-0.2959719336197153,1,320.0,,153.60082801110627,-0.2959719336197153
26.02321219444275,1.28000009059906,-166.35896724998508,-311.56314459004534,0.4223712694739209,-0.296190112370599,1,320.0,,153.64103275001492,-0.296190112370599
26.03367328643799,1.28000009059906,-166.31876251107644,-313.1889727153183,0.4241091990180053,-0.29640823081437434,1,320.0,,153.68123748892356,-0.29640823081437434
26.043456554412842,1.28000009059906,-166.2785577721678,-314.81480084059126,0.4258495673042776,-0.2966262889510413,1,320.0,,153.7214422278322,-0.2966262889510413
26.053192138671875,1.28000009059906,-166.23835303325916,-316.4406289658642,0.42759237433273783,-0.2968442867806,1,320.0,,153.76164696674084,-0.2968442867806
26.064350843429565,1.2790000438690186,-166.19814829435052,-318.0489023344837,0.42873485327798305,-0.2969027194912558,1,320.0,,153.80185170564948,-0.2969027194912558
26.073922634124756,1.2790000438690186,-166.15794355544188,-319.6747304597567,0.4304808855545838,-0.29712063691321544,1,320.0,,153.84205644455812,-0.29712063691321544
26.084268808364868,1.2790000438690186,-166.11773881653323,-321.30055858502965,0.4322293565733725,-0.2973384940280666,1,320.0,,153.88226118346677,-0.2973384940280666
26.0942645072937,1.2790000438690186,-166.0775340776246,-322.9263867103026,0.4339802663343491,-0.2975562908358095,1,320.0,,153.9224659223754,-0.2975562908358095
26.10381007194519,1.2790000438690186,-166.03732933871595,-324.55221483557557,0.4357336148375136,-0.297774027336444,1,320.0,,153.96267066128405,-0.297774027336444
26.113242626190186,1.2790000438690186,-165.9971245998073,-326.17804296084853,0.43748940208286596,-0.2979917035299701,1,320.0,,154.0028754001927,-0.2979917035299701
26.123231649398804,1.2790000438690186,-165.95691986089867,-327.8038710861215,0.4392476280704063,-0.29820931941638784,1,320.0,,154.04308013910133,-0.29820931941638784
26.133733987808228,1.2790000438690186,-165.91671512199002,-329.42969921139445,0.4410082928001345,-0.2984268749956973,1,320.0,,154.08328487800998,-0.2984268749956973
26.143547296524048,1.2790000438690186,-165.87651038308138,-331.0555273366674,0.4427713962720506,-0.29864437026789836,1,320.0,,154.12348961691862,-0.29864437026789836
26.153062105178833,1.2790000438690186,-165.83630564417274,-332.68135546194037,0.4445369384861546,-0.298861805232991,1,320.0,,154.16369435582726,-0.298861805232991
26.164180994033813,1.2790000438690186,-165.7961009052641,-334.30718358721333,0.44630491944244655,-0.2990791798909753,1,320.0,,154.2038990947359,-0.2990791798909753
26.17367959022522,1.2790000438690186,-165.75589616635546,-335.9330117124863,0.4480753391409264,-0.29929649424185134,1,320.0,,154.24410383364454,-0.29929649424185134
26.183351039886475,1.2780001163482666,-165.7156914274468,-337.54125577399094,0.4492260047136018,-0.29935474490929004,1,320.0,,154.2843085725532,-0.29935474490929004
26.193787574768066,1.2780001163482666,-165.67548668853817,-339.1670838992639,0.4509996498100754,-0.2995719788477742,1,320.0,,154.32451331146183,-0.2995719788477742
26.20395016670227,1.2780001163482666,-165.63528194962953,-340.79291202453686,0.4527757336487368,-0.29978915247914995,1,320.0,,154.36471805037047,-0.29978915247914995
26.213847160339355,1.2780001163482666,-165.5950772107209,-342.4187401498098,0.4545542562295862,-0.3000062658034174,1,320.0,,154.4049227892791,-0.3000062658034174
26.224066734313965,1.2780001163482666,-165.55487247181225,-344.0445682750828,0.45633521755262346,-0.3002233188205764,1,320.0,,154.44512752818775,-0.3002233188205764
26.233654499053955,1.2780001163482666,-165.5146677329036,-345.67039640035574,0.4581186176178486,-0.3004403115306271,1,320.0,,154.4853322670964,-0.3004403115306271
26.24362301826477,1.277000069618225,-165.47446299399496,-347.2786068777314,0.4592724446147398,-0.3004984628408932,1,320.0,,154.52553700600504,-0.3004984628408932
26.25333857536316,1.277000069618225,-165.43425825508632,-348.9044350030044,0.4610590698337687,-0.3007153751433448,1,320.0,,154.56574174491368,-0.3007153751433448
26.263155937194824,1.277000069618225,-165.39405351617768,-350.53026312827734,0.46284813379498546,-0.3009322271386881,1,320.0,,154.60594648382232,-0.3009322271386881
26.273958206176758,1.277000069618225,-165.35384877726904,-352.1560912535503,0.4646396364983902,-0.301149018826923,1,320.0,,154.64615122273096,-0.301149018826923
26.28318762779236,1.277000069618225,-165.3136440383604,-353.78191937882326,0.4664335779439827,-0.30136575020804957,1,320.0,,154.6863559616396,-0.30136575020804957
26.293960571289062,1.277000069618225,-165.27343929945175,-355.4077475040962,0.46822995813176327,-0.30158242128206775,1,320.0,,154.72656070054825,-0.30158242128206775
26.303367137908936,1.277000069618225,-165.2332345605431,-357.0335756293692,0.47002877706173163,-0.30179903204897757,1,320.0,,154.7667654394569,-0.30179903204897757
26.313960790634155,1.277000069618225,-165.19302982163447,-358.65940375464214,0.47183003473388796,-0.302015582508779,1,320.0,,154.80697017836553,-0.302015582508779
26.325005531311035,1.2760000228881836,-165.15282508272583,-360.2675826576973,0.4729887227928154,-0.3020736132217373,1,320.0,,154.84717491727417,-0.3020736132217373
26.333791255950928,1.2760000228881836,-165.11262034381718,-361.89341078297025,0.4747932055714139,-0.30229008327393975,1,320.0,,154.88737965618282,-0.30229008327393975
26.34322714805603,1.2760000228881836,-165.07241560490854,-363.5192389082432,0.47660012709220034,-0.30250649301903376,1,320.0,,154.92758439509146,-0.30250649301903376
26.354071140289307,1.2760000228881836,-165.0322108659999,-365.14506703351617,0.4784094873551747,-0.30272284245701947,1,320.0,,154.9677891340001,-0.30272284245701947
26.363256692886353,1.2760000228881836,-164.99200612709126,-366.77089515878913,0.48022128636033695,-0.30293913158789676,1,320.0,,155.00799387290874,-0.30293913158789676
26.37379264831543,1.2760000228881836,-164.95180138818262,-368.3967232840621,0.4820355241076871,-0.3031553604116657,1,320.0,,155.04819861181738,-0.3031553604116657
26.38323402404785,1.2760000228881836,-164.91159664927397,-370.02255140933505,0.48385220059722517,-0.3033715289283263,1,320.0,,155.08840335072603,-0.3033715289283263
26.39400577545166,1.2760000228881836,-164.87139191036533,-371.648379534608,0.4856713158289512,-0.3035876371378785,1,320.0,,155.12860808963467,-0.3035876371378785
26.403892040252686,1.2750000953674316,-164.8311871714567,-373.2565288879024,0.4868349433672995,-0.30364556610414134,1,320.0,,155.1688128285433,-0.30364556610414134
26.413484811782837,1.2750000953674316,-164.79098243254805,-374.88235701317535,0.4886572838549569,-0.30386159390130174,1,320.0,,155.20901756745195,-0.30386159390130174
26.423482418060303,1.2750000953674316,-164.7507776936394,-376.5081851384483,0.4904820630848022,-0.3040775613913538,1,320.0,,155.2492223063606,-0.3040775613913538
26.434062480926514,1.2750000953674316,-164.71057295473076,-378.1340132637213,0.49230928105683536,-0.30429346857429745,1,320.0,,155.28942704526924,-0.30429346857429745
26.444511890411377,1.2750000953674316,-164.67036821582212,-379.75984138899423,0.4941389377710564,-0.30450931545013277,1,320.0,,155.32963178417788,-0.30450931545013277
26.453111171722412,1.2750000953674316,-164.63016347691348,-381.3856695142672,0.4959710332274654,-0.3047251020188597,1,320.0,,155.36983652308652,-0.3047251020188597
26.463742971420288,1.2750000953674316,-164.58995873800484,-383.01149763954015,0.4978055674260623,-0.3049408282804783,1,320.0,,155.41004126199516,-0.3049408282804783
26.47324228286743,1.2750000953674316,-164.5497539990962,-384.6373257648131,0.4996425403668472,-0.30515649423498853,1,320.0,,155.4502460009038,-0.30515649423498853
26.484035968780518,1.2740000486373901,-164.50954926018755,-386.2454412678396,0.5008109506897082,-0.30521428374853843,1,320.0,,155.49045073981245,-0.30521428374853843
26.493011474609375,1.2740000486373901,-164.4693445212789,-387.8712693931126,0.5026511486418351,-0.3054298692954496,1,320.0,,155.5306554787211,-0.3054298692954496
26.502924919128418,1.2740000486373901,-164.42913978237027,-389.49709751838554,0.50449378533615,-0.3056453945352524,1,320.0,,155.57086021762973,-0.3056453945352524
26.513392686843872,1.2740000486373901,-164.38893504346163,-391.1229256436585,0.5063388607726528,-0.30586085946794683,1,320.0,,155.61106495653837,-0.30586085946794683
26.523980140686035,1.2740000486373901,-164.348730304553,-392.74875376893146,0.5081863749513434,-0.30607626409353295,1,320.0,,155.651269695447,-0.30607626409353295
26.5337495803833,1.2740000486373901,-164.30852556564435,-394.3745818942044,0.5100363278722222,-0.30629160841201064,1,320.0,,155.69147443435565,-0.30629160841201064
26.54321312904358,1.2740000486373901,-164.2683208267357,-396.0004100194774,0.5118887195352886,-0.30650689242338003,1,320.0,,155.7316791732643,-0.30650689242338003
26.553677320480347,1.2740000486373901,-164.22811608782706,-397.62623814475035,0.513743549940543,-0.306722116127641,1,320.0,,155.77188391217294,-0.306722116127641
26.563472032546997,1.2730000019073486,-164.18791134891842,-399.2343218176781,0.5149168212695597,-0.3067797850438831,1,320.0,,155.81208865108158,-0.3067797850438831
26.5738844871521,1.2730000019073486,-164.14770661000978,-400.86014994295107,0.5167748766384113,-0.3069949283405451,1,320.0,92.0,155.85229338999022,-0.3069949283405451
26.583426237106323,1.2730000019073486,-191.82769600565368,-314.9538515034923,0.3933646938167391,-0.34688147391445134,1,320.0,92.0,128.17230399434632,-0.34688147391445134
26.593940258026123,1.2730000019073486,-191.9287759145796,-316.1335447418347,0.3947507970093407,-0.34724750184811576,1,320.0,92.0,128.0712240854204,-0.34724750184811576
26.604310035705566,1.2730000019073486,-192.02985582350553,-317.3132379801772,0.3961386697417997,-0.3476136814016435,1,320.0,92.0,127.97014417649447,-0.3476136814016435
26.613632678985596,1.2730000019073486,-192.13093573243145,-318.49293121851963,0.39752831201411626,-0.34798001257503464,1,320.0,92.0,127.86906426756855,-0.34798001257503464
26.624393224716187,1.2730000019073486,-203.5123569671382,-281.53818632201467,0.34448838178165303,-0.36444753545474995,1,320.0,92.0,116.4876430328618,-0.36444753545474995
26.633384704589844,1.2730000019073486,-203.67059922294607,-282.5246359414047,0.34567469429323516,-0.36487536261762565,1,320.0,92.0,116.32940077705393,-0.36487536261762565
26.64404535293579,1.2720000743865967,-203.82884147875393,-283.493311313389,0.34640085120695474,-0.36507324127801283,1,320.0,92.0,116.17115852124607,-0.36507324127801283
26.654674530029297,1.2720000743865967,-203.9870837345618,-284.479760932779,0.34758911002790166,-0.36550138493686946,1,320.0,92.0,116.01291626543821,-0.36550138493686946
26.663399934768677,1.2720000743865967,-210.15216748357358,-262.8866484651279,0.31659139044002227,-0.3744925962757448,1,320.0,92.0,109.84783251642642,-0.3744925962757448
26.674102544784546,1.2720000743865967,-210.34084915076048,-263.75867712303545,0.3176602346444787,-0.37495376981057466,1,320.0,92.0,109.65915084923952,-0.37495376981057466
26.683916330337524,1.2720000743865967,-210.52953081794737,-264.630705780943,0.31873038689192196,-0.37541522636790525,1,320.0,92.0,109.47046918205263,-0.37541522636790525
26.69395661354065,1.2720000743865967,-210.71821248513427,-265.50273443885055,0.3198018471823521,-0.3758769659477366,1,320.0,93.0,109.28178751486573,-0.3758769659477366
26.703842163085938,1.2710000276565552,-214.33216031434168,-250.30816667623236,0.29754700035393167,-0.38098458609447877,1,320.0,93.0,105.66783968565832,-0.38098458609447877
26.71337866783142,1.2710000276565552,-214.53828901983974,-251.09844874664014,0.2985329555251926,-0.3814653187656484,1,320.0,93.0,105.46171098016026,-0.3814653187656484
26.723841905593872,1.2710000276565552,-214.7444177253378,-251.88873081704793,0.299520096119559,-0.3819463606298762,1,320.0,93.0,105.2555822746622,-0.3819463606298762
26.73346447944641,1.2710000276565552,-214.95054643083586,-252.6790128874557,0.30050842213703105,-0.3824277116871623,1,320.0,92.0,105.04945356916414,-0.3824277116871623
26.743873119354248,1.2710000276565552,-217.55314955850088,-240.89306360206024,0.2834724698961996,-0.386344229442753,1,320.0,92.0,102.44685044149912,-0.386344229442753
26.753445148468018,1.2710000276565552,-217.77160185069962,-241.61867388793002,0.284394343457505,-0.3868393135688559,1,320.0,92.0,102.22839814930038,-0.3868393135688559
26.763344526290894,1.2700001001358032,-217.99005414289837,-242.32644584705542,0.2849402901617637,-0.3870803450425193,1,320.0,92.0,102.00994585710163,-0.3870803450425193
26.77388906478882,1.2700001001358032,-218.20850643509712,-243.0520561329252,0.28586358823874236,-0.3875758660890399,1,320.0,92.0,101.79149356490288,-0.3875758660890399
26.783140897750854,1.2700001001358032,-220.0394033221959,-232.76533297517312,0.27092894353909897,-0.3903938211375032,1,320.0,92.0,99.96059667780409,-0.3903938211375032
26.793590545654297,1.2700001001358032,-220.26625643270796,-233.43356912691274,0.2717936357965432,-0.39089889743996264,1,320.0,92.0,99.73374356729204,-0.39089889743996264
26.803470611572266,1.2690000534057617,-220.49310954322002,-234.0839326517288,0.27230006890694314,-0.3911459999903312,1,320.0,92.0,99.50689045677998,-0.3911459999903312
26.813127279281616,1.2690000534057617,-220.71996265373207,-234.7521688034684,0.2731660707965237,-0.39165152998841085,1,320.0,91.0,99.28003734626793,-0.39165152998841085
26.823403358459473,1.2690000534057617,-222.1946269449916,-225.68663861704144,0.25993031088882557,-0.3939652910841938,1,320.0,91.0,97.8053730550084,-0.3939652910841938
26.83381938934326,1.2690000534057617,-222.4280843637833,-226.30335672293282,0.26074402218027676,-0.3944784619782583,1,320.0,91.0,97.57191563621669,-0.3944784619782583
26.843482494354248,1.2680000066757202,-222.66154178257503,-226.90216993933385,0.26121515890329877,-0.3947303997236409,1,320.0,91.0,97.33845821742497,-0.3947303997236409
26.854156494140625,1.2680000066757202,-222.89499920136674,-227.51888804522522,0.2620300767448082,-0.39524403752163345,1,320.0,91.0,97.10500079863326,-0.39524403752163345
26.8641619682312,1.2680000066757202,-223.98389489132273,-219.1153948901101,0.24968517483886507,-0.39700613427773696,1,320.0,91.0,96.01610510867727,-0.39700613427773696
26.873893976211548,1.2680000066757202,-224.22196050551668,-219.68352165111878,0.2504510214775891,-0.39752530161178545,1,320.0,91.0,95.77803949448332,-0.39752530161178545
26.883838176727295,1.2680000066757202,-224.46002611971062,-220.25164841212745,0.2512177203064546,-0.3980448260442552,1,320.0,91.0,95.53997388028938,-0.3980448260442552
26.893319368362427,1.2680000066757202,-224.69809173390456,-220.81977517313612,0.2519852713254616,-0.3985647075751463,1,320.0,91.0,95.30190826609544,-0.3985647075751463
26.904109239578247,1.2670000791549683,-225.50381187921258,-212.9677391547336,0.2400707766134779,-0.3996549245358129,1,320.0,91.0,94.49618812078742,-0.3996549245358129
26.913623332977295,1.2670000791549683,-225.74499350633113,-213.4897437611372,0.24079138880355042,-0.4001785283531631,1,320.0,91.0,94.25500649366887,-0.4001785283531631
26.923762321472168,1.2670000791549683,-225.98617513344968,-214.01174836754078,0.24151278400053253,-0.4007024939429539,1,320.0,91.0,94.01382486655032,-0.4007024939429539
26.933358907699585,1.2670000791549683,-226.22735676056823,-214.53375297394436,0.24223496220442425,-0.4012268213051854,1,320.0,91.0,93.77264323943177,-0.4012268213051854
26.94396448135376,1.2670000791549683,-226.81667198259473,-207.21988757492036,0.23132998350419023,-0.4022681188725904,1,320.0,91.0,93.18332801740527,-0.4022681188725904
26.953399658203125,1.2670000791549683,-227.0598019881627,-207.69803763676282,0.2320082716959265,-0.4027951893090882,1,320.0,91.0,92.94019801183731,-0.4027951893090882
26.96322774887085,1.2660000324249268,-227.30293199373065,-208.15821802522746,0.23238560407110578,-0.4030547873255514,1,320.0,91.0,92.69706800626935,-0.4030547873255514
26.97399067878723,1.2660000324249268,-227.54606199929862,-208.6363680870699,0.2330648215861117,-0.40358234401069887,1,320.0,91.0,92.45393800070138,-0.40358234401069887
26.982939958572388,1.2660000324249268,-227.96439587381496,-201.820729335926,0.22283320618230731,-0.40437237138959603,1,320.0,91.0,92.03560412618504,-0.40437237138959603
26.993412494659424,1.2660000324249268,-228.20852564714983,-202.25725877033884,0.22347097363137752,-0.4049016875923572,1,320.0,91.0,91.79147435285017,-0.4049016875923572
27.003223180770874,1.2660000324249268,-228.4526554204847,-202.69378820475168,0.22410939587459935,-0.40543136998977825,1,320.0,91.0,91.54734457951531,-0.40543136998977825
27.014015913009644,1.2660000324249268,-228.69678519381955,-203.13031763916453,0.22474847291197275,-0.4059614185818594,1,320.0,92.0,91.30321480618045,-0.4059614185818594
27.023032903671265,1.2650001049041748,-228.85975711888804,-196.67429832503115,0.21473104421746447,-0.4060998348046434,1,320.0,92.0,91.14024288111196,-0.4060998348046434
27.033413410186768,1.2650001049041748,-229.10341488133275,-197.0708456514993,0.21533000923228934,-0.40662988814079637,1,320.0,92.0,90.89658511866725,-0.40662988814079637
27.043344259262085,1.2650001049041748,-229.34707264377747,-197.46739297796745,0.21592956906810387,-0.40716030696359296,1,320.0,92.0,90.65292735622253,-0.40716030696359296
27.053916454315186,1.2650001049041748,-229.59073040622218,-197.8639403044356,0.21652972372490817,-0.40769109127303316,1,320.0,93.0,90.40926959377782,-0.40769109127303316
27.06381845474243,1.2650001049041748,-229.54098432725507,-191.83081608163025,0.20734601354718932,-0.40777574889186263,1,320.0,93.0,90.45901567274493,-0.40777574889186263
27.073524475097656,1.2650001049041748,-229.78290406560845,-192.18927623105856,0.20790851951345252,-0.40830549187317977,1,320.0,93.0,90.21709593439155,-0.40830549187317977
27.083908557891846,1.2650001049041748,-230.02482380396182,-192.54773638048687,0.2084715631699399,-0.40883559773410444,1,320.0,93.0,89.97517619603818,-0.40883559773410444
27.09397602081299,1.2650001049041748,-230.2667435423152,-192.90619652991518,0.2090351445166514,-0.4093660664746366,1,320.0,94.0,89.7332564576848,-0.4093660664746366
27.103204488754272,1.2650001049041748,-230.03648003603513,-187.19842528684347,0.200287285803344,-0.4091720724850081,1,320.0,94.0,89.96351996396487,-0.4091720724850081
27.114107847213745,1.2650001049041748,-230.27555352298882,-187.5203190824507,0.2008148150693752,-0.409700377057892,1,320.0,94.0,89.72444647701118,-0.409700377057892
27.12334108352661,1.2650001049041748,-230.5146270099425,-187.84221287805792,0.20134282717609983,-0.41022904024100626,1,320.0,94.0,89.4853729900575,-0.41022904024100626
27.13449001312256,1.2650001049041748,-230.7537004968962,-188.16410667366515,0.20187132212351785,-0.41075806203435095,1,320.0,96.0,89.24629950310381,-0.41075806203435095
27.14321255683899,1.2650001049041748,-230.25938332820718,-182.8312787606794,0.1936482729092828,-0.41015234593765104,1,320.0,96.0,89.74061667179282,-0.41015234593765104
27.153493404388428,1.2650001049041748,-230.49396307079053,-183.1185240730418,0.19414269338948284,-0.41067754040994187,1,320.0,96.0,89.50603692920947,-0.41067754040994187
27.163144826889038,1.2650001049041748,-230.72854281337388,-183.40576938540423,0.19463754473765144,-0.4112030867518466,1,320.0,96.0,89.27145718662612,-0.4112030867518466
27.17408537864685,1.2640000581741333,-230.96312255595723,-183.67497988826037,0.19488744325149104,-0.4114589125971422,1,320.0,97.0,89.03687744404277,-0.4114589125971422
27.183883905410767,1.2640000581741333,-230.34622644582,-178.5514307080941,0.18695456831886204,-0.41065860317345537,1,320.0,97.0,89.65377355417999,-0.41065860317345537
27.193602561950684,1.2640000581741333,-230.57550891053975,-178.8050139009753,0.1874165134138267,-0.41117963825320536,1,320.0,97.0,89.42449108946025,-0.41117963825320536
27.20663833618164,1.2640000581741333,-230.8047913752595,-179.0585970938565,0.18787883888358073,-0.4117010172566525,1,320.0,97.0,89.1952086247405,-0.4117010172566525
27.21422243118286,1.2640000581741333,-231.03407383997924,-179.31218028673769,0.18834154472812403,-0.4122227401837966,1,320.0,97.0,88.96592616002076,-0.4122227401837966
27.22417902946472,1.2640000581741333,-231.263356304699,-179.56576347961888,0.18880463094745667,-0.4127448070346379,1,320.0,97.0,88.73664369530101,-0.4127448070346379
27.234787940979004,1.2640000581741333,-231.49263876941873,-179.81934667250007,0.18926809754157864,-0.4132672178091762,1,320.0,99.0,88.50736123058127,-0.4132672178091762
27.24441933631897,1.2640000581741333,-230.5657100008033,-174.81157641846806,0.18145611002911247,-0.41197131255819164,1,320.0,99.0,89.4342899991967,-0.41197131255819164
27.255685806274414,1.2640000581741333,-230.7876606845407,-175.031796251756,0.18188690568893318,-0.41248706438450566,1,320.0,99.0,89.2123393154593,-0.41248706438450566
27.264706134796143,1.2640000581741333,-231.0096113682781,-175.25201608504392,0.18231803167850386,-0.4130031491368452,1,320.0,102.0,88.99038863172191,-0.4130031491368452
27.273181915283203,1.2640000581741333,-229.85102597677945,-170.890167588315,0.17551059746871067,-0.4113385540497178,1,320.0,102.0,90.14897402322055,-0.4113385540497178
27.28369116783142,1.2640000581741333,-230.06414776862692,-171.08108388753112,0.17591307915824947,-0.4118464753327404,1,320.0,102.0,89.93585223137308,-0.4118464753327404
27.29335641860962,1.2640000581741333,-230.2772695604744,-171.27200018674725,0.1763158472222371,-0.4123547162984508,1,320.0,102.0,89.7227304395256,-0.4123547162984508
27.30433440208435,1.2640000581741333,-230.49039135232186,-171.46291648596338,0.17671890166067356,-0.4128632769468489,1,320.0,104.0,89.50960864767814,-0.4128632769468489
27.31415581703186,1.2640000581741333,-229.1814816539633,-167.4113290565162,0.17038167908587512,-0.4109539272906586,1,320.0,104.0,90.81851834603671,-0.4109539272906586
27.323748111724854,1.2640000581741333,-229.38476223090842,-167.57481399758606,0.1707579438113595,-0.41145331080661673,1,320.0,104.0,90.61523776909158,-0.41145331080661673
27.333701133728027,1.2640000581741333,-229.58804280785355,-167.73829893865593,0.17113445376425546,-0.41195299924344025,1,320.0,104.0,90.41195719214645,-0.41195299924344025
27.34340000152588,1.2640000581741333,-229.7913233847987,-167.9017838797258,0.17151120894456298,-0.4124529926011292,1,320.0,106.0,90.20867661520131,-0.4124529926011292
27.35304069519043,1.2640000581741333,-228.3495439527656,-164.22857708383995,0.1657607318031281,-0.4103260096272097,1,320.0,106.0,91.6504560472344,-0.4103260096272097
27.363537788391113,1.2640000581741333,-228.54208117147195,-164.36700582418956,0.16611304187754444,-0.4108159211952592,1,320.0,106.0,91.45791882852805,-0.4108159211952592
27.375333786010742,1.2640000581741333,-228.7346183901783,-164.50543456453917,0.1664655595950713,-0.41130612156913693,1,320.0,106.0,91.2653816098217,-0.41130612156913693
27.383118629455566,1.2640000581741333,-228.92715560888465,-164.64386330488878,0.16681828495570872,-0.41179661074884255,1,320.0,109.0,91.07284439111535,-0.41179661074884255
27.394352674484253,1.2640000581741333,-227.26441520743774,-161.3079949705381,0.16159637503088986,-0.40931041782519406,1,320.0,109.0,92.73558479256226,-0.40931041782519406
27.403918027877808,1.2640000581741333,-227.44472659631828,-161.423528935282,0.16192677828007823,-0.40978934282668267,1,320.0,109.0,92.55527340368172,-0.40978934282668267
27.413959741592407,1.2640000581741333,-227.62503798519882,-161.53906290002593,0.16225735483021375,-0.41026853829525467,1,320.0,109.0,92.37496201480118,-0.41026853829525467
27.424060821533203,1.2640000581741333,-227.80534937407936,-161.65459686476984,0.1625881046812963,-0.41074800423091,1,320.0,112.0,92.19465062592064,-0.41074800423091
27.43389916419983,1.2640000581741333,-225.94671329796267,-158.62172079983665,0.15784568627208234,-0.4079421848077375,1,320.0,112.0,94.05328670203733,-0.4079421848077375
27.44356369972229,1.2640000581741333,-226.1134795981664,-158.71633931983519,0.15815604933584532,-0.4084087644901918,1,320.0,112.0,93.8865204018336,-0.4084087644901918
27.453802347183228,1.2650001049041748,-226.28024589837014,-158.82899264934,0.1586549668801036,-0.40912968082428025,1,320.0,112.0,93.71975410162986,-0.40912968082428025
27.464134454727173,1.2650001049041748,-226.44701219857387,-158.92361116933853,0.15896573547458237,-0.4095969275797284,1,320.0,114.0,93.55298780142613,-0.4095969275797284
27.473318576812744,1.2650001049041748,-224.51741264493333,-156.26711777909696,0.15482089500276083,-0.40666911213747947,1,320.0,114.0,95.48258735506667,-0.40666911213747947
27.484150648117065,1.2650001049041748,-224.67015190627424,-156.34332827474702,0.15511371103234003,-0.4071229629162877,1,320.0,114.0,95.32984809372576,-0.4071229629162877
27.493513584136963,1.2650001049041748,-224.82289116761515,-156.41953877039708,0.15540664137766275,-0.4075770428039879,1,320.0,114.0,95.17710883238485,-0.4075770428039879
27.50449275970459,1.2650001049041748,-224.97563042895607,-156.49574926604714,0.1556996860387289,-0.4080313518005801,1,320.0,117.0,95.02436957104393,-0.4080313518005801
27.513334274291992,1.2650001049041748,-222.88246122164588,-154.17994427237446,0.15210566455152832,-0.40483614283617075,1,320.0,117.0,97.11753877835412,-0.40483614283617075
27.524698734283447,1.2650001049041748,-223.0200768929582,-154.24004731658223,0.15238300345762723,-0.4052759489545006,1,320.0,117.0,96.9799231070418,-0.4052759489545006
27.533607721328735,1.2650001049041748,-223.15769256427052,-154.30015036079,0.15266043251829242,-0.4057159614963374,1,320.0,117.0,96.84230743572948,-0.4057159614963374
27.543510913848877,1.2650001049041748,-223.29530823558284,-154.3602534049978,0.15293795173352392,-0.40615618046168117,1,320.0,120.0,96.70469176441716,-0.40615618046168117
27.553035020828247,1.2650001049041748,-221.05795245918185,-152.3538421972169,0.14984738514788465,-0.4027256808291634,1,320.0,120.0,98.94204754081815,-0.4027256808291634
27.56364917755127,1.2650001049041748,-221.17948570793445,-152.39995157617108,0.1501112587549859,-0.4031504230057704,1,320.0,120.0,98.82051429206555,-0.4031504230057704
27.573413133621216,1.2650001049041748,-221.30101895668705,-152.44606095512526,0.15037520152615563,-0.40357534748225055,1,320.0,120.0,98.69898104331295,-0.40357534748225055
27.583603143692017,1.2650001049041748,-221.42255220543964,-152.49217033407945,0.15063921346139375,-0.40400045425860376,1,320.0,123.0,98.57744779456036,-0.40400045425860376
27.593941688537598,1.2650001049041748,-219.05875747331504,-150.76742223848248,0.14800951376776,-0.40036443717181297,1,320.0,123.0,100.94124252668496,-0.40036443717181297
27.603490114212036,1.2650001049041748,-219.16337855179893,-150.80148127906617,0.14826177115929806,-0.400773217375656,1,320.0,123.0,100.83662144820107,-0.400773217375656
27.614258289337158,1.2650001049041748,-219.26799963028282,-150.83554031964985,0.148514079639397,-0.40118215451111683,1,320.0,123.0,100.73200036971718,-0.40118215451111683
27.624006271362305,1.2650001049041748,-219.3726207087667,-150.86959936023354,0.1487664392080568,-0.40159124857819534,1,320.0,126.0,100.6273792912333,-0.40159124857819534
27.6340172290802,1.2650001049041748,-216.89871207754254,-149.40171076282832,0.14655896319454942,-0.3977773890618804,1,320.0,126.0,103.10128792245746,-0.3977773890618804
27.643593072891235,1.2650001049041748,-216.98571223905438,-149.42550593306535,0.1468013047611766,-0.3981694227629222,1,320.0,126.0,103.01428776094562,-0.3981694227629222
27.653133869171143,1.2650001049041748,-217.07271240056622,-149.4493011033024,0.1470436820205591,-0.3985615869642063,1,320.0,126.0,102.92728759943378,-0.3985615869642063
27.66394352912903,1.2650001049041748,-217.15971256207806,-149.47309627353943,0.14728609497269693,-0.39895388166573265,1,320.0,129.0,102.84028743792194,-0.39895388166573265
27.673157930374146,1.2640000581741333,-214.5907503618067,-148.32319606655514,0.14546732692893224,-0.3947618557295721,1,320.0,129.0,105.4092496381933,-0.3947618557295721
27.683576345443726,1.2640000581741333,-214.6595341302582,-148.33906493201894,0.14570195934046778,-0.39513639583386595,1,320.0,129.0,105.34046586974179,-0.39513639583386595
27.694993495941162,1.2640000581741333,-214.72831789870972,-148.35493379748274,0.14593661555530152,-0.39551103911381247,1,320.0,129.0,105.27168210129028,-0.39551103911381247
27.703539848327637,1.2640000581741333,-214.79710166716123,-148.37080266294655,0.14617129557343345,-0.39588578556941156,1,320.0,132.0,105.20289833283877,-0.39588578556941156
27.713787078857422,1.2640000581741333,-212.1470003775231,-147.4432444315092,0.1448573063003225,-0.3917974196240224,1,320.0,132.0,107.85299962247689,-0.3917974196240224
27.72365427017212,1.2640000581741333,-212.1970780565102,-147.45262246293598,0.1450856500505725,-0.39215397459076656,1,320.0,132.0,107.80292194348979,-0.39215397459076656
27.733243227005005,1.2640000581741333,-212.2471557354973,-147.46200049436274,0.14531400786786966,-0.39251060467402915,1,320.0,132.0,107.7528442645027,-0.39251060467402915
27.743252754211426,1.2640000581741333,-212.2972334144844,-147.4713785257895,0.14554237975221396,-0.39286730987381024,1,320.0,135.0,107.7027665855156,-0.39286730987381024
27.753312587738037,1.2640000581741333,-209.5788532890871,-146.83178520087276,0.14470394237010942,-0.3886731106212165,1,320.0,135.0,110.4211467109129,-0.3886731106212165
27.763689517974854,1.2640000581741333,-209.60983365309968,-146.83668651230693,0.14492794200209871,-0.38901119437160403,1,320.0,135.0,110.39016634690032,-0.38901119437160403
27.774009227752686,1.2630000114440918,-209.64081401711226,-146.82352031132984,0.14499047099946066,-0.38913451034670876,1,320.0,135.0,110.35918598288774,-0.38913451034670876
27.783757209777832,1.2630000114440918,-209.67179438112484,-146.828421622764,0.14521445333257516,-0.38947265605637665,1,320.0,138.0,110.32820561887516,-0.38947265605637665
27.79295039176941,1.2630000114440918,-206.89701428152898,-146.4506586200779,0.14480947749388667,-0.3851991650081087,1,320.0,138.0,113.10298571847102,-0.3851991650081087
27.803410291671753,1.2630000114440918,-206.90859742967044,-146.4529144375708,0.14503087805431591,-0.38551836584641774,1,320.0,138.0,113.09140257032956,-0.38551836584641774
27.813172101974487,1.2630000114440918,-206.9201805778119,-146.4551702550637,0.1452522819984714,-0.3858375840594489,1,320.0,138.0,113.07981942218811,-0.3858375840594489
27.823678255081177,1.2630000114440918,-206.93176372595335,-146.45742607255661,0.14547368932635316,-0.38615681964720233,1,320.0,142.0,113.06823627404665,-0.38615681964720233
27.83314061164856,1.2630000114440918,-204.01015824993695,-146.31743864290084,0.1454610754379045,-0.38165026675654196,1,320.0,142.0,115.98984175006305,-0.38165026675654196
27.843685626983643,1.2630000114440918,-204.00142645906672,-146.31870929944404,0.14568152301281068,-0.3819496065396966,1,320.0,142.0,115.99857354093328,-0.3819496065396966
27.853376626968384,1.2630000114440918,-203.9926946681965,-146.31997995598724,0.14590197249370168,-0.382248933225165,1,320.0,142.0,116.00730533180351,-0.382248933225165
27.863798141479492,1.2630000114440918,-203.98396287732626,-146.32125061253043,0.14612242388057747,-0.3825482468129471,1,320.0,145.0,116.01603712267374,-0.3825482468129471
27.873411178588867,1.2620000839233398,-201.03679428242944,-146.37875061483214,0.14630475824727035,-0.377813133491912,1,320.0,145.0,118.96320571757056,-0.377813133491912
27.88416624069214,1.2620000839233398,-201.00768129844533,-146.3805368117933,0.14652569013472233,-0.3780924609176205,1,320.0,145.0,118.99231870155467,-0.3780924609176205
27.894151210784912,1.2620000839233398,-200.97856831446123,-146.38232300875444,0.1467466247014698,-0.37837174467385304,1,320.0,145.0,119.02143168553877,-0.37837174467385304
27.90447187423706,1.2620000839233398,-200.94945533047712,-146.3841092057156,0.14696756194751265,-0.37865098476060954,1,320.0,148.0,119.05054466952288,-0.37865098476060954
27.913525342941284,1.2620000839233398,-197.98525347148143,-146.6547921105182,0.14763094650247688,-0.3741007642592223,1,320.0,148.0,122.01474652851857,-0.3741007642592223
27.923022031784058,1.2620000839233398,-197.93575878646433,-146.6584455668849,0.14785371810488523,-0.3743599529432652,1,320.0,148.0,122.06424121353567,-0.3743599529432652
27.93407440185547,1.2620000839233398,-197.88626410144724,-146.66209902325159,0.14807649518747812,-0.37461906738528056,1,320.0,148.0,122.11373589855276,-0.37461906738528056
27.944063425064087,1.2620000839233398,-197.83676941643014,-146.66575247961828,0.1482992777502556,-0.3748781075852684,1,320.0,151.0,122.16323058356986,-0.3748781075852684
27.952958822250366,1.2620000839233398,-194.8633362734086,-147.11256270363975,0.14925159024130868,-0.3703236875238378,1,320.0,151.0,125.1366637265914,-0.3703236875238378
27.96355390548706,1.2620000839233398,-194.7935190806981,-147.11929627162624,0.14947740016508695,-0.37056267709575413,1,320.0,151.0,125.2064809193019,-0.37056267709575413
27.973400831222534,1.2610000371932983,-194.7237018879876,-147.1078966578969,0.14954113841866493,-0.3706184658830919,1,320.0,151.0,125.2762981120124,-0.3706184658830919
27.98412585258484,1.2610000371932983,-194.6538846952771,-147.1146302258834,0.14976693460949192,-0.3708573158238854,1,320.0,154.0,125.3461153047229,-0.3708573158238854
27.993479013442993,1.2610000371932983,-191.67833024197873,-147.82143854051526,0.1511441022593263,-0.3663172090430461,1,320.0,154.0,128.32166975802127,-0.3663172090430461
28.003329277038574,1.2610000371932983,-191.58830363716865,-147.83304113064196,0.15137468139254023,-0.366536081248893,1,320.0,154.0,128.41169636283135,-0.366536081248893
28.013596296310425,1.2610000371932983,-191.49827703235857,-147.84464372076866,0.15160527792963935,-0.36675481841483265,1,320.0,154.0,128.50172296764143,-0.36675481841483265
28.023701190948486,1.2610000371932983,-191.4082504275485,-147.85624631089536,0.15183589187062363,-0.3669734205408651,1,320.0,158.0,128.5917495724515,-0.3669734205408651
28.033843755722046,1.2610000371932983,-188.33560695708627,-148.79706079657512,0.1535951065901437,-0.3622853872091556,1,320.0,158.0,131.66439304291373,-0.3622853872091556
28.04379916191101,1.2610000371932983,-188.22482670062158,-148.81512903108802,0.15383207921082667,-0.36248342066991657,1,320.0,158.0,131.77517329937842,-0.36248342066991657
28.05373477935791,1.2610000371932983,-188.11404644415688,-148.83319726560092,0.1540690789338614,-0.362681287960293,1,320.0,158.0,131.88595355584312,-0.362681287960293
28.063572645187378,1.2610000371932983,-188.0032661876922,-148.8512655001138,0.1543061057592479,-0.36287898908028454,1,320.0,161.0,131.9967338123078,-0.36287898908028454
28.07370686531067,1.2610000371932983,-184.9505705504217,-149.90060244419993,0.15623988759782328,-0.3582362434205826,1,320.0,161.0,135.0494294495783,-0.3582362434205826
28.083147287368774,1.2610000371932983,-184.81931405299702,-149.92584848767683,0.15648398861057972,-0.35841358619224,1,320.0,161.0,135.18068594700298,-0.35841358619224
28.093867540359497,1.2610000371932983,-184.68805755557233,-149.95109453115379,0.1567281274924014,-0.3585907320791513,1,320.0,161.0,135.31194244442767,-0.3585907320791513
28.103809356689453,1.2610000371932983,-184.55680105814764,-149.97634057463068,0.15697230424328823,-0.3587676810813165,1,320.0,164.0,135.44319894185236,-0.3587676810813165
28.11340355873108,1.2610000371932983,-181.52857528534105,-151.22317996624764,0.15922652593708617,-0.3541777661690749,1,320.0,164.0,138.47142471465895,-0.3541777661690749
28.123863220214844,1.2610000371932983,-181.37715273489852,-151.25692962639533,0.1594790948241534,-0.3543345993316586,1,320.0,164.0,138.62284726510148,-0.3543345993316586
28.133331298828125,1.2610000371932983,-181.22573018445598,-151.29067928654302,0.15973171433571087,-0.3544912053604166,1,320.0,164.0,138.77426981554402,-0.3544912053604166
28.14387822151184,1.2610000371932983,-181.07430763401345,-151.32442894669072,0.15998438447175856,-0.3546475842553489,1,320.0,167.0,138.92569236598655,-0.3546475842553489
28.153477668762207,1.2610000371932983,-178.07456971713253,-152.74749449388963,0.16252308405801227,-0.350117121059177,1,320.0,167.0,141.92543028286747,-0.350117121059177
28.16391348838806,1.2610000371932983,-177.90331977435213,-152.7909153131717,0.16278531367607063,-0.35025365482601334,1,320.0,167.0,142.09668022564787,-0.35025365482601334
28.17466402053833,1.2600001096725464,-177.73206983157172,-152.81617214721715,0.16287371701109782,-0.35024075211844286,1,320.0,167.0,142.26793016842828,-0.35024075211844286
28.18361473083496,1.2600001096725464,-177.56081988879131,-152.85959296649924,0.16313600622796404,-0.3503769433729815,1,320.0,170.0,142.43918011120869,-0.3503769433729815
28.19348168373108,1.2600001096725464,-174.59311512690076,-154.43923331623157,0.16592258855306724,-0.34591790330336947,1,320.0,170.0,145.40688487309924,-0.34591790330336947
28.204116344451904,1.2600001096725464,-174.4024009201045,-154.49334673899241,0.16619545478040873,-0.3460345640866684,1,320.0,170.0,145.5975990798955,-0.3460345640866684
28.21355152130127,1.2600001096725464,-174.21168671330824,-154.54746016175326,0.1664684021778844,-0.3461509387986571,1,320.0,170.0,145.78831328669176,-0.3461509387986571
28.224032402038574,1.2600001096725464,-174.02097250651198,-154.6015735845141,0.16674143074549413,-0.3462670274393356,1,320.0,173.0,145.97902749348802,-0.3462670274393356
28.233596563339233,1.2600001096725464,-171.08840465059515,-156.3196571239568,0.16974838522063745,-0.3418780603050777,1,320.0,173.0,148.91159534940485,-0.3418780603050777
28.243101358413696,1.2600001096725464,-170.87861006879612,-156.38535000276553,0.17003288984074094,-0.341974934315005,1,320.0,173.0,149.12138993120388,-0.341974934315005
28.25333023071289,1.2600001096725464,-170.6688154869971,-156.45104288157427,0.17031749300016266,-0.3420714936330595,1,320.0,173.0,149.3311845130029,-0.3420714936330595
28.263904571533203,1.2600001096725464,-170.45902090519806,-156.516735760383,0.17060219469890256,-0.3421677382592413,1,320.0,176.0,149.54097909480194,-0.3421677382592413
28.273761749267578,1.2600001096725464,-167.56428283706362,-158.35655255564848,0.1738013831448171,-0.3378530587864214,1,320.0,176.0,152.43571716293638,-0.3378530587864214
28.28333330154419,1.2600001096725464,-167.33580911600362,-158.43458800623583,0.1740983419778312,-0.33793042244703253,1,320.0,176.0,152.66419088399638,-0.33793042244703253
28.294418334960938,1.2600001096725464,-167.10733539494362,-158.51262345682318,0.17439541786402118,-0.338007443397062,1,320.0,176.0,152.89266460505638,-0.338007443397062
28.304373025894165,1.2600001096725464,-166.87886167388362,-158.59065890741053,0.17469261080338702,-0.3380841216365099,1,320.0,178.0,153.12113832611638,-0.3380841216365099
28.314146757125854,1.2600001096725464,-164.125742898612,-160.4353512290752,0.177891511331979,-0.3340139325537694,1,320.0,178.0,155.874257101388,-0.3340139325537694
28.323662996292114,1.2600001096725464,-163.87971122909147,-160.5256731079025,0.17820094447945542,-0.33407276802479446,1,320.0,178.0,156.12028877090853,-0.33407276802479446
28.3330237865448,1.2610000371932983,-163.63367955957094,-160.63415897196643,0.17870002005822305,-0.3342538539616071,1,320.0,178.0,156.36632044042906,-0.3342538539616071
28.343644618988037,1.2610000371932983,-163.3876478900504,-160.72448085079373,0.17900984173264617,-0.33431170532378635,1,320.0,181.0,156.6123521099496,-0.33431170532378635
28.3530330657959,1.2610000371932983,-160.66682405657346,-162.67119613049266,0.18237214032210633,-0.3303000551719121,1,320.0,181.0,159.33317594342654,-0.3303000551719121
28.363582134246826,1.2610000371932983,-160.40358789367968,-162.77442345989817,0.18269485795881313,-0.3303403378239998,1,320.0,181.0,159.59641210632032,-0.3303403378239998
28.373324632644653,1.2610000371932983,-160.1403517307859,-162.87765078930374,0.18301773043651406,-0.3303802256218432,1,320.0,181.0,159.8596482692141,-0.3303802256218432
28.383801460266113,1.2610000371932983,-159.87711556789213,-162.98087811870926,0.1833407577552091,-0.3304197185654423,1,320.0,184.0,160.12288443210787,-0.3304197185654423
28.393137454986572,1.2610000371932983,-157.19095070327938,-165.01591295765735,0.18683954394537683,-0.32647588247904,1,320.0,184.0,162.80904929672062,-0.32647588247904
28.403732538223267,1.2610000371932983,-156.91087787142732,-165.13256420808307,0.18717601439760154,-0.3264981133603909,1,320.0,184.0,163.08912212857268,-0.3264981133603909
28.413233995437622,1.2610000371932983,-156.63080503957525,-165.24921545850873,0.1875126598267019,-0.32651992413249403,1,320.0,184.0,163.36919496042475,-0.32651992413249403
28.423980951309204,1.2610000371932983,-156.35073220772318,-165.36586670893445,0.1878494802326779,-0.32654131479534937,1,320.0,186.0,163.64926779227682,-0.32654131479534937
28.433016538619995,1.2610000371932983,-153.80271697357452,-167.4766487289304,0.1914637171847694,-0.3228350497880464,1,320.0,186.0,166.19728302642548,-0.3228350497880464
28.443481922149658,1.2610000371932983,-153.50689174253327,-167.60715057092574,0.19181443981723803,-0.3228401871138351,1,320.0,186.0,166.49310825746673,-0.3228401871138351
28.453316926956177,1.2620000839233398,-153.21106651149202,-167.7557855946369,0.19236869970242385,-0.3229487924186871,1,320.0,186.0,166.78893348850798,-0.3229487924186871
28.464080810546875,1.2620000839233398,-152.91524128045077,-167.88628743663224,0.1927199715481314,-0.3229527464297277,1,320.0,188.0,167.08475871954923,-0.3229527464297277
28.473433256149292,1.2620000839233398,-150.49726226327425,-170.0612994565476,0.19643501394163887,-0.31946494466969,1,320.0,188.0,169.50273773672575,-0.31946494466969
28.483819484710693,1.2620000839233398,-150.1867043768523,-170.20599492770896,0.1968005808951987,-0.3194535795907387,1,320.0,188.0,169.8132956231477,-0.3194535795907387
28.493088722229004,1.2620000839233398,-149.87614649043036,-170.3506903988703,0.1971663648919653,-0.3194417486749578,1,320.0,188.0,170.12385350956964,-0.3194417486749578
28.503645658493042,1.2620000839233398,-149.5655886040084,-170.49538587003167,0.19753236593193862,-0.31942945192234723,1,320.0,191.0,170.4344113959916,-0.31942945192234723
28.51318335533142,1.2630000114440918,-147.16851438885223,-172.74219233937086,0.2015393011105846,-0.3160779155157608,1,320.0,191.0,172.83148561114777,-0.3160779155157608
28.523654222488403,1.2630000114440918,-146.84347849182274,-172.90134844991584,0.2019200892474267,-0.31605017834034527,1,320.0,191.0,173.15652150817726,-0.31605017834034527
28.533299922943115,1.2630000114440918,-146.51844259479324,-173.06050456046083,0.20230111611843463,-0.3160219536110842,1,320.0,191.0,173.48155740520676,-0.3160219536110842
28.543822288513184,1.2630000114440918,-146.19340669776375,-173.2196606710058,0.20268238172360833,-0.3159932413279776,1,320.0,193.0,173.80659330223625,-0.3159932413279776
28.553340435028076,1.2630000114440918,-143.92124898261523,-175.49244730661187,0.20654385358920963,-0.31275822069293013,1,320.0,193.0,176.07875101738477,-0.31275822069293013
28.563756465911865,1.2630000114440918,-143.5827091842481,-175.66626210867224,0.2069399736783339,-0.3127152888866781,1,320.0,193.0,176.4172908157519,-0.3127152888866781
28.57343602180481,1.2640000581741333,-143.24416938588098,-175.85814442314387,0.20755500395279342,-0.3127586741975294,1,320.0,193.0,176.75583061411902,-0.3127586741975294
28.584134578704834,1.2640000581741333,-142.90562958751386,-176.03195922520425,0.2079518464105169,-0.31271438821626396,1,320.0,194.0,177.09437041248614,-0.31271438821626396
28.593661308288574,1.2640000581741333,-140.85223498896679,-178.34005786612093,0.21186655734961132,-0.3098432662485427,1,320.0,194.0,179.14776501103321,-0.3098432662485427
28.603334426879883,1.2640000581741333,-140.50180822767655,-178.5286670127854,0.21227844774915433,-0.30978629289487264,1,320.0,194.0,179.49819177232345,-0.30978629289487264
28.61385941505432,1.2650001049041748,-140.1513814663863,-178.73531096895616,0.21291460670015067,-0.30981054464234914,1,320.0,194.0,179.8486185336137,-0.30981054464234914
28.623687028884888,1.2650001049041748,-139.80095470509607,-178.92392011562063,0.21332727859730827,-0.3097521695652585,1,320.0,196.0,180.19904529490393,-0.3097521695652585
28.633800745010376,1.2650001049041748,-137.84791150598326,-181.25935576053269,0.21728216984126597,-0.3070491960484726,1,320.0,196.0,182.15208849401674,-0.3070491960484726
28.643254280090332,1.2650001049041748,-137.48638147459334,-181.46283858121214,0.21771002847830379,-0.3069788551087452,1,320.0,196.0,182.51361852540666,-0.3069788551087452
28.653031587600708,1.2660000324249268,-137.12485144320343,-181.68432145321444,0.21836757187930966,-0.3069848361487136,1,320.0,196.0,182.87514855679657,-0.3069848361487136
28.66410994529724,1.2660000324249268,-136.7633214118135,-181.8878042738939,0.21879627143295888,-0.30691304911506406,1,320.0,,183.2366785881865,-0.30691304911506406
28.673487424850464,1.2660000324249268,-136.4017913804236,-182.09128709457335,0.2192252762108391,-0.3068407197863674,1,320.0,,183.5982086195764,-0.3068407197863674
28.68387794494629,1.2660000324249268,-136.04026134903367,-182.2947699152528,0.21965458621295034,-0.30676784816262376,1,320.0,,183.95973865096633,-0.30676784816262376
28.693002462387085,1.2670000791549683,-135.67873131764375,-182.51622240931007,0.22031443330383274,-0.3067698614944728,1,320.0,,184.32126868235625,-0.3067698614944728
28.70372438430786,1.2670000791549683,-135.31720128625383,-182.71970522998953,0.22074458420124554,-0.30669554373370916,1,320.0,,184.68279871374617,-0.30669554373370916
28.713341236114502,1.2670000791549683,-134.95567125486392,-182.92318805066898,0.22117504032288937,-0.3066206836778985,1,320.0,,185.04432874513608,-0.3066206836778985
28.724409341812134,1.2670000791549683,-134.594141223474,-183.12667087134844,0.2216058016687642,-0.30654528132704073,1,320.0,,185.405858776526,-0.30654528132704073
28.73322057723999,1.2680000066757202,-134.23261119208408,-183.34808879140454,0.22226789750942008,-0.3065433089252551,1,320.0,,185.76738880791592,-0.3065433089252551
28.74430561065674,1.2680000066757202,-133.87108116069416,-183.551571612084,0.2226994996744784,-0.3064664604804752,1,320.0,,186.12891883930584,-0.3064664604804752
28.753446340560913,1.2680000066757202,-133.50955112930424,-183.75505443276344,0.22313140706376777,-0.3063890697406482,1,320.0,,186.49044887069576,-0.3063890697406482
28.764074563980103,1.2680000066757202,-133.14802109791432,-183.9585372534429,0.22356361967728816,-0.30631113670577415,1,320.0,,186.85197890208568,-0.30631113670577415
28.773828268051147,1.2690000534057617,-132.7864910665244,-184.1799249636127,0.22422801924756106,-0.3063051962510872,1,320.0,,187.2135089334756,-0.3063051962510872
28.78338861465454,1.2690000534057617,-132.4249610351345,-184.38340778429216,0.22466107265920718,-0.3062258170791933,1,320.0,,187.5750389648655,-0.3062258170791933
28.79313087463379,1.2700001001358032,-132.06343100374457,-184.6047632318952,0.22532673093314357,-0.30621770739363513,1,320.0,,187.93656899625543,-0.30621770739363513
28.803573846817017,1.2700001001358032,-131.70190097235465,-184.80824605257465,0.22576062509452152,-0.3061368820847213,1,320.0,,188.29809902764535,-0.3061368820847213
28.812928438186646,1.2700001001358032,-131.34037094096473,-185.0117288732541,0.2261948244801305,-0.3060555144807604,1,320.0,,188.65962905903527,-0.3060555144807604
28.823314428329468,1.2700001001358032,-130.9788409095748,-185.21521169393355,0.22662932908997052,-0.30597360458175243,1,320.0,,189.0211590904252,-0.30597360458175243
28.83302593231201,1.2700001001358032,-130.6173108781849,-185.418694514613,0.2270641389240415,-0.3058911523876974,1,320.0,,189.3826891218151,-0.3058911523876974
28.843390941619873,1.2700001001358032,-130.25578084679498,-185.62217733529246,0.22749925398234355,-0.3058081578985952,1,320.0,,189.74421915320502,-0.3058081578985952
28.852835655212402,1.2710000276565552,-129.89425081540506,-185.84349848271629,0.2281681779098314,-0.3057942553126296,1,320.0,,190.10574918459494,-0.3057942553126296
28.863417387008667,1.2710000276565552,-129.53272078401514,-186.04698130339574,0.22860413364215804,-0.3057098147296053,1,320.0,,190.46727921598486,-0.3057098147296053
28.87296772003174,1.2710000276565552,-129.17119075262522,-186.2504641240752,0.2290403945987156,-0.30562483185153394,1,320.0,,190.82880924737478,-0.30562483185153394
28.88337469100952,1.2710000276565552,-128.8096607212353,-186.45394694475465,0.22947696077950425,-0.30553930667841545,1,320.0,,191.1903392787647,-0.30553930667841545
28.8932363986969,1.2720000743865967,-128.44813068984539,-186.6752381320957,0.23014818849797622,-0.30552143552237576,1,320.0,,191.55186931015461,-0.30552143552237576
28.903938055038452,1.2720000743865967,-128.08660065845547,-186.87872095277515,0.23058559533210632,-0.3054344642122374,1,320.0,,191.91339934154453,-0.3054344642122374
28.913411140441895,1.2720000743865967,-127.72507062706555,-187.0822037734546,0.23102330739046745,-0.305346950607052,1,320.0,,192.27492937293445,-0.305346950607052
28.92384672164917,1.2720000743865967,-127.36354059567563,-187.28568659413406,0.23146132467305958,-0.30525889470681955,1,320.0,,192.63645940432437,-0.30525889470681955
28.93330693244934,1.2720000743865967,-127.00201056428571,-187.48916941481352,0.23189964717988273,-0.30517029651153993,1,320.0,,192.9979894357143,-0.30517029651153993
28.943841218948364,1.2720000743865967,-126.6404805328958,-187.69265223549297,0.2323382749109369,-0.3050811560212133,1,320.0,,193.3595194671042,-0.3050811560212133
28.953482151031494,1.2720000743865967,-126.27895050150588,-187.89613505617243,0.23277720786622208,-0.3049914732358395,1,320.0,,193.72104949849412,-0.3049914732358395
28.963096141815186,1.2730000019073486,-125.91742047011596,-188.1173921242577,0.23345220953034562,-0.30496690581149466,1,320.0,,194.08257952988404,-0.30496690581149466
28.97386646270752,1.2730000019073486,-125.55589043872604,-188.32087494493715,0.23389198306353634,-0.3048757769321988,1,320.0,,194.44410956127396,-0.3048757769321988
28.98340940475464,1.2730000019073486,-125.19436040733612,-188.5243577656166,0.23433206182095812,-0.30478410575785586,1,320.0,,194.80563959266388,-0.30478410575785586
28.993711948394775,1.2730000019073486,-124.8328303759462,-188.72784058629605,0.23477244580261086,-0.3046918922884658,1,320.0,,195.1671696240538,-0.3046918922884658
29.003220558166504,1.2730000019073486,-124.47130034455628,-188.9313234069755,0.23521313500849467,-0.30459913652402865,1,320.0,,195.52869965544372,-0.30459913652402865
29.013667345046997,1.2730000019073486,-124.10977031316636,-189.13480622765496,0.2356541294386095,-0.30450583846454443,1,320.0,,195.89022968683364,-0.30450583846454443
29.02331018447876,1.2730000019073486,-123.74824028177645,-189.33828904833442,0.23609542909295533,-0.3044119981100131,1,320.0,,196.25175971822355,-0.3044119981100131
29.033809423446655,1.2730000019073486,-123.38671025038653,-189.54177186901387,0.2365370339715322,-0.30431761546043473,1,320.0,,196.61328974961347,-0.30431761546043473
29.043413877487183,1.2730000019073486,-123.02518021899661,-189.74525468969333,0.23697894407434006,-0.30422269051580925,1,320.0,,196.9748197810034,-0.30422269051580925
29.05382466316223,1.2730000019073486,-122.66365018760669,-189.94873751037278,0.23742115940137898,-0.30412722327613667,1,320.0,,197.3363498123933,-0.30412722327613667
29.063594818115234,1.2730000019073486,-122.30212015621677,-190.15222033105223,0.23786367995264884,-0.304031213741417,1,320.0,,197.69787984378323,-0.304031213741417
29.073279857635498,1.2730000019073486,-121.94059012482685,-190.3557031517317,0.23830650572814976,-0.30393466191165036,1,320.0,,198.05940987517315,-0.30393466191165036
29.08377242088318,1.2740000486373901,-121.57906009343694,-190.5769304247563,0.23898788103058954,-0.30389889470737386,1,320.0,,198.42093990656306,-0.30389889470737386
29.093446254730225,1.2740000486373901,-121.21753006204702,-190.78041324543577,0.23943154736356048,-0.30380089674058725,1,320.0,,198.78246993795298,-0.30380089674058725
29.104286670684814,1.2740000486373901,-120.8560000306571,-190.98389606611522,0.23987551892076237,-0.3037023564787536,1,320.0,,199.1439999693429,-0.3037023564787536
29.113762617111206,1.2740000486373901,-120.49446999926718,-191.18737888679468,0.24031979570219536,-0.30360327392187286,1,320.0,,199.50553000073282,-0.30360327392187286
29.12321424484253,1.2740000486373901,-120.13293996787726,-191.39086170747413,0.24076437770785936,-0.303503649069945,1,320.0,,199.86706003212274,-0.303503649069945
29.13371181488037,1.2740000486373901,-119.77140993648734,-191.59434452815358,0.2412092649377543,-0.30340348192297,1,320.0,,200.22859006351266,-0.30340348192297
29.14396834373474,1.2740000486373901,-119.40987990509743,-191.79782734883304,0.24165445739188038,-0.303302772480948,1,320.0,,200.59012009490257,-0.303302772480948
29.153422594070435,1.2740000486373901,-119.04834987370751,-192.0013101695125,0.2420999550702374,-0.3032015207438789,1,320.0,,200.9516501262925,-0.3032015207438789
29.16405940055847,1.2740000486373901,-118.68681984231759,-192.20479299019195,0.24254575797282546,-0.30309972671176266,1,320.0,,201.3131801576824,-0.30309972671176266
29.173477172851562,1.2740000486373901,-118.32528981092767,-192.4082758108714,0.24299186609964457,-0.3029973903845994,1,320.0,,201.67471018907233,-0.3029973903845994
29.183908939361572,1.2740000486373901,-117.96375977953775,-192.61175863155086,0.24343827945069463,-0.302894511762389,1,320.0,,202.03624022046225,-0.302894511762389
29.193511486053467,1.2740000486373901,-117.60222974814783,-192.8152414522303,0.24388499802597574,-0.30279109084513156,1,320.0,,202.39777025185217,-0.30279109084513156
29.202881574630737,1.2740000486373901,-117.24069971675792,-193.01872427290976,0.2443320218254879,-0.302687127632827,1,320.0,,202.75930028324208,-0.302687127632827
29.2134051322937,1.2740000486373901,-116.879169685368,-193.22220709358922,0.24477935084923103,-0.30258262212547543,1,320.0,,203.120830314632,-0.30258262212547543
29.22391963005066,1.2740000486373901,-116.51763965397808,-193.42568991426867,0.24522698509720525,-0.30247757432307676,1,320.0,,203.48236034602192,-0.30247757432307676
29.233547925949097,1.2740000486373901,-116.15610962258816,-193.62917273494813,0.24567492456941042,-0.30237198422563094,1,320.0,,203.84389037741184,-0.30237198422563094
29.242955207824707,1.2740000486373901,-115.79457959119824,-193.83265555562758,0.2461231692658466,-0.3022658518331381,1,320.0,,204.20542040880176,-0.3022658518331381
29.253408193588257,1.2740000486373901,-115.43304955980832,-194.03613837630704,0.24657171918651388,-0.30215917714559815,1,320.0,,204.56695044019168,-0.30215917714559815
29.263803243637085,1.2750000953674316,-115.0715195284184,-194.25733381923297,0.2472624922705383,-0.3021067792388858,1,320.0,,204.9284804715816,-0.3021067792388858
29.27350640296936,1.2750000953674316,-114.70998949702849,-194.46081663991242,0.2477118827009304,-0.30199865841432594,1,320.0,,205.2900105029715,-0.30199865841432594
29.283907890319824,1.2750000953674316,-114.34845946563857,-194.66429946059188,0.24816157835555347,-0.30188999529471905,1,320.0,,205.65154053436143,-0.30188999529471905
29.293336153030396,1.2750000953674316,-113.98692943424865,-194.86778228127133,0.24861157923440755,-0.30178078988006507,1,320.0,,206.01307056575135,-0.30178078988006507
29.303839921951294,1.2750000953674316,-113.62539940285873,-195.0712651019508,0.2490618853374927,-0.301671042170364,1,320.0,,206.37460059714127,-0.301671042170364
29.31368374824524,1.2750000953674316,-113.26386937146881,-195.27474792263024,0.24951249666480885,-0.3015607521656158,1,320.0,,206.73613062853119,-0.3015607521656158
29.323265314102173,1.2750000953674316,-112.9023393400789,-195.4782307433097,0.24996341321635604,-0.30144991986582054,1,320.0,,207.0976606599211,-0.30144991986582054
29.33363938331604,1.2750000953674316,-112.54080930868898,-195.68171356398915,0.25041463499213423,-0.3013385452709782,1,320.0,,207.45919069131102,-0.3013385452709782
29.344072580337524,1.2750000953674316,-112.17927927729906,-195.8851963846686,0.25086616199214345,-0.30122662838108877,1,320.0,,207.82072072270094,-0.30122662838108877
29.353959560394287,1.2750000953674316,-111.81774924590914,-196.08867920534806,0.2513179942163837,-0.30111416919615225,1,320.0,,208.18225075409086,-0.30111416919615225
29.363855361938477,1.2740000486373901,-111.45621921451922,-196.27444940378103,0.2515261788024344,-0.300949964109551,1,320.0,,208.54378078548078,-0.300949964109551
29.374346494674683,1.2740000486373901,-111.0946891831293,-196.4779322244605,0.2519783914138738,-0.30083678188144597,1,320.0,,208.9053108168707,-0.30083678188144597
29.38453722000122,1.2740000486373901,-110.73315915173939,-196.68141504513994,0.25243090924954426,-0.30072305735829385,1,320.0,,209.2668408482606,-0.30072305735829385
29.393372297286987,1.2740000486373901,-110.37162912034947,-196.8848978658194,0.25288373230944583,-0.3006087905400948,1,320.0,,209.62837087965053,-0.3006087905400948
29.403691291809082,1.2740000486373901,-110.01009908895955,-197.08838068649885,0.2533368605935783,-0.30049398142684847,1,320.0,,209.98990091104045,-0.30049398142684847
29.41327166557312,1.2740000486373901,-109.64856905756963,-197.2918635071783,0.2537902941019418,-0.3003786300185552,1,320.0,,210.35143094243037,-0.3003786300185552
29.425180673599243,1.2740000486373901,-109.28703902617971,-197.49534632785776,0.25424403283453645,-0.3002627363152148,1,320.0,,210.7129609738203,-0.3002627363152148
29.433713674545288,1.2740000486373901,-108.9255089947898,-197.69882914853721,0.25469807679136197,-0.3001463003168273,1,320.0,,211.0744910052102,-0.3001463003168273
29.443207502365112,1.2740000486373901,-108.56397896339988,-197.90231196921667,0.25515242597241855,-0.3000293220233927,1,320.0,,211.43602103660012,-0.3000293220233927
29.453678369522095,1.2740000486373901,-108.20244893200996,-198.10579478989612,0.2556070803777062,-0.2999118014349111,1,320.0,,211.79755106799004,-0.2999118014349111
29.46442723274231,1.2740000486373901,-107.84091890062004,-198.30927761057558,0.2560620400072248,-0.29979373855138236,1,320.0,,212.15908109937996,-0.29979373855138236
29.47393012046814,1.2740000486373901,-107.47938886923012,-198.51276043125503,0.2565173048609745,-0.2996751333728065,1,320.0,,212.52061113076988,-0.2996751333728065
29.483331203460693,1.2740000486373901,-107.1178588378402,-198.7162432519345,0.25697287493895515,-0.29955598589918353,1,320.0,,212.8821411621598,-0.29955598589918353
29.493785858154297,1.2740000486373901,-106.75632880645028,-198.91972607261394,0.25742875024116685,-0.29943629613051354,1,320.0,,213.24367119354972,-0.29943629613051354
29.503517389297485,1.2740000486373901,-106.39479877506037,-199.1232088932934,0.25788493076760954,-0.29931606406679656,1,320.0,,213.60520122493963,-0.29931606406679656
29.513019800186157,1.2740000486373901,-106.03326874367045,-199.32669171397285,0.2583414165182833,-0.29919528970803233,1,320.0,,213.96673125632955,-0.29919528970803233
29.524404525756836,1.2740000486373901,-105.67173871228053,-199.5301745346523,0.25879820749318805,-0.29907397305422107,1,320.0,,214.32826128771947,-0.29907397305422107
29.5339298248291,1.2740000486373901,-105.31020868089061,-199.73365735533176,0.2592553036923238,-0.29895211410536277,1,320.0,,214.6897913191094,-0.29895211410536277
29.543983697891235,1.2740000486373901,-104.94867864950069,-199.9371401760112,0.25971270511569056,-0.2988297128614573,1,320.0,,215.0513213504993,-0.2988297128614573
29.553716897964478,1.2740000486373901,-104.58714861811077,-200.14062299669067,0.26017041176328837,-0.2987067693225048,1,320.0,,215.41285138188923,-0.2987067693225048
29.563570976257324,1.2740000486373901,-104.22561858672086,-200.34410581737012,0.26062842363511723,-0.2985832834885052,1,320.0,,215.77438141327914,-0.2985832834885052
29.57311463356018,1.2740000486373901,-103.86408855533094,-200.54758863804958,0.26108674073117705,-0.29845925535945855,1,320.0,,216.13591144466906,-0.29845925535945855
29.583553075790405,1.2740000486373901,-103.50255852394102,-200.75107145872903,0.26154536305146797,-0.2983346849353648,1,320.0,,216.49744147605898,-0.2983346849353648
29.59374213218689,1.2740000486373901,-103.1410284925511,-200.95455427940848,0.26200429059598984,-0.2982095722162239,1,320.0,,216.8589715074489,-0.2982095722162239
29.603705406188965,1.2750000953674316,-102.77949846116118,-201.17574972233442,0.26271236004306986,-0.29812644368243685,1,320.0,,217.22050153883882,-0.29812644368243685
29.613487720489502,1.2750000953674316,-102.41796842977126,-201.37923254301387,0.2631721280973166,-0.29799988482627604,1,320.0,,217.58203157022874,-0.29799988482627604
29.62351679801941,1.2750000953674316,-102.05643839838135,-201.58271536369332,0.26363220137579435,-0.29787278367506825,1,320.0,,217.94356160161865,-0.29787278367506825
29.63419222831726,1.2750000953674316,-101.69490836699143,-201.78619818437278,0.2640925798785031,-0.2977451402288134,1,320.0,,218.30509163300857,-0.2977451402288134
29.643491506576538,1.2750000953674316,-101.33337833560151,-201.98968100505223,0.2645532636054429,-0.2976169544875114,1,320.0,,218.6666216643985,-0.2976169544875114
29.653932571411133,1.2750000953674316,-100.97184830421159,-202.1931638257317,0.2650142525566137,-0.29748822645116235,1,320.0,,219.0281516957884,-0.29748822645116235
29.665628671646118,1.2750000953674316,-100.61031827282167,-202.39664664641114,0.26547554673201557,-0.29735895611976615,1,320.0,,219.38968172717833,-0.29735895611976615
29.673487186431885,1.2750000953674316,-100.24878824143175,-202.6001294670906,0.26593714613164837,-0.29722914349332297,1,320.0,,219.75121175856825,-0.29722914349332297
29.68321418762207,1.2750000953674316,-99.88725821004184,-202.80361228777005,0.2663990507555123,-0.2970987885718327,1,320.0,,220.11274178995816,-0.2970987885718327
29.69394063949585,1.2750000953674316,-99.52572817865192,-203.0070951084495,0.26686126060360715,-0.2969678913552953,1,320.0,,220.47427182134808,-0.2969678913552953
29.703251361846924,1.2750000953674316,-99.164198147262,-203.21057792912896,0.2673237756759331,-0.29683645184371077,1,320.0,,220.835801852738,-0.29683645184371077
29.71381664276123,1.2750000953674316,-98.80266811587208,-203.4140607498084,0.26778659597248994,-0.2967044700370792,1,320.0,,221.19733188412792,-0.2967044700370792
29.723140478134155,1.2760000228881836,-98.44113808448216,-203.63522234246645,0.26850098086981955,-0.2966101293005512,1,320.0,,221.55886191551784,-0.2966101293005512
29.733750343322754,1.2760000228881836,-98.07960805309224,-203.8387051631459,0.26896464160106887,-0.2964767013999975,1,320.0,,221.92039194690776,-0.2964767013999975
29.744569778442383,1.2760000228881836,-97.71807802170233,-204.04218798382536,0.2694286075565492,-0.29634273120439675,1,320.0,,222.28192197829767,-0.29634273120439675
29.7532057762146,1.2760000228881836,-97.35654799031241,-204.2456708045048,0.26989287873626056,-0.29620821871374886,1,320.0,,222.6434520096876,-0.29620821871374886
29.76325821876526,1.2760000228881836,-96.99501795892249,-204.44915362518427,0.27035745514020293,-0.2960731639280539,1,320.0,,223.0049820410775,-0.2960731639280539
29.77416229248047,1.2760000228881836,-96.63348792753257,-204.65263644586372,0.27082233676837636,-0.2959375668473119,1,320.0,,223.36651207246743,-0.2959375668473119
29.784008264541626,1.2760000228881836,-96.27195789614265,-204.85611926654317,0.2712875236207808,-0.29580142747152277,1,320.0,,223.72804210385735,-0.29580142747152277
29.794476985931396,1.2760000228881836,-95.91042786475273,-205.05960208722263,0.2717530156974162,-0.2956647458006865,1,320.0,,224.08957213524727,-0.2956647458006865
29.803561449050903,1.2760000228881836,-95.54889783336282,-205.26308490790208,0.2722188129982827,-0.2955275218348032,1,320.0,,224.45110216663718,-0.2955275218348032
29.813247680664062,1.2760000228881836,-95.1873678019729,-205.46656772858154,0.27268491552338014,-0.2953897555738728,1,320.0,,224.8126321980271,-0.2953897555738728
29.82393789291382,1.2760000228881836,-94.82583777058298,-205.670050549261,0.2731513232727087,-0.2952514470178954,1,320.0,,225.17416222941702,-0.2952514470178954
29.833779335021973,1.2760000228881836,-94.46430773919306,-205.87353336994045,0.2736180362462682,-0.2951125961668708,1,320.0,,225.53569226080694,-0.2951125961668708
29.843940258026123,1.277000069618225,-94.10277770780314,-206.09466541283766,0.2743387963992021,-0.29500705237498315,1,320.0,,225.89722229219686,-0.29500705237498315
29.853538513183594,1.277000069618225,-93.74124767641322,-206.2981482335171,0.27480634978738644,-0.29486675538693874,1,320.0,,226.25875232358678,-0.29486675538693874
29.866432666778564,1.277000069618225,-93.3797176450233,-206.50163105419657,0.27527420839980177,-0.2947259161038472,1,320.0,,226.6202823549767,-0.2947259161038472
29.874195337295532,1.277000069618225,-93.01818761363339,-206.70511387487602,0.27574237223644815,-0.29458453452570854,1,320.0,,226.9818123863666,-0.29458453452570854
29.883373975753784,1.277000069618225,-92.65665758224347,-206.90859669555547,0.27621084129732554,-0.2944426106525229,1,320.0,,227.34334241775653,-0.2944426106525229
29.89335823059082,1.277000069618225,-92.29512755085355,-207.11207951623493,0.2766796155824339,-0.29430014448429015,1,320.0,,227.70487244914645,-0.29430014448429015
29.903496265411377,1.277000069618225,-91.93359751946363,-207.31556233691438,0.2771486950917733,-0.2941571360210103,1,320.0,,228.06640248053637,-0.2941571360210103
29.913899183273315,1.277000069618225,-91.57206748807371,-207.51904515759384,0.2776180798253438,-0.29401358526268334,1,320.0,,228.4279325119263,-0.29401358526268334
29.923435926437378,1.277000069618225,-91.2105374566838,-207.7225279782733,0.27808776978314526,-0.29386949220930936,1,320.0,,228.7894625433162,-0.29386949220930936
29.934335947036743,1.277000069618225,-90.84900742529388,-207.92601079895275,0.2785577649651777,-0.29372485686088823,1,320.0,,229.15099257470612,-0.29372485686088823
29.94330644607544,1.277000069618225,-90.48747739390396,-208.1294936196322,0.2790280653714412,-0.29357967921742,1,320.0,,229.51252260609604,-0.29357967921742
29.953227519989014,1.277000069618225,-90.12594736251404,-208.33297644031165,0.27949867100193576,-0.2934339592789048,1,320.0,,229.87405263748596,-0.2934339592789048
29.96355438232422,1.277000069618225,-89.76441733112412,-208.5364592609911,0.27996958185666126,-0.29328769704534247,1,320.0,,230.23558266887588,-0.29328769704534247
29.973291397094727,1.277000069618225,-89.4028872997342,-208.73994208167056,0.2804407979356178,-0.293140892516733,1,320.0,,230.5971127002658,-0.293140892516733
29.984036207199097,1.277000069618225,-89.04135726834429,-208.94342490235002,0.28091231923880544,-0.29299354569307645,1,320.0,,230.95864273165571,-0.29299354569307645
29.993433475494385,1.277000069618225,-88.67982723695437,-209.14690772302947,0.28138414576622395,-0.29284565657437284,1,320.0,,231.32017276304563,-0.29284565657437284
30.003692150115967,1.277000069618225,-88.31829720556445,-209.35039054370893,0.28185627751787357,-0.29269722516062213,1,320.0,,231.68170279443555,-0.29269722516062213
30.013305187225342,1.277000069618225,-87.95676717417453,-209.55387336438838,0.28232871449375424,-0.29254825145182434,1,320.0,,232.04323282582547,-0.29254825145182434
30.023011684417725,1.277000069618225,-87.59523714278461,-209.75735618506783,0.2828014566938659,-0.29239873544797945,1,320.0,,232.4047628572154,-0.29239873544797945
30.033552646636963,1.277000069618225,-87.2337071113947,-209.9608390057473,0.2832745041182086,-0.29224867714908753,1,320.0,,232.7662928886053,-0.29224867714908753
30.043763875961304,1.277000069618225,-86.87217708000478,-210.16432182642674,0.2837478567667822,-0.29209807655514847,1,320.0,,233.12782291999522,-0.29209807655514847
30.053227186203003,1.277000069618225,-86.51064704861486,-210.3678046471062,0.28422151463958695,-0.29194693366616237,1,320.0,,233.48935295138514,-0.29194693366616237
30.063649654388428,1.2780001163482666,-86.14911701722494,-210.588905115683,0.2849537072109213,-0.29182114380394764,1,320.0,,233.85088298277506,-0.29182114380394764
30.073381185531616,1.2780001163482666,-85.78758698583502,-210.79238793636245,0.2854282054509893,-0.29166855477794157,1,320.0,,234.21241301416498,-0.29166855477794157
30.083643674850464,1.2780001163482666,-85.4260569544451,-210.9958707570419,0.2859030089152883,-0.2915154234568885,1,320.0,,234.5739430455549,-0.2915154234568885
30.093188285827637,1.2780001163482666,-85.06452692305518,-211.19935357772135,0.2863781176038184,-0.29136174984078833,1,320.0,,234.93547307694482,-0.29136174984078833
30.10332942008972,1.2780001163482666,-84.70299689166526,-211.4028363984008,0.2868535315165795,-0.29120753392964116,1,320.0,,235.29700310833474,-0.29120753392964116
30.113873958587646,1.2780001163482666,-84.34146686027535,-211.60631921908026,0.2873292506535716,-0.29105277572344673,1,320.0,,235.65853313972465,-0.29105277572344673
30.123077154159546,1.2780001163482666,-83.97993682888543,-211.80980203975972,0.2878052750147947,-0.2908974752222053,1,320.0,,236.02006317111457,-0.2908974752222053
32.57319951057434,2.132000207901001,4.594920861644658,-270.18490204413234,0.3656830700020631,0.0778329149403842,1,320.0,125.0,324.59492086164465,0.0778329149403842
32.58376097679138,2.1490001678466797,-169.94124670153747,-210.59895200227479,0.262517981253617,-0.22633636160419987,1,320.0,125.0,150.05875329846253,-0.22633636160419987
32.59334874153137,2.1490001678466797,-170.05090526597908,-210.64110035157316,0.2631736259219235,-0.22695642317826256,1,320.0,125.0,149.94909473402092,-0.22695642317826256
32.60395908355713,2.1730000972747803,-170.1605638304207,-210.81512113721158,0.2640006662586919,-0.22758700935040602,1,320.0,,149.8394361695793,-0.22758700935040602
32.61388444900513,2.1730000972747803,-170.27022239486232,-210.85726948650995,0.26466958327189694,-0.2282179170963164,1,320.0,,149.72977760513768,-0.2282179170963164
32.62366533279419,2.189000129699707,-170.37988095930393,-210.98560005499073,0.2654507347186492,-0.22885596162504343,1,320.0,,149.62011904069607,-0.22885596162504343
32.63327956199646,2.189000129699707,-170.48953952374555,-211.0277484042891,0.2661285927883646,-0.22949433211388878,1,320.0,,149.51046047625445,-0.22949433211388878
32.644092321395874,2.2120001316070557,-170.59919808818717,-211.19142887918056,0.266964919457224,-0.2301428380175561,1,320.0,,149.40080191181283,-0.2301428380175561
32.653300285339355,2.2120001316070557,-170.70885665262878,-211.23357722847894,0.26765553528488395,-0.2307916761867097,1,320.0,,149.29114334737122,-0.2307916761867097
32.66370344161987,2.2250001430511475,-170.8185152170704,-211.34322016490773,0.26843434549593576,-0.2314463982279814,1,320.0,,149.1814847829296,-0.2314463982279814
32.67320656776428,2.2250001430511475,-170.92817378151202,-211.3853685142061,0.26913229128176586,-0.2321014560986459,1,320.0,,149.07182621848798,-0.2321014560986459
32.68459439277649,2.244000196456909,-171.03783234595363,-211.52464826627468,0.2699572687442449,-0.23276497411857566,1,320.0,,148.96216765404637,-0.23276497411857566
32.693483114242554,2.244000196456909,-171.14749091039525,-211.56679661557305,0.2706658196047868,-0.23342883317669472,1,320.0,127.0,148.85250908960475,-0.23342883317669472
32.70380735397339,2.255000114440918,-181.9371690285859,-176.4153540565315,0.2090464805935052,-0.2530043358258378,1,320.0,127.0,138.0628309714141,-0.2530043358258378
32.71335816383362,2.255000114440918,-182.0771128979647,-176.3575468500086,0.20953043379937591,-0.2537435354629024,1,320.0,127.0,137.9228871020353,-0.2537435354629024
32.72500491142273,2.2680001258850098,-182.21705676734348,-176.36450037294176,0.21009785354858207,-0.2544890962334554,1,320.0,127.0,137.78294323265652,-0.2544890962334554
32.73373317718506,2.2680001258850098,-182.35700063672226,-176.30669316641885,0.21058737717357803,-0.25523510062611837,1,320.0,124.0,137.64299936327774,-0.25523510062611837
32.74320077896118,2.2760000228881836,-187.08339036825058,-154.85944825616906,0.17272137787153669,-0.2642053422812605,1,320.0,124.0,132.91660963174942,-0.2642053422812605
32.75376105308533,2.2760000228881836,-187.236843127386,-154.73852451435346,0.17306988528341294,-0.2649867711325132,1,320.0,124.0,132.763156872614,-0.2649867711325132
32.76378798484802,2.2860000133514404,-187.39029588652144,-154.66650465462743,0.1734807142693689,-0.2657733742510057,1,320.0,124.0,132.60970411347856,-0.2657733742510057
32.77356934547424,2.2860000133514404,-187.54374864565688,-154.54558091281183,0.17383246982698336,-0.26656047072012395,1,320.0,119.0,132.45625135434312,-0.26656047072012395
32.78288531303406,2.2910001277923584,-191.18814450312854,-136.83534885366095,0.14204980412266482,-0.27372541685667295,1,320.0,119.0,128.81185549687146,-0.27372541685667295
32.79352355003357,2.2910001277923584,-191.35247031881454,-136.65956499501794,0.14227993228197477,-0.2745401979945836,1,320.0,119.0,128.64752968118546,-0.2745401979945836
32.80443000793457,2.2980000972747803,-191.51679613450054,-136.51758198710039,0.14255255225922114,-0.27535886102343765,1,320.0,119.0,128.48320386549946,-0.27535886102343765
32.81310415267944,2.2980000972747803,-191.68112195018654,-136.34179812845738,0.1427840407969329,-0.27617805728960354,1,320.0,114.0,128.31887804981346,-0.27617805728960354
32.82399606704712,2.3010001182556152,-194.9070235998937,-120.43692956168245,0.11358673168056857,-0.28272558719116675,1,320.0,114.0,125.0929764001063,-0.28272558719116675
32.833614349365234,2.3010001182556152,-195.0815619794299,-120.20862976311325,0.11370375052612842,-0.283569536084622,1,320.0,114.0,124.91843802057011,-0.283569536084622
32.84341549873352,2.30400013923645,-195.25610035896608,-119.99470819606134,0.11383822743615439,-0.2844155170952026,1,320.0,114.0,124.74389964103392,-0.2844155170952026
32.85355520248413,2.30400013923645,-195.43063873850227,-119.76640839749214,0.1139547062109368,-0.2852620671009612,1,320.0,108.0,124.56936126149773,-0.2852620671009612
32.863815784454346,2.305999994277954,-198.65431376294677,-105.18883023407517,0.0864681510559678,-0.2919741512893264,1,320.0,108.0,121.34568623705323,-0.2919741512893264
32.873451948165894,2.305999994277954,-198.83982748162015,-104.90884592106558,0.08647469726078784,-0.29284597978561755,1,320.0,108.0,121.16017251837985,-0.29284597978561755
32.88324475288391,2.307000160217285,-199.02534120029352,-104.63363726308731,0.08648633732288133,-0.2937189116301158,1,320.0,108.0,120.97465879970648,-0.2937189116301158
32.89356350898743,2.307000160217285,-199.2108549189669,-104.35365295007772,0.08649133175008236,-0.2945924496407641,1,320.0,101.0,120.7891450810331,-0.2945924496407641
32.903106927871704,2.307000160217285,-202.6295985653285,-90.74145017324318,0.060064936565931905,-0.3018763149181418,1,320.0,101.0,117.37040143467149,-0.3018763149181418
32.913599491119385,2.307000160217285,-202.8277086870382,-90.40952461234991,0.059962039050743765,-0.30277678668356967,1,320.0,101.0,117.17229131296179,-0.30277678668356967
32.92440915107727,2.307000160217285,-203.0258188087479,-90.07759905145664,0.05985805696865245,-0.3036779057738995,1,320.0,101.0,116.97418119125209,-0.3036779057738995
32.93352222442627,2.307000160217285,-203.22392893045762,-89.74567349056338,0.05975299031965796,-0.30457967218913135,1,320.0,96.0,116.77607106954238,-0.30457967218913135
32.943278789520264,2.307000160217285,-206.50771689316161,-77.08763457349865,0.03442524900898632,-0.31179597412915916,1,320.0,96.0,113.49228310683839,-0.31179597412915916
32.95367455482483,2.307000160217285,-206.71883197655694,-76.70375912017018,0.034215228028640465,-0.31272476609551675,1,320.0,96.0,113.28116802344306,-0.31272476609551675
32.96374154090881,2.305999994277954,-206.92994705995227,-76.31510801181038,0.03399801552517558,-0.3136537304697818,1,320.0,96.0,113.07005294004773,-0.3136537304697818
32.97372126579285,2.305999994277954,-207.1410621433476,-75.93123255848191,0.03378528045439866,-0.314583384134791,1,320.0,90.0,112.8589378566524,-0.314583384134791
32.98314690589905,2.305000066757202,-210.49608842052058,-64.23953220329415,0.009689383895648513,-0.32215424395292697,1,320.0,90.0,109.50391157947942,-0.32215424395292697
32.9939444065094,2.305000066757202,-210.72149392772553,-63.80427956188038,0.009375242198671113,-0.3231122094706801,1,320.0,90.0,109.27850607227447,-0.3231122094706801
33.003276348114014,2.3030002117156982,-210.9468994349305,-63.35945560404372,0.00904784690943277,-0.3240698557158872,1,320.0,90.0,109.05310056506951,-0.3240698557158872
33.0136501789093,2.3030002117156982,-211.17230494213544,-62.92420296262995,0.00873051936419212,-0.3250282362196534,1,320.0,86.0,108.82769505786456,-0.3250282362196534
33.023317098617554,2.3010001182556152,-214.34878229868954,-52.11269814060077,-0.014189388636095899,-0.3324167803934676,1,320.0,86.0,105.65121770131046,-0.3324167803934676
33.03390145301819,2.3010001182556152,-214.58858581523526,-51.626867505287194,-0.014604468996648325,-0.3334024940521273,1,320.0,86.0,105.41141418476474,-0.3334024940521273
33.04345965385437,2.2990000247955322,-214.82838933178098,-51.13142859353253,-0.01503294637322684,-0.33438791347965413,1,320.0,86.0,105.17161066821902,-0.33438791347965413
33.05367946624756,2.2990000247955322,-215.0681928483267,-50.64559795821896,-0.01545147155309435,-0.33537411166911574,1,320.0,82.0,104.9318071516733,-0.33537411166911574
33.06351065635681,2.2970001697540283,-218.12861238438978,-40.687643990181066,-0.03712287241070057,-0.342691149680527,1,320.0,82.0,101.87138761561022,-0.342691149680527
33.073052644729614,2.2970001697540283,-218.38310216318504,-40.15254442587316,-0.037634797245529025,-0.343704644716524,1,320.0,82.0,101.61689783681496,-0.343704644716524
33.08344769477844,2.2940001487731934,-218.6375919419803,-39.60297221451993,-0.03816616826930928,-0.3447173251423291,1,320.0,82.0,101.3624080580197,-0.3447173251423291
33.093544721603394,2.2940001487731934,-218.89208172077556,-39.067872650212024,-0.0386819031639247,-0.3457308288426634,1,320.0,,101.10791827922444,-0.3457308288426634
33.10379648208618,2.2920000553131104,-219.14657149957083,-38.52310164207927,-0.039211198750053,-0.3467440600334654,1,320.0,,100.85342850042917,-0.3467440600334654
33.11340832710266,2.2920000553131104,-219.4010612783661,-37.98800207777136,-0.039730616975258204,-0.34775811322628825,1,320.0,,100.59893872163391,-0.34775811322628825
33.123992681503296,2.2890000343322754,-219.65555105716135,-37.43836185436162,-0.04026954011906085,-0.3487713409929775,1,320.0,,100.34444894283865,-0.3487713409929775
33.13366198539734,2.2890000343322754,-219.9100408359566,-36.90326229005371,-0.040792738830333214,-0.34978538885300064,1,320.0,75.0,100.08995916404339,-0.34978538885300064
33.14311075210571,2.2870001792907715,-223.3577546298371,-26.782990804210634,-0.0639055077442244,-0.3583277939401511,1,320.0,75.0,96.6422453701629,-0.3583277939401511
33.15349364280701,2.2870001792907715,-223.63067688292665,-26.192618152823748,-0.06452968016524172,-0.35937483244696666,1,320.0,75.0,96.36932311707335,-0.35937483244696666
33.16511797904968,2.2840001583099365,-223.9035991360162,-25.5876363530081,-0.0651735220022004,-0.36042106979251615,1,320.0,75.0,96.0964008639838,-0.36042106979251615
33.1737380027771,2.2840001583099365,-224.17652138910574,-24.997263701621215,-0.06580172795748916,-0.3614681832186061,1,320.0,73.0,95.82347861089426,-0.3614681832186061
33.1829514503479,2.2820000648498535,-227.23653961575604,-16.17204257276667,-0.08623152507939136,-0.3692202175298674,1,320.0,73.0,92.76346038424396,-0.3692202175298674
33.19341731071472,2.2820000648498535,-227.52622046531044,-15.532213105548061,-0.08694953969453226,-0.3702970561228116,1,320.0,73.0,92.47377953468956,-0.3702970561228116
33.20301008224487,2.2790000438690186,-227.81590131486485,-14.87770551223389,-0.08768737734150221,-0.3713731145117163,1,320.0,73.0,92.18409868513515,-0.3713731145117163
33.213953495025635,2.2790000438690186,-228.10558216441925,-14.237876045015279,-0.08840964709194911,-0.37245009915516925,1,320.0,71.0,91.89441783558075,-0.37245009915516925
33.22319197654724,2.2770001888275146,-230.86324400284903,-6.664218666255001,-0.10611725383096024,-0.3795761209340593,1,320.0,71.0,89.13675599715097,-0.3795761209340593
33.23364210128784,2.2770001888275146,-231.16832383519,-5.981186732007705,-0.10691779721059155,-0.38068022171583965,1,320.0,71.0,88.83167616481,-0.38068022171583965
33.243202209472656,2.2740001678466797,-231.47340366753096,-5.283407207645178,-0.10773830498565323,-0.38178356040246,1,320.0,71.0,88.52659633246904,-0.38178356040246
33.25326156616211,2.2740001678466797,-231.77848349987192,-4.6003752733978835,-0.10854329110957381,-0.3828878707684743,1,320.0,70.0,88.22151650012808,-0.3828878707684743
33.26332497596741,2.2720000743865967,-234.17920938873104,1.958818988288435,-0.12398703621301713,-0.38921643901023467,1,320.0,70.0,85.82079061126896,-0.38921643901023467
33.27463507652283,2.2720000743865967,-234.49780425730063,2.6796833372590925,-0.1248605948252927,-0.3903444559136651,1,320.0,70.0,85.50219574269937,-0.3903444559136651
33.28327560424805,2.2690000534057617,-234.81639912587022,3.4153652379881,-0.12575424835284105,-0.39147172481352677,1,320.0,70.0,85.18360087412978,-0.39147172481352677
33.29313397407532,2.2690000534057617,-235.1349939944398,4.136229586958757,-0.1266324077605227,-0.3926000044556516,1,320.0,70.0,84.86500600556019,-0.3926000044556516
33.30342149734497,2.267000198364258,-237.12732551082826,9.62926125413897,-0.13957863026872216,-0.39796455312648005,1,320.0,70.0,82.87267448917174,-0.39796455312648005
33.313886880874634,2.267000198364258,-237.45703362904788,10.381746022198556,-0.1405144961760674,-0.3991123481401211,1,320.0,70.0,82.54296637095212,-0.3991123481401211
33.323615312576294,2.264000177383423,-237.7867417472675,11.149118799311882,-0.14147057472895339,-0.4002594040913546,1,320.0,70.0,82.21325825273249,-0.4002594040913546
33.33347702026367,2.264000177383423,-238.11644986548714,11.901603567371467,-0.14241116552317565,-0.4014075019203878,1,320.0,69.0,81.88355013451286,-0.4014075019203878
33.34349203109741,2.26200008392334,-239.87269881403697,16.49012956783875,-0.15318098657313878,-0.4062149066420108,1,320.0,69.0,80.12730118596303,-0.4062149066420108
33.353129625320435,2.26200008392334,-240.212122470098,17.268672153334116,-0.1541697203400001,-0.4073800843260757,1,320.0,69.0,79.787877529902,-0.4073800843260757
33.36350345611572,2.259000062942505,-240.55154612615902,18.062173712307434,-0.15517877290536977,-0.40854452874263336,1,320.0,69.0,79.44845387384098,-0.40854452874263336
33.37328338623047,2.259000062942505,-240.89096978222005,18.8407162978028,-0.15617232516547624,-0.4097100414952018,1,320.0,70.0,79.10903021777995,-0.4097100414952018
33.38360023498535,2.257000207901001,-242.22585903837756,22.54061453391171,-0.16473634755313507,-0.41345903008662566,1,320.0,70.0,77.77414096162244,-0.41345903008662566
33.39312410354614,2.257000207901001,-242.57221232741915,23.339423672464278,-0.1657682626704196,-0.41463693733679197,1,320.0,70.0,77.42778767258085,-0.41463693733679197
33.40363836288452,2.255000114440918,-242.91856561646074,24.148248721769157,-0.16681461786685886,-0.4158147183527631,1,320.0,70.0,77.08143438353926,-0.4158147183527631
33.413440227508545,2.255000114440918,-243.26491890550233,24.94705786032172,-0.16785146023429612,-0.41699358605227765,1,320.0,69.0,76.73508109449767,-0.41699358605227765
33.42415404319763,2.253000020980835,-244.44803479922476,27.76304406447107,-0.17416457547042186,-0.42036593678603995,1,320.0,69.0,75.55196520077524,-0.42036593678603995
33.43353796005249,2.253000020980835,-244.80032247916367,28.576088023294428,-0.17522974281824172,-0.42155551902497296,1,320.0,69.0,75.19967752083633,-0.42155551902497296
33.44341230392456,2.25,-245.15261015910258,29.404219974426795,-0.17631538934702065,-0.4227443661476468,1,320.0,69.0,74.84738984089742,-0.4227443661476468
33.45317792892456,2.25,-245.5048978390415,30.217263933250152,-0.17738547104740007,-0.4239343141693205,1,320.0,70.0,74.49510216095851,-0.4239343141693205
33.463390827178955,2.249000072479248,-246.3396731798335,32.249218302496594,-0.1816734715237217,-0.42640041264037165,1,320.0,70.0,73.66032682016649,-0.42640041264037165
33.47399854660034,2.249000072479248,-246.6954367217122,33.07100704653612,-0.18276288224206433,-0.42759763543649043,1,320.0,70.0,73.30456327828779,-0.42759763543649043
33.483330488204956,2.246000051498413,-247.0512002635909,33.90794165981148,-0.1838728270206306,-0.42879411620737273,1,320.0,70.0,72.94879973640909,-0.42879411620737273
33.49384665489197,2.246000051498413,-247.40696380546962,34.72973040385099,-0.18496715662815733,-0.42999170518173396,1,320.0,70.0,72.59303619453038,-0.42999170518173396
33.50354504585266,2.244000196456909,-248.03940908723274,36.075598029364244,-0.1874445883641794,-0.4319258987405208,1,320.0,70.0,71.96059091276726,-0.4319258987405208
33.51320028305054,2.244000196456909,-248.39719191179438,36.90113775069285,-0.18854999858630206,-0.43312775351883875,1,320.0,70.0,71.60280808820562,-0.43312775351883875
33.52464509010315,2.242000102996826,-248.75497473635602,37.73681879159388,-0.18966998866744816,-0.43432947716892156,1,320.0,70.0,71.24502526364398,-0.43432947716892156
33.533292293548584,2.242000102996826,-249.11275756091766,38.562358512922486,-0.19078037246615462,-0.43553231173476675,1,320.0,70.0,70.88724243908234,-0.43553231173476675
33.542925119400024,2.240000009536743,-249.56479038248875,39.18607083654442,-0.19133758168949905,-0.4369874383996595,1,320.0,70.0,70.43520961751125,-0.4369874383996595
33.553483963012695,2.240000009536743,-249.92326838916475,40.010046945945376,-0.19245038416726654,-0.4381923741456357,1,320.0,70.0,70.07673161083525,-0.4381923741456357
33.56309366226196,2.2380001544952393,-250.28174639584074,40.84420222342591,-0.19357778332190026,-0.43939716985541033,1,320.0,70.0,69.71825360415926,-0.43939716985541033
33.57376480102539,2.2380001544952393,-250.64022440251674,41.66817833282687,-0.19469551768121537,-0.44060307505475416,1,320.0,72.0,69.35977559748326,-0.44060307505475416
33.58376121520996,2.236999988555908,-250.71916160699297,41.641647098355186,-0.1935195451563358,-0.44105726685046626,1,320.0,72.0,69.28083839300703,-0.44105726685046626
33.59330463409424,2.236999988555908,-251.07556020442019,42.459258648576274,-0.19463198427275705,-0.44226139633012773,1,320.0,72.0,68.92443979557981,-0.44226139633012773
33.603227853775024,2.2340002059936523,-251.4319588018474,43.29219049520126,-0.1957650589186795,-0.44346474236942757,1,320.0,72.0,68.5680411981526,-0.44346474236942757
33.61387848854065,2.2340002059936523,-251.78835739927462,44.10980204542235,-0.19688227154097077,-0.44466918789858395,1,320.0,72.0,68.21164260072538,-0.44466918789858395
33.62321710586548,2.2330000400543213,-251.74462589575964,43.400785955304045,-0.19387133315390812,-0.44479348854503853,1,320.0,72.0,68.25537410424036,-0.44479348854503853
33.633782148361206,2.2330000400543213,-252.09802837126756,44.20692799549526,-0.19497497146211037,-0.44599466371334656,1,320.0,72.0,67.90197162873244,-0.44599466371334656
33.64443325996399,2.2310001850128174,-252.45143084677548,45.023318097819526,-0.19609319886717028,-0.44719566607915384,1,320.0,72.0,67.54856915322452,-0.44719566607915384
33.65355348587036,2.2310001850128174,-252.8048333222834,45.829460138010745,-0.19720160950017204,-0.44839775604124305,1,320.0,73.0,67.1951666777166,-0.44839775604124305
33.66337466239929,2.2290000915527344,-252.5462082504747,44.40997465365156,-0.1922696373376708,-0.447942248722161,1,320.0,73.0,67.4537917495253,-0.447942248722161
33.67409801483154,2.2290000915527344,-252.8950051984048,45.199291497649995,-0.19335569238394074,-0.4491378250210322,1,320.0,73.0,67.10499480159521,-0.4491378250210322
33.68322467803955,2.2269999980926514,-253.24380214633487,45.99889731362826,-0.19445632098040486,-0.45033320672042465,1,320.0,73.0,66.75619785366513,-0.45033320672042465
33.69373416900635,2.2269999980926514,-253.59259909426495,46.78821415762669,-0.19554702403990842,-0.45152965835445313,1,320.0,74.0,66.40740090573505,-0.45152965835445313
33.70471405982971,2.2260000705718994,-253.14191032702354,44.8296896575997,-0.18917631441334717,-0.45055723741235854,1,320.0,74.0,66.85808967297646,-0.45055723741235854
33.71330976486206,2.2260000705718994,-253.48466990284754,45.59821708543193,-0.19023830587015758,-0.4517454794613218,1,320.0,74.0,66.51533009715246,-0.4517454794613218
33.723880767822266,2.2240002155303955,-253.82742947867155,46.37706217125209,-0.19131483380837494,-0.45293350302328417,1,320.0,74.0,66.17257052132845,-0.45293350302328417
33.73355174064636,2.2240002155303955,-254.17018905449555,47.145589599084325,-0.19238133225135012,-0.4541225754297333,1,320.0,75.0,65.82981094550445,-0.4541225754297333
33.74322819709778,2.2230000495910645,-253.5482662745593,44.71215786287645,-0.18474308962246463,-0.4526911908312668,1,320.0,75.0,66.4517337254407,-0.4526911908312668
33.753790616989136,2.2230000495910645,-253.88372434479274,45.456411130840465,-0.1857751765266896,-0.453869990034207,1,320.0,75.0,66.11627565520726,-0.453869990034207
33.76314926147461,2.2210001945495605,-254.21918241502618,46.21101210113081,-0.18682175682795252,-0.4550485438964546,1,320.0,75.0,65.78081758497382,-0.4550485438964546
33.77409386634827,2.2210001945495605,-254.55464048525963,46.95526536909482,-0.1878581917198863,-0.4562281217446247,1,320.0,77.0,65.44535951474037,-0.4562281217446247
33.783122062683105,2.2190001010894775,-253.67546070931442,43.89600206630306,-0.17854050462446203,-0.4541052708169704,1,320.0,77.0,66.32453929068558,-0.4541052708169704
33.793631076812744,2.2190001010894775,-254.00171422341216,44.61135361321975,-0.17953487959217268,-0.45527084532217577,1,320.0,77.0,65.99828577658784,-0.45527084532217577
33.8030948638916,2.2170000076293945,-254.3279677375099,45.33709436498105,-0.1805437066047564,-0.45643614238578534,1,320.0,77.0,65.67203226249009,-0.45643614238578534
33.813740968704224,2.2170000076293945,-254.65422125160765,46.052445911897735,-0.18154224302862176,-0.4576024320757178,1,320.0,78.0,65.34577874839235,-0.4576024320757178
33.824050188064575,2.2160000801086426,-253.65102729559436,42.42802180175779,-0.17073463966260963,-0.45515416735497577,1,320.0,78.0,66.34897270440564,-0.45515416735497577
33.8336226940155,2.2160000801086426,-253.96720315395558,43.11043697053138,-0.17168459360216215,-0.45630563873345964,1,320.0,78.0,66.03279684604442,-0.45630563873345964
33.842976570129395,2.2139999866485596,-254.2833790123168,43.80327169995472,-0.17264893820561744,-0.4574567998103079,1,320.0,78.0,65.7166209876832,-0.4574567998103079
33.85356020927429,2.2139999866485596,-254.59955487067802,44.48568686872831,-0.17360285046630744,-0.4586089204808757,1,320.0,80.0,65.40044512932198,-0.4586089204808757
33.863051652908325,2.2130000591278076,-253.3826915599851,40.47169308658135,-0.1617841476112719,-0.45559396615564707,1,320.0,80.0,66.61730844001491,-0.45559396615564707
33.87349057197571,2.2130000591278076,-253.68725191133626,41.118485051696304,-0.16268498978140725,-0.45672874520618956,1,320.0,80.0,66.31274808866374,-0.45672874520618956
33.883161544799805,2.2110002040863037,-253.99181226268743,41.77572581960453,-0.16360015473413062,-0.45786317796902687,1,320.0,80.0,66.00818773731257,-0.45786317796902687
33.89363098144531,2.2110002040863037,-254.2963726140386,42.42251778471949,-0.16450473928650644,-0.4589985327884833,1,320.0,81.0,65.7036273859614,-0.4589985327884833
33.90323257446289,2.2100000381469727,-252.99550380813736,37.96365494080488,-0.15153278459840394,-0.4557727238360513,1,320.0,81.0,67.00449619186264,-0.4557727238360513
33.91367173194885,2.2100000381469727,-253.28791377044604,38.57176610924373,-0.1523791975966895,-0.45688981175413274,1,320.0,81.0,66.71208622955396,-0.45688981175413274
33.92324686050415,2.2080001831054688,-253.58032373275472,39.1903566998817,-0.1532398612006286,-0.4580065164026559,1,320.0,81.0,66.41967626724528,-0.4580065164026559
33.93373513221741,2.2080001831054688,-253.8727336950634,39.79846786832054,-0.15408978599393586,-0.45912410412939914,1,320.0,83.0,66.1272663049366,-0.45912410412939914
33.94317984580994,2.2070000171661377,-252.39514501387384,34.950972964145194,-0.14012608161666482,-0.4554378651792519,1,320.0,83.0,67.60485498612616,-0.4554378651792519
33.953688859939575,2.2070000171661377,-252.67418130171438,35.51782325731065,-0.14091347700166654,-0.4565351530775821,1,320.0,83.0,67.32581869828562,-0.4565351530775821
33.963746786117554,2.2060000896453857,-252.95321758955492,36.089926070390135,-0.14170881151255238,-0.45763265063071346,1,320.0,83.0,67.04678241044508,-0.45763265063071346
33.9737651348114,2.2060000896453857,-253.23225387739546,36.656776363555586,-0.1424995520533023,-0.4587309894783152,1,320.0,85.0,66.76774612260454,-0.4587309894783152
33.98316502571106,2.2039999961853027,-251.59968749713485,31.47760268471067,-0.12769859068021583,-0.45464658462438845,1,320.0,85.0,68.40031250286515,-0.45464658462438845
33.9937961101532,2.2039999961853027,-251.8643105837025,32.001049475164855,-0.12842304998737594,-0.4557222439007247,1,320.0,85.0,68.13568941629751,-0.4557222439007247
34.00314927101135,2.203000068664551,-252.12893367027013,32.529764219090595,-0.12915534095155984,-0.45679806941589995,1,320.0,85.0,67.87106632972987,-0.45679806941589995
34.01422739028931,2.203000068664551,-252.39355675683777,33.053211009544775,-0.12988288463789002,-0.4578746907850535,1,320.0,87.0,67.60644324316223,-0.4578746907850535
34.02332615852356,2.202000141143799,-250.62599825319558,27.5792681433945,-0.11436751094482413,-0.4534498384071758,1,320.0,87.0,69.37400174680442,-0.4534498384071758
34.03386831283569,2.202000141143799,-250.87533677282974,28.057567344027746,-0.11502578298535321,-0.4545029251062629,1,320.0,87.0,69.12466322717026,-0.4545029251062629
34.04317021369934,2.200000047683716,-251.1246752924639,28.546429538470367,-0.11569805691070276,-0.45555550538563766,1,320.0,87.0,68.8753247075361,-0.45555550538563766
34.05392241477966,2.200000047683716,-251.37401381209807,29.024728739103608,-0.11635909014113997,-0.45660883368060107,1,320.0,89.0,68.62598618790193,-0.45660883368060107
34.06315326690674,2.200000047683716,-249.4897998510775,23.19469377391501,-0.09996943361805419,-0.45189568176677075,1,320.0,89.0,70.51020014892251,-0.45189568176677075
34.07379937171936,2.200000047683716,-249.72313554776215,23.62567698130352,-0.1005574905006807,-0.45292485403920496,1,320.0,89.0,70.27686445223785,-0.45292485403920496
34.083155155181885,2.198000192642212,-249.95647124444682,24.067242652691213,-0.10115945070968167,-0.4539534766269841,1,320.0,89.0,70.04352875555318,-0.4539534766269841
34.094287395477295,2.198000192642212,-250.18980694113148,24.498225860079728,-0.1017500027567973,-0.4549827980552872,1,320.0,91.0,69.81019305886852,-0.4549827980552872
34.1034574508667,2.197000026702881,-248.20572500687902,18.477534450807163,-0.0849231196498285,-0.45002818400194694,1,320.0,91.0,71.79427499312098,-0.45002818400194694
34.11412596702576,2.197000026702881,-248.42247834665923,18.860230921001076,-0.08543879465635135,-0.4510316922927196,1,320.0,91.0,71.57752165334077,-0.4510316922927196
34.12367343902588,2.196000099182129,-248.63923168643944,19.248231621504146,-0.08596194771427604,-0.4520352276648497,1,320.0,91.0,71.36076831356056,-0.4520352276648497
34.133254051208496,2.196000099182129,-248.85598502621966,19.630928091698063,-0.0864798799583705,-0.4530394111295195,1,320.0,93.0,71.14401497378034,-0.4530394111295195
34.14341974258423,2.195000171661377,-246.7873679973369,13.34503022464715,-0.06902625064875713,-0.4478869876748466,1,320.0,93.0,73.2126320026631,-0.4478869876748466
34.153122425079346,2.195000171661377,-246.98708453517804,13.677974594077687,-0.06946664684704353,-0.44886452154130013,1,320.0,93.0,73.01291546482196,-0.44886452154130013
34.16393733024597,2.194000005722046,-247.18680107301918,14.016234894583453,-0.0699143976690113,-0.4498420339914485,1,320.0,93.0,72.81319892698082,-0.4498420339914485
34.173882246017456,2.194000005722046,-247.38651761086032,14.34917926401399,-0.07035676321263627,-0.45082014259546516,1,320.0,95.0,72.61348238913968,-0.45082014259546516
34.18379497528076,2.193000078201294,-245.2473347664745,7.945156876735881,-0.05267604655653743,-0.4455087787318044,1,320.0,95.0,74.7526652335255,-0.4455087787318044
34.19328022003174,2.193000078201294,-245.42967233094421,8.228003315049902,-0.05304000230400999,-0.44645957785487744,1,320.0,95.0,74.57032766905579,-0.44645957785487744
34.20309114456177,2.192000150680542,-245.61200989541393,8.51617488160694,-0.053411186388233674,-0.44741030681425176,1,320.0,95.0,74.38799010458607,-0.44741030681425176
34.213576555252075,2.192000150680542,-245.79434745988365,8.79902131992096,-0.05377682320105848,-0.448361579139637,1,320.0,97.0,74.20565254011635,-0.448361579139637
34.22298336029053,2.19100022315979,-243.59729267995812,2.200672074077909,-0.035665583685693864,-0.4429262583881762,1,320.0,97.0,76.40270732004188,-0.4429262583881762
34.23353171348572,2.19100022315979,-243.7620094139758,2.4325196477785234,-0.03595104360274296,-0.44384971998802225,1,320.0,97.0,76.23799058602421,-0.44384971998802225
34.24314260482788,2.190000057220459,-243.92672614799346,2.6697041172370977,-0.036243607336223935,-0.44477306211402773,1,320.0,97.0,76.07327385200654,-0.44477306211402773
34.25389218330383,2.190000057220459,-244.09144288201114,2.901551690937713,-0.03653045654136028,-0.44569689427234044,1,320.0,99.0,75.90855711798886,-0.44569689427234044
34.26310443878174,2.189000129699707,-241.8480202889539,-3.750893852804559,-0.018366476066350005,-0.4401689884298006,1,320.0,99.0,78.1519797110461,-0.4401689884298006
34.27415204048157,2.189000129699707,-241.99496356272357,-3.5698957605505726,-0.01857306226074902,-0.4410646504659811,1,320.0,99.0,78.00503643727643,-0.4410646504659811
34.28313374519348,2.188000202178955,-242.14190683649323,-3.383551518373519,-0.018786626201641704,-0.4419601439801991,1,320.0,99.0,77.85809316350677,-0.4419601439801991
34.29365396499634,2.188000202178955,-242.2888501102629,-3.2025534261195325,-0.01899431232705219,-0.44285607391601445,1,320.0,101.0,77.7111498897371,-0.44285607391601445
34.30314779281616,2.188000202178955,-240.00945709396538,-9.996634283405998,-0.0005505925775381396,-0.4372642144662975,1,320.0,101.0,79.99054290603462,-0.4372642144662975
34.313674211502075,2.187000036239624,-240.13855328753985,-9.86158915363211,-0.0006833824665599536,-0.4381317410772239,1,320.0,101.0,79.86144671246015,-0.4381317410772239
34.32343292236328,2.187000036239624,-240.26764948111432,-9.731896724937602,-0.0008101339765804096,-0.43899965078111647,1,320.0,101.0,79.73235051888568,-0.43899965078111647
34.33401274681091,2.186000108718872,-240.3967456746888,-9.596847588139422,-0.0009437382850309966,-0.4398673426296704,1,320.0,103.0,79.60325432531121,-0.4398673426296704
34.34360432624817,2.186000108718872,-238.090753085161,-16.392961176753538,0.01741448996300781,-0.4342358795141774,1,320.0,103.0,81.909246914839,-0.4342358795141774
34.35323143005371,2.186000108718872,-238.20199822295712,-16.314040182095816,0.017368155902992566,-0.43507564266900645,1,320.0,103.0,81.79800177704288,-0.43507564266900645
34.363795042037964,2.186000108718872,-238.31324336075323,-16.235119187438094,0.017321587842206713,-0.4359157356656993,1,320.0,103.0,81.68675663924677,-0.4359157356656993
34.3734827041626,2.18500018119812,-238.42448849854935,-16.150836194484725,0.017268295110205084,-0.4367555624862368,1,320.0,105.0,81.57551150145065,-0.4367555624862368
34.38382363319397,2.184000015258789,-236.10031773053157,-23.030893131395878,0.035769284871445525,-0.4311066285215499,1,320.0,105.0,83.89968226946843,-0.4311066285215499
34.39327883720398,2.184000015258789,-236.1937689383649,-23.002855886700154,0.03580372863211277,-0.43191790353601756,1,320.0,105.0,83.80623106163509,-0.43191790353601756
34.403807163238525,2.184000015258789,-236.28722014619825,-22.97481864200443,0.035838089402534655,-0.432729455166064,1,320.0,105.0,83.71277985380175,-0.432729455166064
34.41387462615967,2.183000087738037,-236.3806713540316,-22.94140879382568,0.03586584680625998,-0.43354069250284244,1,320.0,105.0,83.61932864596841,-0.43354069250284244
34.42406892776489,2.183000087738037,-236.47412256186493,-22.913371549129955,0.0358999684140076,-0.43435220622158865,1,320.0,107.0,83.52587743813507,-0.43435220622158865
34.433473348617554,2.182000160217285,-234.07194598541756,-29.91918584292003,0.054635290886962874,-0.428530898976872,1,320.0,107.0,85.92805401458244,-0.428530898976872
34.444236755371094,2.182000160217285,-234.1472453030153,-29.94234826879559,0.05475156544914104,-0.4293131633616458,1,320.0,107.0,85.8527546969847,-0.4293131633616458
34.454277753829956,2.180999994277954,-234.22254462061304,-29.960126171583923,0.05486135620458006,-0.4300950646024049,1,320.0,109.0,85.77745537938696,-0.4300950646024049
34.46441340446472,2.180999994277954,-231.8970994431084,-36.71892098730142,0.07285370505937779,-0.4245057334865492,1,320.0,109.0,88.1029005568916,-0.4245057334865492
34.4746150970459,2.180000066757202,-231.95498139527794,-36.78556175576933,0.07304219139485804,-0.42525945906298046,1,320.0,109.0,88.04501860472206,-0.42525945906298046
34.48307538032532,2.180000066757202,-232.01286334744748,-36.85759109395613,0.07323735650056065,-0.42601335539118024,1,320.0,109.0,87.98713665255252,-0.42601335539118024
34.49418377876282,2.17900013923645,-232.07074529961702,-36.92422652495124,0.07342615318829007,-0.426766842336336,1,320.0,109.0,87.92925470038298,-0.426766842336336
34.50384521484375,2.17900013923645,-232.12862725178655,-36.99625586313804,0.0736216348711489,-0.42752049988856605,1,320.0,111.0,87.87137274821345,-0.42752049988856605
34.51341009140015,2.17900013923645,-229.7404349387995,-43.848243251168284,0.09177038482100665,-0.42179722187065594,1,320.0,111.0,90.2595650612005,-0.42179722187065594
34.523948431015015,2.17900013923645,-229.78064385469764,-43.96925820121496,0.09204520216491605,-0.4225227510974801,1,320.0,111.0,90.21935614530236,-0.4225227510974801
34.534451723098755,2.177000045776367,-229.8208527705958,-44.07946800341638,0.0923071577672023,-0.4232472496821363,1,320.0,111.0,90.17914722940421,-0.4232472496821363
34.543320417404175,2.177000045776367,-229.86106168649394,-44.20048295346306,0.09258243563340722,-0.4239718665815321,1,320.0,113.0,90.13893831350606,-0.4239718665815321
34.553699016571045,2.177000045776367,-227.4935418099926,-50.9453123720593,0.1103649909932565,-0.4183329092528907,1,320.0,113.0,92.50645819000741,-0.4183329092528907
34.563340187072754,2.177000045776367,-227.5164140596425,-51.11402158945622,0.11071784506850932,-0.4190298230268782,1,320.0,113.0,92.4835859403575,-0.4190298230268782
34.57435655593872,2.1760001182556152,-227.5392863092924,-51.27732083829548,0.11106455950554059,-0.4197262352954769,1,320.0,113.0,92.46071369070759,-0.4197262352954769
34.5833785533905,2.1760001182556152,-227.56215855894231,-51.446030055692404,0.1114182619099901,-0.42042271480849636,1,320.0,115.0,92.43784144105769,-0.42042271480849636
34.593889236450195,2.1750001907348633,-225.2176177102243,-58.077249189725684,0.1288309421249848,-0.4148724545997856,1,320.0,115.0,94.78238228977571,-0.4148724545997856
34.603399991989136,2.1750001907348633,-225.22349801962585,-58.292381483657444,0.12926033477610713,-0.4155411051038951,1,320.0,115.0,94.77650198037415,-0.4155411051038951
34.61467480659485,2.1740000247955322,-225.2293783290274,-58.50209176928713,0.1296836907618321,-0.41620920971453435,1,320.0,115.0,94.77062167097259,-0.41620920971453435
34.623427867889404,2.1740000247955322,-225.23525863842897,-58.717224063218886,0.13011418457081553,-0.41687733158388207,1,320.0,117.0,94.76474136157103,-0.41687733158388207
34.63376522064209,2.1730000972747803,-222.91580526520625,-65.23921913018884,0.14716598117842594,-0.41141969248103466,1,320.0,117.0,97.08419473479375,-0.41141969248103466
34.643394470214844,2.1730000972747803,-222.90504559606717,-65.499521866627,0.14767042182595425,-0.4120604499784858,1,320.0,117.0,97.09495440393283,-0.4120604499784858
34.65456748008728,2.1720001697540283,-222.8942859269281,-65.75439310794808,0.148168927715251,-0.4127006187278778,1,320.0,117.0,97.10571407307191,-0.4127006187278778
34.66334295272827,2.1720001697540283,-222.88352625778901,-66.01469584438624,0.14867471408581653,-0.41334075595143466,1,320.0,119.0,97.11647374221099,-0.41334075595143466
34.674455642700195,2.1710000038146973,-220.59107285443517,-72.3222595427357,0.16509378254752394,-0.4079792130808606,1,320.0,119.0,99.40892714556483,-0.4079792130808606
34.68393683433533,2.1710000038146973,-220.5640312895239,-72.62575362221479,0.16567058733732049,-0.40859246440667063,1,320.0,119.0,99.43596871047609,-0.40859246440667063
34.69369053840637,2.1700000762939453,-220.53698972461265,-72.92380539443856,0.16624155160867685,-0.4092050852657857,1,320.0,119.0,99.46301027538735,-0.4092050852657857
34.70326280593872,2.1700000762939453,-220.5099481597014,-73.22729947391765,0.16681993436897996,-0.40981762702831825,1,320.0,120.0,99.4900518402986,-0.40981762702831825
34.71416926383972,2.1690001487731934,-218.35019911462155,-79.43449188584913,0.18291192512196358,-0.40482831251192125,1,320.0,120.0,101.64980088537845,-0.40482831251192125
34.7238130569458,2.1690001487731934,-218.30797882870817,-79.78004202796114,0.18355974249499757,-0.4054156533181481,1,320.0,120.0,101.69202117129183,-0.4054156533181481
34.73390007019043,2.1680002212524414,-218.2657585427948,-80.1201390196575,0.18420180973528752,-0.40600232511072654,1,320.0,120.0,101.7342414572052,-0.40600232511072654
34.74341416358948,2.1680002212524414,-218.22353825688143,-80.46568916176952,0.18485142976268237,-0.4065888736200468,1,320.0,122.0,101.77646174311857,-0.4065888736200468
34.7531361579895,2.1680002212524414,-216.08351305724543,-86.47267609078811,0.20035105437882145,-0.4016731097254783,1,320.0,122.0,103.91648694275457,-0.4016731097254783
34.772828340530396,2.1680002212524414,-216.0263992831688,-86.85841993309664,0.20106757362384042,-0.4022353704019841,1,320.0,122.0,103.97360071683121,-0.4022353704019841
34.77962350845337,2.1670000553131104,-215.96928550909215,-87.2387038890824,0.20177843330168332,-0.4027969242934298,1,320.0,122.0,104.03071449090785,-0.4027969242934298
34.79102635383606,2.1670000553131104,-215.9121717350155,-87.62444773139093,0.20249697025082689,-0.40335831155543167,1,320.0,124.0,104.0878282649845,-0.40335831155543167
34.80786108970642,2.1660001277923584,-213.79409985702466,-93.32619287750676,0.21714964025477224,-0.39852022686445493,1,320.0,124.0,106.20590014297534,-0.39852022686445493
34.81198740005493,2.1650002002716064,-213.72238804141415,-93.74415989222992,0.2179242305850619,-0.39905663924789925,1,320.0,124.0,106.27761195858585,-0.39905663924789925
34.816327810287476,2.1650002002716064,-213.65067622580364,-94.1675963842712,0.21870661754712833,-0.39959284277064466,1,320.0,124.0,106.34932377419636,-0.39959284277064466
34.82396602630615,2.1650002002716064,-213.57896441019312,-94.5910328763125,0.21949023776818993,-0.40012883743269123,1,320.0,126.0,106.42103558980688,-0.40012883743269123
34.83424353599548,2.1640000343322754,-211.48482631294772,-100.1155693383377,0.2336294335018234,-0.3953724860231019,1,320.0,126.0,108.51517368705228,-0.3953724860231019
34.84368538856506,2.1640000343322754,-211.3988204645591,-100.57509790869818,0.23447354132980275,-0.3958844495907319,1,320.0,126.0,108.6011795354409,-0.3958844495907319
34.853949546813965,2.1630001068115234,-211.31281461617047,-101.02914607593415,0.23531214139967938,-0.3963956346375887,1,320.0,126.0,108.68718538382953,-0.3963956346375887
34.87254810333252,2.1630001068115234,-211.22680876778185,-101.48867464629463,0.23615865403274644,-0.39690656962241827,1,320.0,127.0,108.77319123221815,-0.39690656962241827
34.87612199783325,2.1630001068115234,-209.26146036957016,-106.84873299575403,0.24981444922176657,-0.39250543482894684,1,320.0,127.0,110.73853963042984,-0.39250543482894684
34.88371276855469,2.1630001068115234,-209.16219879884395,-107.34282687836426,0.2507194611787113,-0.39299446009293537,1,320.0,127.0,110.83780120115605,-0.39299446009293537
34.89343023300171,2.1620001792907715,-209.06293722811773,-107.8314348833191,0.2516190411513261,-0.3934826741344192,1,320.0,127.0,110.93706277188227,-0.3934826741344192
34.904789447784424,2.1620001792907715,-208.96367565739152,-108.32552876592933,0.25252663952007787,-0.3939705998209956,1,320.0,129.0,111.03632434260848,-0.3939705998209956
34.91340374946594,2.1610000133514404,-207.01525618313806,-113.41399447029232,0.2654385230265482,-0.3896297715157966,1,320.0,129.0,112.98474381686194,-0.3896297715157966
34.92416787147522,2.1610000133514404,-206.90297667879148,-113.94047105559505,0.2664010071499536,-0.39009557200729705,1,320.0,129.0,113.09702332120852,-0.39009557200729705
34.934322118759155,2.1600000858306885,-206.7906971744449,-114.4614507882327,0.26735812106096535,-0.3905605296682595,1,320.0,129.0,113.20930282555511,-0.3905605296682595
34.943812131881714,2.1600000858306885,-206.6784176700983,-114.98792737353543,0.2683233579773856,-0.3910251617186352,1,320.0,130.0,113.3215823299017,-0.3910251617186352
34.9533531665802,2.1600000858306885,-204.8518625000498,-119.83257586237701,0.2805534982534849,-0.3870180082879714,1,320.0,130.0,115.1481374999502,-0.3870180082879714
34.96398901939392,2.1600000858306885,-204.72753620734414,-120.38939768564862,0.28157081372053194,-0.3874625266356556,1,320.0,130.0,115.27246379265586,-0.3874625266356556
34.97351408004761,2.1590001583099365,-204.60320991463848,-120.94071715705171,0.2825828228620435,-0.3879061729661133,1,320.0,130.0,115.39679008536152,-0.3879061729661133
34.983500719070435,2.1590001583099365,-204.47888362193282,-121.49753898032331,0.2836030482172506,-0.38834945906108864,1,320.0,132.0,115.52111637806718,-0.38834945906108864
34.9931435585022,2.1579999923706055,-202.66311383731943,-126.10294145947984,0.2951829382259974,-0.3843839616493347,1,320.0,132.0,117.33688616268057,-0.3843839616493347
35.00374746322632,2.1579999923706055,-202.52692112770922,-126.68820497785464,0.29625201679904173,-0.38480684583060426,1,320.0,132.0,117.47307887229078,-0.38480684583060426
35.013840436935425,2.1579999923706055,-202.390728418099,-127.27346849622944,0.2973227897099605,-0.3852293357339821,1,320.0,132.0,117.609271581901,-0.3852293357339821
35.0234169960022,2.1579999923706055,-202.2545357084888,-127.85873201460424,0.2983952569587538,-0.3856514313594682,1,320.0,133.0,117.74546429151121,-0.3856514313594682
35.03314805030823,2.1570000648498535,-200.55453433406757,-132.1423516110615,0.3091066032921014,-0.38200078137104015,1,320.0,133.0,119.44546566593243,-0.38200078137104015
35.043617963790894,2.1570000648498535,-200.40738786264637,-132.753559034657,0.31022404189144637,-0.38240388400721836,1,320.0,133.0,119.59261213735363,-0.38240388400721836
35.05413103103638,2.1560001373291016,-200.26024139122518,-133.35924755785064,0.3113362763905062,-0.38280606040788745,1,320.0,133.0,119.73975860877482,-0.38280606040788745
35.063660860061646,2.1560001373291016,-200.11309491980398,-133.97045498144612,0.31245689995971226,-0.38320781155520367,1,320.0,,119.88690508019602,-0.38320781155520367
35.07334852218628,2.1560001373291016,-199.9659484483828,-134.5816624050416,0.31357928991858236,-0.3836091374491669,1,320.0,,120.03405155161721,-0.3836091374491669
35.08375549316406,2.1560001373291016,-199.8188019769616,-135.1928698286371,0.3147034462671165,-0.38401003808977724,1,320.0,,120.1811980230384,-0.38401003808977724
35.09378623962402,2.1550002098083496,-199.6716555055404,-135.79855281950006,0.3158223842486475,-0.384410014334076,1,320.0,,120.3283444944596,-0.384410014334076
35.10334253311157,2.1550002098083496,-199.5245090341192,-136.40976024309555,0.31694971641121383,-0.3848095656928614,1,320.0,136.0,120.4754909658808,-0.3848095656928614
35.11361813545227,2.1540000438690186,-197.63753841043797,-140.88885815962794,0.3281283704837644,-0.38069109350061814,1,320.0,136.0,122.36246158956203,-0.38069109350061814
35.12337827682495,2.1540000438690186,-197.4782704801977,-141.52705194423078,0.32930250858566856,-0.3810696968163232,1,320.0,136.0,122.5217295198023,-0.3810696968163232
35.13424301147461,2.1530001163482666,-197.31900254995742,-142.15971020513044,0.3304714739047646,-0.38144734738227937,1,320.0,136.0,122.68099745004258,-0.38144734738227937
35.14384460449219,2.1530001163482666,-197.15973461971714,-142.79790398973327,0.33164892144607405,-0.3818245388583804,1,320.0,136.0,122.84026538028286,-0.3818245388583804
35.15309929847717,2.1530001163482666,-195.54703156535763,-146.7675201454021,0.3414626813169057,-0.3784342178498395,1,320.0,136.0,124.45296843464237,-0.3784342178498395
35.16361951828003,2.1530001163482666,-195.37766992652396,-147.42884974532754,0.34268124053908994,-0.378794160073632,1,320.0,136.0,124.62233007347604,-0.378794160073632
35.173441886901855,2.1520001888275146,-195.2083082876903,-148.08463826419845,0.343894670589842,-0.3791531261270518,1,320.0,136.0,124.7916917123097,-0.3791531261270518
35.18323802947998,2.1520001888275146,-195.03894664885664,-148.74596786412388,0.3451166545674196,-0.37951160441887194,1,320.0,,124.96105335114336,-0.37951160441887194
35.193185806274414,2.1520001888275146,-194.86958501002297,-149.40729746404932,0.3463405431745571,-0.37986959494909234,1,320.0,,125.13041498997703,-0.37986959494909234
35.20365071296692,2.1520001888275146,-194.7002233711893,-150.06862706397476,0.34756633641125456,-0.3802270977177128,1,320.0,,125.29977662881069,-0.3802270977177128
35.21347236633301,2.1510000228881836,-194.53086173235565,-150.72440869393733,0.348786983861851,-0.38058362631687837,1,320.0,,125.46913826764435,-0.38058362631687837
35.22376465797424,2.1510000228881836,-194.36150009352198,-151.38573829386277,0.35001619185236443,-0.3809396675779186,1,320.0,,125.63849990647802,-0.3809396675779186
35.233272552490234,2.1500000953674316,-194.19213845468832,-152.04151567156475,0.35124024409941207,-0.3812947360556744,1,320.0,,125.80786154531168,-0.3812947360556744
35.244040727615356,2.1500000953674316,-194.02277681585466,-152.7028452714902,0.3524728603358854,-0.38164931761867826,1,320.0,,125.97722318414534,-0.38164931761867826
35.25346612930298,2.1490001678466797,-193.853415177021,-153.35861706666893,0.35370030918197565,-0.38200292766851796,1,320.0,,126.14658482297901,-0.38200292766851796
35.26362133026123,2.1490001678466797,-193.68405353818733,-154.01994666659436,0.3549363270633153,-0.38235605122697913,1,320.0,,126.31594646181267,-0.38235605122697913
35.27381086349487,2.1490001678466797,-193.51469189935366,-154.6812762665198,0.35617424461420827,-0.38270868829406157,1,320.0,,126.48530810064634,-0.38270868829406157
35.28319215774536,2.1490001678466797,-193.34533026052,-155.34260586644524,0.3574140618346545,-0.38306083886976544,1,320.0,,126.65466973948,-0.38306083886976544
35.29401659965515,2.1480000019073486,-193.17596862168634,-155.99837074349665,0.3586486950118939,-0.3834120199340304,1,320.0,,126.82403137831366,-0.3834120199340304
35.30401086807251,2.1480000019073486,-193.00660698285267,-156.6597003434221,0.35989190387253706,-0.38376271493039116,1,320.0,141.0,126.99339301714733,-0.38376271493039116
35.3139226436615,2.1470000743865967,-190.883664054765,-160.5616045788653,0.3694479975026778,-0.3791064886039266,1,320.0,141.0,129.116335945235,-0.3791064886039266
35.32348155975342,2.1470000743865967,-190.70102214715666,-161.24500116937386,0.37073044348212747,-0.3794341535312676,1,320.0,141.0,129.29897785284334,-0.3794341535312676
35.332998752593994,2.1460001468658447,-190.51838023954832,-161.92282315561778,0.3720077388134133,-0.37976081847147547,1,320.0,141.0,129.48161976045168,-0.37976081847147547
35.34354376792908,2.1460001468658447,-190.33573833193998,-162.60621974612633,0.3732936816012995,-0.38008696014255106,1,320.0,141.0,129.66426166806002,-0.38008696014255106
35.352896213531494,2.1460001468658447,-188.64909948186514,-165.71976826446866,0.3807892332257677,-0.3765707249244651,1,320.0,141.0,131.35090051813486,-0.3765707249244651
35.36344122886658,2.1460001468658447,-188.45629383257042,-166.41958738600488,0.38210580835057545,-0.37687928549633626,1,320.0,141.0,131.54370616742958,-0.37687928549633626
35.3732647895813,2.1450002193450928,-188.2634881832757,-167.11382628695443,0.3834172584511003,-0.3771868230553439,1,320.0,141.0,131.7365118167243,-0.3771868230553439
35.384037256240845,2.1450002193450928,-188.070682533981,-167.81364540849066,0.38473740804894835,-0.3774938087080747,1,320.0,142.0,131.929317466019,-0.3774938087080747
35.393123388290405,2.1440000534057617,-186.59686927922647,-170.30183202128435,0.3906242876407917,-0.3745351424844767,1,320.0,142.0,133.40313072077353,-0.3745351424844767
35.403491258621216,2.1440000534057617,-186.39544484298702,-171.01372110479141,0.39196765380619264,-0.3748265241581268,1,320.0,142.0,133.60455515701298,-0.3748265241581268
35.413140296936035,2.1440000534057617,-186.19402040674757,-171.72561018829848,0.39331305597446753,-0.37511732975786233,1,320.0,142.0,133.80597959325243,-0.37511732975786233
35.423696756362915,2.1440000534057617,-185.99259597050812,-172.43749927180554,0.39466049414561627,-0.37540755928368336,1,320.0,,134.00740402949188,-0.37540755928368336
35.4332537651062,2.1430001258850098,-185.79117153426867,-173.14379687524516,0.3960028097238053,-0.37569674829132593,1,320.0,,134.20882846573133,-0.37569674829132593
35.44373917579651,2.1430001258850098,-185.58974709802922,-173.85568595875222,0.39735386930135547,-0.37598536172857866,1,320.0,,134.41025290197078,-0.37598536172857866
35.453402280807495,2.1430001258850098,-185.38832266178977,-174.56757504225928,0.39870696310218584,-0.3762733995954414,1,320.0,,134.61167733821023,-0.3762733995954414
35.464091777801514,2.1430001258850098,-185.18689822555032,-175.27946412576634,0.4000620911262963,-0.37656086189191423,1,320.0,143.0,134.81310177444968,-0.37656086189191423
35.473867416381836,2.142000198364258,-183.897875880837,-177.1317181968258,0.40432028460478703,-0.3740871981889354,1,320.0,143.0,136.102124119163,-0.3740871981889354
35.48345422744751,2.142000198364258,-183.68919211751677,-177.8512561675825,0.4056914955942518,-0.37436121040754,1,320.0,143.0,136.31080788248323,-0.37436121040754
35.49387812614441,2.1410000324249268,-183.48050835419653,-178.56519002945035,0.40705757344752713,-0.37463416805650945,1,320.0,143.0,136.51949164580347,-0.37463416805650945
35.50381088256836,2.1410000324249268,-183.2718245908763,-179.28472800020705,0.40843242871358904,-0.3749065304350271,1,320.0,145.0,136.7281754091237,-0.3749065304350271
35.513869285583496,2.1410000324249268,-182.0104148503338,-180.5909351489603,0.41129553567457383,-0.3725114444386092,1,320.0,145.0,137.9895851496662,-0.3725114444386092
35.52337098121643,2.1410000324249268,-181.79472819185915,-181.31437573334367,0.412680863647311,-0.37277118992534364,1,320.0,145.0,138.20527180814085,-0.37277118992534364
35.533172607421875,2.140000104904175,-181.5790415333845,-182.03220788510933,0.4140610540696422,-0.3730298662511652,1,320.0,145.0,138.4209584666155,-0.3730298662511652
35.54365038871765,2.140000104904175,-181.36335487490985,-182.75564846949268,0.41545003641696987,-0.3732879278699536,1,320.0,145.0,138.63664512509015,-0.3732879278699536
35.55349850654602,2.140000104904175,-180.36665716465055,-183.61817822445474,0.4171930417205508,-0.37156904875203994,1,320.0,145.0,139.63334283534945,-0.37156904875203994
35.56297206878662,2.140000104904175,-180.14578607174678,-184.34254209754573,0.41858765466158376,-0.37181741897810505,1,320.0,145.0,139.85421392825322,-0.37181741897810505
35.57394504547119,2.139000177383423,-179.92491497884302,-185.06129187048433,0.41997711649977826,-0.372064709941812,1,320.0,145.0,140.07508502115698,-0.372064709941812
35.583521604537964,2.139000177383423,-179.70404388593926,-185.78565574357532,0.42137537788460555,-0.372311371974984,1,320.0,146.0,140.29595611406074,-0.372311371974984
35.593947410583496,2.139000177383423,-178.8042383273788,-186.28358524428143,0.42220303772184375,-0.37084034489410367,1,320.0,146.0,141.1957616726212,-0.37084034489410367
35.603464126586914,2.139000177383423,-178.57886520668237,-187.0064476265964,0.4236029735231681,-0.37107840054713626,1,320.0,146.0,141.42113479331763,-0.37107840054713626
35.613091230392456,2.138000011444092,-178.35349208598592,-187.72368889199527,0.4249977369419153,-0.3713153684923879,1,320.0,146.0,141.64650791401408,-0.3713153684923879
35.625277042388916,2.138000011444092,-178.12811896528947,-188.44655127431025,0.4264013022444601,-0.3715516952511047,1,320.0,,141.87188103471053,-0.3715516952511047
35.633243799209595,2.138000011444092,-177.90274584459303,-189.16941365662524,0.42780692409050347,-0.3717873808232867,1,320.0,,142.09725415540697,-0.3717873808232867
35.64360570907593,2.138000011444092,-177.67737272389658,-189.89227603894022,0.429214602480045,-0.3720224252089338,1,320.0,,142.32262727610342,-0.3720224252089338
35.654112339019775,2.13700008392334,-177.45199960320014,-190.60951295887375,0.4306170943645424,-0.37225638481020107,1,320.0,,142.54800039679986,-0.37225638481020107
35.66362905502319,2.13700008392334,-177.2266264825037,-191.33237534118874,0.43202839154037076,-0.37248970378832547,1,320.0,,142.7733735174963,-0.37248970378832547
35.67310976982117,2.136000156402588,-177.00125336180724,-192.04960656774756,0.4334344899699864,-0.3727219396722459,1,320.0,,142.99874663819276,-0.3727219396722459
35.68391442298889,2.136000156402588,-176.7758802411108,-192.77246895006255,0.43484939871595785,-0.37295353549641547,1,320.0,,143.2241197588892,-0.37295353549641547
35.69323015213013,2.134999990463257,-176.55050712041435,-193.48969312988947,0.43625909473139307,-0.37318404981132464,1,320.0,,143.44949287958565,-0.37318404981132464
35.70380163192749,2.134999990463257,-176.3251339997179,-194.21255551220446,0.4376776077118065,-0.3734139246300092,1,320.0,148.0,143.6748660002821,-0.3734139246300092
35.713152170181274,2.134999990463257,-175.51193912169774,-193.52852253380095,0.43555291849047484,-0.3721619005090852,1,320.0,148.0,144.48806087830226,-0.3721619005090852
35.723649740219116,2.134999990463257,-175.2826949740494,-194.24211998198933,0.4369603974391187,-0.372384172174717,1,320.0,148.0,144.7173050259506,-0.372384172174717
35.73440098762512,2.134000062942505,-175.05345082640108,-194.95007486034936,0.4383626267860565,-0.37260535575817766,1,320.0,148.0,144.94654917359892,-0.37260535575817766
35.743123292922974,2.134000062942505,-174.82420667875274,-195.66367230853774,0.43977365026566617,-0.37282588943444356,1,320.0,150.0,145.17579332124726,-0.37282588943444356
35.75299692153931,2.133000135421753,-173.9695231557851,-194.71104275569925,0.4370007152309814,-0.37147147491199584,1,320.0,150.0,146.0304768442149,-0.37147147491199584
35.7635293006897,2.133000135421753,-173.73617119299618,-195.4137337105586,0.4383974538437059,-0.3716835603203724,1,320.0,150.0,146.26382880700382,-0.3716835603203724
35.77392935752869,2.132000207901001,-173.50281923020725,-196.11077064814535,0.43978889175167335,-0.37189455103362573,1,320.0,150.0,146.49718076979275,-0.37189455103362573
35.783682346343994,2.132000207901001,-173.26946726741832,-196.8134616030047,0.4411891030961353,-0.3721048813607031,1,320.0,151.0,146.73053273258168,-0.3721048813607031
35.79332137107849,2.132000207901001,-172.5041600580731,-195.65100597564594,0.43790110626452494,-0.37097686834703814,1,320.0,151.0,147.4958399419269,-0.37097686834703814
35.803768157958984,2.132000207901001,-172.2673189391588,-196.3414632178684,0.4392853013981474,-0.3711801756064751,1,320.0,151.0,147.7326810608412,-0.3711801756064751
35.813231468200684,2.13100004196167,-172.0304778202445,-197.02625935585505,0.4406641485327289,-0.3713823824578614,1,320.0,151.0,147.9695221797555,-0.3713823824578614
35.82389569282532,2.13100004196167,-171.7936367013302,-197.7167165980775,0.4420517412603182,-0.37158391964095916,1,320.0,152.0,148.2063632986698,-0.37158391964095916
35.83319687843323,2.130000114440918,-171.099721915437,-196.48839075545817,0.43862378591827755,-0.3706351288454389,1,320.0,152.0,148.900278084563,-0.3706351288454389
35.84371280670166,2.130000114440918,-170.85988354744362,-197.1663027772256,0.43999427520615386,-0.3708300020237518,1,320.0,152.0,149.14011645255638,-0.3708300020237518
35.85326075553894,2.129000186920166,-170.62004517945024,-197.83854354375254,0.44135936350758853,-0.3710237711394096,1,320.0,152.0,149.37995482054976,-0.3710237711394096
35.864121437072754,2.129000186920166,-170.38020681145687,-198.51645556552,0.4427331707223099,-0.37121686331116166,1,320.0,153.0,149.61979318854313,-0.37121686331116166
35.873284101486206,2.129000186920166,-169.74449631866722,-197.0055349327155,0.4386036859978357,-0.37041360747512586,1,320.0,153.0,150.25550368133278,-0.37041360747512586
35.88368344306946,2.129000186920166,-169.5020604148495,-197.66908481358539,0.4399578669391368,-0.3706011040352738,1,320.0,153.0,150.4979395851505,-0.3706011040352738
35.89309597015381,2.128000020980835,-169.25962451103177,-198.32695632186974,0.4413065947763084,-0.3707874931006917,1,320.0,153.0,150.74037548896823,-0.3707874931006917
35.9038462638855,2.128000020980835,-169.01718860721405,-198.99050620273962,0.4426640078712814,-0.37097319849684807,1,320.0,154.0,150.98281139278595,-0.37097319849684807
35.91327166557312,2.128000020980835,-168.42977338536144,-197.34793085262365,0.4382191384264523,-0.3702899616505685,1,320.0,154.0,151.57022661463856,-0.3702899616505685
35.9245982170105,2.128000020980835,-168.18507092879454,-197.9963292324933,0.43955556614111685,-0.37047060061152903,1,320.0,154.0,151.81492907120546,-0.37047060061152903
35.9333815574646,2.127000093460083,-167.94036847222765,-198.6390448208516,0.4408864904023417,-0.3706501296910586,1,320.0,154.0,152.05963152777235,-0.3706501296910586
35.9437735080719,2.127000093460083,-167.69566601566075,-199.28744320072127,0.44222606087596683,-0.37082896932135956,1,320.0,154.0,152.30433398433925,-0.37082896932135956
35.953311920166016,2.126000165939331,-167.26098033917106,-197.5244213864996,0.43749952184333085,-0.3705280892419865,1,320.0,154.0,152.73901966082894,-0.3705280892419865
35.963303565979004,2.126000165939331,-167.015027397621,-198.15698504545068,0.4388164102291802,-0.37070309308353666,1,320.0,154.0,152.984972602379,-0.37070309308353666
35.9734902381897,2.126000165939331,-166.76907445607094,-198.78954870440177,0.44013507928199197,-0.3708774045674543,1,320.0,154.0,153.23092554392906,-0.3708774045674543
35.98410892486572,2.126000165939331,-166.52312151452088,-199.42211236335285,0.441455529001766,-0.37105102369373943,1,320.0,156.0,153.47687848547912,-0.37105102369373943
35.99374961853027,2.126000165939331,-165.99928736300123,-197.45415635996167,0.43621892641659954,-0.37052309960223007,1,320.0,156.0,154.00071263699877,-0.37052309960223007
36.00347828865051,2.126000165939331,-165.7515013655888,-198.06956557434694,0.4375149833831225,-0.37069234695044095,1,320.0,156.0,154.2484986344112,-0.37069234695044095
36.01319694519043,2.125,-165.5037153681764,-198.67927906866458,0.43880542504868425,-0.3708604829530191,1,320.0,156.0,154.4962846318236,-0.3708604829530191
36.02401876449585,2.125,-165.25592937076397,-199.29468828304985,0.4401044324167427,-0.3710279220574795,1,320.0,,154.74407062923603,-0.3710279220574795
36.03316044807434,2.125,-165.00814337335154,-199.91009749743512,0.4414051706232165,-0.3711946642638221,1,320.0,,154.99185662664846,-0.3711946642638221
36.04379343986511,2.125,-164.76035737593912,-200.52550671182038,0.44270763966810583,-0.37136070957204703,1,320.0,,155.23964262406088,-0.37136070957204703
36.05384540557861,2.124000072479248,-164.5125713785267,-201.13521576486778,0.4440044805245073,-0.3715256467305352,1,320.0,,155.4874286214733,-0.3715256467305352
36.06398630142212,2.124000072479248,-164.26478538111428,-201.75062497925305,0.44530989087451817,-0.3716898876103257,1,320.0,,155.73521461888572,-0.3716898876103257
36.07329082489014,2.124000072479248,-164.01699938370186,-202.3660341936383,0.44661703052453294,-0.37185343221141853,1,320.0,,155.98300061629814,-0.37185343221141853
36.08368921279907,2.124000072479248,-163.76921338628944,-202.98144340802358,0.44792589947455164,-0.37201628053381375,1,320.0,,156.23078661371056,-0.37201628053381375
36.093278646469116,2.124000072479248,-163.52142738887702,-203.59685262240885,0.4492364977245743,-0.3721784325775114,1,320.0,,156.47857261112298,-0.3721784325775114
36.10389852523804,2.124000072479248,-163.2736413914646,-204.2122618367941,0.45054882527460094,-0.37233988834251136,1,320.0,,156.7263586085354,-0.37233988834251136
36.11316418647766,2.123000144958496,-163.02585539405217,-204.82196508266094,0.4518555069108374,-0.3725002402937152,1,320.0,,156.97414460594783,-0.3725002402937152
36.12379026412964,2.123000144958496,-162.77806939663975,-205.43737429704618,0.4531707634708884,-0.3726598965856416,1,320.0,,157.22193060336025,-0.3726598965856416
36.13304901123047,2.123000144958496,-162.53028339922733,-206.05278351143147,0.4544877477925318,-0.37281885721829033,1,320.0,,157.46971660077267,-0.37281885721829033
36.143990993499756,2.123000144958496,-162.2824974018149,-206.6681927258167,0.4558064598757676,-0.3729771221916616,1,320.0,,157.7175025981851,-0.3729771221916616
36.15351724624634,2.123000144958496,-162.0347114044025,-207.283601940202,0.45712689972059584,-0.3731346915057553,1,320.0,,157.9652885955975,-0.3731346915057553
36.163097620010376,2.123000144958496,-161.78692540699006,-207.89901115458724,0.4584490673270165,-0.3732915651605715,1,320.0,,158.21307459300994,-0.3732915651605715
36.173590421676636,2.122000217437744,-161.53913940957764,-208.5087085843946,0.4597655712837087,-0.37344733933753227,1,320.0,,158.46086059042236,-0.37344733933753227
36.18315052986145,2.122000217437744,-161.29135341216522,-209.12411779877988,0.4610906556050753,-0.3736024184746355,1,320.0,161.0,158.70864658783478,-0.3736024184746355
36.19357180595398,2.122000217437744,-160.70308924803487,-203.59713016590837,0.44700908908176773,-0.37290270341374826,1,320.0,161.0,159.29691075196513,-0.37290270341374826
36.2030553817749,2.122000217437744,-160.4530803990393,-204.17243802317037,0.44827216231012407,-0.37305276377269425,1,320.0,161.0,159.5469196009607,-0.37305276377269425
36.213005781173706,2.122000217437744,-160.20307155004372,-204.74774588043238,0.44953684927733284,-0.37320212285668297,1,320.0,161.0,159.79692844995628,-0.37320212285668297
36.223541259765625,2.122000217437744,-159.95306270104814,-205.32305373769438,0.45080314998339394,-0.37335078066571425,1,320.0,161.0,160.04693729895186,-0.37335078066571425
36.23276448249817,2.122000217437744,-159.56998657376553,-200.37830371289732,0.4382505661505539,-0.37316557835803615,1,320.0,161.0,160.43001342623447,-0.37316557835803615
36.24316120147705,2.122000217437744,-159.31911220049986,-200.9177068448897,0.4394614241858624,-0.37331141930644474,1,320.0,161.0,160.68088779950014,-0.37331141930644474
36.25289249420166,2.122000217437744,-159.06823782723419,-201.45710997688207,0.44067379524724937,-0.37345655655209986,1,320.0,161.0,160.93176217276581,-0.37345655655209986
36.263365507125854,2.122000217437744,-158.8173634539685,-201.99651310887444,0.4418876793347148,-0.3736009900950017,1,320.0,162.0,161.1826365460315,-0.3736009900950017
36.274017095565796,2.122000217437744,-158.45816101207794,-197.47186818060942,0.43043765364876896,-0.37347378633146766,1,320.0,162.0,161.54183898792206,-0.37347378633146766
36.28341627120972,2.122000217437744,-158.20658345850705,-197.97839951025372,0.43160082076258827,-0.3736156628197839,1,320.0,162.0,161.79341654149295,-0.3736156628197839
36.2929265499115,2.121000051498413,-157.95500590493617,-198.47921186638524,0.4327580336067551,-0.3737564386798835,1,320.0,162.0,162.04499409506383,-0.3737564386798835
36.303529024124146,2.121000051498413,-157.7034283513653,-198.98574319602955,0.4339235287732537,-0.3738965094938569,1,320.0,163.0,162.2965716486347,-0.3738965094938569
36.31314253807068,2.121000051498413,-157.36261402079973,-194.77251813278073,0.4232899786444215,-0.3738127630155318,1,320.0,163.0,162.63738597920027,-0.3738127630155318
36.32363772392273,2.121000051498413,-157.11045757709036,-195.24843181212464,0.42440825881492517,-0.37395047736066767,1,320.0,163.0,162.88954242290964,-0.37395047736066767
36.332993507385254,2.121000051498413,-156.858301133381,-195.72434549146854,0.42552787273357645,-0.3740874850373377,1,320.0,163.0,163.141698866619,-0.3740874850373377
36.34344506263733,2.121000051498413,-156.60614468967162,-196.20025917081244,0.42664882040037533,-0.3742237860455416,1,320.0,164.0,163.39385531032838,-0.3742237860455416
36.35331749916077,2.121000051498413,-156.27987465963508,-192.2232021562882,0.41663470714738415,-0.3741740303786577,1,320.0,164.0,163.72012534036492,-0.3741740303786577
36.36381220817566,2.121000051498413,-156.02723718592725,-192.67021408371036,0.41771107976006583,-0.37430813176250977,1,320.0,164.0,163.97276281407275,-0.37430813176250977
36.37357473373413,2.121000051498413,-155.7745997122194,-193.11722601113252,0.4187887051237317,-0.3744415251298092,1,320.0,164.0,164.2254002877806,-0.3744415251298092
36.38319802284241,2.121000051498413,-155.52196223851158,-193.56423793855467,0.4198675832383817,-0.37457421048055606,1,320.0,165.0,164.47803776148842,-0.37457421048055606
36.393683671951294,2.121000051498413,-155.20745731337522,-189.7699406819144,0.41033286190943236,-0.37455135028132147,1,320.0,165.0,164.79254268662478,-0.37455135028132147
36.40317392349243,2.120000123977661,-154.9544177236265,-190.18366219001777,0.4113618420322348,-0.37468157519127643,1,320.0,165.0,165.0455822763735,-0.37468157519127643
36.413737058639526,2.120000123977661,-154.7013781338778,-190.60310714291904,0.41239886473479287,-0.37481109159030157,1,320.0,165.0,165.2986218661222,-0.37481109159030157
36.42383337020874,2.120000123977661,-154.4483385441291,-191.02255209582032,0.41343706188334894,-0.374939899478397,1,320.0,165.0,165.5516614558709,-0.374939899478397
36.43337416648865,2.120000123977661,-154.19529895438038,-191.4419970487216,0.41447643347790325,-0.37506799885556275,1,320.0,166.0,165.80470104561962,-0.37506799885556275
36.443819999694824,2.120000123977661,-153.9192412991873,-187.53990541101476,0.40468889901170585,-0.3751377154523542,1,320.0,166.0,166.0807587008127,-0.3751377154523542
36.45395374298096,2.120000123977661,-153.66605176873696,-187.93119968244488,0.40568465955478095,-0.37526415300839416,1,320.0,166.0,166.33394823126304,-0.37526415300839416
36.46350073814392,2.120000123977661,-153.41286223828664,-188.322493953875,0.40668151572193745,-0.3753898816336704,1,320.0,167.0,166.58713776171336,-0.3753898816336704
36.47296929359436,2.120000123977661,-153.11321031343786,-184.60089006558135,0.39736439022956843,-0.3753983744485012,1,320.0,167.0,166.88678968656214,-0.3753983744485012
36.483341455459595,2.120000123977661,-152.85971757342912,-184.9653439201324,0.398319637875335,-0.37552219041707424,1,320.0,167.0,167.14028242657088,-0.37552219041707424
36.49470520019531,2.120000123977661,-152.60622483342038,-185.32979777468344,0.39927590599200724,-0.37564529660589674,1,320.0,167.0,167.39377516657962,-0.37564529660589674
36.50331401824951,2.120000123977661,-152.35273209341165,-185.6942516292345,0.40023319457958517,-0.3757676930149687,1,320.0,168.0,167.64726790658835,-0.3757676930149687
36.51316976547241,2.120000123977661,-152.06025976958645,-182.08941096695858,0.3912202639545357,-0.3757914592780006,1,320.0,168.0,167.93974023041355,-0.3757914592780006
36.523802280426025,2.120000123977661,-151.80651185096337,-182.42787996032231,0.3921372248670035,-0.3759120200558871,1,320.0,168.0,168.19348814903663,-0.3759120200558871
36.53345823287964,2.120000123977661,-151.5527639323403,-182.76634895368605,0.39305513349275767,-0.3760318703395229,1,320.0,168.0,168.4472360676597,-0.3760318703395229
36.54434013366699,2.120000123977661,-151.29901601371722,-183.10481794704978,0.39397398983179815,-0.37615101012890784,1,320.0,168.0,168.70098398628278,-0.37615101012890784
36.554569244384766,2.120000123977661,-151.04526809509414,-183.44328694041351,0.39489379388412493,-0.376269439424042,1,320.0,169.0,168.95473190490586,-0.376269439424042
36.562989711761475,2.120000123977661,-150.7864869588032,-179.7047807981191,0.38555300765745715,-0.37637448987336486,1,320.0,169.0,169.2135130411968,-0.37637448987336486
36.573527812957764,2.120000123977661,-150.5327059681934,-180.0164610299936,0.3864310700823856,-0.37649144430800074,1,320.0,169.0,169.4672940318066,-0.37649144430800074
36.58382058143616,2.120000123977661,-150.27892497758359,-180.3281412618681,0.3873100052120599,-0.37660768815578427,1,320.0,169.0,169.72107502241641,-0.37660768815578427
36.59355568885803,2.120000123977661,-150.02514398697377,-180.6398214937426,0.38818981304648004,-0.37672322141671544,1,320.0,169.0,169.97485601302623,-0.37672322141671544
36.60290479660034,2.120000123977661,-149.8780244620136,-177.027496662483,0.3791793994760267,-0.3771069016935844,1,320.0,169.0,170.1219755379864,-0.3771069016935844
36.613401889801025,2.120000123977661,-149.62494629736315,-177.31332039026518,0.38001886530141527,-0.37722215779201185,1,320.0,169.0,170.37505370263685,-0.37722215779201185
36.624311208724976,2.120000123977661,-149.3718681327127,-177.59914411804735,0.3808591314333302,-0.3773367052714999,1,320.0,169.0,170.6281318672873,-0.3773367052714999
36.63379621505737,2.120000123977661,-149.11878996806226,-177.88496784582952,0.3817001978717716,-0.37745054413204837,1,320.0,170.0,170.88121003193774,-0.37745054413204837
36.643211364746094,2.120000123977661,-148.96082854321574,-174.27318068068377,0.3727021593590221,-0.3778038060168114,1,320.0,170.0,171.03917145678426,-0.3778038060168114
36.65380096435547,2.120000123977661,-148.70837900470775,-174.53324511409346,0.37350292981952876,-0.3779172500779063,1,320.0,170.0,171.29162099529225,-0.3779172500779063
36.663851737976074,2.120000123977661,-148.45592946619976,-174.79330954750316,0.3743044284605296,-0.3780299872802151,1,320.0,170.0,171.54407053380024,-0.3780299872802151
36.673503398895264,2.120000123977661,-148.20347992769177,-175.05337398091285,0.3751066552820246,-0.3781420176237379,1,320.0,170.0,171.79652007230823,-0.3781420176237379
36.68394351005554,2.120000123977661,-148.14274376647944,-171.548805679867,0.366390203609898,-0.37873811551598646,1,320.0,170.0,171.85725623352056,-0.37873811551598646
36.69347882270813,2.120000123977661,-147.89156513575765,-171.78391358117696,0.36715332810274065,-0.37885079758733853,1,320.0,170.0,172.10843486424235,-0.37885079758733853
36.70410680770874,2.121000051498413,-147.64038650503585,-172.02474492728481,0.36792442508787637,-0.37896314543266085,1,320.0,172.0,172.35961349496415,-0.37896314543266085
36.713786125183105,2.121000051498413,-147.4263786652448,-168.61697184290097,0.35946520897088985,-0.3791689091515519,1,320.0,172.0,172.5736213347552,-0.3791689091515519
36.724729776382446,2.121000051498413,-147.17544708793028,-168.8278675567058,0.3601914239480193,-0.3792802504681866,1,320.0,172.0,172.82455291206972,-0.3792802504681866
36.73329138755798,2.121000051498413,-146.92451551061575,-169.03876327051063,0.36091822996041373,-0.3793908885490437,1,320.0,172.0,173.07548448938425,-0.3793908885490437
36.74436974525452,2.121000051498413,-146.67358393330122,-169.24965898431546,0.3616456270080733,-0.37950082339412294,1,320.0,172.0,173.32641606669878,-0.37950082339412294
36.7533278465271,2.121000051498413,-146.42265235598668,-169.4605546981203,0.36237361509099797,-0.3796100550034245,1,320.0,172.0,173.57734764401332,-0.3796100550034245
36.76369071006775,2.121000051498413,-146.33766173701292,-166.0230982724689,0.3538444801991819,-0.380139659489161,1,320.0,172.0,173.66233826298708,-0.380139659489161
36.773242235183716,2.121000051498413,-146.0878375692616,-166.20964665159715,0.35453414081027573,-0.38024928167145555,1,320.0,172.0,173.9121624307384,-0.38024928167145555
36.78451323509216,2.121000051498413,-145.8380134015103,-166.3961950307254,0.3552243242232261,-0.38035820372148776,1,320.0,172.0,174.1619865984897,-0.38035820372148776
36.79334855079651,2.121000051498413,-145.58818923375898,-166.58274340985366,0.35591503043803296,-0.3804664256392577,1,320.0,173.0,174.41181076624102,-0.3804664256392577
36.803717851638794,2.121000051498413,-145.4858273552181,-163.23875637828004,0.3476345495463613,-0.38094867497379503,1,320.0,173.0,174.5141726447819,-0.38094867497379503
36.813289165496826,2.121000051498413,-145.23698998516127,-163.40167889196056,0.34828798978890996,-0.38105709681285893,1,320.0,173.0,174.76301001483873,-0.38105709681285893
36.82550525665283,2.121000051498413,-144.98815261510444,-163.56460140564107,0.3489418866218241,-0.38116482128516127,1,320.0,173.0,175.01184738489556,-0.38116482128516127
36.83311629295349,2.121000051498413,-144.7393152450476,-163.72752391932158,0.349596240045104,-0.38127184839070183,1,320.0,174.0,175.2606847549524,-0.38127184839070183
36.84382748603821,2.121000051498413,-144.62136642128885,-160.36602807597293,0.34128239291210244,-0.38171125280372586,1,320.0,174.0,175.37863357871115,-0.38171125280372586
36.85339069366455,2.121000051498413,-144.3734072592496,-160.50530319997688,0.34189933919378956,-0.38181830830171026,1,320.0,174.0,175.6265927407504,-0.38181830830171026
36.86449217796326,2.122000217437744,-144.12544809721035,-160.6502972974936,0.3425239562820577,-0.3819250292675217,1,320.0,174.0,175.87455190278965,-0.3819250292675217
36.87338829040527,2.122000217437744,-143.8774889351711,-160.78957242149755,0.34314210126890904,-0.38203105470774873,1,320.0,175.0,176.1225110648289,-0.38203105470774873
36.88379740715027,2.122000217437744,-143.74549049964094,-157.51952018456416,0.33507331244338695,-0.3824318647424783,1,320.0,175.0,176.25450950035906,-0.3824318647424783
36.893388748168945,2.122000217437744,-143.49831134749357,-157.63586246616336,0.33565509186121356,-0.382537762601236,1,320.0,175.0,176.50168865250643,-0.382537762601236
36.904826164245605,2.122000217437744,-143.2511321953462,-157.75220474776256,0.3362371976192033,-0.38264296712233764,1,320.0,175.0,176.7488678046538,-0.38264296712233764
36.91358828544617,2.122000217437744,-143.00395304319883,-157.86854702936176,0.33681962971735613,-0.38274747830578315,1,320.0,176.0,176.99604695680117,-0.38274747830578315
36.92416572570801,2.122000217437744,-142.85924304539688,-154.6844688300431,0.32898202203111343,-0.3831127258091118,1,320.0,176.0,177.14075695460312,-0.3831127258091118
36.933676958084106,2.122000217437744,-142.61275478948096,-154.77855809231124,0.3295290830854209,-0.38321696875672073,1,320.0,176.0,177.38724521051904,-0.38321696875672073
36.94351267814636,2.122000217437744,-142.36626653356504,-154.87264735457939,0.33007640806016014,-0.3833205203046378,1,320.0,176.0,177.63373346643496,-0.3833205203046378
36.953375816345215,2.122000217437744,-142.11977827764912,-154.96673661684753,0.3306239969553312,-0.38342338045286306,1,320.0,176.0,177.88022172235088,-0.38342338045286306
36.96382117271423,2.123000144958496,-142.06605421458804,-151.8699222396878,0.32301400597921404,-0.3840182806416627,1,320.0,176.0,177.93394578541196,-0.3840182806416627
36.97461724281311,2.123000144958496,-141.82086855150104,-151.94241055902972,0.3235275703351322,-0.38412221998581203,1,320.0,176.0,178.17913144849896,-0.38412221998581203
36.98410487174988,2.123000144958496,-141.57568288841404,-152.01489887837158,0.32404133820203307,-0.3842254709711233,1,320.0,176.0,178.42431711158596,-0.3842254709711233
36.993712186813354,2.123000144958496,-141.33049722532704,-152.0873871977135,0.32455530957991685,-0.38432803359759665,1,320.0,177.0,178.66950277467296,-0.38432803359759665
37.00306582450867,2.123000144958496,-141.25598683733944,-149.06280966988703,0.317150054138883,-0.38486633738171205,1,320.0,177.0,178.74401316266056,-0.38486633738171205
37.013670444488525,2.123000144958496,-141.01195687432974,-149.1143267077299,0.3176305131105648,-0.3849693925461273,1,320.0,177.0,178.98804312567026,-0.3849693925461273
37.02407264709473,2.124000072479248,-140.76792691132005,-149.17154971409119,0.31811835279992456,-0.3850721144906433,1,320.0,177.0,179.23207308867995,-0.3850721144906433
37.0337290763855,2.124000072479248,-140.52389694831035,-149.22306675193403,0.31859949008994787,-0.38517415071091915,1,320.0,178.0,179.47610305168965,-0.38517415071091915
37.04315114021301,2.124000072479248,-140.43041911794728,-146.27347171972752,0.3113990046788539,-0.385660860516173,1,320.0,178.0,179.56958088205272,-0.385660860516173
37.05364799499512,2.124000072479248,-140.1874105234302,-146.30462875829795,0.3118475091584594,-0.385763176851725,1,320.0,178.0,179.8125894765698,-0.385763176851725
37.06355381011963,2.124000072479248,-139.94440192891312,-146.33578579686838,0.3122961011893488,-0.3858648103330824,1,320.0,178.0,180.05559807108688,-0.3858648103330824
37.073326110839844,2.124000072479248,-139.70139333439604,-146.3669428354388,0.31274478077152235,-0.38596576096024526,1,320.0,179.0,180.29860666560396,-0.38596576096024526
37.083088397979736,2.124000072479248,-139.5905811685669,-143.48985732598325,0.30574266828335284,-0.38640471426590095,1,320.0,179.0,180.4094188314331,-0.38640471426590095
37.09349489212036,2.124000072479248,-139.3484709657812,-143.50125028254413,0.306159578370522,-0.3865057512512216,1,320.0,179.0,180.6515290342188,-0.3865057512512216
37.103726625442505,2.125,-139.10636076299548,-143.5183434004429,0.3065837354528142,-0.38660645564752466,1,320.0,179.0,180.89363923700452,-0.38660645564752466
37.1219847202301,2.125,-138.86425056020977,-143.52973635700377,0.30700108438419127,-0.3867064791088824,1,320.0,179.0,181.13574943979023,-0.3867064791088824
37.13969159126282,2.125,-138.83921999894932,-140.8247068280636,0.3004532195571782,-0.387362440890843,1,320.0,179.0,181.16078000105068,-0.387362440890843
37.14350390434265,2.126000165939331,-138.59858736190975,-140.8233060102909,0.3008479562406902,-0.38746383680731666,1,320.0,179.0,181.40141263809025,-0.38746383680731666
37.14894986152649,2.126000165939331,-138.35795472487018,-140.8162094724506,0.3012358380833642,-0.38756455534281725,1,320.0,179.0,181.64204527512982,-0.38756455534281725
37.15351176261902,2.126000165939331,-138.11732208783062,-140.80911293461028,0.3016236999492812,-0.38766459649734475,1,320.0,181.0,181.88267791216938,-0.38766459649734475
37.16324281692505,2.126000165939331,-137.96629333827983,-138.16272698128185,0.2952389728558458,-0.3879938890182223,1,320.0,181.0,182.03370666172017,-0.3879938890182223
37.17461085319519,2.126000165939331,-137.72627146047702,-138.13764048302548,0.29559772657320404,-0.38809356227615577,1,320.0,181.0,182.27372853952298,-0.38809356227615577
37.18311595916748,2.126000165939331,-137.48624958267422,-138.1125539847691,0.29595640967205933,-0.38819255987240353,1,320.0,181.0,182.51375041732578,-0.38819255987240353
37.19381237030029,2.126000165939331,-137.24622770487142,-138.08746748651274,0.29631502215241157,-0.3882908818069658,1,320.0,181.0,182.75377229512858,-0.3882908818069658
37.20347213745117,2.127000093460083,-137.1840586809195,-135.60602911517543,0.29035873564926173,-0.38884556028742334,1,320.0,181.0,182.8159413190805,-0.38884556028742334
37.213966369628906,2.127000093460083,-136.94525062907576,-135.56413946453773,0.2906904200631124,-0.38894483390085555,1,320.0,181.0,183.05474937092424,-0.38894483390085555
37.224200963974,2.126000165939331,-136.70644257723202,-135.51656124173851,0.29101480537186764,-0.3890430929312104,1,320.0,181.0,183.29355742276798,-0.3890430929312104
37.23431992530823,2.126000165939331,-136.4676345253883,-135.47467159110084,0.2913458990478328,-0.3891406797168003,1,320.0,183.0,183.5323654746117,-0.3891406797168003
37.242960691452026,2.125,-136.28277123500294,-133.02911397056198,0.28550847891720343,-0.38937585607022007,1,320.0,183.0,183.71722876499706,-0.38937585607022007
37.253623485565186,2.125,-136.04433176819813,-132.97083984307918,0.28581253045128274,-0.38947235339315234,1,320.0,183.0,183.95566823180187,-0.38947235339315234
37.26313757896423,2.121000051498413,-135.80589230139333,-132.88972882764935,0.28608762071491545,-0.38956682206364573,1,320.0,183.0,184.19410769860667,-0.38956682206364573
37.274249792099,2.121000051498413,-135.56745283458852,-132.83145470016655,0.28638995193083483,-0.38966062250750266,1,320.0,184.0,184.43254716541148,-0.38966062250750266
37.28298783302307,2.118000030517578,-135.37281574590276,-130.52305082075782,0.28093023184011184,-0.3898653424622821,1,320.0,184.0,184.62718425409724,-0.3898653424622821
37.29387927055359,2.118000030517578,-135.13467586625228,-130.44950445641285,0.28120658257780606,-0.3899572760360577,1,320.0,184.0,184.86532413374772,-0.3899572760360577
37.30350208282471,2.1100001335144043,-134.8965359866018,-130.32986246354156,0.2814246775981991,-0.39004584611286647,1,320.0,184.0,185.1034640133982,-0.39004584611286647
37.31434202194214,2.1100001335144043,-134.65839610695133,-130.2563160991966,0.28169788328163814,-0.3901337553514298,1,320.0,184.0,185.34160389304867,-0.3901337553514298
37.323524951934814,2.1040000915527344,-134.5560479243576,-128.17035423742237,0.27684092071717115,-0.3905682270325588,1,320.0,184.0,185.4439520756424,-0.3905682270325588
37.33287739753723,2.1040000915527344,-134.318837618593,-128.08327008039055,0.2770899295834708,-0.3906542946882117,1,320.0,184.0,185.681162381407,-0.3906542946882117
37.34412097930908,2.0930001735687256,-134.08162731282837,-127.93178620711303,0.2772577225968611,-0.39073602042610744,1,320.0,184.0,185.91837268717163,-0.39073602042610744
37.354928493499756,2.0930001735687256,-133.84441700706375,-127.84470205008121,0.2775025573122494,-0.3908170979867397,1,320.0,183.0,186.15558299293625,-0.3908170979867397
37.363487005233765,2.0840001106262207,-133.92647953046108,-125.96150415915807,0.27319602186470315,-0.3917159753887144,1,320.0,183.0,186.07352046953892,-0.3917159753887144
37.37322974205017,2.0840001106262207,-133.69145653258312,-125.86247973367853,0.2734182799090152,-0.3917962516754386,1,320.0,183.0,186.30854346741688,-0.3917962516754386
37.385077714920044,2.070000171661377,-133.45643353470516,-125.67964251312877,0.27353506834201397,-0.3918712200949636,1,320.0,183.0,186.54356646529484,-0.3918712200949636
37.39328598976135,2.070000171661377,-133.2214105368272,-125.58061808764923,0.2737521672387163,-0.39194555982786855,1,320.0,183.0,186.7785894631728,-0.39194555982786855
37.42201852798462,2.059000015258789,-133.36858251011867,-123.98879951678374,0.27021494742005264,-0.3929992894938753,1,320.0,183.0,186.63141748988133,-0.3929992894938753
37.42563462257385,2.0429999828338623,-133.13617966209458,-123.78155936023728,0.27028901964291663,-0.3930675586590017,1,320.0,183.0,186.86382033790542,-0.3930675586590017
37.42990970611572,2.0429999828338623,-132.90377681407048,-123.67275844533236,0.27048093525736944,-0.39313522183371186,1,320.0,182.0,187.09622318592952,-0.39313522183371186
37.43335247039795,2.0429999828338623,-133.1748418187898,-122.24446299231553,0.2672752684078944,-0.3944985562402406,1,320.0,182.0,186.8251581812102,-0.3944985562402406
37.44305229187012,2.0310001373291016,-132.94589298579837,-122.05167656741756,0.26735851293627244,-0.39456648572546515,1,320.0,182.0,187.05410701420163,-0.39456648572546515
37.45348525047302,2.0310001373291016,-132.71694415280695,-121.93382332882334,0.26753137352145206,-0.39463382509499406,1,320.0,182.0,187.28305584719305,-0.39463382509499406
37.46346735954285,2.013000011444092,-132.48799531981552,-121.70174829496958,0.2675610931618665,-0.3946946123473424,1,320.0,182.0,187.51200468018448,-0.3946946123473424
37.47490882873535,2.013000011444092,-132.2590464868241,-121.58389505637535,0.2677275804932623,-0.3947548197867645,1,320.0,181.0,187.7409535131759,-0.3947548197867645
37.48309087753296,2.0,-132.71396044430256,-120.32135437088851,0.26505649520742797,-0.39657167399147636,1,320.0,181.0,187.28603955569744,-0.39657167399147636
37.493549823760986,2.0,-132.4897074740843,-120.19621693304839,0.26520682082435243,-0.39663379469589966,1,320.0,181.0,187.5102925259157,-0.39663379469589966
37.503050565719604,1.9800001382827759,-132.26545450386604,-119.93969006486063,0.26519284086465,-0.3966887415408973,1,320.0,181.0,187.73454549613396,-0.3966887415408973
37.513702154159546,1.9800001382827759,-132.04120153364778,-119.8145526270205,0.2653362216345988,-0.39674313896604035,1,320.0,180.0,187.95879846635222,-0.39674313896604035
37.52348804473877,1.967000126838684,-132.6238930593263,-118.90260926005287,0.2635679503522651,-0.3988715014417149,1,320.0,180.0,187.3761069406737,-0.3988715014417149
37.533148527145386,1.967000126838684,-132.4051826608147,-118.77266489052492,0.26369915006386685,-0.39892913853456874,1,320.0,180.0,187.5948173391853,-0.39892913853456874
37.543707609176636,1.946000099182129,-132.18647226230308,-118.4995667193513,0.2636516837631323,-0.39897930709603147,1,320.0,180.0,187.81352773769692,-0.39897930709603147
37.553980112075806,1.946000099182129,-131.96776186379148,-118.36962234982335,0.26377569470590656,-0.39902895840734753,1,320.0,179.0,188.03223813620852,-0.39902895840734753
37.563589096069336,1.9320000410079956,-132.66439031322994,-117.56596282889836,0.26229324189484937,-0.4014317354850574,1,320.0,179.0,187.33560968677006,-0.4014317354850574
37.57311749458313,1.9320000410079956,-132.4519684891951,-117.43205850891349,0.2624061734192324,-0.40148544239637446,1,320.0,179.0,187.5480315108049,-0.40148544239637446
37.58375144004822,1.91100013256073,-132.23954666516028,-117.14925573935761,0.2623336175645352,-0.401531711818887,1,320.0,179.0,187.76045333483972,-0.401531711818887
37.593984603881836,1.91100013256073,-132.02712484112544,-117.01535141937273,0.26243943488219007,-0.4015774974506249,1,320.0,178.0,187.97287515887456,-0.4015774974506249
37.603692054748535,1.8970000743865967,-132.82496069302871,-116.41756506253569,0.2614848105642017,-0.4042211709542814,1,320.0,178.0,187.17503930697129,-0.4042211709542814
37.6133189201355,1.8970000743865967,-132.61948092140548,-116.28116900704535,0.261581895840736,-0.40427199443896256,1,320.0,178.0,187.38051907859452,-0.40427199443896256
37.62384343147278,1.8750001192092896,-132.41400114978225,-115.98230021882459,0.26147696461116515,-0.40431507437999226,1,320.0,178.0,187.58599885021775,-0.40431507437999226
37.63362216949463,1.8750001192092896,-132.20852137815902,-115.84590416333425,0.2615667022944588,-0.4043577048339603,1,320.0,176.0,187.79147862184098,-0.4043577048339603
37.644030809402466,1.8610000610351562,-133.19712411850244,-115.53568484220145,0.2613493278403022,-0.40747204116509306,1,320.0,176.0,186.80287588149756,-0.40747204116509306
37.65348958969116,1.8610000610351562,-132.99985087794286,-115.39881977747089,0.26143348573980496,-0.4075215954757304,1,320.0,176.0,187.00014912205714,-0.4075215954757304
37.663631439208984,1.8390001058578491,-132.80257763738328,-115.0924860415706,0.2613072917766554,-0.40756342102879883,1,320.0,176.0,187.19742236261672,-0.40756342102879883
37.67347550392151,1.8390001058578491,-132.6053043968237,-114.95562097684004,0.26138417314440004,-0.407604832801193,1,320.0,175.0,187.3946956031763,-0.407604832801193
37.6832857131958,1.8250000476837158,-133.66284791975812,-114.9051177905498,0.2618307434535317,-0.4108745708599178,1,320.0,175.0,186.33715208024188,-0.4108745708599178
37.69369029998779,1.8250000476837158,-133.47419971015572,-114.76960363738692,0.26190483879091997,-0.41092348356120845,1,320.0,175.0,186.52580028984428,-0.41092348356120845
37.7032630443573,1.8030000925064087,-133.2855515005533,-114.45716308510839,0.26175968290954915,-0.41096467648514734,1,320.0,175.0,186.7144484994467,-0.41096467648514734
37.71391701698303,1.8030000925064087,-133.0969032909509,-114.32164893194552,0.26182656666242327,-0.4110054906977618,1,320.0,173.0,186.9030967090491,-0.4110054906977618
37.72351694107056,1.7890000343322754,-134.31545008677986,-114.50508559618132,0.2628692728865919,-0.41466735271167543,1,320.0,173.0,185.68454991322014,-0.41466735271167543
37.733012676239014,1.7890000343322754,-134.13647522028793,-114.37255504769804,0.26293583610306026,-0.4147171670807701,1,320.0,173.0,185.86352477971207,-0.4147171670807701
37.743430376052856,1.7670000791549683,-133.957500353796,-114.05513702683426,0.26277363522584274,-0.4147592607744167,1,320.0,173.0,186.042499646204,-0.4147592607744167
37.7539427280426,1.7670000791549683,-133.77852548730408,-113.92260647835099,0.2628330451881289,-0.41480101128372143,1,320.0,171.0,186.22147451269592,-0.41480101128372143
37.76348519325256,1.7530001401901245,-135.13988207881982,-114.41731557390695,0.2646699254899988,-0.41880689718761277,1,320.0,171.0,184.86011792118018,-0.41880689718761277
37.774030685424805,1.7530001401901245,-134.97149649792135,-114.28992421917634,0.2647322066867205,-0.4188589183799961,1,320.0,171.0,185.02850350207865,-0.4188589183799961
37.78387713432312,1.7340000867843628,-134.80311091702288,-113.99582467435181,0.26458846959594107,-0.41890421942069767,1,320.0,171.0,185.19688908297712,-0.41890421942069767
37.79343223571777,1.7340000867843628,-134.6347253361244,-113.8684333196212,0.2646445485701109,-0.41894921147382175,1,320.0,170.0,185.3652746638756,-0.41894921147382175
37.80406045913696,1.7230000495910645,-136.0209660425936,-114.56890109844873,0.26696575360172303,-0.42299616655868705,1,320.0,170.0,183.9790339574064,-0.42299616655868705
37.8136146068573,1.7230000495910645,-135.86326850331574,-114.44787754568851,0.26702738989126357,-0.42305250238621733,1,320.0,170.0,184.13673149668426,-0.42305250238621733
37.823604583740234,1.7080000638961792,-135.70557096403786,-114.19046366937873,0.26692061037862747,-0.42310346422136785,1,320.0,170.0,184.29442903596214,-0.42310346422136785
37.83332943916321,1.7080000638961792,-135.54787342475998,-114.06944011661851,0.26697728504254314,-0.4231541469318487,1,320.0,170.0,184.45212657524002,-0.4231541469318487
37.84385871887207,1.7000000476837158,-136.85220733503138,-114.85776604957441,0.26947617689468906,-0.4269691774727098,1,320.0,170.0,183.14779266496862,-0.4269691774727098
37.85327219963074,1.7000000476837158,-136.70456148810044,-114.74350199495579,0.26953986117131634,-0.42703123545529326,1,320.0,170.0,183.29543851189956,-0.42703123545529326
37.86316108703613,1.690000057220459,-136.5569156411695,-114.53586735415946,0.2685333608715086,-0.42597013479892054,1,320.0,170.0,183.4430843588305,-0.42597013479892054
37.873900413513184,1.690000057220459,-136.40926979423855,-114.42160329954085,0.268594763922034,-0.426029742242533,1,320.0,169.0,183.59073020576145,-0.426029742242533
37.88348436355591,1.6850000619888306,-137.73750139443638,-115.2918727252457,0.27074744690802577,-0.42928458469319175,1,320.0,169.0,182.26249860556362,-0.42928458469319175
37.89399695396423,1.6850000619888306,-137.60000248388445,-115.18470165166801,0.2708177029986217,-0.4293572885012421,1,320.0,169.0,182.39999751611555,-0.4293572885012421
37.90307569503784,1.6790001392364502,-137.46250357333253,-115.02054818756703,0.27023548384380314,-0.42874042766889914,1,320.0,169.0,182.53749642666747,-0.42874042766889914
37.91384935379028,1.6790001392364502,-137.3250046627806,-114.91337711398934,0.27030419463078426,-0.42881142567743025,1,320.0,170.0,182.6749953372194,-0.42881142567743025
37.92371988296509,1.6760001182556152,-138.46947243886592,-115.84998895256116,0.2727554215954604,-0.4317755834910034,1,320.0,170.0,181.53052756113408,-0.4317755834910034
37.93334627151489,1.6760001182556152,-138.340787191118,-115.75019104888976,0.27283367710603407,-0.4318580455956861,1,320.0,170.0,181.659212808882,-0.4318580455956861
37.94298505783081,1.6720000505447388,-138.2121019433701,-115.61200130028001,0.2724694713507445,-0.4314718419290075,1,320.0,170.0,181.7878980566299,-0.4314718419290075
37.95351314544678,1.6720000505447388,-138.0834166956222,-115.51220339660861,0.27254656871890004,-0.43155300296963967,1,320.0,171.0,181.9165833043778,-0.43155300296963967
37.96340775489807,1.6700000762939453,-139.05875233699405,-116.49927340583443,0.27518172553269415,-0.4341738645636382,1,320.0,171.0,180.94124766300595,-0.4341738645636382
37.97404956817627,1.6700000762939453,-138.93765716121283,-116.40708013969461,0.2752688412857137,-0.4342649038009806,1,320.0,171.0,181.06234283878717,-0.4342649038009806
37.983795166015625,1.6690000295639038,-138.8165619854316,-116.30523132932865,0.275243254273921,-0.4342367535697965,1,320.0,171.0,181.1834380145684,-0.4342367535697965
37.99422526359558,1.6690000295639038,-138.69546680965038,-116.21303806318883,0.2753298466578279,-0.4343271614842183,1,320.0,171.0,181.30453319034962,-0.4343271614842183
38.003822803497314,1.6680001020431519,-139.6164138880857,-117.34568407074508,0.27840000804656617,-0.43691201727858553,1,320.0,171.0,180.3835861119143,-0.43691201727858553
38.01358914375305,1.6680001020431519,-139.50248241585885,-117.261977637417,0.27849806645646624,-0.4370119144886213,1,320.0,171.0,180.49751758414115,-0.4370119144886213
38.02321743965149,1.6680001020431519,-139.388550943632,-117.17827120408893,0.2785959850766013,-0.43711162143306936,1,320.0,171.0,180.611449056368,-0.43711162143306936
38.0340576171875,1.6680001020431519,-139.27461947140515,-117.09456477076085,0.2786937639069714,-0.43721113811192985,1,320.0,173.0,180.72538052859485,-0.43721113811192985
38.04301571846008,1.6680001020431519,-139.94186100734146,-118.15516499109688,0.2816611829298493,-0.43926955010277946,1,320.0,173.0,180.05813899265854,-0.43926955010277946
38.053630113601685,1.6680001020431519,-139.83329959045986,-118.07932492027481,0.28176979422213005,-0.4393762720027724,1,320.0,173.0,180.16670040954014,-0.4393762720027724
38.06338882446289,1.6680001020431519,-139.72473817357826,-118.00348484945275,0.2818782788614731,-0.4394828126051714,1,320.0,173.0,180.27526182642174,-0.4394828126051714
38.074904441833496,1.6680001020431519,-139.61617675669666,-117.92764477863068,0.28198663684787856,-0.4395891719099766,1,320.0,174.0,180.38382324330334,-0.4395891719099766
38.08304214477539,1.6690000295639038,-140.15309368127942,-119.02258620624218,0.2851260223090935,-0.4414372219308238,1,320.0,174.0,179.84690631872058,-0.4414372219308238
38.093483209609985,1.6690000295639038,-140.0489692579273,-118.95472759089284,0.28524564737643165,-0.4415497323882817,1,320.0,174.0,179.9510307420727,-0.4415497323882817
38.10316705703735,1.6700000762939453,-139.94484483457518,-118.89652451976966,0.2854843514686447,-0.4417850150790429,1,320.0,174.0,180.05515516542482,-0.4417850150790429
38.11423134803772,1.6700000762939453,-139.84072041122306,-118.82866590442032,0.2856039949215634,-0.4418974227291381,1,320.0,176.0,180.15927958877694,-0.4418974227291381
38.12346863746643,1.6700000762939453,-140.1571239957843,-119.83271242783428,0.28841616451569574,-0.4430660278567365,1,320.0,176.0,179.8428760042157,-0.4430660278567365
38.134267807006836,1.6700000762939453,-140.05589008352624,-119.77222158261458,0.2885460087161693,-0.4431821778142745,1,320.0,176.0,179.94410991647376,-0.4431821778142745
38.14333128929138,1.6720000505447388,-139.95465617126817,-119.73100236123571,0.288918225889377,-0.4435450194749123,1,320.0,176.0,180.04534382873183,-0.4435450194749123
38.15426445007324,1.6720000505447388,-139.8534222590101,-119.670511516016,0.2890483770901907,-0.44366132709169626,1,320.0,177.0,180.1465777409899,-0.44366132709169626
38.16348576545715,1.6730000972747803,-140.07031004423033,-120.70942674643851,0.2920440425476616,-0.44470184627967624,1,320.0,177.0,179.92968995576967,-0.44470184627967624
38.17436957359314,1.6730000972747803,-139.97126260040295,-120.65642608129437,0.2921848772285157,-0.4448211653017963,1,320.0,177.0,180.02873739959705,-0.4448211653017963
38.18299627304077,1.6740000247955322,-139.87221515657558,-120.61302884590692,0.2924489767112218,-0.44506402269826106,1,320.0,177.0,180.12778484342442,-0.44506402269826106
38.19341421127319,1.6740000247955322,-139.7731677127482,-120.56002818076279,0.29258989758398635,-0.4451832587930121,1,320.0,179.0,180.2268322872518,-0.4451832587930121
38.20399284362793,1.6750000715255737,-139.79814824746026,-121.51837358704148,0.29538098409188984,-0.4457387175741673,1,320.0,179.0,180.20185175253974,-0.4457387175741673
38.213335037231445,1.6750000715255737,-139.69995319284217,-121.47225753341789,0.2955317821818922,-0.44585908207396086,1,320.0,179.0,180.30004680715783,-0.44585908207396086
38.22342491149902,1.6760001182556152,-139.60175813822408,-121.43572072050331,0.2958078328553351,-0.44610287156480777,1,320.0,179.0,180.39824186177592,-0.44610287156480777
38.23321270942688,1.6760001182556152,-139.503563083606,-121.38960466687972,0.29595874883859474,-0.44622315523181877,1,320.0,180.0,180.496436916394,-0.44622315523181877
38.243067026138306,1.6770000457763672,-139.4555536726127,-122.3739307869377,0.29881432106082934,-0.44659345894649993,1,320.0,180.0,180.5444463273873,-0.44659345894649993
38.253456592559814,1.6770000457763672,-139.35770349541883,-122.33483023221251,0.298975351420296,-0.4467141522125777,1,320.0,180.0,180.64229650458117,-0.4467141522125777
38.26311159133911,1.6790001392364502,-139.25985331822497,-122.314825112789,0.29939104180650516,-0.4470812906709858,1,320.0,180.0,180.74014668177503,-0.4470812906709858
38.273762941360474,1.6790001392364502,-139.1620031410311,-122.2757245580638,0.29955250533204036,-0.4472021528472229,1,320.0,182.0,180.8379968589689,-0.4472021528472229
38.282918214797974,1.6790001392364502,-138.94668896978254,-123.17078008575474,0.3020782018440735,-0.44702555380134656,1,320.0,182.0,181.05331103021746,-0.44702555380134656
38.293301820755005,1.6790001392364502,-138.8480316391935,-123.13809858105107,0.30224869731068205,-0.44714493137688466,1,320.0,182.0,181.1519683608065,-0.44714493137688466
38.302934408187866,1.6810001134872437,-138.74937430860444,-123.12446115756512,0.3026775902738572,-0.4475094450419688,1,320.0,182.0,181.25062569139556,-0.4475094450419688
38.31352639198303,1.6810001134872437,-138.6507169780154,-123.09177965286145,0.30284855720287557,-0.4476289836083396,1,320.0,184.0,181.3492830219846,-0.4476289836083396
38.32351899147034,1.6820000410079956,-138.28411583235552,-123.92215550569668,0.3053143372288115,-0.4471909518043413,1,320.0,184.0,181.71588416764448,-0.4471909518043413
38.333067178726196,1.6820000410079956,-138.1836174732137,-123.89533873231542,0.30549388136681555,-0.4473077658216728,1,320.0,184.0,181.8163825267863,-0.4473077658216728
38.343204975128174,1.683000087738037,-138.08311911407188,-123.87801331754181,0.30580433859180833,-0.447546092775726,1,320.0,184.0,181.91688088592812,-0.447546092775726
38.35391902923584,1.683000087738037,-137.98262075493005,-123.85119654416056,0.30598409029181073,-0.4476628085632486,1,320.0,185.0,182.01737924506995,-0.4476628085632486
38.363420724868774,1.6840001344680786,-137.5806399259938,-124.61253946305139,0.308273698735958,-0.4471346271208021,1,320.0,185.0,182.4193600740062,-0.4471346271208021
38.373815059661865,1.6840001344680786,-137.47807026174817,-124.59107253802405,0.30846133266976283,-0.44724827217090657,1,320.0,185.0,182.52192973825183,-0.44724827217090657
38.38339900970459,1.6840001344680786,-137.37550059750254,-124.56960561299671,0.3086489298951186,-0.4473617418268506,1,320.0,185.0,182.62449940249746,-0.4473617418268506
38.39387011528015,1.6850000619888306,-137.2729309332569,-124.55760403051974,0.30896899595072624,-0.4475955485225704,1,320.0,188.0,182.7270690667431,-0.4475955485225704
38.403385400772095,1.6850000619888306,-136.6373941818179,-125.24530363204084,0.3109605965569362,-0.44635330165946097,1,320.0,188.0,183.3626058181821,-0.44635330165946097
38.41401934623718,1.686000108718872,-136.5311631135513,-125.23816263901972,0.31128939600562733,-0.4465804003566407,1,320.0,188.0,183.4688368864487,-0.4465804003566407
38.42375946044922,1.686000108718872,-136.42493204528466,-125.22156758175728,0.3114844692883475,-0.44668837909366477,1,320.0,188.0,183.57506795471534,-0.44668837909366477
38.433412313461304,1.687000036239624,-136.31870097701804,-125.2144130808789,0.3118134795105621,-0.44691512134234324,1,320.0,190.0,183.68129902298196,-0.44691512134234324
38.443968772888184,1.687000036239624,-135.57382282161032,-125.84248414570729,0.31365122112080124,-0.4453958919753284,1,320.0,190.0,184.42617717838968,-0.4453958919753284
38.45328187942505,1.687000036239624,-135.46320469186418,-125.83031749650982,0.31385289288946333,-0.4454972463176421,1,320.0,190.0,184.53679530813582,-0.4454972463176421
38.46403527259827,1.687000036239624,-135.35258656211803,-125.81815084731235,0.3140545437619043,-0.44559841067330797,1,320.0,190.0,184.64741343788197,-0.44559841067330797
38.473790884017944,1.6880000829696655,-135.2419684323719,-125.81541352191995,0.3143914905171763,-0.44581653423485257,1,320.0,192.0,184.7580315676281,-0.44581653423485257
38.48340845108032,1.6880000829696655,-134.3994109946591,-126.48917073546959,0.31634234292816477,-0.4440512938193575,1,320.0,192.0,185.6005890053409,-0.4440512938193575
38.493804931640625,1.689000129699707,-134.2837653444339,-126.4911325266398,0.3166878090054144,-0.44426022547134725,1,320.0,192.0,185.7162346555661,-0.44426022547134725
38.5034282207489,1.689000129699707,-134.1681196942087,-126.48367732855516,0.3168968129491355,-0.44435382740790746,1,320.0,192.0,185.8318803057913,-0.44435382740790746
38.51407504081726,1.690000057220459,-134.05247404398352,-126.48562568902166,0.3172425512875401,-0.44456233513166166,1,320.0,194.0,185.94752595601648,-0.44456233513166166
38.52383279800415,1.690000057220459,-133.12299869468015,-127.0982384465345,0.3190354620716612,-0.44257729710732,1,320.0,194.0,186.87700130531985,-0.44257729710732
38.53342962265015,1.690000057220459,-133.00176346742654,-127.09504202347931,0.31925089729371425,-0.44266245524095843,1,320.0,194.0,186.99823653257346,-0.44266245524095843
38.54300570487976,1.690000057220459,-132.88052824017294,-127.09184560042412,0.31946632700193706,-0.44274740424381254,1,320.0,194.0,187.11947175982706,-0.44274740424381254
38.55358958244324,1.6910001039505005,-132.75929301291933,-127.09804157148287,0.31981983332649355,-0.4429450347110545,1,320.0,196.0,187.24070698708067,-0.4429450347110545
38.56345868110657,1.6910001039505005,-131.7528210447188,-127.65395025709708,0.32146463916097273,-0.4407671364586083,1,320.0,196.0,188.2471789552812,-0.4407671364586083
38.57397270202637,1.6920000314712524,-131.625506255949,-127.66397262806927,0.32182519642647733,-0.44095361504075126,1,320.0,196.0,188.374493744051,-0.44095361504075126
38.58335328102112,1.6920000314712524,-131.49819146717923,-127.66461598452725,0.3220468231030931,-0.44102934769011515,1,320.0,196.0,188.50180853282077,-0.44102934769011515
38.594598054885864,1.6920000314712524,-131.37087667840945,-127.66525934098522,0.32226845089271566,-0.4411048600848845,1,320.0,196.0,188.62912332159055,-0.4411048600848845
38.603233098983765,1.6920000314712524,-131.24356188963966,-127.66590269744319,0.32249007979534494,-0.44118015222505924,1,320.0,198.0,188.75643811036034,-0.44118015222505924
38.61376476287842,1.693000078201294,-130.1603431397253,-128.1902676315322,0.32416752065270227,-0.43891875936776653,1,320.0,198.0,189.8396568602747,-0.43891875936776653
38.62395000457764,1.693000078201294,-130.02646684998203,-128.1944416064677,0.3243945971002723,-0.4389843158228716,1,320.0,198.0,189.97353315001797,-0.4389843158228716
38.63370180130005,1.6940001249313354,-129.89259056023874,-128.2079712623531,0.3247620885084086,-0.43915754998674483,1,320.0,198.0,190.10740943976126,-0.43915754998674483
38.643434047698975,1.6940001249313354,-129.75871427049546,-128.2121452372886,0.32498952034703404,-0.43922283308985266,1,320.0,201.0,190.24128572950454,-0.43922283308985266
38.65414118766785,1.6940001249313354,-128.51603368376846,-128.57149490487654,0.3261265223802521,-0.4364483672185131,1,320.0,201.0,191.48396631623154,-0.4364483672185131
38.66430044174194,1.6940001249313354,-128.37455096037826,-128.5781053966496,0.3263574983612767,-0.43650216671512093,1,320.0,201.0,191.62544903962174,-0.43650216671512093
38.67410087585449,1.6950000524520874,-128.23306823698806,-128.59405826593868,0.3267296646889408,-0.4366606863277902,1,320.0,201.0,191.76693176301194,-0.4366606863277902
38.68367123603821,1.6950000524520874,-128.09158551359786,-128.60066875771173,0.3269610079057863,-0.4367141736125444,1,320.0,203.0,191.90841448640214,-0.4367141736125444
38.69306206703186,1.6940001249313354,-126.81034648490846,-128.91310628783688,0.32785808252485416,-0.43374467368133224,1,320.0,203.0,193.18965351509155,-0.43374467368133224
38.703484535217285,1.6940001249313354,-126.66104862261277,-128.92187784926344,0.32809223526862774,-0.4337861689740192,1,320.0,203.0,193.33895137738722,-0.4337861689740192
38.71352434158325,1.6910001039505005,-126.51175076031707,-128.90254682002274,0.3279007370441007,-0.4335215679367125,1,320.0,203.0,193.48824923968294,-0.4335215679367125
38.723212480545044,1.6910001039505005,-126.36245289802137,-128.9113183814493,0.32813387831067653,-0.4335620453374186,1,320.0,205.0,193.6375471019786,-0.4335620453374186
38.73357820510864,1.6880000829696655,-125.04851592216471,-129.2730694045933,0.32891221443386687,-0.4303311001896504,1,320.0,205.0,194.9514840778353,-0.4303311001896504
38.743144512176514,1.6880000829696655,-124.8912350764463,-129.28445383777012,0.32914810842884323,-0.43035906348212427,1,320.0,205.0,195.10876492355368,-0.43035906348212427
38.75398802757263,1.6820000410079956,-124.7339542307279,-129.23907872318304,0.3285277310231999,-0.4297937582153626,1,320.0,207.0,195.2660457692721,-0.4297937582153626
38.76378512382507,1.6820000410079956,-123.4040481308926,-129.6808061863778,0.32985210503399587,-0.4268486696338844,1,320.0,207.0,196.5959518691074,-0.4268486696338844
38.77419853210449,1.6760001182556152,-123.23872899392185,-129.63793290709293,0.3292283651478783,-0.4262874300501269,1,320.0,207.0,196.76127100607815,-0.4262874300501269
38.78374171257019,1.6760001182556152,-123.0734098569511,-129.65226732160573,0.32946433479114423,-0.4263010088245429,1,320.0,207.0,196.92659014304888,-0.4263010088245429
38.79406785964966,1.6660001277923584,-122.90809071998035,-129.57024146289197,0.3282640150180063,-0.4253576874073577,1,320.0,207.0,197.09190928001965,-0.4253576874073577
38.803744316101074,1.6660001277923584,-122.7427715830096,-129.58457587740475,0.32849648730739567,-0.42536929202642293,1,320.0,208.0,197.25722841699042,-0.42536929202642293
38.813403367996216,1.658000111579895,-121.47708181968265,-130.0132910543635,0.3288024886114321,-0.42188607912605375,1,320.0,208.0,198.52291818031733,-0.42188607912605375
38.82404565811157,1.658000111579895,-121.30421938993237,-130.03100095290623,0.3290368977087603,-0.4218854498878492,1,320.0,208.0,198.69578061006763,-0.4218854498878492
38.83477210998535,1.6450001001358032,-121.13135696018209,-129.92014427280915,0.32739068708301644,-0.4206804260857798,1,320.0,208.0,198.86864303981793,-0.4206804260857798
38.844101428985596,1.6450001001358032,-120.9584945304318,-129.9378541713519,0.3276204897410011,-0.420677544189117,1,320.0,209.0,199.0415054695682,-0.420677544189117
38.854039907455444,1.6350001096725464,-119.76770626754568,-130.59592412773665,0.32820624047799074,-0.41727495432505,1,320.0,209.0,200.2322937324543,-0.41727495432505
38.86356067657471,1.6350001096725464,-119.5878674703389,-130.6187111040491,0.32843946093829535,-0.4172606830428949,1,320.0,209.0,200.4121325296611,-0.4172606830428949
38.87383270263672,1.6200001239776611,-119.40802867313214,-130.4882593375112,0.32647936560151913,-0.4159001263120914,1,320.0,209.0,200.59197132686785,-0.4159001263120914
38.88344049453735,1.6200001239776611,-119.22818987592537,-130.51104631382367,0.32670717918005177,-0.4158835105681855,1,320.0,210.0,200.77181012407465,-0.4158835105681855
38.89413380622864,1.6080000400543213,-118.10675418576297,-131.26813590393854,0.3272210459156271,-0.41255792303689875,1,320.0,210.0,201.89324581423705,-0.41255792303689875
38.90385341644287,1.6080000400543213,-117.92046327229932,-131.2968102535385,0.3274523882608653,-0.41253075181330123,1,320.0,210.0,202.07953672770068,-0.41253075181330123
38.91368770599365,1.592000126838684,-117.73417235883566,-131.1557272177692,0.32531785707167143,-0.4111139792667171,1,320.0,210.0,202.26582764116432,-0.4111139792667171
38.92361235618591,1.592000126838684,-117.54788144537201,-131.18440156736915,0.32554594606742265,-0.41108687138775396,1,320.0,210.0,202.452118554628,-0.41108687138775396
38.9332754611969,1.5820000171661377,-116.59262139373632,-131.96616353597972,0.32629408661586834,-0.40841305847049214,1,320.0,210.0,203.40737860626368,-0.40841305847049214
38.94372320175171,1.5820000171661377,-116.40106186476405,-132.0007379280895,0.32652949721561675,-0.408380392649653,1,320.0,210.0,203.59893813523595,-0.408380392649653
38.9537239074707,1.5690001249313354,-116.20950233579177,-131.8925703128931,0.32482079894702953,-0.4072517706880265,1,320.0,210.0,203.79049766420823,-0.4072517706880265
38.96353793144226,1.5690001249313354,-116.01794280681949,-131.9271447050029,0.3250556496935718,-0.4072210204418336,1,320.0,212.0,203.9820571931805,-0.4072210204418336
38.97325897216797,1.561000108718872,-115.01059644687678,-132.73321704957368,0.32605115944532126,-0.4046636838196644,1,320.0,212.0,204.98940355312322,-0.4046636838196644
38.98359394073486,1.561000108718872,-114.81344789461893,-132.7736878727118,0.32629325952487975,-0.40462672935612687,1,320.0,212.0,205.18655210538105,-0.40462672935612687
38.99353575706482,1.5520000457763672,-114.61629934236109,-132.71262953212724,0.3251724168848621,-0.40385365015800023,1,320.0,212.0,205.3837006576389,-0.40385365015800023
39.00318264961243,1.5520000457763672,-114.41915079010325,-132.75310035526536,0.32541412184318885,-0.4038178785981854,1,320.0,214.0,205.58084920989677,-0.4038178785981854
39.01319670677185,1.5460001230239868,-113.3663571780338,-133.4815210751539,0.3264426535297216,-0.401375414357521,1,320.0,214.0,206.6336428219662,-0.401375414357521
39.02371859550476,1.5460001230239868,-113.16334668682906,-133.5271736943843,0.32669069693559455,-0.40133281037877594,1,320.0,214.0,206.83665331317093,-0.40133281037877594
39.03390073776245,1.540000081062317,-112.96033619562432,-133.5038127286521,0.3260198356647358,-0.4008151470380973,1,320.0,214.0,207.03966380437566,-0.4008151470380973
39.04368782043457,1.540000081062317,-112.75732570441959,-133.5494653478825,0.32626763859045793,-0.40077315209934444,1,320.0,216.0,207.2426742955804,-0.40077315209934444
39.05392336845398,1.5360000133514404,-111.66515696248258,-134.20960279944816,0.32736992452198,-0.3984416600807465,1,320.0,216.0,208.33484303751743,-0.3984416600807465
39.06360864639282,1.5360000133514404,-111.45605491573721,-134.25978270598034,0.3276233005798762,-0.3983922144399,1,320.0,216.0,208.5439450842628,-0.3983922144399
39.07349705696106,1.5320000648498535,-111.24695286899184,-134.2633498855789,0.3272578918772996,-0.3980368726333088,1,320.0,216.0,208.75304713100815,-0.3980368726333088
39.08415198326111,1.5320000648498535,-111.03785082224647,-134.31352979211107,0.3275111478387831,-0.39798763608374077,1,320.0,218.0,208.96214917775353,-0.39798763608374077
39.09312605857849,1.53000009059906,-109.91186176283476,-135.01509229970617,0.3289445560705886,-0.39576200514769044,1,320.0,218.0,210.08813823716525,-0.39576200514769044
39.10360765457153,1.53000009059906,-109.6964780263243,-135.06989527088948,0.3292036079787788,-0.39570470459661056,1,320.0,218.0,210.30352197367569,-0.39570470459661056
39.11318826675415,1.527000069618225,-109.48109428981384,-135.08945646170633,0.3289937173108833,-0.39542632801146205,1,320.0,218.0,210.51890571018617,-0.39542632801146205
39.12356209754944,1.527000069618225,-109.26571055330338,-135.14425943288964,0.32925271635525316,-0.39536902746490116,1,320.0,221.0,210.7342894466966,-0.39536902746490116
39.1333692073822,1.5260000228881836,-108.00960361156855,-135.67005581031262,0.33041701884957986,-0.3929496030303401,1,320.0,221.0,211.99039638843146,-0.3929496030303401
39.143887519836426,1.5260000228881836,-107.78708945861268,-135.72816647233105,0.3306802326398493,-0.3928829841385023,1,320.0,221.0,212.21291054138732,-0.3928829841385023
39.15308737754822,1.5250000953674316,-107.56457530565682,-135.77447915004677,0.33078596212028594,-0.3927455577005453,1,320.0,221.0,212.43542469434317,-0.3927455577005453
39.16397786140442,1.5250000953674316,-107.34206115270095,-135.8325898120652,0.3310492744391148,-0.392678493764274,1,320.0,224.0,212.65793884729905,-0.392678493764274
39.1734824180603,1.5240000486373901,-105.97039108571465,-136.18792371801143,0.3318332764750288,-0.39001880848906134,1,320.0,224.0,214.02960891428535,-0.39001880848906134
39.18411588668823,1.5240000486373901,-105.74000315777464,-136.24815185676658,0.3320993223198285,-0.389941501244382,1,320.0,224.0,214.25999684222535,-0.389941501244382
39.193737745285034,1.5240000486373901,-105.50961522983462,-136.30837999552173,0.3323654585068364,-0.38986384841781074,1,320.0,224.0,214.49038477016538,-0.38986384841781074
39.2037832736969,1.5240000486373901,-105.27922730189461,-136.36860813427688,0.33263168503605245,-0.3897858500093475,1,320.0,226.0,214.7207726981054,-0.3897858500093475
39.21348690986633,1.5240000486373901,-103.90662948464954,-136.68224197812864,0.3334542142193978,-0.38720041485864376,1,320.0,226.0,216.09337051535044,-0.38720041485864376
39.223079442977905,1.5240000486373901,-103.66841486842905,-136.7442065118151,0.3337227822146742,-0.38711198570235056,1,320.0,226.0,216.33158513157093,-0.38711198570235056
39.233516454696655,1.5240000486373901,-103.43020025220856,-136.80617104550154,0.3339914431567512,-0.387023199224133,1,320.0,226.0,216.56979974779142,-0.387023199224133
39.243696212768555,1.5240000486373901,-103.19198563598808,-136.868135579188,0.3342601970456287,-0.386934055423991,1,320.0,229.0,216.8080143640119,-0.386934055423991
39.252856731414795,1.5240000486373901,-101.71966075302363,-137.03160992551608,0.3347518609369472,-0.38413564558841606,1,320.0,229.0,218.28033924697638,-0.38413564558841606
39.26322054862976,1.5240000486373901,-101.47298913383604,-137.09427007677402,0.33502166633999814,-0.3840352633220712,1,320.0,229.0,218.52701086616395,-0.3840352633220712
39.27323508262634,1.5240000486373901,-101.22631751464844,-137.15693022803197,0.3352915657332759,-0.3839345110482977,1,320.0,229.0,218.77368248535157,-0.3839345110482977
39.284149408340454,1.5240000486373901,-100.97964589546085,-137.2195903792899,0.33556155911678065,-0.3838333887670953,1,320.0,231.0,219.02035410453914,-0.3838333887670953
39.292970180511475,1.5250000953674316,-99.52079998117625,-137.25879149662276,0.33591399899707663,-0.38112806164966445,1,320.0,231.0,220.47920001882375,-0.38112806164966445
39.30337452888489,1.5250000953674316,-99.26582107521162,-137.32120989587293,0.3361839596771045,-0.3810156069783468,1,320.0,231.0,220.73417892478838,-0.3810156069783468
39.3131537437439,1.5260000228881836,-99.01084216924698,-137.3954262794258,0.3366139123972407,-0.3809592801003939,1,320.0,231.0,220.98915783075302,-0.3809592801003939
39.323567152023315,1.5260000228881836,-98.75586326328235,-137.45784467867597,0.33688414044331805,-0.38084580553193315,1,320.0,234.0,221.24413673671765,-0.38084580553193315
39.33313584327698,1.5260000228881836,-97.21056559316297,-137.46328636792379,0.33702914267148365,-0.37789391112775617,1,320.0,234.0,222.78943440683702,-0.37789391112775617
39.343525648117065,1.5260000228881836,-96.94674320898828,-137.52531426499155,0.33729907126669234,-0.377768649470368,1,320.0,234.0,223.05325679101173,-0.377768649470368
39.35289788246155,1.527000069618225,-96.68292082481359,-137.59912428992575,0.33772914306064084,-0.3776957070661243,1,320.0,234.0,223.3170791751864,-0.3776957070661243
39.36358022689819,1.527000069618225,-96.4190984406389,-137.66115218699352,0.3379993374435282,-0.377569390106871,1,320.0,236.0,223.5809015593611,-0.377569390106871
39.37347674369812,1.5280001163482666,-94.89934948793356,-137.5574857516264,0.3380387103586435,-0.3747269837024543,1,320.0,236.0,225.10065051206644,-0.3747269837024543
39.38290095329285,1.5280001163482666,-94.6269187128239,-137.61829730491976,0.3383076520884618,-0.37458886521201396,1,320.0,236.0,225.3730812871761,-0.37458886521201396
39.393409967422485,1.5290000438690186,-94.35448793771423,-137.69085517220884,0.33873659326696415,-0.37449928388635095,1,320.0,236.0,225.64551206228577,-0.37449928388635095
39.40394639968872,1.5290000438690186,-94.08205716260456,-137.75166672550222,0.339005795858059,-0.3743600756925558,1,320.0,,225.91794283739546,-0.3743600756925558
39.413344860076904,1.53000009059906,-93.80962638749489,-137.8242088434365,0.3394351443957387,-0.3742688656117446,1,320.0,,226.1903736125051,-0.3742688656117446
39.42385530471802,1.53000009059906,-93.53719561238522,-137.88502039672989,0.3397046078317354,-0.3741285676821182,1,320.0,,226.46280438761477,-0.3741285676821182
39.43377375602722,1.531000018119812,-93.26476483727555,-137.95754400617653,0.3401343255412787,-0.37403571727315116,1,320.0,,226.73523516272445,-0.37403571727315116
39.44338130950928,1.531000018119812,-92.99233406216588,-138.0183555594699,0.34040404978716526,-0.37389432964016994,1,320.0,241.0,227.00766593783413,-0.37389432964016994
39.45380663871765,1.531000018119812,-91.17194524449971,-137.85071416117162,0.34016957247221424,-0.37033553193325347,1,320.0,241.0,228.8280547555003,-0.37033553193325347
39.463672161102295,1.531000018119812,-90.88893017440175,-137.90996364794634,0.34043752363962443,-0.37018007678611586,1,320.0,241.0,229.11106982559824,-0.37018007678611586
39.47572064399719,1.5320000648498535,-90.60591510430379,-137.98090951237853,0.34086550292469175,-0.37006763588292835,1,320.0,241.0,229.3940848956962,-0.37006763588292835
39.48357605934143,1.5320000648498535,-90.32290003420583,-138.04015899915325,0.34113370863738435,-0.369911048662285,1,320.0,244.0,229.67709996579418,-0.369911048662285
39.49328303337097,1.533000111579895,-88.47669769018692,-137.6663306390711,0.340579384896432,-0.36634307953902345,1,320.0,244.0,231.52330230981306,-0.36634307953902345
39.50374460220337,1.533000111579895,-88.1830143965713,-137.72254480874034,0.34084403795718576,-0.3661719791855442,1,320.0,244.0,231.8169856034287,-0.3661719791855442
39.51362991333008,1.534000039100647,-87.88933110295567,-137.79041992710867,0.34126798737412367,-0.36603937760012967,1,320.0,244.0,232.11066889704432,-0.36603937760012967
39.52348256111145,1.534000039100647,-87.59564780934004,-137.8466340967779,0.3415328827789048,-0.3658671025347619,1,320.0,246.0,232.40435219065995,-0.3658671025347619
39.533772706985474,1.5350000858306885,-85.83530026457318,-137.49827227574963,0.34103647730352804,-0.3624882963528353,1,320.0,246.0,234.16469973542684,-0.3624882963528353
39.54323434829712,1.5350000858306885,-85.53162132244938,-137.5516498026924,0.3412980505231993,-0.36230228605365594,1,320.0,246.0,234.46837867755062,-0.36230228605365594
39.553075551986694,1.5360000133514404,-85.22794238032559,-137.61665439299136,0.34171825755106555,-0.36215043251256934,1,320.0,246.0,234.7720576196744,-0.36215043251256934
39.5636420249939,1.5360000133514404,-84.92426343820179,-137.67003191993413,0.3419800617175708,-0.36196320751963185,1,320.0,248.0,235.0757365617982,-0.36196320751963185
39.57327151298523,1.5360000133514404,-83.24017110781705,-137.3326630272338,0.34137717313150373,-0.3587204920368726,1,320.0,248.0,236.75982889218295,-0.3587204920368726
39.5836718082428,1.5360000133514404,-82.92709338552872,-137.38338009048536,0.34163579107984526,-0.3585205341524802,1,320.0,248.0,237.07290661447126,-0.3585205341524802
39.5931921005249,1.537000060081482,-82.6140156632404,-137.44570871392395,0.3420524374680653,-0.3583505424689867,1,320.0,248.0,237.3859843367596,-0.3583505424689867
39.603769302368164,1.537000060081482,-82.30093794095207,-137.49642577717552,0.34231127570437014,-0.35814933225907497,1,320.0,251.0,237.69906205904795,-0.35814933225907497
39.61404991149902,1.5380001068115234,-80.57928782209322,-136.9791258705501,0.34144343966624696,-0.3548551169258039,1,320.0,251.0,239.42071217790678,-0.3548551169258039
39.62368583679199,1.5380001068115234,-80.25662551129481,-137.02589898358053,0.34169752901104383,-0.35464057835099805,1,320.0,251.0,239.74337448870517,-0.35464057835099805
39.63319373130798,1.5380001068115234,-79.93396320049641,-137.07267209661097,0.3419516885155103,-0.354425555782726,1,320.0,251.0,240.0660367995036,-0.354425555782726
39.64360070228577,1.5380001068115234,-79.611300889698,-137.1194452096414,0.3422059181796462,-0.35421004922098775,1,320.0,253.0,240.388699110302,-0.35421004922098775
39.65318822860718,1.5390000343322754,-77.96281771928334,-136.64325178909877,0.3414313790107751,-0.35107835427889467,1,320.0,253.0,242.03718228071665,-0.35107835427889467
39.663596391677856,1.5390000343322754,-77.63113694405921,-136.68638884723308,0.3416812279989285,-0.35085018464746554,1,320.0,253.0,242.36886305594078,-0.35085018464746554
39.67333269119263,1.540000081062317,-77.29945616883508,-136.74108701676968,0.3420871083520687,-0.3506435378508024,1,320.0,253.0,242.7005438311649,-0.3506435378508024
39.68416213989258,1.540000081062317,-76.96777539361095,-136.784224074904,0.3423371472321375,-0.35041404148077293,1,320.0,255.0,243.03222460638904,-0.35041404148077293
39.693647384643555,1.540000081062317,-75.3857589909481,-136.22910984515815,0.34125888791487724,-0.3474077903589955,1,320.0,255.0,244.6142410090519,-0.3474077903589955
39.70308232307434,1.540000081062317,-75.04557418231036,-136.2681779566591,0.3415039210209402,-0.34716656649170946,1,320.0,255.0,244.95442581768964,-0.34716656649170946
39.713159799575806,1.5410001277923584,-74.70538937367262,-136.31879043568023,0.3419038730056895,-0.34694284110998885,1,320.0,255.0,245.29461062632737,-0.34694284110998885
39.72401809692383,1.5410001277923584,-74.36520456503487,-136.35785854718117,0.34214907970257535,-0.3467002564875715,1,320.0,257.0,245.63479543496513,-0.3467002564875715
39.7332329750061,1.5410001277923584,-72.8439520957628,-135.74344456754648,0.3409419046720087,-0.3438321006634195,1,320.0,257.0,247.1560479042372,-0.3438321006634195
39.74362063407898,1.5410001277923584,-72.49573387175747,-135.7780678083187,0.34118161457178964,-0.34357834904853796,1,320.0,257.0,247.50426612824253,-0.34357834904853796
39.75312566757202,1.5420000553131104,-72.14751564775213,-135.8242173359321,0.3415749770567198,-0.34333818522853543,1,320.0,257.0,247.85248435224787,-0.34333818522853543
39.76373338699341,1.5420000553131104,-71.7992974237468,-135.85884057670432,0.34181484273638457,-0.34308304076599644,1,320.0,259.0,248.2007025762532,-0.34308304076599644
39.77327513694763,1.5420000553131104,-70.3339117588656,-135.19231309281594,0.34049471068480097,-0.3403416934628901,1,320.0,259.0,249.6660882411344,-0.3403416934628901
39.78369498252869,1.5420000553131104,-69.97809324988819,-135.22216628290388,0.34072865095994825,-0.3400758976967291,1,320.0,259.0,250.0219067501118,-0.3400758976967291
39.79327321052551,1.5430001020431519,-69.62227474091078,-135.26353046367413,0.3411148933498165,-0.33981988787493206,1,320.0,259.0,250.37772525908923,-0.33981988787493206
39.804144859313965,1.5430001020431519,-69.26645623193338,-135.29338365376208,0.3413489703056052,-0.33955266881810764,1,320.0,261.0,250.73354376806662,-0.33955266881810764
39.813204288482666,1.5430001020431519,-67.85269586217338,-134.58120284707428,0.3399302302094157,-0.33692837747934273,1,320.0,261.0,252.1473041378266,-0.33692837747934273
39.823652505874634,1.5430001020431519,-67.48967782462344,-134.60600633154078,0.34015800925574263,-0.3366509841458716,1,320.0,261.0,252.51032217537656,-0.3366509841458716
39.83334827423096,1.5440000295639038,-67.1266597870735,-134.64230280235446,0.3405365960911929,-0.3363796694587955,1,320.0,261.0,252.8733402129265,-0.3363796694587955
39.8437397480011,1.5440000295639038,-66.76364174952357,-134.66710628682097,0.34076449158913946,-0.3361008240794854,1,320.0,263.0,253.23635825047643,-0.3361008240794854
39.85322022438049,1.5440000295639038,-65.39780230171965,-133.91510963940414,0.3392601186827302,-0.33358508909143036,1,320.0,263.0,254.60219769828035,-0.33358508909143036
39.86361074447632,1.5440000295639038,-65.02795728006637,-133.93462484213111,0.33948139449221737,-0.3332965128138104,1,320.0,263.0,254.97204271993363,-0.3332965128138104
39.87358260154724,1.5440000295639038,-64.6581122584131,-133.9541400448581,0.33970269957450855,-0.33300738176865796,1,320.0,263.0,255.3418877415869,-0.33300738176865796
39.883618116378784,1.5440000295639038,-64.28826723675982,-133.97365524758507,0.33992403392960385,-0.33271769595597295,1,320.0,265.0,255.71173276324018,-0.33271769595597295
39.89367341995239,1.5450000762939453,-62.96708727484485,-133.19861695457564,0.33849503973121425,-0.33030569293076084,1,320.0,265.0,257.03291272515514,-0.33030569293076084
39.90310001373291,1.5450000762939453,-62.59076301127724,-133.21264253291804,0.3387095154254515,-0.33000632019113835,1,320.0,265.0,257.40923698872274,-0.33000632019113835
39.914039850234985,1.5450000762939453,-62.21443874770963,-133.22666811126044,0.33892401215805623,-0.32970638296512045,1,320.0,265.0,257.7855612522904,-0.32970638296512045
39.92394542694092,1.5450000762939453,-61.83811448414202,-133.24069368960284,0.3391385299290286,-0.32940588125270726,1,320.0,267.0,258.161885515858,-0.32940588125270726
39.93313193321228,1.5450000762939453,-60.558700147336204,-132.42447885914237,0.33749894263141644,-0.32708799816090445,1,320.0,267.0,259.4412998526638,-0.32708799816090445
39.943538427352905,1.5450000762939453,-60.176222392950194,-132.43284733097454,0.33770633695611596,-0.32677857321197973,1,320.0,267.0,259.8237776070498,-0.32677857321197973
39.95321440696716,1.5450000762939453,-59.793744638564185,-132.4412158028067,0.33791374383352324,-0.3264685745464235,1,320.0,267.0,260.2062553614358,-0.3264685745464235
39.96412634849548,1.5450000762939453,-59.411266884178175,-132.44958427463888,0.33812116326363834,-0.3261580021642356,1,320.0,269.0,260.5887331158218,-0.3261580021642356
39.97304391860962,1.5460001230239868,-58.17103125970746,-131.72150667458322,0.336802181528225,-0.32392424034263706,1,320.0,269.0,261.82896874029257,-0.32392424034263706
39.98361158370972,1.5460001230239868,-57.78270610720637,-131.72477660789272,0.3370031890437809,-0.3236047262445085,1,320.0,269.0,262.21729389279363,-0.3236047262445085
39.99375605583191,1.5460001230239868,-57.394380954705284,-131.72804654120222,0.3372042014642367,-0.32328462965865107,1,320.0,269.0,262.6056190452947,-0.32328462965865107
40.00380873680115,1.5460001230239868,-57.006055802204195,-131.73131647451171,0.33740521878959245,-0.32296395058506494,1,320.0,271.0,262.9939441977958,-0.32296395058506494
40.013118505477905,1.5460001230239868,-55.80266990940823,-130.9604234794835,0.3358748116855155,-0.3208197909962771,1,320.0,271.0,264.1973300905918,-0.3208197909962771
40.02380394935608,1.5460001230239868,-55.40878574148978,-130.9584133355651,0.33606914669473287,-0.32049090128678936,1,320.0,271.0,264.5912142585102,-0.32049090128678936
40.03324365615845,1.5460001230239868,-55.01490157357133,-130.9564031916467,0.3362634786887344,-0.32016142075104986,1,320.0,271.0,264.9850984264287,-0.32016142075104986
40.04406499862671,1.5460001230239868,-54.62101740565288,-130.9543930477283,0.3364578076675201,-0.3198313493890584,1,320.0,273.0,265.3789825943471,-0.3198313493890584
40.052982568740845,1.5460001230239868,-53.4523703905029,-130.15663816167023,0.3348719822112751,-0.31776747413702483,1,320.0,273.0,266.5476296094971,-0.31776747413702483
40.06369233131409,1.5460001230239868,-53.053199518315225,-130.14919814054423,0.3350594237454729,-0.31742952115488643,1,320.0,273.0,266.94680048168476,-0.31742952115488643
40.07329058647156,1.5460001230239868,-52.65402864612755,-130.14175811941823,0.33524685411963895,-0.3170909694164397,1,320.0,273.0,267.34597135387247,-0.3170909694164397
40.08402395248413,1.5460001230239868,-52.254857773939875,-130.13431809829223,0.33543427333377324,-0.3167518189216847,1,320.0,275.0,267.7451422260601,-0.3167518189216847
40.09300470352173,1.5460001230239868,-51.119024451506895,-129.3138089021195,0.33380232029472945,-0.3147636797895499,1,320.0,275.0,268.8809755484931,-0.3147636797895499
40.10355496406555,1.5460001230239868,-50.71482450224065,-129.30081818738864,0.3339826832328039,-0.3144169588296445,1,320.0,275.0,269.2851754977593,-0.3144169588296445
40.1132607460022,1.5460001230239868,-50.31062455297441,-129.2878274726578,0.33416302668480624,-0.31406963156981516,1,320.0,275.0,269.6893754470256,-0.31406963156981516
40.12417650222778,1.5460001230239868,-49.90642460370817,-129.27483675792695,0.3343433506507365,-0.31372169801006194,1,320.0,277.0,270.09357539629184,-0.31372169801006194
40.13328266143799,1.5460001230239868,-48.801638892041446,-128.43533031503733,0.33267376060515064,-0.31180511809704453,1,320.0,277.0,271.19836110795853,-0.31180511809704453
40.14388704299927,1.5460001230239868,-48.39265399277754,-128.41669455776668,0.33284689264258954,-0.3114499088230887,1,320.0,277.0,271.6073460072225,-0.3114499088230887
40.1531286239624,1.5450000762939453,-47.98366909351363,-128.38659760530734,0.3328827046305928,-0.31111426749560245,1,320.0,277.0,272.01633090648636,-0.31111426749560245
40.16445469856262,1.5450000762939453,-47.57468419424973,-128.36796184803669,0.3330557822055952,-0.31075824027096,1,320.0,279.0,272.4253158057503,-0.31075824027096
40.17350673675537,1.5450000762939453,-46.49931729220496,-127.51289415404077,0.3313581022046055,-0.30891119670691647,1,320.0,279.0,273.500682707795,-0.30891119670691647
40.18417835235596,1.5450000762939453,-46.08577908775022,-127.48854316156962,0.3315238882303577,-0.30854817792034234,1,320.0,279.0,273.9142209122498,-0.30854817792034234
40.19346642494202,1.5450000762939453,-45.67224088329548,-127.46419216909848,0.3316896377296211,-0.30818453882646163,1,320.0,279.0,274.3277591167045,-0.30818453882646163
40.204408168792725,1.5450000762939453,-45.25870267884074,-127.43984117662734,0.33185535070239597,-0.30782027942527423,1,320.0,280.0,274.74129732115927,-0.30782027942527423
40.21371865272522,1.5450000762939453,-44.312531147781954,-126.57235284804884,0.3301348908844347,-0.30626387493210777,1,320.0,280.0,275.68746885221805,-0.30626387493210777
40.223268032073975,1.5450000762939453,-43.89535204042895,-126.54223845134192,0.3302932346952555,-0.30589376576115634,1,320.0,280.0,276.104647959571,-0.30589376576115634
40.23315382003784,1.5430001020431519,-43.47817293307595,-126.48915330990476,0.3301845574017427,-0.30557513350731863,1,320.0,280.0,276.52182706692406,-0.30557513350731863
40.243674755096436,1.5430001020431519,-43.06099382572295,-126.45903891319784,0.3303428366412742,-0.30520460714651776,1,320.0,281.0,276.93900617427704,-0.30520460714651776
40.25287938117981,1.5410001277923584,-42.232726464519246,-125.66018908821216,0.3285721194959482,-0.3039709343409355,1,320.0,281.0,277.76727353548074,-0.3039709343409355
40.26349329948425,1.5410001277923584,-41.81273621918472,-125.62497539622082,0.32872389950117953,-0.3035964435461994,1,320.0,281.0,278.1872637808153,-0.3035964435461994
40.273951292037964,1.5360000133514404,-41.3927459738502,-125.5318734478821,0.3282169498529848,-0.3033643541809926,1,320.0,281.0,278.6072540261498,-0.3033643541809926
40.283612966537476,1.5360000133514404,-40.97275572851567,-125.49665975589076,0.3283687134572454,-0.30299070341481144,1,320.0,282.0,279.02724427148434,-0.30299070341481144
40.293890953063965,1.531000018119812,-40.251978795979156,-124.64579323773137,0.32619007014339396,-0.3020995242479707,1,320.0,282.0,279.74802120402086,-0.3020995242479707
40.303338050842285,1.531000018119812,-39.8299309518917,-124.60539876625955,0.3263353315407239,-0.301724137809497,1,320.0,282.0,280.1700690481083,-0.301724137809497
40.31299138069153,1.5220000743865967,-39.40788310780424,-124.45896962621242,0.32531151915378814,-0.3016265173768937,1,320.0,282.0,280.59211689219575,-0.3016265173768937
40.323617458343506,1.5220000743865967,-38.98583526371678,-124.41857515474061,0.32545686386367123,-0.3012536632017372,1,320.0,284.0,281.0141647362832,-0.3012536632017372
40.33301782608032,1.5150001049041748,-38.26179320513164,-123.7312421763356,0.3234687156859536,-0.3004460504616338,1,320.0,284.0,281.73820679486835,-0.3004460504616338
40.34342837333679,1.5150001049041748,-37.837678819313794,-123.68699173022037,0.3236093319660999,-0.3000723308337663,1,320.0,284.0,282.1623211806862,-0.3000723308337663
40.35307025909424,1.503000020980835,-37.41356443349595,-123.49766660591862,0.32220893259254524,-0.3000972438250651,1,320.0,284.0,282.58643556650406,-0.3000972438250651
40.363592863082886,1.503000020980835,-36.989450047678105,-123.4534161598034,0.32234972951840296,-0.29972734126226297,1,320.0,284.0,283.01054995232187,-0.29972734126226297
40.37382364273071,1.503000020980835,-36.46529169352572,-123.02144144360437,0.32165733102553296,-0.29914183136916594,1,320.0,284.0,283.5347083064743,-0.29914183136916594
40.38331937789917,1.4930000305175781,-36.04049250020221,-122.85164712864672,0.3205209634940254,-0.2991174119071461,1,320.0,284.0,283.9595074997978,-0.2991174119071461
40.39342379570007,1.4780000448226929,-35.615693306878704,-122.61691139449242,0.31874980535148945,-0.29927677191556434,1,320.0,284.0,284.3843066931213,-0.29927677191556434
40.40414071083069,1.4780000448226929,-35.190894113555196,-122.57000695039308,0.3188877878134835,-0.29891410462662366,1,320.0,285.0,284.8091058864448,-0.29891410462662366
40.4135844707489,1.467000126838684,-34.7467983703208,-122.25505463747204,0.317363573036337,-0.29890718613827694,1,320.0,285.0,285.2532016296792,-0.29890718613827694
40.42347073554993,1.467000126838684,-34.32186705409091,-122.20727675451,0.3175006827325844,-0.298547760302166,1,320.0,285.0,285.6781329459091,-0.298547760302166
40.43400430679321,1.467000126838684,-33.896935737861014,-122.15949887154797,0.31763772076200736,-0.29818769706908077,1,320.0,285.0,286.103064262139,-0.29818769706908077
40.44381046295166,1.4490001201629639,-33.47200442163112,-121.8766674684999,0.3154965906345859,-0.2984992945574588,1,320.0,285.0,286.52799557836886,-0.2984992945574588
40.45392990112305,1.4490001201629639,-33.047073105401225,-121.82888958553787,0.3156339927522921,-0.2981456052969537,1,320.0,286.0,286.95292689459876,-0.2981456052969537
40.46343111991882,1.437000036239624,-32.72068841856946,-121.63144254732836,0.3142764881044415,-0.29844752543588643,1,320.0,286.0,287.27931158143053,-0.29844752543588643
40.47411561012268,1.4180001020431519,-32.296431770259964,-121.32354048204135,0.31201589367970917,-0.29882828624366786,1,320.0,286.0,287.70356822974003,-0.29882828624366786
40.48360061645508,1.4180001020431519,-31.87217512195047,-121.27583596002884,0.3121540146775738,-0.2984866268599102,1,320.0,286.0,288.1278248780495,-0.2984866268599102
40.49347233772278,1.4180001020431519,-31.662197661438434,-121.45331320517536,0.31273499361114776,-0.29856581535742516,1,320.0,286.0,288.3378023385616,-0.29856581535742516
40.50385785102844,1.4040000438690186,-31.239408036045603,-121.21033840547236,0.31110452021849483,-0.2987737132455489,1,320.0,286.0,288.7605919639544,-0.2987737132455489
40.513633251190186,1.4040000438690186,-30.816618410652772,-121.16417554887417,0.31124453525742823,-0.2984377363332624,1,320.0,286.0,289.1833815893472,-0.2984377363332624
40.52348566055298,1.3840000629425049,-30.39382878525994,-120.82904424356492,0.3088601175707648,-0.2989025466478463,1,320.0,286.0,289.6061712147401,-0.2989025466478463
40.533063650131226,1.3840000629425049,-29.97103915986711,-120.78288138696674,0.3090004839247068,-0.29857375715112744,1,320.0,287.0,290.02896084013287,-0.29857375715112744
40.543468952178955,1.3700001239776611,-29.860490507585187,-120.96617505988579,0.3081923927658007,-0.2993992512256275,1,320.0,287.0,290.1395094924148,-0.2993992512256275
40.55410170555115,1.3700001239776611,-29.439838596189812,-120.92300692124212,0.3083362209902107,-0.29907744376845635,1,320.0,287.0,290.5601614038102,-0.29907744376845635
40.56367015838623,1.349000096321106,-29.019186684794438,-120.55871295029235,0.3058194756377838,-0.2996178852393143,1,320.0,286.0,290.9808133152056,-0.2996178852393143
40.573150396347046,1.349000096321106,-29.098734924186594,-121.21233084734584,0.3072312852554421,-0.3002136803310832,1,320.0,286.0,290.9012650758134,-0.3002136803310832
40.583704710006714,1.3350000381469727,-28.68150782177706,-120.95347202083772,0.3055891827930587,-0.30047446791558213,1,320.0,286.0,291.3184921782229,-0.30047446791558213
40.59311532974243,1.3350000381469727,-28.264280719367527,-120.91507469058448,0.3057384936328684,-0.3001684796902332,1,320.0,286.0,291.73571928063245,-0.3001684796902332
40.60373663902283,1.3140000104904175,-27.847053616957993,-120.53595639772543,0.30320586619337986,-0.30073737350973184,1,320.0,287.0,292.15294638304204,-0.30073737350973184
40.6138916015625,1.3140000104904175,-27.94769983865821,-121.44225496240342,0.30500363883937204,-0.301342467787919,1,320.0,287.0,292.0523001613418,-0.301342467787919
40.62352728843689,1.3000000715255737,-27.534020009197377,-121.17620871522924,0.30334687671302096,-0.30162680756006627,1,320.0,287.0,292.4659799908026,-0.30162680756006627
40.63326597213745,1.3000000715255737,-27.120340179736544,-121.14428226122475,0.30350305197092564,-0.30133654417717853,1,320.0,287.0,292.87965982026344,-0.30133654417717853
40.644371509552,1.2780001163482666,-26.706660350275712,-120.7326058361214,0.3008157612194958,-0.30197493789488733,1,320.0,287.0,293.2933396497243,-0.30197493789488733
40.654016971588135,1.2780001163482666,-26.29298052081488,-120.7006793821169,0.3009719734536389,-0.30169253441021715,1,320.0,287.0,293.70701947918513,-0.30169253441021715
40.66347861289978,1.2640000581741333,-26.5695403862855,-121.61519801359813,0.30128089674400405,-0.3031428557277078,1,320.0,287.0,293.4304596137145,-0.3031428557277078
40.67309260368347,1.2640000581741333,-26.160588474507698,-121.59146367443952,0.3014451509030178,-0.3028696573260309,1,320.0,287.0,293.8394115254923,-0.3028696573260309
40.683584213256836,1.2430000305175781,-25.751636562729896,-121.18132233790968,0.298851834057459,-0.3034863939927233,1,320.0,287.0,294.2483634372701,-0.3034863939927233
40.69335412979126,1.2430000305175781,-26.069563304487144,-122.41158490015957,0.3010132680955149,-0.3043783093516385,1,320.0,287.0,293.93043669551287,-0.3043783093516385
40.70400428771973,1.2290000915527344,-25.665590596557028,-122.13040323734509,0.299313064102971,-0.30469993817711194,1,320.0,287.0,294.334409403443,-0.30469993817711194
40.713480710983276,1.2290000915527344,-25.261617888626912,-122.11525892372393,0.29948519678534025,-0.304443334462879,1,320.0,287.0,294.7383821113731,-0.304443334462879
40.72520637512207,1.2080000638961792,-24.857645180696796,-121.68772900617374,0.29685361852270153,-0.30507801989315037,1,320.0,287.0,295.1423548193032,-0.30507801989315037
40.73368763923645,1.2080000638961792,-24.45367247276668,-121.67258469255258,0.2970254052247289,-0.30482868769883265,1,320.0,287.0,295.5463275272333,-0.30482868769883265
40.74305963516235,1.194000005722046,-24.927619146785386,-122.84577436886222,0.2975225971937838,-0.3064908892450345,1,320.0,287.0,295.0723808532146,-0.3064908892450345
40.753517150878906,1.194000005722046,-24.529660592046834,-122.84071780199396,0.2977033490130513,-0.3062515004966569,1,320.0,287.0,295.4703394079532,-0.3062515004966569
40.76402258872986,1.1750000715255737,-24.131702037308283,-122.43738154217043,0.2952967999325424,-0.30681321178518206,1,320.0,287.0,295.8682979626917,-0.30681321178518206
40.773741245269775,1.1750000715255737,-24.6216652749133,-124.02305562313082,0.29777921093706483,-0.30786523000940885,1,320.0,287.0,295.3783347250867,-0.30786523000940885
40.78313612937927,1.165000081062317,-24.229789924026917,-123.81322706635002,0.2965754293706638,-0.308047886098192,1,320.0,287.0,295.77021007597307,-0.308047886098192
40.793641805648804,1.165000081062317,-23.837914573140534,-123.81906868768714,0.29676504265235804,-0.30782304582994596,1,320.0,287.0,296.16208542685945,-0.30782304582994596
40.804184913635254,1.1510000228881836,-23.44603922225415,-123.71545580703585,0.2951360591772733,-0.30818375145384536,1,320.0,287.0,296.55396077774583,-0.30818375145384536
40.813942193984985,1.1510000228881836,-23.054163871367766,-123.72129742837296,0.29532544401904,-0.30796322183725605,1,320.0,286.0,296.9458361286322,-0.30796322183725605
40.82386088371277,1.1430000066757202,-23.785207118633757,-125.29456058532395,0.296678328770242,-0.3096315432166575,1,320.0,286.0,296.21479288136624,-0.3096315432166575
40.83347988128662,1.1430000066757202,-23.401025530471795,-125.31114151528416,0.29687695702059,-0.3094196159912004,1,320.0,286.0,296.59897446952823,-0.3094196159912004
40.84413409233093,1.1340000629425049,-23.016843942309833,-125.32772244524438,0.29592279645266606,-0.30957623097242987,1,320.0,286.0,296.98315605769017,-0.30957623097242987
40.85389542579651,1.1340000629425049,-22.63266235414787,-125.34430337520459,0.2961213252183673,-0.3093666088148851,1,320.0,287.0,297.3673376458521,-0.3093666088148851
40.863678216934204,1.1290000677108765,-23.309582657760043,-126.86090175854252,0.2977022070520725,-0.31079633944601315,1,320.0,287.0,296.69041734224,-0.31079633944601315
40.87479829788208,1.1290000677108765,-22.932669706583855,-126.88775793391079,0.2979094312250985,-0.3105936601787621,1,320.0,287.0,297.06733029341615,-0.3105936601787621
40.884520053863525,1.1230000257492065,-22.555756755407668,-126.91461410927906,0.29732834630899274,-0.31063199564223365,1,320.0,287.0,297.4442432445923,-0.31063199564223365
40.893463134765625,1.1230000257492065,-22.17884380423148,-126.94147028464732,0.29753548991236567,-0.310430447129652,1,320.0,287.0,297.82115619576854,-0.310430447129652
40.90374708175659,1.1200000047683716,-22.90727351362737,-128.4043553240455,0.29925716946539715,-0.31182065392008035,1,320.0,287.0,297.0927264863726,-0.31182065392008035
40.913376331329346,1.1200000047683716,-22.537931194586726,-128.44104704331647,0.29947257990208515,-0.3116254685773059,1,320.0,287.0,297.46206880541325,-0.3116254685773059
40.92457032203674,1.1160000562667847,-22.16858887554608,-128.47773876258745,0.2991496802064482,-0.311587281049801,1,320.0,287.0,297.8314111244539,-0.311587281049801
40.93345665931702,1.1160000562667847,-21.799246556505437,-128.51443048185843,0.2993650539533064,-0.311392465030325,1,320.0,287.0,298.2007534434946,-0.311392465030325
40.944016218185425,1.1150000095367432,-22.5720656438051,-129.82429866302917,0.30112446941894205,-0.31274314250088175,1,320.0,287.0,297.4279343561949,-0.31274314250088175
40.953511476516724,1.1150000095367432,-22.210545529145897,-129.86970985613573,0.30134720186791986,-0.31255412344521233,1,320.0,287.0,297.7894544708541,-0.31255412344521233
40.96461462974548,1.1130000352859497,-21.849025414486693,-129.9151210492423,0.301295038667315,-0.31244136977454745,1,320.0,287.0,298.1509745855133,-0.31244136977454745
40.97348403930664,1.1130000352859497,-21.48750529982749,-129.96053224234885,0.30151781652865517,-0.31225198918945446,1,320.0,287.0,298.5124947001725,-0.31225198918945446
40.98401665687561,1.1130000352859497,-22.298216745397728,-131.1300101864664,0.3032178874465773,-0.3136025884456962,1,320.0,287.0,297.7017832546023,-0.3136025884456962
40.99355220794678,1.1130000352859497,-21.944724549882114,-131.18311944648676,0.30344721810401354,-0.3134188148041966,1,320.0,287.0,298.0552754501179,-0.3134188148041966
41.005403995513916,1.1120001077651978,-21.5912323543665,-131.23622870650712,0.3035365508067529,-0.31327183235274353,1,320.0,287.0,298.4087676456335,-0.31327183235274353
41.013139486312866,1.1120001077651978,-21.237740158850887,-131.28933796652748,0.3037659876865585,-0.31308735170123203,1,320.0,288.0,298.7622598411491,-0.31308735170123203
41.02383613586426,1.1130000352859497,-21.978716556056575,-132.32997352372303,0.3054334816690478,-0.3143026481675488,1,320.0,288.0,298.02128344394345,-0.3143026481675488
41.03330206871033,1.1130000352859497,-21.632719806068042,-132.38984583717067,0.30566876816805966,-0.31412300122730624,1,320.0,288.0,298.36728019393195,-0.31412300122730624
41.043681621551514,1.1130000352859497,-21.28672305607951,-132.4497181506183,0.3059041444755416,-0.31394283529193856,1,320.0,288.0,298.7132769439205,-0.31394283529193856
41.05315637588501,1.1130000352859497,-20.940726306090976,-132.50959046406595,0.30613961059149375,-0.3137621503614459,1,320.0,289.0,299.059273693909,-0.3137621503614459
41.06309914588928,1.1140000820159912,-21.61661397727606,-133.43197208963306,0.3076530904671564,-0.3148890367604472,1,320.0,289.0,298.3833860227239,-0.3148890367604472
41.07359838485718,1.1140000820159912,-21.27761585997514,-133.49775151521598,0.3078937256671321,-0.3147128083124111,1,320.0,289.0,298.7223841400249,-0.3147128083124111
41.08368468284607,1.1150000095367432,-20.938617742674218,-133.5635309407989,0.3082789758295926,-0.31450051287616443,1,320.0,289.0,299.06138225732576,-0.31450051287616443
41.09327936172485,1.1150000095367432,-20.599619625373297,-133.62931036638182,0.30851987414250304,-0.3143229284602295,1,320.0,289.0,299.4003803746267,-0.3143229284602295
41.10344386100769,1.1160000562667847,-21.316194220896424,-134.44316809022808,0.3098935096570658,-0.31550267053237324,1,320.0,289.0,298.6838057791036,-0.31550267053237324
41.11398410797119,1.1160000562667847,-20.98442590358954,-134.5140712334011,0.31013895710409994,-0.31532977786910005,1,320.0,289.0,299.01557409641043,-0.31532977786910005
41.123974323272705,1.1170001029968262,-20.652657586282654,-134.5849743765741,0.31053091991213355,-0.315121743872561,1,320.0,289.0,299.34734241371734,-0.315121743872561
41.13367199897766,1.1170001029968262,-20.32088926897577,-134.65587751974712,0.3107766509750537,-0.314947524120515,1,320.0,290.0,299.67911073102425,-0.314947524120515
41.143290758132935,1.1180000305175781,-20.97072666406508,-135.2687541251667,0.31188714699341463,-0.316038150105771,1,320.0,290.0,299.02927333593493,-0.316038150105771
41.153602838516235,1.1180000305175781,-20.645682051869553,-135.3433696242198,0.31213627442854286,-0.31586824104859246,1,320.0,290.0,299.3543179481305,-0.31586824104859246
41.16324281692505,1.1190000772476196,-20.320637439674027,-135.4179851232729,0.31253337459777075,-0.31566398937792883,1,320.0,290.0,299.67936256032596,-0.31566398937792883
41.17377209663391,1.1190000772476196,-19.9955928274785,-135.492600622326,0.312782800498382,-0.31549278012711207,1,320.0,290.0,300.0044071725215,-0.31549278012711207
41.1829833984375,1.1200000047683716,-20.68447430736367,-136.02403177848313,0.3137876051761502,-0.3166344594552733,1,320.0,290.0,299.31552569263636,-0.3166344594552733
41.19354057312012,1.1200000047683716,-20.366375393126262,-136.1017766018544,0.31403995963191383,-0.31646778769001893,1,320.0,290.0,299.63362460687375,-0.31646778769001893
41.20358848571777,1.1220000982284546,-20.048276478888855,-136.17952142522566,0.31459071862724247,-0.316234699276727,1,320.0,290.0,299.95172352111115,-0.316234699276727
41.213656425476074,1.1220000982284546,-19.73017756465145,-136.25726624859692,0.31484346181438905,-0.31606643698717196,1,320.0,291.0,300.26982243534854,-0.31606643698717196
41.22319269180298,1.1230000257492065,-20.35103011796857,-136.71411707675472,0.3157520344572951,-0.3171183998919688,1,320.0,291.0,299.64896988203145,-0.3171183998919688
41.233683586120605,1.1230000257492065,-20.03936390746361,-136.79445913405792,0.31600727924976485,-0.3169542908806603,1,320.0,291.0,299.9606360925364,-0.3169542908806603
41.24338984489441,1.124000072479248,-19.72769769695865,-136.87480119136112,0.3164129167212922,-0.3167574961938291,1,320.0,291.0,300.27230230304133,-0.3167574961938291
41.253392934799194,1.124000072479248,-19.41603148645369,-136.9551432486643,0.31666848288574545,-0.3165921405031143,1,320.0,292.0,300.5839685135463,-0.3165921405031143
41.26295566558838,1.125,-19.97343356034532,-137.3437562914611,0.3174877321375597,-0.3175582131074222,1,320.0,292.0,300.0265664396547,-0.3175582131074222
41.27354288101196,1.125,-19.66772186635639,-137.42621050117796,0.3177454053343845,-0.3173966448814786,1,320.0,292.0,300.3322781336436,-0.3173966448814786
41.283442974090576,1.1260000467300415,-19.362010172367462,-137.50866471089483,0.318154460313488,-0.3172030266729692,1,320.0,292.0,300.6379898276325,-0.3172030266729692
41.29358124732971,1.1260000467300415,-19.056298478378533,-137.5911189206117,0.31841246333100476,-0.3170402355859637,1,320.0,293.0,300.94370152162145,-0.3170402355859637
41.303314208984375,1.127000093460083,-19.554510168682,-137.917358200101,0.3191497975348661,-0.31792570904201395,1,320.0,293.0,300.445489831318,-0.31792570904201395
41.31385254859924,1.127000093460083,-19.254307182536245,-138.0014828932895,0.3194095459496975,-0.31776636320241736,1,320.0,293.0,300.74569281746375,-0.31776636320241736
41.325438022613525,1.128000020980835,-18.95410419639049,-138.085607586478,0.3198215159167966,-0.3175754895841489,1,320.0,293.0,301.0458958036095,-0.3175754895841489
41.33324384689331,1.128000020980835,-18.653901210244733,-138.1697322796665,0.3200816008243034,-0.31741494295436623,1,320.0,294.0,301.3460987897553,-0.31741494295436623
41.343804359436035,1.1290000677108765,-19.096891442990497,-138.33785384756038,0.3206073984653871,-0.31822477019124246,1,320.0,294.0,300.9031085570095,-0.31822477019124246
41.35324454307556,1.1290000677108765,-18.80178151584674,-138.42255416634393,0.32086830880288664,-0.31806734869936065,1,320.0,294.0,301.19821848415324,-0.31806734869936065
41.36379098892212,1.1299999952316284,-18.506671588702986,-138.50725448512748,0.3212819591030758,-0.3178788084498608,1,320.0,294.0,301.493328411297,-0.3178788084498608
41.37407350540161,1.1299999952316284,-18.21156166155923,-138.59195480391102,0.3215432082357114,-0.31772020653965977,1,320.0,295.0,301.78843833844076,-0.31772020653965977
41.383617639541626,1.13100004196167,-18.603032062453735,-138.7179246740432,0.32201323371653673,-0.31845901947964605,1,320.0,295.0,301.39696793754626,-0.31845901947964605
41.39317083358765,1.13100004196167,-18.312627669951926,-138.80290783708486,0.32227506245773774,-0.31830324323729653,1,320.0,295.0,301.68737233004805,-0.31830324323729653
41.40396308898926,1.1320000886917114,-18.022223277450117,-138.88789100012653,0.322690077577305,-0.318116651459963,1,320.0,295.0,301.9777767225499,-0.318116651459963
41.41360259056091,1.1320000886917114,-17.731818884948307,-138.9728741631682,0.32295224625512936,-0.3179597135864728,1,320.0,296.0,302.2681811150517,-0.3179597135864728
41.423229455947876,1.1320000886917114,-18.0752248741883,-139.06060016925827,0.32321826026437006,-0.31866145457805256,1,320.0,296.0,301.9247751258117,-0.31866145457805256
41.43389439582825,1.1320000886917114,-17.789164742519354,-139.14560213228486,0.32348069991574024,-0.3185073482965804,1,320.0,296.0,302.21083525748065,-0.3185073482965804
41.4432168006897,1.1330000162124634,-17.503104610850407,-139.23060409531146,0.3238966535498455,-0.31832264152786877,1,320.0,296.0,302.4968953891496,-0.31832264152786877
41.453346252441406,1.1330000162124634,-17.21704447918146,-139.31560605833806,0.32415943320290697,-0.31816739102660335,1,320.0,297.0,302.7829555208185,-0.31816739102660335
41.463202238082886,1.1330000162124634,-17.51561402986526,-139.36870172899037,0.3243790218519045,-0.3188054509488156,1,320.0,297.0,302.4843859701347,-0.3188054509488156
41.47371864318848,1.1330000162124634,-17.23356140492537,-139.45348498146353,0.32464186987956667,-0.3186527619747633,1,320.0,297.0,302.76643859507465,-0.3186527619747633
41.483323097229004,1.1340000629425049,-16.95150877998548,-139.5382682339367,0.3250585210733703,-0.3184695912551531,1,320.0,297.0,303.0484912200145,-0.3184695912551531
41.49314475059509,1.1340000629425049,-16.66945615504559,-139.62305148640985,0.3253217082380044,-0.31831577405742073,1,320.0,298.0,303.33054384495443,-0.31831577405742073
41.50295352935791,1.1340000629425049,-16.92620657358595,-139.44270079285593,0.3252244724081469,-0.31889424089538104,1,320.0,298.0,303.07379342641406,-0.31889424089538104
41.51347231864929,1.1340000629425049,-16.647847617805397,-139.52566646636143,0.325486361150071,-0.3187427330713222,1,320.0,298.0,303.3521523821946,-0.3187427330713222
41.52335810661316,1.1350001096725464,-16.369488662024843,-139.60863213986693,0.3259018177549782,-0.31856078263518767,1,320.0,298.0,303.6305113379752,-0.31856078263518767
41.53416967391968,1.1350001096725464,-16.09112970624429,-139.69159781337243,0.3261640383634733,-0.3184081613622981,1,320.0,300.0,303.90887029375574,-0.3184081613622981
41.543616771698,1.1350001096725464,-16.20781833940825,-139.50253879772933,0.326055865222717,-0.31879320724153704,1,320.0,300.0,303.7921816605917,-0.31879320724153704
41.55307912826538,1.1350001096725464,-15.932167762909907,-139.58363951609283,0.3263167396470465,-0.31864206734687367,1,320.0,300.0,304.0678322370901,-0.31864206734687367
41.563334226608276,1.1350001096725464,-15.656517186411566,-139.66474023445633,0.3265777357224535,-0.3184905139763455,1,320.0,300.0,304.3434828135884,-0.3184905139763455
41.57402563095093,1.1350001096725464,-15.380866609913225,-139.74584095281983,0.32683885344893804,-0.31833854712995263,1,320.0,301.0,304.6191333900868,-0.31833854712995263
41.58348345756531,1.1350001096725464,-15.470939332680482,-139.4484142271433,0.3265844910966086,-0.3186843276906958,1,320.0,301.0,304.5290606673195,-0.3186843276906958
41.593883991241455,1.1350001096725464,-15.197796264060008,-139.52691964859838,0.3268436324273153,-0.31853367850656167,1,320.0,301.0,304.80220373594,-0.31853367850656167
41.60362362861633,1.1360000371932983,-14.924653195439534,-139.60542507005346,0.32725557011130163,-0.3183520226340563,1,320.0,301.0,305.07534680456047,-0.3183520226340563
41.61331510543823,1.1360000371932983,-14.65151012681906,-139.68393049150853,0.32751502545800415,-0.3182002808974448,1,320.0,302.0,305.34848987318094,-0.3182002808974448
41.623645544052124,1.1360000371932983,-14.716708777704465,-139.28915716446392,0.32712889821252966,-0.31850973345338623,1,320.0,302.0,305.28329122229553,-0.31850973345338623
41.6332266330719,1.1360000371932983,-14.44588562544254,-139.36441744336784,0.3273858103788768,-0.318359158746913,1,320.0,302.0,305.55411437455746,-0.318359158746913
41.64311242103577,1.1360000371932983,-14.175062473180613,-139.43967772227177,0.3276428354356423,-0.31820817780571137,1,320.0,302.0,305.8249375268194,-0.31820817780571137
41.65368986129761,1.1360000371932983,-13.904239320918688,-139.5149380011757,0.32789997338282617,-0.3180567906297814,1,320.0,303.0,306.0957606790813,-0.3180567906297814
41.663532972335815,1.1360000371932983,-13.946196714133315,-139.03299586842905,0.32739700276221134,-0.31833174067430603,1,320.0,303.0,306.0538032858667,-0.31833174067430603
41.67318844795227,1.1360000371932983,-13.677518333876229,-139.1044353466124,0.32765109492601296,-0.31818137749197034,1,320.0,303.0,306.3224816661238,-0.31818137749197034
41.68340349197388,1.1360000371932983,-13.408839953619143,-139.17587482479576,0.3279052942490318,-0.3180306112920642,1,320.0,303.0,306.5911600463809,-0.3180306112920642
41.69422268867493,1.1360000371932983,-13.140161573362057,-139.2473143029791,0.32815960073126793,-0.3178794420745877,1,320.0,305.0,306.85983842663796,-0.3178794420745877
41.703794717788696,1.1360000371932983,-13.059380024192237,-138.6875965023778,0.32755286880398027,-0.3179842346616068,1,320.0,305.0,306.94061997580775,-0.3179842346616068
41.71348190307617,1.1360000371932983,-12.791990139947153,-138.7547078413799,0.3278036836798438,-0.3178333626704917,1,320.0,305.0,307.20800986005287,-0.3178333626704917
41.7235050201416,1.1360000371932983,-12.524600255702069,-138.82181918038202,0.3280545992227158,-0.3176820895945503,1,320.0,305.0,307.47539974429793,-0.3176820895945503
41.73310852050781,1.1360000371932983,-12.257210371456985,-138.88893051938413,0.3283056154325963,-0.3175304154337824,1,320.0,306.0,307.742789628543,-0.3175304154337824
41.743412256240845,1.1360000371932983,-12.165882713765463,-138.36112311301318,0.3277450104484637,-0.3176185638478144,1,320.0,306.0,307.8341172862345,-0.3176185638478144
41.75393581390381,1.1360000371932983,-11.899700225521938,-138.4241546301905,0.3279927347276781,-0.3174671213257295,1,320.0,306.0,308.10029977447806,-0.3174671213257295
41.763455629348755,1.1360000371932983,-11.633517737278414,-138.4871861473678,0.32824055355416826,-0.3173152795299124,1,320.0,306.0,308.3664822627216,-0.3173152795299124
41.773305892944336,1.1360000371932983,-11.36733524903489,-138.5502176645451,0.3284884669279342,-0.3171630384603628,1,320.0,307.0,308.6326647509651,-0.3171630384603628
41.78341269493103,1.1360000371932983,-11.266082690202536,-137.9515536705021,0.3278336214743904,-0.31723543749065086,1,320.0,307.0,308.73391730979745,-0.31723543749065086
41.793747663497925,1.1360000371932983,-11.001031301302639,-138.01004724019413,0.3280778384577504,-0.3170833663444043,1,320.0,307.0,308.99896869869735,-0.3170833663444043
41.803194761276245,1.1360000371932983,-10.735979912402742,-138.06854080988614,0.3283221431814649,-0.3169308976210744,1,320.0,307.0,309.26402008759726,-0.3169308976210744
41.813740253448486,1.1360000371932983,-10.470928523502845,-138.12703437957816,0.32856653564553395,-0.31677803132066124,1,320.0,308.0,309.52907147649717,-0.31677803132066124
41.82461619377136,1.1360000371932983,-10.360336770795023,-137.46558832949526,0.3278286721523954,-0.3168355246316473,1,320.0,308.0,309.639663229205,-0.3168355246316473
41.83322501182556,1.1360000371932983,-10.096344713575302,-137.51914433189887,0.3280690124884139,-0.31668277019050717,1,320.0,308.0,309.9036552864247,-0.31668277019050717
41.84409165382385,1.1360000371932983,-9.832352656355582,-137.57270033430248,0.3283094331584359,-0.31652961976128124,1,320.0,308.0,310.16764734364443,-0.31652961976128124
41.853744983673096,1.1360000371932983,-9.568360599135861,-137.6262563367061,0.3285499341624616,-0.31637607334396944,1,320.0,309.0,310.4316394008641,-0.31637607334396944
41.86361765861511,1.1360000371932983,-9.448981945835829,-136.80845304906651,0.32760154252847684,-0.3164194564627456,1,320.0,309.0,310.55101805416416,-0.3164194564627456
41.87310528755188,1.1360000371932983,-9.18598172321656,-136.85603281227054,0.32783708730886263,-0.3162659672839628,1,320.0,309.0,310.81401827678343,-0.3162659672839628
41.884063720703125,1.1360000371932983,-8.922981500597292,-136.90361257547457,0.3280727034588932,-0.31611208360484594,1,320.0,309.0,311.0770184994027,-0.31611208360484594
41.893694162368774,1.1360000371932983,-8.659981277978023,-136.9511923386786,0.3283083909785687,-0.3159578054253952,1,320.0,311.0,311.34001872202197,-0.3159578054253952
41.90292310714722,1.1360000371932983,-8.431326396223637,-136.09461085396416,0.3273104003852365,-0.3158499977783922,1,320.0,311.0,311.56867360377635,-0.3158499977783922
41.913625717163086,1.1360000371932983,-8.168561738465149,-136.13598923400747,0.32754092102033405,-0.31569513228889234,1,320.0,311.0,311.83143826153486,-0.31569513228889234
41.923500776290894,1.1360000371932983,-7.905797080706661,-136.17736761405078,0.3277715037230017,-0.31553987265240596,1,320.0,311.0,312.09420291929337,-0.31553987265240596
41.933226108551025,1.1360000371932983,-7.643032422948172,-136.2187459940941,0.32800214849323933,-0.3153842188689329,1,320.0,312.0,312.3569675770518,-0.3153842188689329
41.94305872917175,1.1360000371932983,-7.416324453952964,-135.4299627981731,0.3271000658051302,-0.3152773717694354,1,320.0,312.0,312.58367554604706,-0.3152773717694354
41.953471183776855,1.1360000371932983,-7.153807104581281,-135.46564720222523,0.32732595955823784,-0.31512114143612796,1,320.0,312.0,312.8461928954187,-0.31512114143612796
41.963042974472046,1.1360000371932983,-6.891289755209598,-135.50133160627735,0.3275519068379516,-0.3149645173267965,1,320.0,312.0,313.1087102447904,-0.3149645173267965
41.97360873222351,1.1360000371932983,-6.628772405837916,-135.53701601032947,0.3277779076442715,-0.3148074994414409,1,320.0,313.0,313.37122759416206,-0.3148074994414409
41.983071088790894,1.1360000371932983,-6.403751579847405,-134.60939663674864,0.32668948022842903,-0.31470125387820325,1,320.0,313.0,313.5962484201526,-0.31470125387820325
41.993569135665894,1.1360000371932983,-6.141491419735133,-134.6384737246334,0.32690993096799215,-0.31454366864374705,1,320.0,313.0,313.85850858026487,-0.31454366864374705
42.00307846069336,1.1360000371932983,-5.879231259622861,-134.66755081251816,0.3271304253231871,-0.31438569001905076,1,320.0,313.0,314.1207687403771,-0.31438569001905076
42.01366877555847,1.1360000371932983,-5.616971099510589,-134.69662790040292,0.32735096329401386,-0.3142273180041143,1,320.0,314.0,314.3830289004894,-0.3142273180041143
42.02313709259033,1.1360000371932983,-5.3933990291057325,-133.84729628353222,0.32637289623797655,-0.31412134513839857,1,320.0,314.0,314.60660097089425,-0.31412134513839857
42.03361511230469,1.1360000371932983,-5.131404235778257,-133.87034824855664,0.32658836281096226,-0.3139624135464515,1,320.0,314.0,314.86859576422177,-0.3139624135464515
42.0433783531189,1.1360000371932983,-4.869409442450782,-133.89340021358106,0.32680386396189554,-0.31380308896231446,1,320.0,314.0,315.1305905575492,-0.31380308896231446
42.05437469482422,1.1360000371932983,-4.607414649123307,-133.91645217860548,0.32701939969077637,-0.3136433713859874,1,320.0,316.0,315.3925853508767,-0.3136433713859874
42.06301832199097,1.1360000371932983,-4.2840680923731185,-132.83689064485472,0.3257303671468913,-0.3133995415103472,1,320.0,316.0,315.7159319076269,-0.3133995415103472
42.0735182762146,1.1360000371932983,-4.021652473073467,-132.85237952820603,0.3259394966465712,-0.3132386776454221,1,320.0,316.0,315.97834752692654,-0.3132386776454221
42.08330202102661,1.1360000371932983,-3.7592368537738157,-132.86786841155734,0.326148649379576,-0.3130774201570681,1,320.0,316.0,316.2407631462262,-0.3130774201570681
42.093825340270996,1.1360000371932983,-3.4968212344741643,-132.88335729490865,0.3263578253459059,-0.3129157690452851,1,320.0,317.0,316.50317876552583,-0.3129157690452851
42.103262424468994,1.1360000371932983,-3.184224670950847,-131.90058731421746,0.3252048132959776,-0.3126852480368354,1,320.0,317.0,316.81577532904913,-0.3126852480368354
42.113664388656616,1.1360000371932983,-2.9214648448842606,-131.90922882828403,0.32540817314248777,-0.3125225149749515,1,320.0,317.0,317.07853515511573,-0.3125225149749515
42.12373971939087,1.1360000371932983,-2.6587050188176744,-131.9178703423506,0.32561154595126907,-0.31235938777332845,1,320.0,317.0,317.34129498118233,-0.31235938777332845
42.13342094421387,1.1360000371932983,-2.395945192751088,-131.92651185641716,0.3258149317223214,-0.31219586643196634,1,320.0,318.0,317.60405480724893,-0.31219586643196634
42.143818855285645,1.1360000371932983,-2.0931935332133635,-130.83153789394237,0.3245123433718935,-0.3119773783339136,1,320.0,318.0,317.90680646678663,-0.3119773783339136
42.15329146385193,1.1360000371932983,-1.830159388090874,-130.83260929357985,0.32470927369604313,-0.3118128338469147,1,320.0,318.0,318.16984061190914,-0.3118128338469147
42.16311717033386,1.1360000371932983,-1.5671252429683844,-130.83368069321733,0.3249062056272922,-0.31164789480869814,1,320.0,318.0,318.43287475703164,-0.31164789480869814
42.17410731315613,1.1360000371932983,-1.3040910978458948,-130.8347520928548,0.3251031391656408,-0.31148256121926393,1,320.0,319.0,318.6959089021541,-0.31148256121926393
42.182963132858276,1.1360000371932983,-1.0103428355950066,-129.84248389837572,0.3239445637274688,-0.31127492061375034,1,320.0,319.0,318.989657164405,-0.31127492061375034
42.193598985672,1.1360000371932983,-0.7470980092202156,-129.83674155732274,0.32413566671068156,-0.31110861754139885,1,320.0,319.0,319.2529019907798,-0.31110861754139885
42.20295739173889,1.1360000371932983,-0.48385318284542467,-129.83099921626976,0.3243267610803827,-0.3109419196018078,1,320.0,319.0,319.51614681715455,-0.3109419196018078
42.21410775184631,1.1360000371932983,-0.2206083564706337,-129.82525687521678,0.32451784683657225,-0.3107748267949772,1,320.0,321.0,319.7793916435294,-0.3107748267949772
42.2231719493866,1.1360000371932983,0.1659211654377321,-128.7261347527958,0.32321689422515576,-0.3104391044076856,1,320.0,321.0,320.16592116543774,-0.3104391044076856
42.23370599746704,1.1360000371932983,0.43001165888791204,-128.71289241121156,0.3234015414340325,-0.3102704978265405,1,320.0,321.0,320.4300116588879,-0.3102704978265405
42.24349546432495,1.1360000371932983,0.6941021523380919,-128.69965006962732,0.32358616877939683,-0.3101014951096553,1,320.0,321.0,320.6941021523381,-0.3101014951096553
42.25425958633423,1.1360000371932983,0.9581926457882719,-128.6864077280431,0.3237707762612488,-0.30993209625702983,1,320.0,322.0,320.95819264578824,-0.30993209625702983
42.26318025588989,1.1360000371932983,1.3275081695249868,-127.49281030242841,0.3223446439695194,-0.30961871053599976,1,320.0,322.0,321.327508169525,-0.30961871053599976
42.27423858642578,1.1360000371932983,1.5923204532343065,-127.47147132452429,0.3225222795857655,-0.30944790143303164,1,320.0,322.0,321.5923204532343,-0.30944790143303164
42.28347182273865,1.1360000371932983,1.8571327369436261,-127.45013234662017,0.32269988319354476,-0.30927669511163786,1,320.0,322.0,321.85713273694364,-0.30927669511163786
42.2942841053009,1.1360000371932983,2.1219450206529458,-127.42879336871604,0.3228774547928571,-0.30910509157181854,1,320.0,323.0,322.12194502065296,-0.30910509157181854
42.303550481796265,1.1360000371932983,2.4754427596203903,-126.25312149959669,0.32147978241354774,-0.30881206992630233,1,320.0,323.0,322.47544275962036,-0.30881206992630233
42.31324625015259,1.1360000371932983,2.740863382032301,-126.22386436452288,0.3216505106710994,-0.30863915110550344,1,320.0,323.0,322.7408633820323,-0.30863915110550344
42.323999881744385,1.1360000371932983,3.0062840044442116,-126.19460722944908,0.3218211950429485,-0.3084658341537709,1,320.0,323.0,323.00628400444424,-0.3084658341537709
42.333486795425415,1.1360000371932983,3.2717046268561223,-126.16535009437527,0.3219918355290949,-0.30829211907110476,1,320.0,324.0,323.27170462685615,-0.30829211907110476
42.34294033050537,1.1360000371932983,3.6106845283312183,-125.10937241164888,0.3207613600336295,-0.3080176262035415,1,320.0,324.0,323.6106845283312,-0.3080176262035415
42.35335946083069,1.1360000371932983,3.876609731947818,-125.07307246841529,0.32092588287708546,-0.3078426828495528,1,320.0,324.0,323.87660973194784,-0.3078426828495528
42.36298203468323,1.1360000371932983,4.142534935564417,-125.0367725251817,0.3210903512706265,-0.3076673406077587,1,320.0,324.0,324.1425349355644,-0.3076673406077587
42.37370038032532,1.1360000371932983,4.408460139181017,-125.00047258194812,0.3212547652142528,-0.30749159947815907,1,320.0,326.0,324.408460139181,-0.30749159947815907
42.38304090499878,1.1360000371932983,4.8351337883999035,-123.7521028932239,0.319765123230829,-0.30709610065944537,1,320.0,326.0,324.8351337883999,-0.30709610065944537
42.393410444259644,1.1360000371932983,5.102161649133704,-123.70748873378497,0.31992230985686715,-0.30691861768761336,1,320.0,326.0,325.1021616491337,-0.30691861768761336
42.403971433639526,1.1360000371932983,5.369189509867504,-123.66287457434603,0.32007942956166624,-0.30674073417399017,1,320.0,326.0,325.3691895098675,-0.30674073417399017
42.413822889328,1.1360000371932983,5.636217370601305,-123.6182604149071,0.32023648234522606,-0.30656245011857597,1,320.0,327.0,325.6362173706013,-0.30656245011857597
42.42310047149658,1.1360000371932983,6.040989599483246,-122.40018216717903,0.318792148946008,-0.3061957983632058,1,320.0,327.0,326.0409895994832,-0.3061957983632058
42.43354940414429,1.1360000371932983,6.308962319768839,-122.34751861328999,0.3189421762016958,-0.30601590425965775,1,320.0,327.0,326.30896231976885,-0.30601590425965775
42.44305443763733,1.1360000371932983,6.576935040054432,-122.29485505940096,0.3190921244620527,-0.30583560819702926,1,320.0,327.0,326.5769350400544,-0.30583560819702926
42.45361924171448,1.1360000371932983,6.844907760340026,-122.24219150551193,0.31924199372707884,-0.3056549101753203,1,320.0,329.0,326.84490776034005,-0.3056549101753203
42.46313190460205,1.1370000839233398,7.330548211832328,-121.05404879497098,0.31795328433977177,-0.30512453519428934,1,320.0,329.0,327.3305482118323,-0.30512453519428934
42.4742476940155,1.1370000839233398,7.600014025003997,-120.99359641615283,0.31809626656401546,-0.30494148542764704,1,320.0,329.0,327.600014025004,-0.30494148542764704
42.48341917991638,1.1370000839233398,7.869479838175666,-120.93314403733467,0.31823915810969094,-0.3047580314622849,1,320.0,329.0,327.86947983817566,-0.3047580314622849
42.49396848678589,1.1370000839233398,8.138945651347335,-120.87269165851652,0.31838195897679816,-0.3045741732982031,1,320.0,330.0,328.13894565134734,-0.3045741732982031
42.503302574157715,1.1370000839233398,8.596380696669721,-119.71408139734399,0.3170237625062707,-0.30413300409462024,1,320.0,330.0,328.5963806966697,-0.30413300409462024
42.513694524765015,1.1370000839233398,8.867135883017935,-119.64609621488071,0.31715992508365837,-0.3039472323143692,1,320.0,330.0,328.8671358830179,-0.3039472323143692
42.5238471031189,1.1370000839233398,9.13789106936615,-119.57811103241744,0.31729598568327233,-0.30376105440133866,1,320.0,330.0,329.13789106936616,-0.30376105440133866
42.53353238105774,1.1370000839233398,9.408646255714364,-119.51012584995416,0.3174319443051126,-0.30357447035552865,1,320.0,331.0,329.40864625571436,-0.30357447035552865
42.543540239334106,1.1370000839233398,9.840130345241047,-118.38060359177982,0.3161169477947133,-0.3031678043488158,1,320.0,331.0,329.84013034524105,-0.3031678043488158
42.55300736427307,1.1370000839233398,10.111988047079373,-118.30533682494584,0.3162464608631608,-0.30297946298785894,1,320.0,331.0,330.11198804707936,-0.30297946298785894
42.56361413002014,1.1370000839233398,10.3838457489177,-118.23007005811186,0.3163758610314581,-0.30279071384034933,1,320.0,331.0,330.3838457489177,-0.30279071384034933
42.57354664802551,1.1370000839233398,10.655703450756027,-118.15480329127789,0.3165051482996052,-0.302601556906287,1,320.0,333.0,330.65570345075605,-0.302601556906287
42.583279848098755,1.1370000839233398,11.164338058865336,-116.85188607187243,0.3149564372174641,-0.30208837846881254,1,320.0,333.0,331.1643380588653,-0.30208837846881254
42.593668699264526,1.1370000839233398,11.437819920386081,-116.76819829641659,0.31507828039492,-0.30189701377019174,1,320.0,333.0,331.43781992038606,-0.30189701377019174
42.60309410095215,1.1370000839233398,11.711301781906826,-116.68451052096074,0.3151999980407127,-0.3017052388487787,1,320.0,333.0,331.71130178190685,-0.3017052388487787
42.61363935470581,1.1360000371932983,11.984783643427571,-116.6008227455049,0.3152189324977002,-0.30157062148848945,1,320.0,334.0,331.9847836434276,-0.30157062148848945
42.62339925765991,1.1360000371932983,12.461804680104667,-115.4464396521187,0.31387941254203955,-0.30110055017197146,1,320.0,334.0,332.46180468010465,-0.30110055017197146
42.633869647979736,1.1340000629425049,12.736682703925172,-115.35540751931111,0.31379418502234036,-0.30102372058028215,1,320.0,334.0,332.73668270392517,-0.30102372058028215
42.643333196640015,1.1340000629425049,13.011560727745678,-115.26437538650353,0.3139093672074903,-0.3008299305547868,1,320.0,334.0,333.0115607277457,-0.3008299305547868
42.653990268707275,1.1299999952316284,13.286438751566184,-115.17334325369595,0.3136244007887875,-0.30087212998481744,1,320.0,336.0,333.2864387515662,-0.30087212998481744
42.66359043121338,1.1299999952316284,13.835389290586303,-114.15579388831034,0.31248726614905376,-0.3003081408258502,1,320.0,336.0,333.8353892905863,-0.3003081408258502
42.67332696914673,1.1260000467300415,14.112147288116907,-114.05840640083346,0.3122056960460003,-0.30035356588644685,1,320.0,336.0,334.1121472881169,-0.30035356588644685
42.68422746658325,1.1260000467300415,14.38890528564751,-113.96101891335658,0.3123156730026589,-0.30015873200913135,1,320.0,336.0,334.3889052856475,-0.30015873200913135
42.6940484046936,1.1180000305175781,14.665663283178114,-113.8636314258797,0.3116444432271203,-0.30044981995004705,1,320.0,336.0,334.6656632831781,-0.30044981995004705
42.703959226608276,1.1180000305175781,14.942421280708718,-113.76624393840282,0.3117549071227951,-0.3002563698672061,1,320.0,338.0,334.94242128070874,-0.3002563698672061
42.71353459358215,1.1120001077651978,15.535187551628495,-112.86619605752074,0.3102268272227139,-0.3000156988064162,1,320.0,338.0,335.5351875516285,-0.3000156988064162
42.72308278083801,1.1120001077651978,15.814112245498933,-112.76330516559858,0.31033300294351784,-0.2998212756953409,1,320.0,338.0,335.8141122454989,-0.2998212756953409
42.7335262298584,1.1010000705718994,16.093036939369373,-112.66041427367642,0.309388389520427,-0.30031482186989494,1,320.0,339.0,336.09303693936937,-0.30031482186989494
42.743141412734985,1.1010000705718994,16.66456524066569,-112.08842418780682,0.3088906331948106,-0.29974541027637863,1,320.0,339.0,336.6645652406657,-0.29974541027637863
42.753549575805664,1.0940001010894775,16.94549585306507,-111.98231742724474,0.3083347543767727,-0.29999752162080284,1,320.0,339.0,336.94549585306504,-0.29999752162080284
42.76348924636841,1.0940001010894775,17.226426465464446,-111.87621066668265,0.3084395412662726,-0.29980480916894026,1,320.0,339.0,337.22642646546444,-0.29980480916894026
42.77431535720825,1.0810000896453857,17.507357077863823,-111.77010390612057,0.3073210545493452,-0.3004479546928917,1,320.0,339.0,337.50735707786384,-0.3004479546928917
42.78377985954285,1.0810000896453857,17.7882876902632,-111.66399714555848,0.30742690250766497,-0.30025805155036817,1,320.0,341.0,337.7882876902632,-0.30025805155036817
42.793320417404175,1.071000099182129,18.40019090381829,-111.38641255308985,0.30638384173276556,-0.3003112800971124,1,320.0,341.0,338.40019090381827,-0.3003112800971124
42.80394959449768,1.071000099182129,18.68338989746291,-111.27913053784954,0.30648950238722966,-0.30012154835880683,1,320.0,341.0,338.6833898974629,-0.30012154835880683
42.81422686576843,1.055999994277954,18.966588891107527,-111.17184852260922,0.3051956196422634,-0.3009238950806228,1,320.0,341.0,338.9665888911075,-0.3009238950806228
42.8247492313385,1.055999994277954,19.249787884752145,-111.06456650736891,0.30530256769216474,-0.30073756175994976,1,320.0,343.0,339.24978788475215,-0.30073756175994976
42.83319640159607,1.0460000038146973,19.918306642189545,-110.95065053367406,0.3044708183880753,-0.3007669527059929,1,320.0,343.0,339.9183066421895,-0.3007669527059929
42.843626499176025,1.0460000038146973,20.2041453711757,-110.8433230707401,0.30457848257751013,-0.3005805785408193,1,320.0,343.0,340.2041453711757,-0.3005805785408193
42.853655099868774,1.03000009059906,20.489984100161852,-110.73599560780613,0.30320042447161133,-0.30148384606118567,1,320.0,343.0,340.48998410016185,-0.30148384606118567
42.863805532455444,1.03000009059906,20.775822829148005,-110.62866814487217,0.3033094839087499,-0.30130118777468257,1,320.0,346.0,340.775822829148,-0.30130118777468257
42.87381458282471,1.0180000066757202,21.597055313453545,-110.7643638845411,0.30257671566351396,-0.3013478259752922,1,320.0,346.0,341.59705531345355,-0.3013478259752922
42.883463859558105,1.0180000066757202,21.886560770473405,-110.6587008040938,0.30268797023834304,-0.30116503230546754,1,320.0,346.0,341.8865607704734,-0.30116503230546754
42.894675970077515,1.0010000467300415,22.176066227493266,-110.5530377236465,0.3012190471279332,-0.3021790601439763,1,320.0,346.0,342.17606622749327,-0.3021790601439763
42.90315294265747,1.0010000467300415,22.465571684513126,-110.4473746431992,0.30133178098165625,-0.302000319538954,1,320.0,348.0,342.4655716845131,-0.302000319538954
42.91361093521118,0.9890000224113464,23.321021849752128,-110.90951708091379,0.3009269508041688,-0.30207979829363074,1,320.0,348.0,343.3210218497521,-0.30207979829363074
42.923094272613525,0.9890000224113464,23.614402448392685,-110.80774188344151,0.3010433943431491,-0.30190091357064786,1,320.0,348.0,343.6144024483927,-0.30190091357064786
42.934263467788696,0.9720000624656677,23.90778304703324,-110.70596668596923,0.3003159922144513,-0.30237683135379917,1,320.0,348.0,343.90778304703326,-0.30237683135379917
42.94399905204773,0.9720000624656677,24.201163645673798,-110.60419148849695,0.30043304640689733,-0.30219970692098325,1,320.0,350.0,344.2011636456738,-0.30219970692098325
42.95342755317688,0.9600000381469727,25.086409577496653,-111.35934476742293,0.30143190192866626,-0.30141299240326697,1,320.0,350.0,345.0864095774966,-0.30141299240326697
42.96299982070923,0.9600000381469727,25.383842261838147,-111.2634363565848,0.3015527610459988,-0.3012321489513903,1,320.0,350.0,345.38384226183814,-0.3012321489513903
42.974419593811035,0.9410000443458557,25.68127494617964,-111.16752794574668,0.30167347630071517,-0.3010508593504871,1,320.0,350.0,345.68127494617966,-0.3010508593504871
42.983213901519775,0.9410000443458557,25.978707630521136,-111.07161953490856,0.3017940476928152,-0.3008691236005574,1,320.0,353.0,345.9787076305211,-0.3008691236005574
42.99408030509949,0.9290000200271606,26.991619033557047,-112.08932714247717,0.3030605700360772,-0.29995059592773426,1,320.0,353.0,346.9916190335571,-0.29995059592773426
43.003660917282104,0.9290000200271606,27.293949752533734,-112.00104234040049,0.303186194894591,-0.29976453625799665,1,320.0,353.0,347.29394975253376,-0.29976453625799665
43.01456594467163,0.9110000729560852,27.596280471510422,-111.9127575383238,0.30331168732590164,-0.29957802309218057,1,320.0,353.0,347.5962804715104,-0.29957802309218057
43.0234317779541,0.9110000729560852,27.89861119048711,-111.82447273624712,0.3034370473300092,-0.299391056430286,1,320.0,356.0,347.8986111904871,-0.299391056430286
43.034106731414795,0.8990000486373901,29.025341441813868,-113.07693317799198,0.3049421080604758,-0.29835520230489093,1,320.0,356.0,349.02534144181385,-0.29835520230489093
43.043503761291504,0.8990000486373901,29.333315730698,-112.99782667989857,0.3050736336814108,-0.2981633746726305,1,320.0,356.0,349.333315730698,-0.2981633746726305
43.05540919303894,0.8810000419616699,29.641290019582133,-112.91872018180516,0.30520504064259874,-0.29797108507893677,1,320.0,356.0,349.64129001958213,-0.29797108507893677
43.06319284439087,0.8810000419616699,29.949264308466265,-112.83961368371175,0.3053363289440394,-0.2977783335238097,1,320.0,359.0,349.94926430846624,-0.2977783335238097
43.07392358779907,0.8690000176429749,31.177154180713686,-114.40304672187182,0.30715794095334714,-0.29663837611316146,1,320.0,359.0,351.17715418071367,-0.29663837611316146
43.08351492881775,0.8690000176429749,31.491426026356546,-114.33518471853978,0.30729686996882555,-0.29644028848821347,1,320.0,359.0,351.4914260263565,-0.29644028848821347
43.09300446510315,0.8520000576972961,31.805697871999406,-114.26732271520774,0.30743569719129904,-0.29624172945549687,1,320.0,359.0,351.8056978719994,-0.29624172945549687
43.10380482673645,0.8520000576972961,32.11996971764227,-114.1994607118757,0.30757442262076745,-0.2960426990150118,1,320.0,362.0,352.1199697176423,-0.2960426990150118
43.11347460746765,0.8400000333786011,33.437432232233256,-116.14209014291268,0.30978222442101877,-0.294810723120454,1,320.0,362.0,353.4374322322333,-0.294810723120454
43.12403655052185,0.8400000333786011,33.75857204961619,-116.08799222130736,0.30993038940698014,-0.2946059381500358,1,320.0,362.0,353.7585720496162,-0.2946059381500358
43.1345419883728,0.8240000605583191,34.079711866999126,-116.03389429970204,0.3100784732460592,-0.2944006714698914,1,320.0,362.0,354.0797118669991,-0.2944006714698914
43.143210887908936,0.8240000605583191,34.40085168438206,-115.97979637809672,0.3102264759382558,-0.29419492308002104,1,320.0,365.0,354.4008516843821,-0.29419492308002104
43.1532883644104,0.8140000104904175,35.79727304469217,-118.15964384729617,0.31267363846251206,-0.29288198222662787,1,320.0,365.0,355.7972730446922,-0.29288198222662787
43.163875102996826,0.8140000104904175,36.12577489571107,-118.12084087910674,0.3128321942990997,-0.29267011267579524,1,320.0,365.0,356.12577489571106,-0.29267011267579524
43.17358899116516,0.8010000586509705,36.45427674672997,-118.08203791091731,0.3129906919312352,-0.2924577503721861,1,320.0,365.0,356.45427674673,-0.2924577503721861
43.18377113342285,0.8010000586509705,36.782778597748866,-118.04323494272788,0.31314913135891836,-0.2922448953158004,1,320.0,368.0,356.78277859774886,-0.2922448953158004
43.193325996398926,0.7940000295639038,38.24843216464565,-120.33168609922242,0.3155224023948012,-0.29091847692866857,1,320.0,368.0,358.24843216464564,-0.29091847692866857
43.203794956207275,0.7940000295639038,38.584720324102314,-120.30881831204255,0.31551142585695485,-0.29075705861212936,1,320.0,368.0,358.5847203241023,-0.29075705861212936
43.21463632583618,0.7860000133514404,38.92100848355898,-120.28595052486267,0.31550044931910853,-0.29059564029559015,1,320.0,368.0,358.921008483559,-0.29059564029559015
43.22345447540283,0.7860000133514404,39.25729664301564,-120.2630827376828,0.31548947278126216,-0.29043422197905094,1,320.0,371.0,359.25729664301565,-0.29043422197905094
43.2331223487854,0.781000018119812,40.78326756080637,-122.5437491216662,0.3178461370325322,-0.28905001241417627,1,320.0,371.0,360.7832675608064,-0.28905001241417627
43.243545055389404,0.781000018119812,41.12770251431723,-122.5366556393233,0.3178427321610076,-0.28888468363649106,1,320.0,371.0,361.1277025143172,-0.28888468363649106
43.253666162490845,0.7750000357627869,41.472137467828084,-122.5295621569804,0.31783932728948305,-0.28871935485880584,1,320.0,371.0,361.4721374678281,-0.28871935485880584
43.26348400115967,0.7750000357627869,41.81657242133894,-122.52246867463751,0.31783592241795844,-0.28855402608112063,1,320.0,373.0,361.81657242133895,-0.28855402608112063
43.27439546585083,0.7720000147819519,43.293431845665026,-124.79143110961687,0.3201720456693467,-0.2872246929938823,1,320.0,373.0,363.29343184566505,-0.2872246929938823
43.28392934799194,0.7720000147819519,43.6456223062204,-124.79992539330644,0.3201761229255177,-0.2870556415728157,1,320.0,373.0,363.6456223062204,-0.2870556415728157
43.294305086135864,0.7690000534057617,43.99781276677578,-124.80841967699601,0.3201802001816887,-0.2868865901517491,1,320.0,373.0,363.9978127667758,-0.2868865901517491
43.30410575866699,0.7690000534057617,44.35000322733116,-124.81691396068558,0.3201842774378597,-0.28671753873068256,1,320.0,375.0,364.3500032273312,-0.28671753873068256
43.31360483169556,0.7670000195503235,45.78012338059639,-126.9694349433882,0.32239229869774033,-0.2854404336255074,1,320.0,375.0,365.78012338059636,-0.2854404336255074
43.323406457901,0.7670000195503235,46.13969693404687,-126.99261436693007,0.32240342482104045,-0.2852678383198512,1,320.0,375.0,366.13969693404687,-0.2852678383198512
43.333980321884155,0.76500004529953,46.49927048749734,-127.01579379047195,0.32241455094434057,-0.285095243014195,1,320.0,375.0,366.49927048749737,-0.285095243014195
43.343453884124756,0.76500004529953,46.858844040947815,-127.03897321401382,0.32242567706764064,-0.28492264770853876,1,320.0,378.0,366.8588440409478,-0.28492264770853876
43.353551149368286,0.76500004529953,48.34563627246164,-128.980555326377,0.32440893252378245,-0.28359126492177156,1,320.0,378.0,368.34563627246166,-0.28359126492177156
43.36357760429382,0.76500004529953,48.712931357357625,-129.01687595044646,0.3244263664233358,-0.28341496328102145,1,320.0,378.0,368.7129313573576,-0.28341496328102145
43.37549591064453,0.7640000581741333,49.08022644225361,-129.05319657451594,0.3244438003228891,-0.2832386616402714,1,320.0,378.0,369.0802264422536,-0.2832386616402714
43.38380241394043,0.7640000581741333,49.4475215271496,-129.0895171985854,0.32446123422244244,-0.28306235999952134,1,320.0,380.0,369.4475215271496,-0.28306235999952134
43.39382815361023,0.7640000581741333,50.88213818055541,-130.83623439672047,0.3262370671630227,-0.28178878229368076,1,320.0,380.0,370.8821381805554,-0.28178878229368076
43.4032883644104,0.7640000581741333,51.25674528685396,-130.88427262935838,0.32626012551468886,-0.28160897088265746,1,320.0,380.0,371.25674528685397,-0.28160897088265746
43.41390299797058,0.7640000581741333,51.63135239315252,-130.93231086199629,0.3262831838663551,-0.28142915947163416,1,320.0,380.0,371.6313523931525,-0.28142915947163416
43.42380881309509,0.7640000581741333,52.00595949945107,-130.9803490946342,0.3263062422180213,-0.28124934806061086,1,320.0,382.0,372.0059594994511,-0.28124934806061086
43.43308973312378,0.76500004529953,53.39113783980131,-132.6482525242986,0.3279947209733598,-0.2800305452843533,1,320.0,382.0,373.39113783980133,-0.2800305452843533
43.44376993179321,0.76500004529953,53.772668910760984,-132.70738932080027,0.3280231066356806,-0.27984741037029265,1,320.0,382.0,373.772668910761,-0.27984741037029265
43.45348358154297,0.76500004529953,54.15419998172066,-132.76652611730194,0.3280514922980014,-0.279664275456232,1,320.0,382.0,374.15419998172064,-0.279664275456232
43.46360206604004,0.76500004529953,54.53573105268033,-132.8256629138036,0.3280798779603222,-0.2794811405421714,1,320.0,384.0,374.5357310526803,-0.2794811405421714
43.47323417663574,0.7660000324249268,55.87405243308857,-134.31775437826943,0.32958159674724985,-0.2783142544406317,1,320.0,384.0,375.8740524330886,-0.2783142544406317
43.48361158370972,0.7660000324249268,56.262139652035046,-134.38671011082087,0.3296146954988745,-0.27812797257553734,1,320.0,384.0,376.26213965203505,-0.27812797257553734
43.495457887649536,0.7670000195503235,56.65022687098152,-134.45566584337232,0.32964779425049917,-0.27794169071044306,1,320.0,384.0,376.6502268709815,-0.27794169071044306
43.50305676460266,0.7670000195503235,57.038314089927994,-134.52462157592376,0.3296808930021239,-0.2777554088453488,1,320.0,385.0,377.038314089928,-0.2777554088453488
43.51314043998718,0.7670000195503235,58.23113953860343,-135.85454314681476,0.3310105565538095,-0.2767416697802213,1,320.0,385.0,378.23113953860343,-0.2767416697802213
43.524213790893555,0.7670000195503235,58.62474154317194,-135.93214014433696,0.33104780311262016,-0.2765527408180284,1,320.0,385.0,378.6247415431719,-0.2765527408180284
43.533276319503784,0.7680000066757202,59.01834354774046,-136.00973714185915,0.3310850496714308,-0.27636381185583553,1,320.0,385.0,379.01834354774047,-0.27636381185583553
43.543429374694824,0.7680000066757202,59.41194555230897,-136.08733413938134,0.3311222962302415,-0.2761748828936426,1,320.0,387.0,379.41194555230896,-0.2761748828936426
43.55329513549805,0.7690000534057617,60.57240304528726,-137.16671390907388,0.33218965762130087,-0.27519741051191093,1,320.0,387.0,380.5724030452873,-0.27519741051191093
43.56414842605591,0.7690000534057617,60.97126070966955,-137.25117664536614,0.3322301997347212,-0.27500595883300744,1,320.0,387.0,380.97126070966954,-0.27500595883300744
43.57364296913147,0.7700000405311584,61.37011837405184,-137.3356393816584,0.3322707418481415,-0.27481450715410394,1,320.0,387.0,381.37011837405186,-0.27481450715410394
43.58340001106262,0.7700000405311584,61.76897603843413,-137.42010211795068,0.33231128396156173,-0.27462305547520044,1,320.0,388.0,381.7689760384341,-0.27462305547520044
43.59358239173889,0.7710000276565552,62.79746676667685,-138.37154713908183,0.3332433688083835,-0.2737841340698557,1,320.0,388.0,382.79746676667685,-0.2737841340698557
43.60310959815979,0.7710000276565552,63.20064000425649,-138.46195226583256,0.33328676326922385,-0.27359061091581743,1,320.0,388.0,383.2006400042565,-0.27359061091581743
43.613887786865234,0.7720000147819519,63.603813241836136,-138.5523573925833,0.3333301577300642,-0.2733970877617792,1,320.0,388.0,383.6038132418361,-0.2733970877617792
43.624051570892334,0.7720000147819519,64.00698647941577,-138.64276251933404,0.3333735521909046,-0.273203564607741,1,320.0,390.0,384.0069864794158,-0.273203564607741
43.63395380973816,0.7720000147819519,65.01567916771566,-139.47652495419194,0.33418139483388587,-0.27238734192777386,1,320.0,390.0,385.0156791677157,-0.27238734192777386
43.6433219909668,0.7720000147819519,65.4230030326651,-139.57202553937083,0.3342272351147717,-0.27219182647259815,1,320.0,390.0,385.42300303266506,-0.27219182647259815
43.65313911437988,0.7730000615119934,65.83032689761453,-139.6675261245497,0.3342730753956576,-0.27199631101742244,1,320.0,390.0,385.83032689761455,-0.27199631101742244
43.66413712501526,0.7730000615119934,66.23765076256396,-139.7630267097286,0.3343189156765435,-0.2718007955622467,1,320.0,391.0,386.23765076256393,-0.2718007955622467
43.67328643798828,0.7740000486373901,67.12610968900434,-140.38761311797865,0.3349088746913496,-0.271110474559299,1,320.0,391.0,387.12610968900435,-0.271110474559299
43.683950662612915,0.7740000486373901,67.53673181293198,-140.4867406723931,0.33495645591746853,-0.27091337593981374,1,320.0,391.0,387.536731812932,-0.27091337593981374
43.693562269210815,0.7750000357627869,67.94735393685961,-140.58586822680755,0.3350040371435875,-0.27071627732032844,1,320.0,391.0,387.9473539368596,-0.27071627732032844
43.703837871551514,0.7750000357627869,68.35797606078725,-140.684995781222,0.3350516183697064,-0.2705191787008432,1,320.0,392.0,388.3579760607872,-0.2705191787008432
43.71311902999878,0.7750000357627869,69.13652239267917,-141.22003329560764,0.33554751131907945,-0.2699436883242385,1,320.0,392.0,389.1365223926792,-0.2699436883242385
43.724411725997925,0.7750000357627869,69.54966686832302,-141.32214928680293,0.3355965269948532,-0.26974537897592943,1,320.0,392.0,389.549666868323,-0.26974537897592943
43.733134031295776,0.7760000228881836,69.96281134396686,-141.42426527799822,0.33564554267062696,-0.26954706962762043,1,320.0,392.0,389.96281134396685,-0.26954706962762043
43.74381422996521,0.7760000228881836,70.37595581961071,-141.5263812691935,0.3356945583464007,-0.2693487602793113,1,320.0,393.0,390.3759558196107,-0.2693487602793113
43.753108501434326,0.7760000228881836,71.05417132705858,-141.8783728814492,0.3360005672041565,-0.2688778295058889,1,320.0,393.0,391.0541713270586,-0.2688778295058889
43.7635395526886,0.7760000228881836,71.46913314432553,-141.98220203369291,0.3360504051972335,-0.26867864783360074,1,320.0,393.0,391.4691331443255,-0.26867864783360074
43.77356505393982,0.7770000100135803,71.88409496159247,-142.08603118593663,0.33610024319031045,-0.2684794661613126,1,320.0,393.0,391.8840949615925,-0.2684794661613126
43.78330969810486,0.7770000100135803,72.29905677885941,-142.18986033818035,0.33615008118338746,-0.26828028448902447,1,320.0,394.0,392.2990567788594,-0.26828028448902447
43.793508768081665,0.7770000100135803,72.88583368560073,-142.37552303827698,0.3362840862474718,-0.26790438833697405,1,320.0,394.0,392.88583368560074,-0.26790438833697405
43.804006576538086,0.7770000100135803,73.30197354332785,-142.47991327762116,0.33633419356235705,-0.26770464120526505,1,320.0,394.0,393.30197354332785,-0.26770464120526505
43.81387138366699,0.7780000567436218,73.71811340105496,-142.58430351696535,0.33638430087724225,-0.26750489407355604,1,320.0,394.0,393.71811340105495,-0.26750489407355604
43.82374691963196,0.7780000567436218,74.13425325878208,-142.68869375630953,0.33643440819212744,-0.267305146941847,1,320.0,395.0,394.1342532587821,-0.267305146941847
43.83405041694641,0.7780000567436218,74.63784047629049,-142.72352040641928,0.33641296632093315,-0.2670154563859126,1,320.0,395.0,394.6378404762905,-0.2670154563859126
43.8434796333313,0.7780000567436218,75.05457994266175,-142.82743366247288,0.33646284468383886,-0.2668154214420544,1,320.0,395.0,395.05457994266175,-0.2668154214420544
43.85387945175171,0.7790000438690186,75.471319409033,-142.9313469185265,0.3365127230467446,-0.26661538649819616,1,320.0,395.0,395.471319409033,-0.26661538649819616
43.86373496055603,0.7790000438690186,75.88805887540425,-143.0352601745801,0.33656260140965033,-0.266415351554338,1,320.0,396.0,395.8880588754042,-0.266415351554338
43.87327265739441,0.7790000438690186,76.31610497108608,-142.933601685418,0.33640103505143415,-0.266203686962257,1,320.0,396.0,396.3161049710861,-0.266203686962257
43.883904695510864,0.7790000438690186,76.73292196828424,-143.03610531292887,0.33645023679263936,-0.26600361480360185,1,320.0,396.0,396.73292196828424,-0.26600361480360185
43.8940486907959,0.7790000438690186,77.14973896548241,-143.13860894043972,0.33649943853384456,-0.26580354264494677,1,320.0,396.0,397.1497389654824,-0.26580354264494677
43.90379619598389,0.7790000438690186,77.56655596268058,-143.24111256795058,0.33654864027504977,-0.2656034704862916,1,320.0,396.0,397.5665559626806,-0.2656034704862916
43.91319298744202,0.7790000438690186,77.82514625886984,-143.0162544149427,0.33626112039636286,-0.2655661490036302,1,320.0,396.0,397.82514625886984,-0.2655661490036302
43.92398381233215,0.7790000438690186,78.24087823282414,-143.11651319288802,0.3363092446097766,-0.2653665976561321,1,320.0,396.0,398.2408782328241,-0.2653665976561321
43.933351278305054,0.7800000309944153,78.65661020677845,-143.21677197083335,0.3363573688231904,-0.265167046308634,1,320.0,396.0,398.65661020677845,-0.265167046308634
43.94374179840088,0.7800000309944153,79.07234218073276,-143.31703074877868,0.33640549303660416,-0.2649674949611359,1,320.0,397.0,399.0723421807328,-0.2649674949611359
43.95401215553284,0.7800000309944153,79.27876514455141,-142.98126431758962,0.3360051164758409,-0.26498324137881624,1,320.0,397.0,399.2787651445514,-0.26498324137881624
43.963629722595215,0.7800000309944153,79.6930617505018,-143.07853298711254,0.3360518054372119,-0.26478437900796004,1,320.0,397.0,399.6930617505018,-0.26478437900796004
43.973956823349,0.7800000309944153,80.10735835645218,-143.17580165663546,0.3360984943985829,-0.26458551663710383,1,320.0,397.0,400.1073583564522,-0.26458551663710383
43.98363375663757,0.7800000309944153,80.52165496240256,-143.27307032615838,0.3361451833599539,-0.2643866542662477,1,320.0,398.0,400.5216549624026,-0.2643866542662477
43.99409794807434,0.7800000309944153,80.6812647139974,-142.83775951348068,0.33564404506252415,-0.26444977044683265,1,320.0,398.0,400.6812647139974,-0.26444977044683265
44.003488063812256,0.7800000309944153,81.0938147091809,-142.9313758191618,0.3356889808892511,-0.26425174644914456,1,320.0,398.0,401.0938147091809,-0.26425174644914456
44.013339042663574,0.7800000309944153,81.50636470436442,-143.0249921248429,0.335733916715978,-0.2640537224514565,1,320.0,398.0,401.5063647043644,-0.2640537224514565
44.024152755737305,0.7800000309944153,81.91891469954793,-143.118608430524,0.33577885254270495,-0.2638556984537684,1,320.0,398.0,401.91891469954794,-0.2638556984537684
44.03312849998474,0.7800000309944153,81.93565853014981,-142.49325295037647,0.3350842209424189,-0.2640648188705139,1,320.0,398.0,401.9356585301498,-0.2640648188705139
44.04361844062805,0.7800000309944153,82.34549405714039,-142.5819384939349,0.33512679000332696,-0.2638680978175585,1,320.0,398.0,402.3454940571404,-0.2638680978175585
44.0532341003418,0.781000018119812,82.75532958413096,-142.67062403749333,0.335169359064235,-0.263671376764603,1,320.0,398.0,402.75532958413095,-0.263671376764603
44.063889026641846,0.781000018119812,83.16516511112154,-142.75930958105175,0.335211928125143,-0.2634746557116475,1,320.0,399.0,403.16516511112155,-0.2634746557116475
44.07313656806946,0.781000018119812,83.15432630421614,-142.0643185349869,0.33444836046799686,-0.2637106654961151,1,320.0,399.0,403.15432630421617,-0.2637106654961151
44.08370566368103,0.781000018119812,83.5612767417423,-142.1476294291074,0.33448834969717467,-0.26351532928610255,1,320.0,399.0,403.5612767417423,-0.26351532928610255
44.0940318107605,0.781000018119812,83.96822717926847,-142.2309403232279,0.33452833892635253,-0.26331999307609,1,320.0,399.0,403.96822717926847,-0.26331999307609
44.10366201400757,0.781000018119812,84.37517761679463,-142.3142512173484,0.3345683281555304,-0.26312465686607744,1,320.0,399.0,404.37517761679464,-0.26312465686607744
44.11324691772461,0.781000018119812,84.23924711168496,-141.45684352665003,0.33364062637443215,-0.26348776716314654,1,320.0,399.0,404.23924711168496,-0.26348776716314654
44.12413811683655,0.781000018119812,84.64247425352842,-141.53370259465098,0.33367751872707263,-0.2632942181350617,1,320.0,399.0,404.6424742535284,-0.2632942181350617
44.13318371772766,0.781000018119812,85.04570139537188,-141.61056166265192,0.33371441107971306,-0.2631006691069768,1,320.0,399.0,405.0457013953719,-0.2631006691069768
44.14366054534912,0.781000018119812,85.44892853721534,-141.68742073065286,0.3337513034323535,-0.26290712007889194,1,320.0,400.0,405.44892853721535,-0.26290712007889194
44.15312838554382,0.7820000648498535,85.30182768673785,-140.78587482140796,0.33278172747327023,-0.2632796839572282,1,320.0,400.0,405.30182768673785,-0.2632796839572282
44.16361856460571,0.7820000648498535,85.70128038520497,-140.85602346537584,0.3328153988223748,-0.26308794666196406,1,320.0,400.0,405.701280385205,-0.26308794666196406
44.173006534576416,0.7820000648498535,86.10073308367208,-140.92617210934372,0.3328490701714794,-0.26289620936669983,1,320.0,400.0,406.1007330836721,-0.26289620936669983
44.18367576599121,0.7820000648498535,86.5001857821392,-140.9963207533116,0.332882741520584,-0.2627044720714356,1,320.0,400.0,406.50018578213917,-0.2627044720714356
44.19345045089722,0.7820000648498535,86.24313725443827,-139.9558706698212,0.33177394900150264,-0.2631880722421464,1,320.0,400.0,406.24313725443824,-0.2631880722421464
44.2041380405426,0.7820000648498535,86.63808724193771,-140.0184021078015,0.3318039640917332,-0.2629984962481467,1,320.0,400.0,406.6380872419377,-0.2629984962481467
44.21321225166321,0.7820000648498535,87.03303722943716,-140.08093354578182,0.3318339791819637,-0.2628089202541469,1,320.0,400.0,407.0330372294371,-0.2628089202541469
44.22391176223755,0.7820000648498535,87.4279872169366,-140.14346498376213,0.33186399427219426,-0.2626193442601472,1,320.0,400.0,407.4279872169366,-0.2626193442601472
44.233290910720825,0.7820000648498535,87.07273103685911,-139.08053727448723,0.33073624993301526,-0.26320150508718776,1,320.0,400.0,407.0727310368591,-0.26320150508718776
44.24360632896423,0.7820000648498535,87.46253555110101,-139.13534947448343,0.3307625597890134,-0.2630143989203516,1,320.0,400.0,407.46253555110104,-0.2630143989203516
44.253517627716064,0.7820000648498535,87.85234006534291,-139.19016167447964,0.3307888696450116,-0.2628272927535155,1,320.0,400.0,407.8523400653429,-0.2628272927535155
44.26364231109619,0.7820000648498535,88.24214457958482,-139.24497387447585,0.3308151795010098,-0.2626401865866794,1,320.0,401.0,408.2421445795848,-0.2626401865866794
44.27373909950256,0.7830000519752502,87.90051246982013,-138.06307749272915,0.32956927951696713,-0.2632055138420453,1,320.0,401.0,407.9005124698201,-0.2632055138420453
44.283445835113525,0.7830000519752502,88.28530018602854,-138.10940732121531,0.32959151783464047,-0.2630208157382653,1,320.0,401.0,408.2853001860285,-0.2630208157382653
44.293577432632446,0.7830000519752502,88.67008790223694,-138.15573714970148,0.32961375615231386,-0.2628361176344852,1,320.0,401.0,408.67008790223696,-0.2628361176344852
44.303375244140625,0.7830000519752502,89.05487561844535,-138.20206697818764,0.3296359944699872,-0.2626514195307052,1,320.0,401.0,409.05487561844535,-0.2626514195307052
44.31304359436035,0.7830000519752502,88.62614263530799,-136.91502367099054,0.3282865761528782,-0.26330359974322526,1,320.0,401.0,408.626142635308,-0.26330359974322526
44.32368302345276,0.7830000519752502,89.00535049675872,-136.95220803035602,0.3283044246453737,-0.26312157996972896,1,320.0,401.0,409.00535049675875,-0.26312157996972896
44.33314800262451,0.7830000519752502,89.38455835820946,-136.9893923897215,0.3283222731378691,-0.2629395601962326,1,320.0,401.0,409.38455835820946,-0.2629395601962326
44.34417986869812,0.7830000519752502,89.7637662196602,-137.02657674908698,0.3283401216303645,-0.26275754042273625,1,320.0,401.0,409.76376621966017,-0.26275754042273625
44.353195905685425,0.7830000519752502,89.257856501039,-135.64711336162034,0.3269006414472897,-0.2634860555606705,1,320.0,401.0,409.257856501039,-0.2634860555606705
44.36361742019653,0.7830000519752502,89.63099338157728,-135.6745809990222,0.3269138259132426,-0.2633069498580121,1,320.0,401.0,409.6309933815773,-0.2633069498580121
44.37351417541504,0.784000039100647,90.00413026211557,-135.70204863642405,0.32692701037919547,-0.26312784415535373,1,320.0,401.0,410.00413026211555,-0.26312784415535373
44.383328676223755,0.784000039100647,90.37726714265385,-135.7295162738259,0.32694019484514836,-0.2629487384526954,1,320.0,402.0,410.37726714265386,-0.2629487384526954
44.39319562911987,0.784000039100647,89.90432084616474,-134.37033686390345,0.325526907693892,-0.26364001547659793,1,320.0,402.0,409.90432084616475,-0.26364001547659793
44.40401792526245,0.784000039100647,90.27165444168317,-134.38829348837413,0.3255355268736379,-0.2634636953507491,1,320.0,402.0,410.27165444168315,-0.2634636953507491
44.41360950469971,0.784000039100647,90.6389880372016,-134.40625011284482,0.32554414605338383,-0.26328737522490026,1,320.0,402.0,410.6389880372016,-0.26328737522490026
44.42328357696533,0.784000039100647,91.00632163272003,-134.4242067373155,0.32555276523312976,-0.2631110550990514,1,320.0,402.0,411.00632163272,-0.2631110550990514
44.433695554733276,0.784000039100647,90.46403792575423,-132.98535240633407,0.3240627294623878,-0.263870479222184,1,320.0,402.0,410.4640379257542,-0.263870479222184
44.44324588775635,0.784000039100647,90.8251324219753,-132.99331670965637,0.3240665523279825,-0.2636971538639979,1,320.0,402.0,410.8251324219753,-0.2636971538639979
44.452954053878784,0.7850000262260437,91.18622691819637,-133.00128101297867,0.3240703751935772,-0.2635238285058118,1,320.0,402.0,411.1862269181964,-0.2635238285058118
44.46351647377014,0.7850000262260437,91.54732141441744,-133.00924531630096,0.32407419805917187,-0.26335050314762565,1,320.0,401.0,411.5473214144174,-0.26335050314762565
44.47411561012268,0.7850000262260437,90.8431598234657,-131.50130910717616,0.32251857570433523,-0.264273033685019,1,320.0,401.0,410.8431598234657,-0.264273033685019
44.48352336883545,0.7850000262260437,91.19694765751507,-131.49887574831774,0.3225174076920832,-0.2641032155246753,1,320.0,401.0,411.19694765751507,-0.2641032155246753
44.49288082122803,0.7850000262260437,91.55073549156444,-131.49644238945933,0.3225162396798312,-0.2639333973643316,1,320.0,401.0,411.5507354915644,-0.2639333973643316
44.50355577468872,0.7850000262260437,91.90452332561381,-131.49400903060092,0.3225150716675791,-0.2637635792039879,1,320.0,402.0,411.9045233256138,-0.2637635792039879
44.51299691200256,0.7860000133514404,91.25797493089362,-129.926713027408,0.3209040871660206,-0.26462283395413516,1,320.0,402.0,411.2579749308936,-0.26462283395413516
44.52346897125244,0.7860000133514404,91.60490137093447,-129.91354613829927,0.3208977670592484,-0.2644563092629156,1,320.0,402.0,411.6049013709345,-0.2644563092629156
44.53378486633301,0.7860000133514404,91.95182781097532,-129.90037924919054,0.3208914469524762,-0.26428978457169594,1,320.0,402.0,411.9518278109753,-0.26428978457169594
44.543307065963745,0.7860000133514404,92.29875425101616,-129.8872123600818,0.320885126845704,-0.26412325988047636,1,320.0,402.0,412.29875425101613,-0.26412325988047636
44.552836418151855,0.7860000133514404,91.60552665135884,-128.26946809072817,0.3192281326893502,-0.2650267710142883,1,320.0,402.0,411.60552665135884,-0.2650267710142883
44.56321835517883,0.7860000133514404,91.94531856782498,-128.24529524028114,0.3192165297211356,-0.2648636708943845,1,320.0,402.0,411.945318567825,-0.2648636708943845
44.57397270202637,0.7870000600814819,92.28511048429112,-128.2211223898341,0.319204926752921,-0.2647005707744808,1,320.0,402.0,412.2851104842911,-0.2647005707744808
44.583678245544434,0.7870000600814819,92.62490240075726,-128.19694953938708,0.31919332378470644,-0.264537470654577,1,320.0,402.0,412.62490240075726,-0.264537470654577
44.59316802024841,0.7870000600814819,91.89159870766136,-126.53691456207707,0.31749886200907146,-0.2654782951063722,1,320.0,402.0,411.8915987076614,-0.2654782951063722
44.603535652160645,0.7870000600814819,92.22403014063863,-126.50152114929844,0.3174818731709377,-0.26531872801854306,1,320.0,402.0,412.22403014063866,-0.26531872801854306
44.61304950714111,0.7870000600814819,92.5564615736159,-126.46612773651981,0.31746488433280395,-0.265159160930714,1,320.0,402.0,412.55646157361593,-0.265159160930714
44.623743534088135,0.7870000600814819,92.88889300659318,-126.43073432374118,0.31744789549467023,-0.2649995938428849,1,320.0,402.0,412.8888930065932,-0.2649995938428849
44.63295936584473,0.7880000472068787,92.12156512111926,-124.73586522591461,0.315723755252763,-0.26597138148427724,1,320.0,402.0,412.12156512111926,-0.26597138148427724
44.64338159561157,0.7880000472068787,92.44645317589197,-124.68908927469911,0.3157013027961796,-0.26581543521798634,1,320.0,402.0,412.446453175892,-0.26581543521798634
44.653005838394165,0.7880000472068787,92.77134123066469,-124.64231332348362,0.31567885033959614,-0.2656594889516954,1,320.0,402.0,412.7713412306647,-0.2656594889516954
44.66345953941345,0.7880000472068787,93.0962292854374,-124.59553737226813,0.3156563978830127,-0.2655035426854045,1,320.0,402.0,413.0962292854374,-0.2655035426854045
44.6732702255249,0.7880000472068787,92.30041640267403,-122.87263939675154,0.3139096693377098,-0.2665004944785522,1,320.0,402.0,412.30041640267405,-0.2665004944785522
44.68370461463928,0.7880000472068787,92.61761743732899,-122.81436672657284,0.31388169845602404,-0.26634823798191776,1,320.0,402.0,412.617617437329,-0.26634823798191776
44.69339466094971,0.7880000472068787,92.93481847198395,-122.75609405639415,0.31385372757433827,-0.2661959814852834,1,320.0,402.0,412.93481847198393,-0.2661959814852834
44.70412874221802,0.7880000472068787,93.2520195066389,-122.69782138621545,0.3138257566926525,-0.26604372498864903,1,320.0,402.0,413.25201950663893,-0.26604372498864903
44.713338136672974,0.7880000472068787,92.4327841794072,-120.95309488644756,0.3120628814473936,-0.2670605538049761,1,320.0,402.0,412.4327841794072,-0.2670605538049761
44.72380614280701,0.7880000472068787,92.74219026582145,-120.88325463470176,0.3120293581265556,-0.26691203888349724,1,320.0,402.0,412.7421902658215,-0.26691203888349724
44.73355722427368,0.7880000472068787,93.0515963522357,-120.81341438295595,0.3119958348057176,-0.2667635239620184,1,320.0,402.0,413.0515963522357,-0.2667635239620184
44.74347233772278,0.7890000343322754,93.36100243864996,-120.74357413121015,0.31196231148487963,-0.2666150090405396,1,320.0,402.0,413.36100243864996,-0.2666150090405396
44.75301218032837,0.7890000343322754,93.67040852506422,-120.67373387946435,0.3119287881640416,-0.26646649411906076,1,320.0,402.0,413.6704085250642,-0.26646649411906076
44.763479232788086,0.7890000343322754,92.77367840709124,-118.98401392519128,0.31022922586695734,-0.2675584848499682,1,320.0,402.0,412.7736784070912,-0.2675584848499682
44.77354168891907,0.7890000343322754,93.07481499007699,-118.90306746445754,0.3101903715658051,-0.267413939290135,1,320.0,402.0,413.074814990077,-0.267413939290135
44.783281564712524,0.7890000343322754,93.37595157306274,-118.8221210037238,0.3101515172646529,-0.2672693937303019,1,320.0,402.0,413.3759515730627,-0.2672693937303019
44.79402279853821,0.7890000343322754,92.5320546766869,-117.14861693166259,0.30847485546781817,-0.26830241587788917,1,320.0,402.0,412.5320546766869,-0.26830241587788917
44.803515911102295,0.7890000343322754,92.82534186420607,-117.0567532229008,0.30843076088761245,-0.26816163802787996,1,320.0,402.0,412.82534186420605,-0.26816163802787996
44.81344270706177,0.7890000343322754,93.11862905172524,-116.964889514139,0.3083866663074068,-0.26802086017787075,1,320.0,402.0,413.11862905172524,-0.26802086017787075
44.824458837509155,0.7890000343322754,93.4119162392444,-116.87302580537721,0.30834257172720114,-0.2678800823278616,1,320.0,402.0,413.4119162392444,-0.2678800823278616
44.83409929275513,0.7890000343322754,92.55600948143184,-115.18272895294194,0.30665450043644316,-0.268921241983034,1,320.0,402.0,412.55600948143183,-0.268921241983034
44.843552589416504,0.7890000343322754,92.84141761380822,-115.07990613416027,0.306605145483428,-0.26878424607949336,1,320.0,402.0,412.84141761380823,-0.26878424607949336
44.85303449630737,0.7890000343322754,93.1268257461846,-114.9770833153786,0.30655579053041276,-0.2686472501759527,1,320.0,402.0,413.1268257461846,-0.2686472501759527
44.86356592178345,0.7900000214576721,93.41223387856097,-114.87426049659692,0.30650643557739754,-0.26851025427241204,1,320.0,402.0,413.412233878561,-0.26851025427241204
44.87347102165222,0.7900000214576721,92.54794614356628,-113.17222652558021,0.30481220009771415,-0.26955578660548773,1,320.0,402.0,412.54794614356626,-0.26955578660548773
44.884010553359985,0.7900000214576721,92.82547084818918,-113.05843796712861,0.3047575815896574,-0.2694225747472687,1,320.0,402.0,412.8254708481892,-0.2694225747472687
44.8934805393219,0.7900000214576721,93.10299555281209,-112.94464940867701,0.3047029630816006,-0.2692893628890497,1,320.0,402.0,413.1029955528121,-0.2692893628890497
44.90406537055969,0.7900000214576721,93.380520257435,-112.8308608502254,0.30464834457354384,-0.26915615103083074,1,320.0,401.0,413.380520257435,-0.26915615103083074
44.91372108459473,0.7900000214576721,92.4103588216464,-111.12166715023724,0.30295267639334705,-0.27030632160529205,1,320.0,401.0,412.4103588216464,-0.27030632160529205
44.92330551147461,0.7900000214576721,92.67932736270326,-110.9969379017331,0.30289280635406507,-0.27017721670558476,1,320.0,401.0,412.67932736270325,-0.27017721670558476
44.93410778045654,0.7900000214576721,92.94829590376013,-110.87220865322897,0.3028329363147831,-0.27004811180587746,1,320.0,401.0,412.94829590376014,-0.27004811180587746
44.94399285316467,0.7900000214576721,93.21726444481699,-110.74747940472483,0.3027730662755011,-0.26991900690617016,1,320.0,401.0,413.217264444817,-0.26991900690617016
44.95381546020508,0.7900000214576721,93.48623298587385,-110.62275015622069,0.3027131962362191,-0.26978990200646286,1,320.0,401.0,413.48623298587387,-0.26978990200646286
44.96333599090576,0.7900000214576721,92.46713598973739,-108.98955469885075,0.30110197708723896,-0.27098547996183936,1,320.0,401.0,412.46713598973736,-0.27098547996183936
44.97395706176758,0.7900000214576721,92.72727438832887,-108.85448438372859,0.30103714333598036,-0.27086061353051544,1,320.0,401.0,412.72727438832885,-0.27086061353051544
44.98434662818909,0.7890000343322754,92.98741278692034,-108.71941406860643,0.3009723095847217,-0.27073574709919157,1,320.0,401.0,412.98741278692034,-0.27073574709919157
44.99393010139465,0.7890000343322754,93.24755118551182,-108.58434375348426,0.30090747583346306,-0.27061088066786765,1,320.0,401.0,413.24755118551184,-0.27061088066786765
45.003252267837524,0.7880000472068787,92.24817043288174,-107.05228061464314,0.2994063012186326,-0.27178100931070226,1,320.0,401.0,412.24817043288175,-0.27178100931070226
45.0137574672699,0.7880000472068787,92.49967850795356,-106.90763799566864,0.2993368727615248,-0.27166028543466775,1,320.0,401.0,412.49967850795355,-0.27166028543466775
45.025383949279785,0.784000039100647,92.75118658302539,-106.76299537669414,0.2992674443044171,-0.2715395615586333,1,320.0,401.0,412.7511865830254,-0.2715395615586333
45.03395128250122,0.784000039100647,93.00269465809721,-106.61835275771963,0.2991980158473093,-0.2714188376825988,1,320.0,401.0,413.0026946580972,-0.2714188376825988
45.0435848236084,0.781000018119812,92.02316579437172,-105.28209260450403,0.2979036359718697,-0.27256358733382247,1,320.0,401.0,412.0231657943717,-0.27256358733382247
45.05321907997131,0.781000018119812,92.26624167198561,-105.12928779800582,0.29783028966475056,-0.2724469109125678,1,320.0,401.0,412.2662416719856,-0.2724469109125678
45.06440281867981,0.7750000357627869,92.5093175495995,-104.97648299150761,0.2977569433576314,-0.2723302344913131,1,320.0,401.0,412.5093175495995,-0.2723302344913131
45.07331347465515,0.7750000357627869,92.75239342721339,-104.8236781850094,0.2976835970505123,-0.2722135580700584,1,320.0,403.0,412.7523934272134,-0.2722135580700584
45.083683252334595,0.7700000405311584,91.99753224475776,-103.66564193453956,0.29657703577818495,-0.2731225991698613,1,320.0,403.0,411.99753224475774,-0.2731225991698613
45.093161821365356,0.7700000405311584,92.23377427571884,-103.50595332964009,0.2965003852478332,-0.273009202995,1,320.0,403.0,412.2337742757188,-0.273009202995
45.10485863685608,0.7610000371932983,92.47001630667992,-103.34626472474062,0.29642373471748146,-0.2728958068201387,1,320.0,403.0,412.4700163066799,-0.2728958068201387
45.11372494697571,0.7610000371932983,92.706258337641,-103.18657611984115,0.2963470841871297,-0.27278241064527736,1,320.0,404.0,412.706258337641,-0.27278241064527736
45.12349247932434,0.7540000081062317,92.05337271381251,-102.29295758504568,0.29551613834844975,-0.2735828139915879,1,320.0,404.0,412.0533727138125,-0.2735828139915879
45.13299584388733,0.7540000081062317,92.28352701668769,-102.12824386837148,0.2954370757644461,-0.2734723399262078,1,320.0,404.0,412.2835270166877,-0.2734723399262078
45.14428091049194,0.7430000305175781,92.51368131956286,-101.96353015169728,0.2953580131804425,-0.2733618658608277,1,320.0,404.0,412.51368131956286,-0.2733618658608277
45.15434384346008,0.7430000305175781,92.74383562243804,-101.79881643502308,0.2952789505964389,-0.27325139179544766,1,320.0,406.0,412.74383562243804,-0.27325139179544766
45.164063692092896,0.7360000610351562,92.28644315382533,-101.34875809970416,0.294906640429632,-0.273847506940548,1,320.0,406.0,412.2864431538253,-0.273847506940548
45.173789262771606,0.7360000610351562,92.51189037219842,-101.18209085595679,0.29482664015263327,-0.2737392922757289,1,320.0,406.0,412.5118903721984,-0.2737392922757289
45.18351745605469,0.7230000495910645,92.73733759057151,-101.01542361220942,0.29474663987563454,-0.2736310776109098,1,320.0,406.0,412.73733759057154,-0.2736310776109098
45.19333243370056,0.7230000495910645,92.9627848089446,-100.84875636846205,0.2946666395986358,-0.27352286294609074,1,320.0,409.0,412.9627848089446,-0.27352286294609074
45.204418659210205,0.7140000462532043,92.78480587229102,-100.69748628597509,0.29460246258051137,-0.27382923876192466,1,320.0,409.0,412.78480587229103,-0.27382923876192466
45.21311140060425,0.7140000462532043,93.00749126658611,-100.53092444999608,0.2945225128992414,-0.27372234977266297,1,320.0,409.0,413.0074912665861,-0.27372234977266297
45.22489356994629,0.7010000348091125,93.23017666088121,-100.36436261401707,0.29444256321797146,-0.2736154607834014,1,320.0,409.0,413.2301766608812,-0.2736154607834014
45.233694314956665,0.7010000348091125,93.45286205517631,-100.19780077803806,0.29436261353670157,-0.2735085717941397,1,320.0,412.0,413.4528620551763,-0.2735085717941397
45.24325203895569,0.6910000443458557,93.52782466486013,-100.4178354910665,0.2946799593731097,-0.2735534937828489,1,320.0,412.0,413.52782466486013,-0.2735534937828489
45.25380516052246,0.6910000443458557,93.74949875863825,-100.25392026976442,0.2946012800668847,-0.2734470902178354,1,320.0,412.0,413.74949875863825,-0.2734470902178354
45.26360893249512,0.6770000457763672,93.97117285241637,-100.09000504846234,0.2945226007606597,-0.2733406866528219,1,320.0,412.0,413.9711728524164,-0.2733406866528219
45.27469778060913,0.6770000457763672,94.19284694619449,-99.92608982716027,0.2944439214544347,-0.2732342830878084,1,320.0,415.0,414.1928469461945,-0.2732342830878084
45.283416748046875,0.6670000553131104,94.49650281729566,-100.68380313681884,0.2953123941470511,-0.27304362735215176,1,320.0,415.0,414.49650281729566,-0.27304362735215176
45.29434156417847,0.6670000553131104,94.71873817254288,-100.52619754431652,0.29523674346265005,-0.27293695438163307,1,320.0,415.0,414.7187381725429,-0.27293695438163307
45.30577373504639,0.6530000567436218,94.9409735277901,-100.3685919518142,0.2951610927782489,-0.27283028141111443,1,320.0,415.0,414.9409735277901,-0.27283028141111443
45.31366586685181,0.6530000567436218,95.16320888303733,-100.21098635931187,0.2950854420938478,-0.27272360844059573,1,320.0,419.0,415.1632088830373,-0.27272360844059573
45.32343053817749,0.6430000066757202,95.77479038293464,-101.35117181226552,0.2963435659378733,-0.27221679403568083,1,320.0,419.0,415.7747903829346,-0.27221679403568083
45.33406639099121,0.6430000066757202,95.99969142924392,-101.20245165509579,0.29627218026243185,-0.2721088415334524,1,320.0,419.0,415.9996914292439,-0.2721088415334524
45.34417247772217,0.628000020980835,96.22459247555321,-101.05373149792605,0.29620079458699033,-0.2720008890312239,1,320.0,419.0,416.2245924755532,-0.2720008890312239
45.35378313064575,0.628000020980835,96.4494935218625,-100.90501134075632,0.2961294089115489,-0.2718929365289955,1,320.0,423.0,416.4494935218625,-0.2718929365289955
45.363534927368164,0.6180000305175781,97.33860767315575,-102.4897014984865,0.2978395697346671,-0.2711023259617318,1,320.0,423.0,417.33860767315576,-0.2711023259617318
45.37304329872131,0.6180000305175781,97.56805666664806,-102.35285021065937,0.29777388111651004,-0.27099219044485545,1,320.0,423.0,417.5680566666481,-0.27099219044485545
45.38326597213745,0.6020000576972961,97.79750566014037,-102.21599892283224,0.297708192498353,-0.2708820549279792,1,320.0,423.0,417.79750566014036,-0.2708820549279792
45.393858909606934,0.6020000576972961,98.02695465363269,-102.07914763500511,0.297642503880196,-0.27077191941110285,1,320.0,428.0,418.0269546536327,-0.27077191941110285
45.403319358825684,0.5920000076293945,99.26699499121256,-104.16358612233721,0.2998599005902072,-0.269623078230399,1,320.0,428.0,419.2669949912125,-0.269623078230399
45.4137499332428,0.5920000076293945,99.5033642574382,-104.04194566246123,0.29980151316946674,-0.26950962098261066,1,320.0,428.0,419.5033642574382,-0.26950962098261066
45.42419719696045,0.5770000219345093,99.73973352366383,-103.92030520258525,0.29974312574872625,-0.2693961637348224,1,320.0,428.0,419.73973352366386,-0.2693961637348224
45.43382954597473,0.5770000219345093,99.97610278988947,-103.79866474270928,0.2996847383279858,-0.2692827064870341,1,320.0,433.0,419.97610278988947,-0.2692827064870341
45.44345450401306,0.5680000185966492,101.53147955011598,-106.5331411536207,0.3025620802466701,-0.26781347523760557,1,320.0,433.0,421.531479550116,-0.26781347523760557
45.45378756523132,0.5680000185966492,101.7768819463981,-106.4310606092628,0.30251308158537826,-0.26769568208739014,1,320.0,433.0,421.77688194639813,-0.26769568208739014
45.46387600898743,0.5530000329017639,102.02228434268024,-106.3289800649049,0.3024640829240865,-0.2675778889371747,1,320.0,433.0,422.0222843426802,-0.2675778889371747
45.47398138046265,0.5530000329017639,102.26768673896237,-106.226899520547,0.30241508426279473,-0.26746009578695934,1,320.0,439.0,422.26768673896237,-0.26746009578695934
45.483789920806885,0.5430000424385071,104.2068729436779,-109.54361289070994,0.3058803725230206,-0.26560120842788454,1,320.0,439.0,424.2068729436779,-0.26560120842788454
45.494123697280884,0.5430000424385071,104.46387631472017,-109.46494816938389,0.30584261345678404,-0.26547784680978426,1,320.0,439.0,424.46387631472015,-0.26547784680978426
45.50329852104187,0.527999997138977,104.72087968576244,-109.38628344805784,0.30580485439054755,-0.265354485191684,1,320.0,439.0,424.72087968576244,-0.265354485191684
45.513657569885254,0.527999997138977,104.97788305680471,-109.30761872673179,0.30576709532431107,-0.2652311235735837,1,320.0,445.0,424.9778830568047,-0.2652311235735837
45.52313208580017,0.5190000534057617,107.2608868002078,-113.24535144568034,0.30985815398059363,-0.26302505316791336,1,320.0,445.0,427.2608868002078,-0.26302505316791336
45.53361511230469,0.5190000534057617,107.53176802886054,-113.19419856124412,0.30983360059606424,-0.26289503017816007,1,320.0,445.0,427.53176802886054,-0.26289503017816007
45.54339051246643,0.5040000081062317,107.80264925751328,-113.1430456768079,0.3098090472115349,-0.26276500718840673,1,320.0,445.0,427.8026492575133,-0.26276500718840673
45.554150342941284,0.5040000081062317,108.07353048616602,-113.09189279237168,0.3097844938270055,-0.26263498419865344,1,320.0,452.0,428.073530486166,-0.26263498419865344
45.56367301940918,0.49500003457069397,110.76467681253897,-117.68454201642368,0.31453399550230327,-0.2600168106447806,1,320.0,452.0,430.76467681253894,-0.2600168106447806
45.5731885433197,0.49500003457069397,111.05213833265687,-117.66520200758438,0.3145247122980604,-0.259878829115124,1,320.0,452.0,431.05213833265685,-0.259878829115124
45.58348226547241,0.4820000231266022,111.33959985277477,-117.64586199874509,0.3145154290938175,-0.25974084758546745,1,320.0,452.0,431.33959985277477,-0.25974084758546745
45.59354281425476,0.4820000231266022,111.62706137289267,-117.6265219899058,0.3145061458895747,-0.25960286605581084,1,320.0,,431.6270613728927,-0.25960286605581084
45.6034882068634,0.4740000367164612,111.91452289301057,-117.6071819810665,0.31449686268533183,-0.25946488452615424,1,320.0,,431.9145228930106,-0.25946488452615424
45.61322784423828,0.4740000367164612,112.20198441312847,-117.58784197222721,0.31448757948108896,-0.25932690299649763,1,320.0,,432.20198441312846,-0.25932690299649763
45.62399959564209,0.46400001645088196,112.48944593324637,-117.56850196338792,0.3144782962768461,-0.259188921466841,1,320.0,,432.4894459332464,-0.259188921466841
45.63414192199707,0.46400001645088196,112.77690745336427,-117.54916195454862,0.3144690130726032,-0.2590509399371845,1,320.0,,432.7769074533643,-0.2590509399371845
45.643625020980835,0.4580000340938568,113.06436897348217,-117.52982194570933,0.31445972986836035,-0.25891295840752787,1,320.0,,433.06436897348215,-0.25891295840752787
45.653080463409424,0.4580000340938568,113.35183049360008,-117.51048193687004,0.31445044666411753,-0.25877497687787127,1,320.0,,433.35183049360006,-0.25877497687787127
45.6630539894104,0.45100003480911255,113.63929201371798,-117.49114192803074,0.31444116345987466,-0.2586369953482147,1,320.0,,433.639292013718,-0.2586369953482147
45.67399740219116,0.45100003480911255,113.92675353383588,-117.47180191919145,0.3144318802556318,-0.2584990138185581,1,320.0,,433.9267535338359,-0.2584990138185581
45.68316292762756,0.4480000138282776,114.21421505395378,-117.45246191035216,0.3144225970513889,-0.2583610322889015,1,320.0,,434.2142150539538,-0.2583610322889015
45.69354176521301,0.4480000138282776,114.50167657407168,-117.43312190151286,0.31441331384714605,-0.2582230507592449,1,320.0,,434.50167657407167,-0.2582230507592449
45.7031672000885,0.44300001859664917,114.78913809418958,-117.41378189267357,0.31440403064290323,-0.2580850692295883,1,320.0,,434.7891380941896,-0.2580850692295883
45.71419811248779,0.44300001859664917,115.07659961430748,-117.39444188383428,0.31439474743866036,-0.25794708769993174,1,320.0,,435.0765996143075,-0.25794708769993174
45.72317409515381,0.4410000145435333,115.36406113442538,-117.37510187499498,0.3143854642344175,-0.25780910617027514,1,320.0,,435.36406113442536,-0.25780910617027514
45.73362135887146,0.4410000145435333,115.65152265454329,-117.35576186615569,0.3143761810301746,-0.25767112464061853,1,320.0,,435.65152265454327,-0.25767112464061853
45.743323802948,0.4390000104904175,115.93898417466119,-117.3364218573164,0.31436689782593175,-0.2575331431109619,1,320.0,,435.9389841746612,-0.2575331431109619
45.753180265426636,0.4390000104904175,116.22644569477909,-117.3170818484771,0.31435761462168893,-0.2573951615813054,1,320.0,,436.2264456947791,-0.2573951615813054
45.76343870162964,0.43800002336502075,116.51390721489699,-117.29774183963781,0.31434833141744606,-0.25725718005164877,1,320.0,,436.513907214897,-0.25725718005164877
45.77391338348389,0.43800002336502075,116.80136873501489,-117.27840183079851,0.3143390482132032,-0.25711919852199216,1,320.0,,436.8013687350149,-0.25711919852199216
45.784504890441895,0.43700000643730164,117.08883025513279,-117.25906182195922,0.3143297650089603,-0.25698121699233556,1,320.0,,437.0888302551328,-0.25698121699233556
45.793479204177856,0.43700000643730164,117.37629177525069,-117.23972181311993,0.31432048180471744,-0.25684323546267895,1,320.0,,437.3762917752507,-0.25684323546267895
45.80335259437561,0.4360000193119049,117.6637532953686,-117.22038180428063,0.31431119860047463,-0.2567052539330224,1,320.0,,437.66375329536856,-0.2567052539330224
45.813904762268066,0.4360000193119049,117.9512148154865,-117.20104179544134,0.31430191539623176,-0.2565672724033658,1,320.0,,437.9512148154865,-0.2565672724033658
45.8231303691864,0.4360000193119049,118.2386763356044,-117.18170178660205,0.3142926321919889,-0.2564292908737092,1,320.0,,438.2386763356044,-0.2564292908737092
45.83359503746033,0.4360000193119049,118.5261378557223,-117.16236177776275,0.314283348987746,-0.25629130934405264,1,320.0,,438.5261378557223,-0.25629130934405264
45.84360718727112,0.43700000643730164,118.8135993758402,-117.14302176892346,0.31427406578350314,-0.25615332781439604,1,320.0,,438.8135993758402,-0.25615332781439604
45.85301995277405,0.43700000643730164,119.1010608959581,-117.12368176008417,0.31426478257926027,-0.25601534628473943,1,320.0,,439.1010608959581,-0.25601534628473943
45.863783836364746,0.43700000643730164,119.388522416076,-117.10434175124487,0.31425549937501746,-0.2558773647550828,1,320.0,,439.388522416076,-0.2558773647550828
45.873701333999634,0.43700000643730164,119.6759839361939,-117.08500174240558,0.3142462161707746,-0.2557393832254262,1,320.0,,439.6759839361939,-0.2557393832254262
45.88353419303894,0.43800002336502075,119.9634454563118,-117.06566173356629,0.3142369329665317,-0.25560140169576967,1,320.0,,439.9634454563118,-0.25560140169576967
45.892871618270874,0.43800002336502075,120.2509069764297,-117.046321724727,0.31422764976228884,-0.25546342016611306,1,320.0,,440.2509069764297,-0.25546342016611306
45.90369439125061,0.4390000104904175,120.5383684965476,-117.0269817158877,0.31421836655804597,-0.25532543863645646,1,320.0,,440.5383684965476,-0.25532543863645646
45.91324281692505,0.4390000104904175,120.8258300166655,-117.0076417070484,0.31420908335380315,-0.25518745710679985,1,320.0,,440.8258300166655,-0.25518745710679985
45.938881158828735,0.4400000274181366,121.11329153678341,-116.98830169820911,0.3141998001495603,-0.2550494755771433,1,320.0,,441.11329153678344,-0.2550494755771433
45.942471504211426,0.4410000145435333,121.40075305690131,-116.96896168936982,0.3141905169453174,-0.2549114940474867,1,320.0,,441.4007530569013,-0.2549114940474867
45.95545959472656,0.4410000145435333,121.68821457701921,-116.94962168053053,0.31418123374107454,-0.2547735125178301,1,320.0,,441.6882145770192,-0.2547735125178301
45.96063041687012,0.4410000145435333,121.97567609713711,-116.93028167169123,0.31417195053683167,-0.2546355309881735,1,320.0,,441.9756760971371,-0.2546355309881735
45.96459245681763,0.44200003147125244,122.26313761725501,-116.91094166285194,0.31416266733258885,-0.2544975494585169,1,320.0,,442.263137617255,-0.2544975494585169
45.97319221496582,0.44200003147125244,122.55059913737291,-116.89160165401265,0.314153384128346,-0.25435956792886033,1,320.0,,442.5505991373729,-0.25435956792886033
45.98330116271973,0.44300001859664917,122.83806065749081,-116.87226164517335,0.3141441009241031,-0.2542215863992037,1,320.0,,442.8380606574908,-0.2542215863992037
45.993406534194946,0.44300001859664917,123.12552217760872,-116.85292163633406,0.31413481771986024,-0.2540836048695471,1,320.0,,443.12552217760873,-0.2540836048695471
46.00345230102539,0.4440000355243683,123.41298369772662,-116.83358162749477,0.31412553451561737,-0.25394562333989057,1,320.0,,443.41298369772665,-0.25394562333989057
46.013471841812134,0.4440000355243683,123.70044521784452,-116.81424161865547,0.31411625131137455,-0.25380764181023396,1,320.0,,443.7004452178445,-0.25380764181023396
46.02361989021301,0.44600000977516174,123.98790673796242,-116.79490160981618,0.3141069681071317,-0.25366966028057736,1,320.0,,443.9879067379624,-0.25366966028057736
46.033889293670654,0.44600000977516174,124.27536825808032,-116.77556160097689,0.3140976849028888,-0.25353167875092075,1,320.0,,444.27536825808033,-0.25353167875092075
46.04353356361389,0.44700002670288086,124.56282977819822,-116.75622159213759,0.31408840169864594,-0.25339369722126415,1,320.0,,444.5628297781982,-0.25339369722126415
46.05301380157471,0.44700002670288086,124.85029129831612,-116.7368815832983,0.31407911849440306,-0.2532557156916076,1,320.0,,444.8502912983161,-0.2532557156916076
46.06395125389099,0.4480000138282776,125.13775281843402,-116.717541574459,0.3140698352901602,-0.253117734161951,1,320.0,,445.137752818434,-0.253117734161951
46.07380175590515,0.4480000138282776,125.42521433855192,-116.69820156561971,0.3140605520859174,-0.2529797526322944,1,320.0,,445.42521433855194,-0.2529797526322944
46.083845138549805,0.4490000307559967,125.71267585866983,-116.67886155678042,0.3140512688816745,-0.2528417711026378,1,320.0,,445.71267585866985,-0.2528417711026378
46.09347105026245,0.4490000307559967,126.00013737878773,-116.65952154794113,0.31404198567743163,-0.25270378957298123,1,320.0,,446.0001373787877,-0.25270378957298123
46.10392642021179,0.45100003480911255,126.28759889890563,-116.64018153910183,0.31403270247318876,-0.2525658080433246,1,320.0,,446.2875988989056,-0.2525658080433246
46.11375951766968,0.45100003480911255,126.57506041902353,-116.62084153026254,0.3140234192689459,-0.252427826513668,1,320.0,,446.57506041902354,-0.252427826513668
46.12300992012024,0.4520000219345093,126.86252193914143,-116.60150152142324,0.3140141360647031,-0.2522898449840114,1,320.0,,446.8625219391414,-0.2522898449840114
46.133599519729614,0.4520000219345093,127.14998345925933,-116.58216151258395,0.3140048528604602,-0.2521518634543548,1,320.0,,447.1499834592593,-0.2521518634543548
46.143824338912964,0.453000009059906,127.43744497937723,-116.56282150374466,0.31399556965621733,-0.25201388192469826,1,320.0,,447.43744497937723,-0.25201388192469826
46.15378952026367,0.453000009059906,127.72490649949513,-116.54348149490536,0.31398628645197446,-0.25187590039504165,1,320.0,,447.72490649949515,-0.25187590039504165
46.16400718688965,0.4540000259876251,128.01236801961304,-116.52414148606607,0.3139770032477316,-0.25173791886538505,1,320.0,,448.01236801961306,-0.25173791886538505
46.17376375198364,0.4540000259876251,128.29982953973095,-116.50480147722678,0.3139677200434888,-0.25159993733572844,1,320.0,,448.2998295397309,-0.25159993733572844
46.183204889297485,0.45500001311302185,128.58729105984887,-116.48546146838748,0.3139584368392459,-0.2514619558060719,1,320.0,,448.5872910598489,-0.2514619558060719
46.19406604766846,0.45500001311302185,128.87475257996678,-116.46612145954819,0.31394915363500303,-0.2513239742764153,1,320.0,,448.87475257996675,-0.2513239742764153
46.20329713821411,0.45600003004074097,129.1622141000847,-116.4467814507089,0.31393987043076016,-0.2511859927467587,1,320.0,,449.1622141000847,-0.2511859927467587
46.21439075469971,0.45600003004074097,129.4496756202026,-116.4274414418696,0.3139305872265173,-0.2510480112171021,1,320.0,,449.4496756202026,-0.2510480112171021
46.22328734397888,0.4570000171661377,129.73713714032053,-116.40810143303031,0.31392130402227447,-0.25091002968744547,1,320.0,,449.73713714032056,-0.25091002968744547
46.23418974876404,0.4570000171661377,130.02459866043844,-116.38876142419102,0.3139120208180316,-0.25077204815778886,1,320.0,,450.0245986604384,-0.25077204815778886
46.243492603302,0.4580000340938568,130.31206018055636,-116.36942141535172,0.31390273761378873,-0.25063406662813226,1,320.0,,450.3120601805564,-0.25063406662813226
46.25404930114746,0.4580000340938568,130.59952170067427,-116.35008140651243,0.31389345440954586,-0.25049608509847565,1,320.0,,450.59952170067425,-0.25049608509847565
46.26363658905029,0.4580000340938568,130.8869832207922,-116.33074139767314,0.313884171205303,-0.25035810356881905,1,320.0,,450.8869832207922,-0.25035810356881905
46.27307343482971,0.4580000340938568,131.1744447409101,-116.31140138883384,0.31387488800106017,-0.25022012203916244,1,320.0,,451.1744447409101,-0.25022012203916244
46.2835648059845,0.45900002121925354,131.46190626102802,-116.29206137999455,0.3138656047968173,-0.25008214050950583,1,320.0,,451.46190626102805,-0.25008214050950583
46.29464793205261,0.45900002121925354,131.74936778114593,-116.27272137115526,0.3138563215925744,-0.24994415897984928,1,320.0,,451.7493677811459,-0.24994415897984928
46.30365991592407,0.46000000834465027,132.03682930126385,-116.25338136231596,0.31384703838833156,-0.24980617745019268,1,320.0,,452.0368293012639,-0.24980617745019268
46.31348419189453,0.46000000834465027,132.32429082138177,-116.23404135347667,0.3138377551840887,-0.24966819592053607,1,320.0,,452.32429082138174,-0.24966819592053607
46.3236141204834,0.4610000252723694,132.61175234149968,-116.21470134463738,0.3138284719798458,-0.24953021439087947,1,320.0,,452.6117523414997,-0.24953021439087947
46.33313608169556,0.4610000252723694,132.8992138616176,-116.19536133579808,0.313819188775603,-0.24939223286122286,1,320.0,,452.89921386161757,-0.24939223286122286
46.34360194206238,0.4610000252723694,133.1866753817355,-116.17602132695879,0.3138099055713601,-0.24925425133156626,1,320.0,,453.18667538173554,-0.24925425133156626
46.35313367843628,0.4610000252723694,133.47413690185343,-116.1566813181195,0.31380062236711725,-0.24911626980190965,1,320.0,,453.4741369018534,-0.24911626980190965
46.36399507522583,0.4620000123977661,133.76159842197134,-116.1373413092802,0.3137913391628744,-0.24897828827225307,1,320.0,,453.76159842197137,-0.24897828827225307
46.373313665390015,0.4620000123977661,134.04905994208926,-116.11800130044091,0.3137820559586315,-0.24884030674259647,1,320.0,,454.04905994208923,-0.24884030674259647
46.38286375999451,0.46300002932548523,134.33652146220717,-116.09866129160162,0.3137727727543887,-0.2487023252129399,1,320.0,,454.3365214622072,-0.2487023252129399
46.39324116706848,0.46300002932548523,134.6239829823251,-116.07932128276232,0.3137634895501458,-0.24856434368328328,1,320.0,,454.62398298232506,-0.24856434368328328
46.402939319610596,0.46300002932548523,134.911444502443,-116.05998127392303,0.31375420634590295,-0.24842636215362668,1,320.0,,454.91144450244303,-0.24842636215362668
46.413477182388306,0.46300002932548523,135.19890602256092,-116.04064126508374,0.3137449231416601,-0.24828838062397007,1,320.0,,455.1989060225609,-0.24828838062397007
46.42461395263672,0.46400001645088196,135.48636754267883,-116.02130125624444,0.3137356399374172,-0.24815039909431347,1,320.0,,455.48636754267886,-0.24815039909431347
46.43317174911499,0.46400001645088196,135.77382906279675,-116.00196124740515,0.3137263567331744,-0.24801241756465686,1,320.0,,455.7738290627967,-0.24801241756465686
46.44314098358154,0.46400001645088196,136.06129058291467,-115.98262123856586,0.3137170735289315,-0.24787443603500026,1,320.0,,456.0612905829147,-0.24787443603500026
46.45357537269592,0.46400001645088196,136.34875210303258,-115.96328122972656,0.31370779032468865,-0.24773645450534368,1,320.0,,456.34875210303255,-0.24773645450534368
46.46325206756592,0.46400001645088196,136.6362136231505,-115.94394122088727,0.3136985071204458,-0.24759847297568707,1,320.0,,456.6362136231505,-0.24759847297568707
46.47410559654236,0.4650000333786011,136.9236751432684,-115.92460121204797,0.3136892239162029,-0.2474604914460305,1,320.0,,456.9236751432684,-0.2474604914460305
46.483312129974365,0.4660000205039978,137.21113666338633,-115.90526120320868,0.3136799407119601,-0.2473225099163739,1,320.0,,457.21113666338636,-0.2473225099163739
46.49376654624939,0.4660000205039978,137.49859818350424,-115.88592119436939,0.3136706575077172,-0.24718452838671728,1,320.0,,457.4985981835042,-0.24718452838671728
46.503180503845215,0.4660000205039978,137.78605970362216,-115.8665811855301,0.31366137430347435,-0.24704654685706068,1,320.0,,457.7860597036222,-0.24704654685706068
46.51430058479309,0.4660000205039978,138.07352122374007,-115.8472411766908,0.3136520910992315,-0.24690856532740407,1,320.0,,458.07352122374004,-0.24690856532740407
46.52336072921753,0.46700000762939453,138.360982743858,-115.82790116785151,0.3136428078949886,-0.24677058379774747,1,320.0,,458.360982743858,-0.24677058379774747
46.53381872177124,0.46700000762939453,138.6484442639759,-115.80856115901221,0.31363352469074574,-0.24663260226809086,1,320.0,,458.6484442639759,-0.24663260226809086
46.54334211349487,0.46700000762939453,138.93590578409382,-115.78922115017292,0.3136242414865029,-0.24649462073843428,1,320.0,,458.93590578409385,-0.24649462073843428
46.55411410331726,0.46700000762939453,139.22336730421173,-115.76988114133363,0.31361495828226005,-0.24635663920877768,1,320.0,,459.2233673042117,-0.24635663920877768
46.563780546188354,0.46800002455711365,139.51082882432965,-115.75054113249433,0.3136056750780172,-0.2462186576791211,1,320.0,,459.5108288243297,-0.2462186576791211
46.57332420349121,0.46800002455711365,139.79829034444757,-115.73120112365504,0.3135963918737743,-0.2460806761494645,1,320.0,,459.79829034444754,-0.2460806761494645
46.583627223968506,0.46800002455711365,140.08575186456548,-115.71186111481575,0.31358710866953143,-0.2459426946198079,1,320.0,,460.0857518645655,-0.2459426946198079
46.59332799911499,0.46800002455711365,140.3732133846834,-115.69252110597645,0.3135778254652886,-0.24580471309015128,1,320.0,,460.37321338468337,-0.24580471309015128
46.60305142402649,0.46800002455711365,140.6606749048013,-115.67318109713716,0.31356854226104575,-0.24566673156049468,1,320.0,,460.66067490480134,-0.24566673156049468
46.613640546798706,0.4690000116825104,140.94813642491923,-115.65384108829787,0.3135592590568029,-0.24552875003083807,1,320.0,,460.9481364249192,-0.24552875003083807
46.62470579147339,0.4690000116825104,141.23559794503714,-115.63450107945857,0.31354997585256,-0.24539076850118147,1,320.0,,461.23559794503717,-0.24539076850118147
46.63367438316345,0.4690000116825104,141.52305946515506,-115.61516107061928,0.31354069264831713,-0.2452527869715249,1,320.0,,461.52305946515503,-0.2452527869715249
46.64338541030884,0.4690000116825104,141.81052098527297,-115.59582106177999,0.3135314094440743,-0.24511480544186828,1,320.0,,461.810520985273,-0.24511480544186828
46.653823137283325,0.4690000116825104,142.0979825053909,-115.5764810529407,0.31352212623983144,-0.2449768239122117,1,320.0,,462.09798250539086,-0.2449768239122117
46.6635377407074,0.4690000116825104,142.3854440255088,-115.5571410441014,0.3135128430355886,-0.2448388423825551,1,320.0,,462.38544402550883,-0.2448388423825551
46.67350888252258,0.4700000286102295,142.67290554562672,-115.5378010352621,0.3135035598313457,-0.2447008608528985,1,320.0,,462.6729055456267,-0.2447008608528985
46.68289017677307,0.4700000286102295,142.96036706574463,-115.51846102642281,0.31349427662710283,-0.2445628793232419,1,320.0,,462.96036706574466,-0.2445628793232419
46.693427085876465,0.4700000286102295,143.24782858586255,-115.49912101758352,0.31348499342286,-0.24442489779358528,1,320.0,,463.2478285858625,-0.24442489779358528
46.70309329032898,0.4700000286102295,143.53529010598047,-115.47978100874423,0.31347571021861714,-0.24428691626392868,1,320.0,,463.5352901059805,-0.24428691626392868
46.713722944259644,0.4710000157356262,143.82275162609838,-115.46044099990493,0.31346642701437427,-0.24414893473427207,1,320.0,,463.82275162609835,-0.24414893473427207
46.72325372695923,0.4710000157356262,144.1102131462163,-115.44110099106564,0.3134571438101314,-0.2440109532046155,1,320.0,,464.1102131462163,-0.2440109532046155
46.7336790561676,0.4710000157356262,144.3976746663342,-115.42176098222635,0.31344786060588853,-0.2438729716749589,1,320.0,,464.3976746663342,-0.2438729716749589
46.74337959289551,0.4710000157356262,144.68513618645213,-115.40242097338705,0.31343857740164566,-0.2437349901453023,1,320.0,,464.68513618645216,-0.2437349901453023
46.75334405899048,0.4710000157356262,144.97259770657004,-115.38308096454776,0.31342929419740284,-0.2435970086156457,1,320.0,,464.97259770657,-0.2435970086156457
46.76311182975769,0.4710000157356262,145.26005922668796,-115.36374095570847,0.31342001099315997,-0.2434590270859891,1,320.0,,465.260059226688,-0.2434590270859891
46.77359104156494,0.47200003266334534,145.54752074680587,-115.34440094686917,0.3134107277889171,-0.2433210455563325,1,320.0,,465.54752074680584,-0.2433210455563325
46.783458948135376,0.47200003266334534,145.8349822669238,-115.32506093802988,0.3134014445846742,-0.2431830640266759,1,320.0,,465.8349822669238,-0.2431830640266759
46.79520034790039,0.47200003266334534,146.1224437870417,-115.30572092919058,0.31339216138043136,-0.24304508249701928,1,320.0,,466.1224437870417,-0.24304508249701928
46.80385947227478,0.47200003266334534,146.40990530715962,-115.28638092035129,0.31338287817618854,-0.24290710096736268,1,320.0,,466.40990530715965,-0.24290710096736268
46.813398361206055,0.47200003266334534,146.69736682727753,-115.267040911512,0.31337359497194567,-0.2427691194377061,1,320.0,,466.6973668272775,-0.2427691194377061
46.822973012924194,0.47200003266334534,146.98482834739545,-115.2477009026727,0.3133643117677028,-0.24263113790804952,1,320.0,,466.9848283473955,-0.24263113790804952
46.83381509780884,0.47200003266334534,147.27228986751336,-115.22836089383341,0.3133550285634599,-0.24249315637839292,1,320.0,,467.27228986751334,-0.24249315637839292
46.84330368041992,0.47200003266334534,147.55975138763128,-115.20902088499412,0.31334574535921705,-0.2423551748487363,1,320.0,,467.5597513876313,-0.2423551748487363
46.85391974449158,0.47200003266334534,147.8472129077492,-115.18968087615482,0.31333646215497424,-0.2422171933190797,1,320.0,,467.84721290774917,-0.2422171933190797
46.863808393478394,0.47200003266334534,148.1346744278671,-115.17034086731553,0.31332717895073137,-0.2420792117894231,1,320.0,,468.13467442786714,-0.2420792117894231
46.87431478500366,0.47300001978874207,148.42213594798503,-115.15100085847624,0.3133178957464885,-0.2419412302597665,1,320.0,,468.422135947985,-0.2419412302597665
46.88395118713379,0.47300001978874207,148.70959746810294,-115.13166084963694,0.3133086125422456,-0.2418032487301099,1,320.0,,468.70959746810297,-0.2418032487301099
46.89348268508911,0.47300001978874207,148.99705898822086,-115.11232084079765,0.31329932933800275,-0.24166526720045328,1,320.0,,468.99705898822083,-0.24166526720045328
46.903095722198486,0.47300001978874207,149.28452050833877,-115.09298083195836,0.31329004613375994,-0.2415272856707967,1,320.0,,469.2845205083388,-0.2415272856707967
46.914511919021606,0.47300001978874207,149.5719820284567,-115.07364082311906,0.31328076292951706,-0.24138930414114013,1,320.0,,469.57198202845666,-0.24138930414114013
46.923197984695435,0.47300001978874207,149.8594435485746,-115.05430081427977,0.3132714797252742,-0.24125132261148352,1,320.0,,469.85944354857463,-0.24125132261148352
46.933605670928955,0.47300001978874207,150.14690506869252,-115.03496080544048,0.3132621965210313,-0.24111334108182692,1,320.0,,470.1469050686925,-0.24111334108182692
46.94310998916626,0.47300001978874207,150.43436658881043,-115.01562079660118,0.31325291331678845,-0.2409753595521703,1,320.0,,470.43436658881046,-0.2409753595521703
46.95477318763733,0.47300001978874207,150.72182810892835,-114.99628078776189,0.3132436301125456,-0.2408373780225137,1,320.0,,470.7218281089283,-0.2408373780225137
46.963480710983276,0.47300001978874207,151.00928962904626,-114.9769407789226,0.31323434690830276,-0.2406993964928571,1,320.0,,471.0092896290463,-0.2406993964928571
46.97411298751831,0.47300001978874207,151.29675114916418,-114.9576007700833,0.3132250637040599,-0.2405614149632005,1,320.0,,471.29675114916415,-0.2405614149632005
46.98368191719055,0.47300001978874207,151.5842126692821,-114.93826076124401,0.313215780499817,-0.2404234334335439,1,320.0,,471.5842126692821,-0.2404234334335439
46.993757247924805,0.47300001978874207,151.8716741894,-114.91892075240472,0.31320649729557415,-0.2402854519038873,1,320.0,,471.8716741894,-0.2402854519038873
47.00349044799805,0.47300001978874207,152.15913570951793,-114.89958074356542,0.3131972140913313,-0.24014747037423073,1,320.0,408.0,472.15913570951795,-0.24014747037423073
47.0142388343811,0.47300001978874207,119.73026825138635,-133.79866144288465,0.3293660135602237,-0.2679868492773801,1,320.0,408.0,439.73026825138635,-0.2679868492773801
47.024171590805054,0.47300001978874207,119.86431073996368,-133.8680369432106,0.3293993138003802,-0.26792250888286295,1,320.0,408.0,439.8643107399637,-0.26792250888286295
47.03437089920044,0.4740000367164612,119.99835322854102,-133.93741244353654,0.3294326140405366,-0.26785816848834587,1,320.0,408.0,439.998353228541,-0.26785816848834587
47.04328656196594,0.4740000367164612,120.13239571711836,-134.0067879438625,0.32946591428069305,-0.26779382809382873,1,320.0,405.0,440.13239571711836,-0.26779382809382873
47.05379867553711,0.4740000367164612,108.00271397855363,-140.00801244383615,0.33456373934447525,-0.27820007381540296,1,320.0,405.0,428.00271397855363,-0.27820007381540296
47.06343078613281,0.4740000367164612,108.07945648604267,-140.10510341045952,0.3346103430084545,-0.2781632374118082,1,320.0,405.0,428.07945648604266,-0.2781632374118082
47.07475566864014,0.4740000367164612,108.15619899353172,-140.2021943770829,0.33465694667243373,-0.2781264010082135,1,320.0,405.0,428.1561989935317,-0.2781264010082135
47.08385467529297,0.4740000367164612,108.23294150102076,-140.29928534370626,0.33470355033641297,-0.27808956460461876,1,320.0,401.0,428.2329415010208,-0.27808956460461876
47.09334421157837,0.4740000367164612,100.9757622624218,-142.73950771322666,0.336753679818085,-0.28432369599440477,1,320.0,401.0,420.97576226242177,-0.28432369599440477
47.10385823249817,0.4740000367164612,101.01812120297011,-142.8475839641538,0.33680555641853005,-0.2843033637029415,1,320.0,401.0,421.0181212029701,-0.2843033637029415
47.11394810676575,0.4740000367164612,101.06048014351842,-142.95566021508097,0.3368574330189751,-0.28428303141147837,1,320.0,401.0,421.0604801435184,-0.28428303141147837
47.123573541641235,0.4740000367164612,101.10283908406673,-143.06373646600812,0.3369093096194201,-0.28426269912001517,1,320.0,397.0,421.1028390840667,-0.28426269912001517
47.1334433555603,0.4740000367164612,95.79128692523679,-144.26829417424068,0.3379027370983037,-0.2888397812810406,1,320.0,397.0,415.7912869252368,-0.2888397812810406
47.14389109611511,0.4740000367164612,95.80830165172526,-144.38156092240447,0.33795710513742233,-0.2888316142123261,1,320.0,397.0,415.8083016517253,-0.2888316142123261
47.153600454330444,0.4740000367164612,95.82531637821373,-144.49482767056827,0.33801147317654096,-0.28882344714361163,1,320.0,397.0,415.82531637821376,-0.28882344714361163
47.16324996948242,0.4740000367164612,95.8423311047022,-144.60809441873207,0.3380658412156596,-0.28881528007489715,1,320.0,392.0,415.8423311047022,-0.28881528007489715
47.173354387283325,0.4740000367164612,91.2981977901856,-145.3702483679558,0.3386810967644951,-0.29274969495569625,1,320.0,392.0,411.2981977901856,-0.29274969495569625
47.18380522727966,0.4740000367164612,91.29329713055118,-145.48663288678472,0.3387369613335329,-0.2927520472723208,1,320.0,392.0,411.2932971305512,-0.2927520472723208
47.19384431838989,0.4740000367164612,91.28839647091677,-145.60301740561363,0.3387928259025708,-0.29275439958894534,1,320.0,392.0,411.2883964709168,-0.29275439958894534
47.20372915267944,0.4740000367164612,91.28349581128235,-145.71940192444254,0.3388486904716087,-0.2927567519055698,1,320.0,388.0,411.28349581128236,-0.2927567519055698
47.21348834037781,0.4740000367164612,87.32385797096873,-146.2231494954821,0.33924224623192445,-0.29620672242458335,1,320.0,388.0,407.32385797096873,-0.29620672242458335
47.222984313964844,0.4740000367164612,87.29959050688852,-146.3414309758887,0.3392990213425196,-0.29621837080734187,1,320.0,388.0,407.29959050688853,-0.29621837080734187
47.23365354537964,0.4740000367164612,87.27532304280831,-146.4597124562953,0.33935579645311476,-0.2962300191901004,1,320.0,388.0,407.2753230428083,-0.2962300191901004
47.243435859680176,0.4740000367164612,87.2510555787281,-146.57799393670192,0.33941257156370996,-0.29624166757285886,1,320.0,383.0,407.2510555787281,-0.29624166757285886
47.253291606903076,0.4740000367164612,83.48563525638905,-146.60710966259822,0.33939083510760915,-0.2995474480331643,1,320.0,383.0,403.48563525638906,-0.2995474480331643
47.26377034187317,0.4740000367164612,83.44263805848905,-146.7249447429482,0.3394473959461771,-0.29956808668815627,1,320.0,383.0,403.442638058489,-0.29956808668815627
47.27349328994751,0.4740000367164612,83.39964086058906,-146.84277982329817,0.3395039567847451,-0.2995887253431483,1,320.0,383.0,403.39964086058905,-0.2995887253431483
47.28321123123169,0.4740000367164612,83.35664366268907,-146.96061490364815,0.3395605176233131,-0.2996093639981403,1,320.0,379.0,403.35664366268907,-0.2996093639981403
47.29337453842163,0.4740000367164612,79.84034019558945,-146.94146437081864,0.3394951237427783,-0.3027221966477178,1,320.0,379.0,399.8403401955894,-0.3027221966477178
47.30391812324524,0.4740000367164612,79.77953041037233,-147.0585969308589,0.33955134737159764,-0.30275138534462204,1,320.0,379.0,399.77953041037233,-0.30275138534462204
47.31465935707092,0.4740000367164612,79.71872062515521,-147.17572949089916,0.33960757100041694,-0.30278057404152625,1,320.0,379.0,399.71872062515524,-0.30278057404152625
47.32409334182739,0.4740000367164612,79.6579108399381,-147.29286205093942,0.3396637946292363,-0.30280976273843047,1,320.0,374.0,399.6579108399381,-0.30280976273843047
47.33389163017273,0.4750000238418579,76.16716000236795,-146.9698058988624,0.3393235263306238,-0.30592840807379246,1,320.0,374.0,396.16716000236795,-0.30592840807379246
47.343674659729004,0.4750000238418579,76.08831165548423,-147.0846234420825,0.3393786387513694,-0.30596625528029664,1,320.0,374.0,396.08831165548423,-0.30596625528029664
47.353351354599,0.4750000238418579,76.00946330860052,-147.19944098530257,0.33943375117211505,-0.3060041024868009,1,320.0,374.0,396.0094633086005,-0.3060041024868009
47.36355805397034,0.4750000238418579,75.9306149617168,-147.31425852852266,0.3394888635928607,-0.306041949693305,1,320.0,370.0,395.9306149617168,-0.306041949693305
47.37324285507202,0.4750000238418579,72.56507872827311,-146.882246724806,0.3390454909577578,-0.30907591406847706,1,320.0,370.0,392.5650787282731,-0.30907591406847706
47.383787631988525,0.4750000238418579,72.4684990441004,-146.9941141809096,0.33909918733668754,-0.30912227231687994,1,320.0,370.0,392.4684990441004,-0.30912227231687994
47.3935661315918,0.4750000238418579,72.37191935992769,-147.1059816370132,0.33915288371561725,-0.3091686305652829,1,320.0,370.0,392.3719193599277,-0.3091686305652829
47.40375471115112,0.4750000238418579,72.27533967575498,-147.2178490931168,0.339206580094547,-0.30921498881368575,1,320.0,367.0,392.275339675755,-0.30921498881368575
47.41379714012146,0.4750000238418579,69.11268194180047,-146.6967544297508,0.3386763098915053,-0.3120900899895312,1,320.0,367.0,389.1126819418005,-0.3120900899895312
47.424699783325195,0.4750000238418579,68.99913943933343,-146.80512007629656,0.3387283254018473,-0.31214459039071535,1,320.0,367.0,388.9991394393334,-0.31214459039071535
47.43495583534241,0.4750000238418579,68.88559693686639,-146.91348572284232,0.3387803409121892,-0.31219909079189956,1,320.0,367.0,388.88559693686636,-0.31219909079189956
47.444074392318726,0.4750000238418579,68.77205443439935,-147.0218513693881,0.33883235642253123,-0.3122535911930837,1,320.0,364.0,388.77205443439937,-0.3122535911930837
47.45327138900757,0.4750000238418579,65.76014167218182,-146.30864909829026,0.338117427089614,-0.3150137597159578,1,320.0,364.0,385.7601416721818,-0.3150137597159578
47.46398186683655,0.4750000238418579,65.63016853975215,-146.41235734180114,0.3381672070464992,-0.31507614681952406,1,320.0,364.0,385.63016853975216,-0.31507614681952406
47.47466683387756,0.4750000238418579,65.50019540732248,-146.51606558531202,0.33821698700338443,-0.31513853392309027,1,320.0,364.0,385.5001954073225,-0.31513853392309027
47.48413681983948,0.4750000238418579,65.37022227489281,-146.6197738288229,0.3382667669602697,-0.31520092102665653,1,320.0,361.0,385.3702222748928,-0.31520092102665653
47.49339938163757,0.4750000238418579,62.472285546575286,-145.74445037152122,0.33739217603762023,-0.3178767321302089,1,320.0,361.0,382.4722855465753,-0.3178767321302089
47.50404357910156,0.4750000238418579,62.32625239572112,-145.8424781692428,0.3374392293805266,-0.31794682804261887,1,320.0,361.0,382.3262523957211,-0.31794682804261887
47.513598680496216,0.4750000238418579,62.180219244866954,-145.9405059669644,0.33748628272343295,-0.3180169239550289,1,320.0,361.0,382.180219244867,-0.3180169239550289
47.523916244506836,0.4750000238418579,62.03418609401279,-146.03853376468598,0.3375333360663393,-0.31808701986743887,1,320.0,358.0,382.0341860940128,-0.31808701986743887
47.53808951377869,0.4750000238418579,59.2238646858697,-145.02374885782783,0.3365183082265106,-0.32069994298859944,1,320.0,358.0,379.22386468586967,-0.32069994298859944
47.558212995529175,0.4750000238418579,59.06203192444989,-145.1151775169927,0.3365621939829097,-0.320777622714081,1,320.0,358.0,379.0620319244499,-0.320777622714081
47.56228685379028,0.4750000238418579,58.90019916303008,-145.20660617615758,0.33660607973930884,-0.3208553024395625,1,320.0,356.0,378.9001991630301,-0.3208553024395625
47.565711975097656,0.4750000238418579,56.30080690961387,-144.10517318974084,0.3355024570756448,-0.32327786436645556,1,320.0,356.0,376.30080690961387,-0.32327786436645556
47.57318115234375,0.4750000238418579,56.12428847762839,-144.1894151635284,0.3355428932230628,-0.3233625932138086,1,320.0,356.0,376.1242884776284,-0.3233625932138086
47.58369779586792,0.4750000238418579,55.94777004564291,-144.27365713731595,0.33558332937048085,-0.32344732206116167,1,320.0,356.0,375.9477700456429,-0.32344732206116167
47.59355854988098,0.4750000238418579,55.771251613657434,-144.3578991111035,0.33562376551789885,-0.32353205090851467,1,320.0,356.0,375.77125161365745,-0.32353205090851467
47.603580713272095,0.4750000238418579,55.594733181671955,-144.44214108489106,0.3356642016653169,-0.3236167797558677,1,320.0,354.0,375.5947331816719,-0.3236167797558677
47.61310315132141,0.4750000238418579,53.10089944820042,-143.08391655730085,0.33430009565033125,-0.32595789864168023,1,320.0,354.0,373.10089944820044,-0.32595789864168023
47.623737812042236,0.4750000238418579,52.910080032543114,-143.15925655306663,0.3343362588482988,-0.32604949196119576,1,320.0,354.0,372.91008003254314,-0.32604949196119576
47.633503913879395,0.4750000238418579,52.719260616885805,-143.2345965488324,0.3343724220462664,-0.3261410852807113,1,320.0,354.0,372.7192606168858,-0.3261410852807113
47.643434286117554,0.4750000238418579,52.528441201228496,-143.30993654459817,0.33440858524423395,-0.32623267860022676,1,320.0,353.0,372.5284412012285,-0.32623267860022676
47.653284549713135,0.4750000238418579,50.26977388038184,-141.87001108716035,0.3329566584336656,-0.3283550341207668,1,320.0,353.0,370.2697738803818,-0.3283550341207668
47.663822650909424,0.4750000238418579,50.06597702464286,-141.93584155053867,0.33298825705608726,-0.32845285661152146,1,320.0,353.0,370.06597702464285,-0.32845285661152146
47.673954248428345,0.4750000238418579,49.86218016890388,-142.001672013917,0.33301985567850884,-0.3285506791022762,1,320.0,353.0,369.8621801689039,-0.3285506791022762
47.68370270729065,0.4750000238418579,49.658383313164904,-142.0675024772953,0.3330514543009304,-0.3286485015930309,1,320.0,351.0,369.6583833131649,-0.3286485015930309
47.69364047050476,0.4750000238418579,47.49980425905992,-140.44998946510802,0.3314169456399828,-0.33068109075818863,1,320.0,351.0,367.49980425905994,-0.33068109075818863
47.70310926437378,0.4750000238418579,47.2835515130811,-140.50509364829762,0.3314433956479138,-0.3307848920762585,1,320.0,351.0,367.2835515130811,-0.3307848920762585
47.71319603919983,0.4750000238418579,47.06729876710228,-140.56019783148722,0.3314698456558448,-0.3308886933943283,1,320.0,351.0,367.0672987671023,-0.3308886933943283
47.72404360771179,0.4750000238418579,46.85104602112346,-140.61530201467681,0.3314962956637758,-0.33099249471239817,1,320.0,350.0,366.85104602112347,-0.33099249471239817
47.73349642753601,0.4750000238418579,44.884197087613785,-138.84041413028544,0.329698639203313,-0.33284126197091696,1,320.0,350.0,364.88419708761376,-0.33284126197091696
47.74291467666626,0.4750000238418579,44.656635844504535,-138.8836969350256,0.32971941494958823,-0.3329504913676094,1,320.0,350.0,364.65663584450454,-0.3329504913676094
47.754037857055664,0.4750000238418579,44.429074601395286,-138.92697973976576,0.3297401906958636,-0.33305972076430185,1,320.0,350.0,364.4290746013953,-0.33305972076430185
47.76372456550598,0.4750000238418579,44.201513358286036,-138.9702625445059,0.3297609664421388,-0.3331689501609943,1,320.0,350.0,364.20151335828604,-0.3331689501609943
47.77340841293335,0.4750000238418579,42.50833013494485,-137.0557797890161,0.32781782904008283,-0.3347484037438363,1,320.0,350.0,362.50833013494486,-0.3347484037438363
47.784027099609375,0.4750000238418579,42.27118482139012,-137.0862602727635,0.3278324596722816,-0.3348622334943426,1,320.0,350.0,362.27118482139014,-0.3348622334943426
47.79350543022156,0.4750000238418579,42.034039507835395,-137.1167407565109,0.32784709030448034,-0.33497606324484885,1,320.0,350.0,362.0340395078354,-0.33497606324484885
47.8031222820282,0.4750000238418579,41.79689419428067,-137.1472212402583,0.3278617209366791,-0.33508989299535513,1,320.0,349.0,361.79689419428064,-0.33508989299535513
47.81365466117859,0.4750000238418579,40.24582096427765,-135.21175060117534,0.32589300733741355,-0.336529275209188,1,320.0,349.0,360.24582096427764,-0.336529275209188
47.82323980331421,0.4750000238418579,39.99998981243003,-135.2292349887664,0.3259013998434573,-0.3366472741620749,1,320.0,349.0,359.99998981243004,-0.3366472741620749
47.8340322971344,0.47600001096725464,39.75415866058241,-135.24671937635745,0.325909792349501,-0.33676527311496174,1,320.0,349.0,359.7541586605824,-0.33676527311496174
47.84352397918701,0.47600001096725464,39.508327508734794,-135.2642037639485,0.3259181848555447,-0.3368832720678486,1,320.0,349.0,359.5083275087348,-0.3368832720678486
47.85418915748596,0.47600001096725464,38.18773616397938,-133.00457222491949,0.3236177373644565,-0.3380910044382141,1,320.0,349.0,358.18773616397937,-0.3380910044382141
47.863624572753906,0.47600001096725464,37.93473190557073,-133.00685880810613,0.32361883492438603,-0.33821244648225024,1,320.0,349.0,357.93473190557074,-0.33821244648225024
47.87325072288513,0.47600001096725464,37.68172764716208,-133.00914539129278,0.32361993248431564,-0.33833388852628643,1,320.0,349.0,357.68172764716206,-0.33833388852628643
47.88402342796326,0.47600001096725464,37.428723388753426,-133.01143197447942,0.32362103004424525,-0.33845533057032257,1,320.0,349.0,357.42872338875344,-0.33845533057032257
47.89299917221069,0.47600001096725464,36.31614936719652,-130.6669893770172,0.3212321557234416,-0.3394521814942555,1,320.0,349.0,356.31614936719654,-0.3394521814942555
47.90344715118408,0.47600001096725464,36.05735991636805,-130.65348168677855,0.32122567203212704,-0.3395764004306531,1,320.0,349.0,356.05735991636806,-0.3395764004306531
47.91314911842346,0.47700002789497375,35.798570465539576,-130.6399739965399,0.3212191883408125,-0.3397006193670508,1,320.0,349.0,355.79857046553957,-0.3397006193670508
47.924050092697144,0.47700002789497375,35.5397810147111,-130.62646630630127,0.32121270464949797,-0.3398248383034485,1,320.0,350.0,355.5397810147111,-0.3398248383034485
47.933006048202515,0.47700002789497375,34.71722563759402,-128.20856814887136,0.3187480445100427,-0.34052543455508555,1,320.0,350.0,354.717225637594,-0.34052543455508555
47.9435498714447,0.47700002789497375,34.45461406588279,-128.17875959583412,0.3187337364045848,-0.34065148810950696,1,320.0,350.0,354.45461406588277,-0.34065148810950696
47.953023195266724,0.47700002789497375,34.192002494171554,-128.14895104279688,0.3187194282991269,-0.3407775416639283,1,320.0,350.0,354.19200249417156,-0.3407775416639283
47.9637086391449,0.47700002789497375,33.92939092246032,-128.11914248975964,0.31870512019366903,-0.34090359521834973,1,320.0,350.0,353.9293909224603,-0.34090359521834973
47.97312378883362,0.47700002789497375,33.26748512587557,-125.53679367593915,0.31607241401421987,-0.34143924514444357,1,320.0,350.0,353.26748512587557,-0.34143924514444357
47.98361039161682,0.47700002789497375,33.00214936486767,-125.48957038854172,0.31604974683626913,-0.34156660630972735,1,320.0,350.0,353.00214936486765,-0.34156660630972735
47.993855237960815,0.4780000150203705,32.73681360385977,-125.44234710114429,0.3160270796583184,-0.34169396747501113,1,320.0,350.0,352.7368136038598,-0.34169396747501113
48.00338935852051,0.4780000150203705,32.471477842851876,-125.39512381374686,0.3160044124803676,-0.3418213286402949,1,320.0,351.0,352.47147784285187,-0.3418213286402949
48.013285636901855,0.4780000150203705,32.05675990137418,-122.66830791935101,0.31322508575471636,-0.34210236832110114,1,320.0,351.0,352.05675990137416,-0.34210236832110114
48.023685693740845,0.4780000150203705,31.79039945200507,-122.60270394324931,0.31319359584618756,-0.3422302213367983,1,320.0,351.0,351.7903994520051,-0.3422302213367983
48.03332304954529,0.4780000150203705,31.52403900263596,-122.53709996714761,0.3131621059376587,-0.3423580743524955,1,320.0,351.0,351.52403900263596,-0.3423580743524955
48.04377722740173,0.4780000150203705,31.25767855326685,-122.47149599104591,0.3131306160291299,-0.34248592736819267,1,320.0,352.0,351.2576785532668,-0.34248592736819267
48.0533983707428,0.4780000150203705,31.06663306931307,-119.61866987610057,0.31022469127902724,-0.3425361087991013,1,320.0,352.0,351.06663306931307,-0.3425361087991013
48.0637481212616,0.4780000150203705,30.800791624961324,-119.53385879731226,0.3101839819612089,-0.3426637126923901,1,320.0,352.0,350.80079162496133,-0.3426637126923901
48.07379937171936,0.4790000319480896,30.534950180609577,-119.44904771852396,0.3101432726433905,-0.34279131658567896,1,320.0,352.0,350.5349501806096,-0.34279131658567896
48.08375358581543,0.4790000319480896,30.26910873625783,-119.36423663973565,0.3101025633255721,-0.34291892047896777,1,320.0,353.0,350.2691087362578,-0.34291892047896777
48.09356880187988,0.4790000319480896,30.280257678838737,-116.5039102573572,0.3071935549879684,-0.3427602743723733,1,320.0,353.0,350.2802576788387,-0.3427602743723733
48.10368299484253,0.4790000319480896,30.016332417163937,-116.3998985326431,0.30714362936010564,-0.3428869584979772,1,320.0,353.0,350.01633241716394,-0.3428869584979772
48.11327862739563,0.4790000319480896,29.752407155489138,-116.29588680792901,0.3070937037322429,-0.3430136426235811,1,320.0,353.0,349.75240715548915,-0.3430136426235811
48.12457513809204,0.4790000319480896,29.48848189381434,-116.19187508321491,0.3070437781043801,-0.343140326749185,1,320.0,355.0,349.4884818938143,-0.343140326749185
48.13306427001953,0.4790000319480896,29.783537037751202,-113.22863193344526,0.30403392827617653,-0.34268834500829504,1,320.0,355.0,349.7835370377512,-0.34268834500829504
48.143590211868286,0.4790000319480896,29.523491216973905,-113.10477654477725,0.3039744776896159,-0.34281316700226816,1,320.0,355.0,349.5234912169739,-0.34281316700226816
48.153164863586426,0.48000001907348633,29.26344539619661,-112.98092115610925,0.30391502710305524,-0.3429379889962412,1,320.0,355.0,349.26344539619663,-0.3429379889962412
48.164127349853516,0.48000001907348633,29.003399575419312,-112.85706576744124,0.3038555765164946,-0.34306281099021435,1,320.0,356.0,349.00339957541934,-0.34306281099021435
48.17366051673889,0.48000001907348633,29.453004984905128,-110.00915174936188,0.3009721247003666,-0.3424519454607291,1,320.0,356.0,349.45300498490514,-0.3424519454607291
48.18348979949951,0.48000001907348633,29.197897350789482,-109.86634069710072,0.3009035753952813,-0.3425743971251046,1,320.0,356.0,349.1978973507895,-0.3425743971251046
48.19319438934326,0.48000001907348633,28.942789716673836,-109.72352964483957,0.3008350260901959,-0.3426968487894801,1,320.0,356.0,348.9427897166738,-0.3426968487894801
48.20417141914368,0.48000001907348633,28.68768208255819,-109.58071859257842,0.3007664767851106,-0.3428193004538556,1,320.0,358.0,348.6876820825582,-0.3428193004538556
48.21352458000183,0.48100003600120544,29.377275463784557,-106.63994326447684,0.29779397590054135,-0.341961265687675,1,320.0,358.0,349.37727546378454,-0.341961265687675
48.22325921058655,0.48100003600120544,29.12875570395881,-106.4776206031272,0.29771606102309356,-0.34208055517239133,1,320.0,358.0,349.1287557039588,-0.34208055517239133
48.23356318473816,0.48100003600120544,28.880235944133062,-106.31529794177757,0.29763814614564577,-0.3421998446571077,1,320.0,358.0,348.88023594413306,-0.3421998446571077
48.24502873420715,0.48100003600120544,28.631716184307315,-106.15297528042794,0.2975602312681979,-0.3423191341418241,1,320.0,361.0,348.6317161843073,-0.3423191341418241
48.25387001037598,0.48100003600120544,29.638225954869565,-103.13392521277552,0.294514683272538,-0.3411346705311291,1,320.0,361.0,349.63822595486954,-0.3411346705311291
48.26346683502197,0.48100003600120544,29.39847293155413,-102.95164750188604,0.29442718997131107,-0.3412497519823205,1,320.0,361.0,349.3984729315541,-0.3412497519823205
48.27396059036255,0.4790000319480896,29.158719908238698,-102.76936979099656,0.2943396966700841,-0.3413648334335119,1,320.0,361.0,349.1587199082387,-0.3413648334335119
48.28355836868286,0.4790000319480896,28.918966884923265,-102.58709208010708,0.29425220336885716,-0.3414799148847033,1,320.0,364.0,348.9189668849233,-0.3414799148847033
48.29392623901367,0.47700002789497375,30.20994682554787,-99.70621023833463,0.29135938702516845,-0.34000372905572807,1,320.0,364.0,350.2099468255479,-0.34000372905572807
48.303407192230225,0.47700002789497375,29.980900245450883,-99.50505761419969,0.2912628337655837,-0.3401136714141746,1,320.0,364.0,349.98090024545087,-0.3401136714141746
48.31301426887512,0.47700002789497375,29.751853665353895,-99.30390499006474,0.2911662805059989,-0.34022361377262117,1,320.0,364.0,349.7518536653539,-0.34022361377262117
48.323973178863525,0.47300001978874207,29.522807085256908,-99.10275236592979,0.2910697272464141,-0.3403335561310677,1,320.0,368.0,349.5228070852569,-0.3403335561310677
48.33295774459839,0.4700000286102295,31.16976484551792,-96.55595860936295,0.28853352583991737,-0.33849230891951887,1,320.0,368.0,351.16976484551793,-0.33849230891951887
48.343528032302856,0.4700000286102295,30.953852109003726,-96.33838423018618,0.2884290901379125,-0.3385959470330457,1,320.0,368.0,350.9538521090037,-0.3385959470330457
48.35291886329651,0.46300002932548523,30.73793937248953,-96.12080985100941,0.28832465443590766,-0.3386995851465725,1,320.0,368.0,350.7379393724895,-0.3386995851465725
48.36359429359436,0.46300002932548523,30.522026635975337,-95.90323547183264,0.2882202187339028,-0.3388032232600993,1,320.0,374.0,350.52202663597535,-0.3388032232600993
48.373295068740845,0.46300002932548523,32.690550945240346,-93.66427656963634,0.2860126506111351,-0.33642599402793416,1,320.0,374.0,352.6905509452404,-0.33642599402793416
48.38375377655029,0.4580000340938568,32.491342428272624,-93.43254134233817,0.285901417702032,-0.33652161411607867,1,320.0,374.0,352.4913424282726,-0.33652161411607867
48.39329671859741,0.45000001788139343,32.2921339113049,-93.20080611504,0.28579018479292884,-0.3366172342042232,1,320.0,374.0,352.2921339113049,-0.3366172342042232
48.40411043167114,0.45000001788139343,32.09292539433718,-92.96907088774182,0.28567895188382575,-0.3367128542923677,1,320.0,380.0,352.09292539433716,-0.3367128542923677
48.413522720336914,0.4440000355243683,34.728756724665615,-91.21664913047186,0.2839851995702182,-0.3338581585314118,1,320.0,380.0,354.72875672466563,-0.3338581585314118
48.42305612564087,0.4440000355243683,34.54941691672787,-90.97425652979722,0.2838688511218944,-0.33394424163922193,1,320.0,380.0,354.54941691672786,-0.33394424163922193
48.43352460861206,0.43400001525878906,34.37007710879013,-90.73186392912257,0.2837525026735706,-0.33403032474703204,1,320.0,380.0,354.37007710879016,-0.33403032474703204
48.44395089149475,0.43400001525878906,34.19073730085238,-90.48947132844792,0.28363615422524674,-0.33411640785484215,1,320.0,388.0,354.1907373008524,-0.33411640785484215
48.453413248062134,0.43400001525878906,37.44688433273065,-89.28281771576025,0.2825162448151469,-0.3306269855401765,1,320.0,388.0,357.44688433273063,-0.3306269855401765
48.46381759643555,0.4270000159740448,37.29162542153495,-89.03366616913547,0.28239665207276704,-0.3307015098175504,1,320.0,388.0,357.29162542153495,-0.3307015098175504
48.47533392906189,0.4270000159740448,37.13636651033926,-88.7845146225107,0.28227705933038716,-0.33077603409492434,1,320.0,388.0,357.13636651033926,-0.33077603409492434
48.48358964920044,0.41700002551078796,36.98110759914356,-88.53536307588593,0.2821574665880073,-0.3308505583722983,1,320.0,388.0,356.98110759914357,-0.3308505583722983
48.49344611167908,0.41700002551078796,36.82584868794787,-88.28621152926115,0.28203787384562734,-0.33092508264967224,1,320.0,399.0,356.8258486879479,-0.33092508264967224
48.503854513168335,0.4090000092983246,41.05758457185772,-87.79924611401414,0.2816708394061536,-0.3264350058651664,1,320.0,399.0,361.0575845718577,-0.3264350058651664
48.51362633705139,0.4090000092983246,40.93306120516489,-87.54842842938743,0.2815504469175328,-0.32649477708117897,1,320.0,399.0,360.9330612051649,-0.32649477708117897
48.52338910102844,0.3970000147819519,40.80853783847206,-87.29761074476072,0.281430054428912,-0.3265545482971915,1,320.0,411.0,360.80853783847203,-0.3265545482971915
48.53303599357605,0.3970000147819519,45.76857312654502,-87.42185715510807,0.2816998474463516,-0.32132476735828175,1,320.0,411.0,365.768573126545,-0.32132476735828175
48.54348397254944,0.3890000283718109,45.67966180986013,-87.17366640473726,0.28158071588617367,-0.3213674447902905,1,320.0,411.0,365.67966180986014,-0.3213674447902905
48.55304002761841,0.3890000283718109,45.590750493175236,-86.92547565436645,0.28146158432599566,-0.32141012222229925,1,320.0,411.0,365.5907504931752,-0.32141012222229925
48.563745737075806,0.37700000405311584,45.50183917649034,-86.67728490399564,0.2813424527658177,-0.321452799654308,1,320.0,411.0,365.50183917649036,-0.321452799654308
48.573447704315186,0.37700000405311584,45.41292785980545,-86.42909415362483,0.2812233212056397,-0.3214954770863167,1,320.0,426.0,365.41292785980545,-0.3214954770863167
48.583826303482056,0.36900001764297485,51.60974736697915,-87.58884503457857,0.2825683765280874,-0.3150013177523358,1,320.0,426.0,371.60974736697915,-0.3150013177523358
48.59339666366577,0.36900001764297485,51.56483212492598,-87.35050897045264,0.282453975217307,-0.31502287706852133,1,320.0,426.0,371.564832124926,-0.31502287706852133
48.60388517379761,0.3570000231266022,51.519916882872806,-87.1121729063267,0.28233957390652653,-0.31504443638470686,1,320.0,,371.5199168828728,-0.31504443638470686
48.613542795181274,0.3570000231266022,51.475001640819634,-86.87383684220077,0.28222517259574603,-0.3150659957008924,1,320.0,,371.47500164081964,-0.3150659957008924
48.62395763397217,0.3490000069141388,51.43008639876646,-86.63550077807484,0.2821107712849656,-0.3150875550170779,1,320.0,,371.43008639876643,-0.3150875550170779
48.63346004486084,0.3490000069141388,51.38517115671329,-86.39716471394891,0.28199636997418515,-0.31510911433326344,1,320.0,,371.3851711567133,-0.31510911433326344
48.64481496810913,0.3360000252723694,51.34025591466012,-86.15882864982298,0.2818819686634047,-0.31513067364944897,1,320.0,,371.34025591466013,-0.31513067364944897
48.653438329696655,0.3360000252723694,51.29534067260695,-85.92049258569705,0.28176756735262426,-0.31515223296563444,1,320.0,,371.2953406726069,-0.31515223296563444
48.663936138153076,0.328000009059906,51.250425430553776,-85.68215652157112,0.2816531660418438,-0.31517379228181996,1,320.0,,371.2504254305538,-0.31517379228181996
48.67333984375,0.328000009059906,51.205510188500604,-85.44382045744518,0.2815387647310634,-0.3151953515980055,1,320.0,,371.2055101885006,-0.3151953515980055
48.684001445770264,0.3160000145435333,51.16059494644743,-85.20548439331925,0.28142436342028293,-0.315216910914191,1,320.0,,371.1605949464474,-0.315216910914191
48.69349956512451,0.3160000145435333,51.11567970439426,-84.96714832919332,0.2813099621095025,-0.31523847023037654,1,320.0,,371.11567970439427,-0.31523847023037654
48.70285081863403,0.3070000112056732,51.07076446234109,-84.72881226506739,0.28119556079872204,-0.31526002954656207,1,320.0,,371.0707644623411,-0.31526002954656207
48.71324563026428,0.3070000112056732,51.02584922028792,-84.49047620094146,0.2810811594879416,-0.3152815888627476,1,320.0,,371.0258492202879,-0.3152815888627476
48.72403573989868,0.29500001668930054,50.980933978234745,-84.25214013681553,0.28096675817716116,-0.3153031481789331,1,320.0,,370.98093397823476,-0.3153031481789331
48.73354744911194,0.29500001668930054,50.93601873618157,-84.0138040726896,0.2808523568663807,-0.31532470749511865,1,320.0,,370.93601873618155,-0.31532470749511865
48.75556135177612,0.28600001335144043,50.8911034941284,-83.77546800856366,0.28073795555560027,-0.3153462668113042,1,320.0,,370.8911034941284,-0.3153462668113042
48.75990533828735,0.27400001883506775,50.84618825207523,-83.53713194443773,0.2806235542448198,-0.3153678261274897,1,320.0,,370.84618825207525,-0.3153678261274897
48.76627802848816,0.27400001883506775,50.80127301002206,-83.2987958803118,0.28050915293403933,-0.31538938544367523,1,320.0,,370.80127301002204,-0.31538938544367523
48.773988485336304,0.27400001883506775,50.756357767968886,-83.06045981618587,0.2803947516232589,-0.31541094475986076,1,320.0,,370.7563577679689,-0.31541094475986076
48.78354525566101,0.26600000262260437,50.711442525915714,-82.82212375205994,0.28028035031247844,-0.3154325040760463,1,320.0,,370.7114425259157,-0.3154325040760463
48.793132305145264,0.26600000262260437,50.66652728386254,-82.583787687934,0.280165949001698,-0.3154540633922318,1,320.0,,370.66652728386254,-0.3154540633922318
48.804641246795654,0.2540000081062317,50.62161204180937,-82.34545162380807,0.28005154769091756,-0.3154756227084173,1,320.0,,370.6216120418094,-0.3154756227084173
48.81339144706726,0.2540000081062317,50.5766967997562,-82.10711555968214,0.2799371463801371,-0.3154971820246028,1,320.0,,370.5766967997562,-0.3154971820246028
48.82416296005249,0.24500000476837158,50.53178155770303,-81.86877949555621,0.27982274506935667,-0.31551874134078833,1,320.0,,370.531781557703,-0.31551874134078833
48.83358716964722,0.24500000476837158,50.486866315649856,-81.63044343143028,0.27970834375857623,-0.31554030065697386,1,320.0,,370.4868663156499,-0.31554030065697386
48.843178272247314,0.2330000102519989,50.441951073596684,-81.39210736730435,0.2795939424477958,-0.3155618599731594,1,320.0,,370.44195107359667,-0.3155618599731594
48.85384130477905,0.2330000102519989,50.39703583154351,-81.15377130317842,0.27947954113701534,-0.3155834192893449,1,320.0,,370.3970358315435,-0.3155834192893449
48.863428831100464,0.22500000894069672,50.35212058949034,-80.91543523905248,0.2793651398262349,-0.31560497860553044,1,320.0,,370.35212058949037,-0.31560497860553044
48.87403726577759,0.22500000894069672,50.30720534743717,-80.67709917492655,0.27925073851545446,-0.31562653792171597,1,320.0,,370.30720534743716,-0.31562653792171597
48.88454747200012,0.21300001442432404,50.262290105384,-80.43876311080062,0.279136337204674,-0.3156480972379015,1,320.0,,370.262290105384,-0.3156480972379015
48.89300465583801,0.21300001442432404,50.217374863330825,-80.20042704667469,0.2790219358938935,-0.315669656554087,1,320.0,,370.2173748633308,-0.315669656554087
48.902934551239014,0.20500001311302185,50.17245962127765,-79.96209098254876,0.27890753458311307,-0.31569121587027255,1,320.0,,370.17245962127765,-0.31569121587027255
48.913440227508545,0.20500001311302185,50.12754437922448,-79.72375491842283,0.2787931332723326,-0.3157127751864581,1,320.0,,370.1275443792245,-0.3157127751864581
48.9235200881958,0.19300000369548798,50.08262913717131,-79.4854188542969,0.2786787319615522,-0.3157343345026436,1,320.0,,370.0826291371713,-0.3157343345026436
