time,alt,pos_x_est,pos_y_est,vel_x_cmd,vel_y_cmd,target_visible,setpoint_x,raw_x,filtered_x,cmd_y
9.444462060928345,4.513000011444092,-105.36162667912211,-101.46714940415168,0.13999073768844503,-0.14169388320971504,1,320.0,221.0,214.6383733208779,-0.14169388320971504
9.453319072723389,4.5360002517700195,-105.41073708932669,-101.55278920911103,0.14060126940044182,-0.14227986938740714,1,320.0,221.0,214.5892629106733,-0.14227986938740714
9.46359896659851,4.5360002517700195,-104.8034188462857,-101.04047848665284,0.1393172517269236,-0.1407258595673977,1,320.0,221.0,215.1965811537143,-0.1407258595673977
9.473984956741333,4.552000045776367,-104.84803177308163,-101.11395433648643,0.13991099251840633,-0.1413036352384182,1,320.0,221.0,215.15196822691837,-0.1413036352384182
9.485489845275879,4.552000045776367,-104.89264469987756,-101.16911558801124,0.14048303159817616,-0.14188163397407272,1,320.0,221.0,215.10735530012244,-0.14188163397407272
9.493820667266846,4.573000431060791,-104.9372576266735,-101.24811395156642,0.14108407020420022,-0.1424598557743612,1,320.0,,215.0627423733265,-0.1424598557743612
9.503652811050415,4.573000431060791,-104.98187055346943,-101.30327520309123,0.14165678008204544,-0.14303830063928366,1,320.0,,215.01812944653057,-0.14303830063928366
9.513864278793335,4.586000442504883,-105.02648348026537,-101.37307914881463,0.14224741021265758,-0.14361696856884015,1,320.0,,214.97351651973463,-0.14361696856884015
9.524446964263916,4.586000442504883,-105.0710964070613,-101.42824040033943,0.14282074491648902,-0.14419585956303058,1,320.0,,214.9289035929387,-0.14419585956303058
9.534592390060425,4.6010003089904785,-105.11570933385724,-101.50019038082334,0.14341458584497385,-0.14477497362185496,1,320.0,222.0,214.88429066614276,-0.14477497362185496
9.543175220489502,4.6010003089904785,-104.36520969710153,-100.83417549788014,0.14164157892812881,-0.14276671674367838,1,320.0,222.0,215.63479030289847,-0.14276671674367838
9.55333399772644,4.6080002784729,-104.40439101268895,-100.89220624120236,0.1422156768513215,-0.1433357562774467,1,320.0,222.0,215.59560898731104,-0.1433357562774467
9.564837217330933,4.6080002784729,-104.44357232827636,-100.94244095961115,0.1427806707182101,-0.143904991717793,1,320.0,222.0,215.55642767172364,-0.143904991717793
9.573147773742676,4.616000175476074,-104.48275364386377,-101.00155535303377,0.1433566157670824,-0.14447442306471722,1,320.0,222.0,215.51724635613624,-0.14447442306471722
9.584559440612793,4.616000175476074,-103.80840441007695,-100.39813927259775,0.14179768426880748,-0.14272495921487607,1,320.0,222.0,216.19159558992305,-0.14272495921487607
9.593065023422241,4.619000434875488,-103.84272143635988,-100.44723990812982,0.1423588412309866,-0.1432853532535974,1,320.0,222.0,216.15727856364012,-0.1432853532535974
9.605080842971802,4.619000434875488,-103.87703846264282,-100.49301855021156,0.14291624069423575,-0.1438459188774501,1,320.0,222.0,216.12296153735718,-0.1438459188774501
9.613324165344238,4.62000036239624,-103.91135548892575,-100.53990335444249,0.14347520197608507,-0.14440665608643427,1,320.0,221.0,216.08864451107425,-0.14440665608643427
9.624032258987427,4.62000036239624,-103.41204759453531,-100.09972423885033,0.14245510905447653,-0.14323482891110265,1,320.0,221.0,216.5879524054647,-0.14323482891110265
9.63375997543335,4.618000030517578,-103.44273222768479,-100.1399816105442,0.14300411780856187,-0.1437888641320204,1,320.0,221.0,216.5572677723152,-0.1437888641320204
9.644164562225342,4.618000030517578,-103.47341686083426,-100.1824523306123,0.1435559949342967,-0.14434305277610399,1,320.0,221.0,216.52658313916572,-0.14434305277610399
9.653597593307495,4.611999988555908,-103.50410149398374,-100.21827213033086,0.1441000700546106,-0.14489739484335326,1,320.0,220.0,216.49589850601626,-0.14489739484335326
9.662803411483765,4.611999988555908,-103.15825644142014,-100.02865604870334,0.14389921772986933,-0.14423005275029957,1,320.0,220.0,216.84174355857988,-0.14423005275029957
9.673647403717041,4.6060004234313965,-103.18638067686233,-100.06288024010978,0.1444406011607576,-0.1447797337362145,1,320.0,220.0,216.8136193231377,-0.1447797337362145
9.683488607406616,4.6060004234313965,-103.21450491230452,-100.10377277248777,0.14499019106347366,-0.1453295553433067,1,320.0,220.0,216.7854950876955,-0.1453295553433067
9.694024801254272,4.595000267028809,-103.24262914774671,-100.13239208848957,0.14552519620311824,-0.14587951757157602,1,320.0,219.0,216.7573708522533,-0.14587951757157602
9.703393697738647,4.595000267028809,-103.0320488824148,-100.05695329964686,0.14569779364323335,-0.14565534260322663,1,320.0,219.0,216.9679511175852,-0.14565534260322663
9.714275121688843,4.586000442504883,-103.05855098820912,-100.08696853767798,0.14623424677155905,-0.14620243788512083,1,320.0,219.0,216.9414490117909,-0.14620243788512083
9.725574970245361,4.586000442504883,-103.08505309400344,-100.1270705341234,0.14678300451996418,-0.14674966567754405,1,320.0,219.0,216.91494690599654,-0.14674966567754405
9.733391523361206,4.570000171661377,-103.11155519979776,-100.14913820292226,0.1473102314135374,-0.1472970259804962,1,320.0,217.0,216.88844480020225,-0.1472970259804962
9.744048118591309,4.570000171661377,-103.12627936520973,-100.28027081527942,0.14815450918550216,-0.14780632333598337,1,320.0,217.0,216.8737206347903,-0.14780632333598337
9.753295421600342,4.558000087738037,-103.15270146087127,-100.30737947899424,0.1486885764793549,-0.1483537933580816,1,320.0,217.0,216.84729853912873,-0.1483537933580816
9.766257047653198,4.558000087738037,-103.17912355653282,-100.3480998663832,0.14923918144355358,-0.14890139549065812,1,320.0,217.0,216.82087644346717,-0.14890139549065812
9.773396492004395,4.539000034332275,-103.20554565219436,-100.36711587698197,0.149763836235657,-0.14944912973371294,1,320.0,216.0,216.79445434780564,-0.14944912973371294
9.783968925476074,4.539000034332275,-103.31526629188346,-100.57653007886907,0.15086177471404205,-0.15026711390508002,1,320.0,216.0,216.68473370811654,-0.15026711390508002
9.793711185455322,4.539000034332275,-103.34225419778593,-100.61839632887711,0.15141510619569606,-0.15081621066315193,1,320.0,216.0,216.65774580221407,-0.15081621066315193
9.803162336349487,4.525000095367432,-103.3692421036884,-100.64414908876988,0.15194923025301127,-0.15136544236075333,1,320.0,216.0,216.6307578963116,-0.15136544236075333
9.813972234725952,4.525000095367432,-103.39623000959088,-100.68601533877792,0.1525028998297148,-0.15191480899788426,1,320.0,,216.60376999040912,-0.15191480899788426
9.823472023010254,4.503000259399414,-103.42321791549335,-100.7023505779052,0.15302601386955705,-0.15246431057454468,1,320.0,,216.57678208450665,-0.15246431057454468
9.834046125411987,4.503000259399414,-103.45020582139583,-100.74421682791323,0.15357997445370625,-0.15301394709073465,1,320.0,,216.54979417860417,-0.15301394709073465
9.843411684036255,4.488000392913818,-103.4771937272983,-100.7685267805899,0.15411298903082118,-0.1535637185464541,1,320.0,,216.5228062727017,-0.1535637185464541
9.85308575630188,4.488000392913818,-103.50418163320077,-100.81039303059794,0.15466728049598383,-0.15411362494170308,1,320.0,,216.49581836679923,-0.15411362494170308
9.863348007202148,4.465000152587891,-103.53116953910325,-100.82510148020957,0.15518905614291886,-0.15466366627648154,1,320.0,,216.46883046089675,-0.15466366627648154
9.873743534088135,4.465000152587891,-103.55815744500572,-100.86696773021761,0.15574363048157958,-0.15521384255078954,1,320.0,,216.44184255499428,-0.15521384255078954
9.883865594863892,4.448000431060791,-103.58514535090819,-100.88857411758633,0.15627400101701,-0.15576415376462704,1,320.0,,216.4148546490918,-0.15576415376462704
9.893484115600586,4.448000431060791,-103.61213325681067,-100.93044036759437,0.15682889271885758,-0.1563145999179941,1,320.0,210.0,216.38786674318933,-0.1563145999179941
9.903926849365234,4.424000263214111,-104.42924201785857,-101.6780243364367,0.15972137921050913,-0.15941666858474973,1,320.0,210.0,215.57075798214143,-0.15941666858474973
9.91349196434021,4.424000263214111,-104.46156123023907,-101.72484723846928,0.16028619092914057,-0.15997775944575754,1,320.0,210.0,215.53843876976094,-0.15997775944575754
9.923252820968628,4.4070000648498535,-104.49388044261957,-101.75101742420328,0.16082635023914238,-0.16053901190282724,1,320.0,210.0,215.50611955738043,-0.16053901190282724
9.934008359909058,4.4070000648498535,-104.52619965500007,-101.79784032623586,0.16139152692321265,-0.16110042595595883,1,320.0,208.0,215.47380034499992,-0.16110042595595883
9.943703413009644,4.38200044631958,-105.45459361125789,-102.65590012211446,0.16463331981221557,-0.16454990955706927,1,320.0,208.0,214.5454063887421,-0.16454990955706927
9.953150272369385,4.38200044631958,-105.49293994992354,-102.70838582959149,0.16520984459033597,-0.16512338986321767,1,320.0,208.0,214.50706005007646,-0.16512338986321767
9.963677644729614,4.365000247955322,-105.53128628858919,-102.73980503796932,0.16576124666557918,-0.1656970619010594,1,320.0,208.0,214.46871371141083,-0.1656970619010594
9.973203897476196,4.365000247955322,-105.56963262725483,-102.79229074544635,0.16633819096827884,-0.16627092567059445,1,320.0,206.0,214.43036737274517,-0.16627092567059445
9.98416018486023,4.340000152587891,-106.59231656135006,-103.74475214009244,0.16987497198278126,-0.1700130693247116,1,320.0,206.0,213.40768343864994,-0.1700130693247116
9.993591785430908,4.340000152587891,-106.63726943785036,-103.8034881928369,0.1704644726870388,-0.1706001991237012,1,320.0,206.0,213.36273056214964,-0.1706001991237012
10.003305673599243,4.323000431060791,-106.68222231435067,-103.8407320029599,0.17102836891920117,-0.17118755368707333,1,320.0,206.0,213.31777768564933,-0.17118755368707333
10.014296531677246,4.323000431060791,-106.72717519085097,-103.89946805570435,0.17161834952277305,-0.17177513301482794,1,320.0,204.0,213.27282480914903,-0.17177513301482794
10.023693561553955,4.297000408172607,-107.83070179047098,-104.93140111361467,0.17540506248182872,-0.17576714857056466,1,320.0,204.0,212.16929820952902,-0.17576714857056466
10.033260345458984,4.297000408172607,-107.88275010072876,-104.99688295397245,0.1760086251050279,-0.17636902029337764,1,320.0,204.0,212.11724989927126,-0.17636902029337764
10.04367995262146,4.28000020980835,-107.93479841098653,-105.04042190221602,0.17658607395243128,-0.1769711522577419,1,320.0,204.0,212.06520158901347,-0.1769711522577419
10.053453207015991,4.28000020980835,-107.9868467212443,-105.1059037425738,0.1771901816795735,-0.17757354446365747,1,320.0,202.0,212.01315327875568,-0.17757354446365747
10.063687086105347,4.255000114440918,-109.16026500068791,-106.09677831020673,0.1808348779055951,-0.18178093096457437,1,320.0,202.0,210.8397349993121,-0.18178093096457437
10.073262929916382,4.255000114440918,-109.21982492174763,-106.16867736007555,0.18145200015223806,-0.1823985019944548,1,320.0,202.0,210.78017507825237,-0.1823985019944548
10.084343671798706,4.23900032043457,-109.27938484280735,-106.219503262084,0.18204408875095862,-0.18301637082394048,1,320.0,202.0,210.72061515719264,-0.18301637082394048
10.093493461608887,4.23900032043457,-109.33894476386706,-106.29140231195281,0.18266182462236097,-0.1836345374530315,1,320.0,200.0,210.66105523613294,-0.1836345374530315
10.10436487197876,4.214000225067139,-110.5731001606685,-107.35634626448831,0.18653882363549662,-0.1880286522060361,1,320.0,200.0,209.4268998393315,-0.1880286522060361
10.113824367523193,4.214000225067139,-110.64052762431501,-107.43511959615302,0.18717052723147506,-0.18866276780053348,1,320.0,200.0,209.359472375685,-0.18866276780053348
10.123474597930908,4.197000026702881,-110.70795508796152,-107.49104040511938,0.18777508740426027,-0.1892972205323491,1,320.0,200.0,209.29204491203848,-0.1892972205323491
10.13379192352295,4.197000026702881,-110.77538255160803,-107.56981373678408,0.18840746447094184,-0.18993201040148294,1,320.0,198.0,209.22461744839197,-0.18993201040148294
10.14325761795044,4.173000335693359,-112.06244168400971,-108.70045596583982,0.19248766512271565,-0.19448843642366795,1,320.0,198.0,207.9375583159903,-0.19448843642366795
10.153635501861572,4.173000335693359,-112.13804129050584,-108.78649572316147,0.19313484531011746,-0.19513984615791582,1,320.0,198.0,207.86195870949416,-0.19513984615791582
10.163117408752441,4.156000137329102,-112.21364089700197,-108.84921261114764,0.19375435163875662,-0.1957916338901962,1,320.0,198.0,207.78635910299803,-0.1957916338901962
10.173761129379272,4.156000137329102,-112.28924050349809,-108.93525236846928,0.19440227560938492,-0.196443799620509,1,320.0,196.0,207.7107594965019,-0.196443799620509
10.184272289276123,4.131999969482422,-113.62236332562448,-110.12189715086359,0.19865770094122184,-0.20114123363309502,1,320.0,196.0,206.37763667437554,-0.20114123363309502
10.193834066390991,4.131999969482422,-113.70639484815196,-110.21553971520926,0.19932114971701267,-0.20181060343436874,1,320.0,196.0,206.29360515184806,-0.20181060343436874
10.203399658203125,4.116000175476074,-113.79042637067944,-110.28678106666437,0.19995807324409215,-0.20248039339325513,1,320.0,196.0,206.20957362932057,-0.20248039339325513
10.213956594467163,4.116000175476074,-113.87445789320692,-110.38042363101005,0.20062234643946197,-0.20315060350975414,1,320.0,194.0,206.1255421067931,-0.20315060350975414
10.223595380783081,4.093000411987305,-115.24756874404297,-111.61717576198434,0.2050316271579505,-0.2079700915833996,1,320.0,194.0,204.75243125595705,-0.2079700915833996
10.23351788520813,4.093000411987305,-115.34025199060018,-111.71870863393838,0.20571206014746501,-0.20865801273922124,1,320.0,194.0,204.65974800939983,-0.20865801273922124
10.244040489196777,4.077000141143799,-115.4329352371574,-111.79739223029641,0.20636546742424616,-0.2093463973112757,1,320.0,194.0,204.56706476284262,-0.2093463973112757
10.253659963607788,4.077000141143799,-115.52561848371461,-111.89892510225044,0.20704680149610222,-0.2100352452995629,1,320.0,192.0,204.4743815162854,-0.2100352452995629
10.26327633857727,4.054000377655029,-116.93324471476673,-113.17788554496902,0.21158770908965507,-0.21495965468185566,1,320.0,192.0,203.06675528523328,-0.21495965468185566
10.273886919021606,4.054000377655029,-117.0347632669288,-113.28755263570494,0.21228574736171674,-0.21566665076078478,1,320.0,192.0,202.9652367330712,-0.21566665076078478
10.283947229385376,4.038000106811523,-117.13628181909088,-113.37390951520868,0.21295624516469724,-0.2163741544324747,1,320.0,192.0,202.86371818090913,-0.2163741544324747
10.293653964996338,4.038000106811523,-117.23780037125296,-113.4835766059446,0.2136552635566101,-0.21708216569692548,1,320.0,189.0,202.76219962874706,-0.21708216569692548
10.30317234992981,4.015000343322754,-118.77961367906389,-114.90353379284693,0.21864657027327017,-0.222433153983715,1,320.0,189.0,201.22038632093611,-0.222433153983715
10.313618421554565,4.015000343322754,-118.89082194538936,-115.02224368499422,0.21936413336227192,-0.2231610580130325,1,320.0,189.0,201.10917805461065,-0.2231610580130325
10.323329210281372,4.0,-119.00203021171484,-115.11866059159038,0.22005542695314526,-0.22388951808368165,1,320.0,189.0,200.99796978828516,-0.22388951808368165
10.333983659744263,4.0,-119.11323847804032,-115.23737048373768,0.22077406567614072,-0.2246185341956624,1,320.0,186.0,200.88676152195967,-0.2246185341956624
10.34335470199585,3.9770002365112305,-120.77299079660091,-116.67731968509304,0.22582533256555376,-0.23034365026716236,1,320.0,186.0,199.2270092033991,-0.23034365026716236
10.353793144226074,3.9770002365112305,-120.89463089071053,-116.8051627147382,0.22656277001470163,-0.23109409153454746,1,320.0,186.0,199.10536910928948,-0.23109409153454746
10.363214254379272,3.9620001316070557,-121.01627098482015,-116.91026615266917,0.22727344547098213,-0.2318451410024031,1,320.0,186.0,198.98372901517985,-0.2318451410024031
10.374000787734985,3.9620001316070557,-121.13791107892978,-117.03810918231433,0.2280120476524679,-0.2325967986707293,1,320.0,185.0,198.8620889210702,-0.2325967986707293
10.383349895477295,3.940000295639038,-122.6941338706688,-118.49579884706536,0.23311314697638474,-0.2379809324211104,1,320.0,185.0,197.3058661293312,-0.2379809324211104
10.39385175704956,3.940000295639038,-122.82545128388155,-118.6328398524838,0.23387076038214927,-0.23875264057338513,1,320.0,185.0,197.17454871611847,-0.23875264057338513
10.403318881988525,3.9250001907348633,-122.9567686970943,-118.74669302613485,0.23460111765566125,-0.2395250053127259,1,320.0,185.0,197.0432313029057,-0.2395250053127259
10.41393756866455,3.9250001907348633,-123.08808611030706,-118.88373403155329,0.2353599855323211,-0.24029802663913274,1,320.0,182.0,196.91191388969293,-0.24029802663913274
10.423391103744507,3.9040002822875977,-124.75599047348477,-120.35570379590443,0.24049977007356782,-0.2460371753631685,1,320.0,182.0,195.24400952651524,-0.2460371753631685
10.434125900268555,3.9040002822875977,-124.89768749848372,-120.50198360900636,0.24127781576733515,-0.24683170023065965,1,320.0,182.0,195.10231250151628,-0.24683170023065965
10.4435715675354,3.889000177383423,-125.03938452348267,-120.62462662102845,0.24202811051486683,-0.24762693358327578,1,320.0,182.0,194.96061547651732,-0.24762693358327578
10.453081607818604,3.889000177383423,-125.18108154848161,-120.77090643413038,0.2428075008227598,-0.24842287542101693,1,320.0,180.0,194.81891845151839,-0.24842287542101693
10.463937282562256,3.867000102996826,-126.84426602652573,-122.25072756776898,0.247971650097411,-0.25414036431134235,1,320.0,180.0,193.15573397347427,-0.25414036431134235
10.473461151123047,3.867000102996826,-126.99625453881313,-122.4062644151257,0.2487703256363147,-0.25495773179878123,1,320.0,180.0,193.00374546118687,-0.25495773179878123
10.48319935798645,3.8530001640319824,-127.14824305110054,-122.53930310781492,0.24954266858308086,-0.25577585922878165,1,320.0,180.0,192.85175694889946,-0.25577585922878165
10.493875503540039,3.8530001640319824,-127.30023156338794,-122.69483995517164,0.25034278699968476,-0.25659474660134346,1,320.0,177.0,192.69976843661206,-0.25659474660134346
10.50331711769104,3.8310000896453857,-129.0592715749528,-124.28335232580021,0.25585460704948215,-0.26261624158238817,1,320.0,177.0,190.9407284250472,-0.26261624158238817
10.513908386230469,3.8310000896453857,-129.22214458927118,-124.44883646796832,0.2566754322024237,-0.26345779992251656,1,320.0,177.0,190.77785541072882,-0.26345779992251656
10.523375749588013,3.817000150680542,-129.38501760358957,-124.5913781783147,0.257469439145731,-0.2643001726277166,1,320.0,177.0,190.61498239641043,-0.2643001726277166
10.534205198287964,3.817000150680542,-129.54789061790797,-124.75686232048281,0.25829180442793515,-0.2651433596979882,1,320.0,175.0,190.45210938209203,-0.2651433596979882
10.543783903121948,3.7960002422332764,-131.28847352672673,-126.34025222964331,0.26377891324624547,-0.2710982674719608,1,320.0,175.0,188.71152647327327,-0.2710982674719608
10.55340027809143,3.7960002422332764,-131.4620457607643,-126.515587504032,0.26462189351303206,-0.2719638643816097,1,320.0,175.0,188.5379542392357,-0.2719638643816097
10.563276767730713,3.7820000648498535,-131.6356179948019,-126.66753527511753,0.2654375685147103,-0.2728303291524288,1,320.0,175.0,188.3643820051981,-0.2728303291524288
10.57415223121643,3.7820000648498535,-131.80919022883947,-126.84287054950622,0.26628218519672425,-0.2736976617844181,1,320.0,172.0,188.19080977116053,-0.2736976617844181
10.583943843841553,3.760000228881836,-133.63242806707316,-128.41600420037344,0.27173477804261775,-0.27991387886195873,1,320.0,172.0,186.36757193292684,-0.27991387886195873
10.593530893325806,3.760000228881836,-133.81720086621516,-128.60108198290828,0.2725998767915741,-0.2808046922252602,1,320.0,172.0,186.18279913378484,-0.2808046922252602
10.6031494140625,3.746000289916992,-134.00197366535716,-128.76230165886014,0.27343715191101065,-0.2816964294525574,1,320.0,172.0,185.99802633464284,-0.2816964294525574
10.613923788070679,3.746000289916992,-134.18674646449915,-128.947379441395,0.2743039821472594,-0.2825890905438503,1,320.0,170.0,185.81325353550085,-0.2825890905438503
10.623338222503662,3.7250001430511475,-135.97991671067527,-130.51191032602546,0.27972061726098507,-0.28870059674591714,1,320.0,170.0,184.02008328932473,-0.28870059674591714
10.633971691131592,3.7250001430511475,-136.1756221842276,-130.70661023689544,0.28060779020521354,-0.2896163214251011,1,320.0,170.0,183.8243778157724,-0.2896163214251011
10.643471002578735,3.7110002040863037,-136.37132765777991,-130.87698034578435,0.28146661923760913,-0.29053302463165276,1,320.0,170.0,183.62867234222009,-0.29053302463165276
10.653032779693604,3.7110002040863037,-136.56703313133224,-131.07168025665433,0.2823556175319364,-0.29145070636557224,1,320.0,167.0,183.43296686866776,-0.29145070636557224
10.663071393966675,3.690000057220459,-138.43177358349357,-132.7258869370295,0.28805885521923813,-0.2977875916181202,1,320.0,167.0,181.56822641650643,-0.2977875916181202
10.673449039459229,3.690000057220459,-138.63883584985268,-132.93076871535337,0.2889693671968036,-0.2987292605170004,1,320.0,167.0,181.36116415014732,-0.2987292605170004
10.683242797851562,3.6760001182556152,-138.8458981162118,-133.1108348679924,0.28985100075431036,-0.29967196472721236,1,320.0,167.0,181.1541018837882,-0.29967196472721236
10.693865299224854,3.6760001182556152,-139.05296038257092,-133.31571664631628,0.2907634374715306,-0.30061570424875617,1,320.0,165.0,180.94703961742908,-0.30061570424875617
10.703406810760498,3.6550002098083496,-140.8777993200466,-134.94659325790764,0.29638580521259106,-0.30681553319059923,1,320.0,165.0,179.1222006799534,-0.30681553319059923
10.713772296905518,3.6550002098083496,-141.0958803638066,-135.16144364570104,0.2973194328961717,-0.3077827098449303,1,320.0,165.0,178.9041196361934,-0.3077827098449303
10.723414897918701,3.641000270843506,-141.3139614075666,-135.3509778893436,0.2982236288779894,-0.30875097690448017,1,320.0,165.0,178.6860385924334,-0.30875097690448017
10.73398208618164,3.641000270843506,-141.53204245132662,-135.565828277137,0.2991592784847272,-0.3097203343692488,1,320.0,162.0,178.46795754867338,-0.3097203343692488
10.742980480194092,3.620000123977661,-143.41914215067703,-137.17278132660834,0.3046990127078836,-0.31611536472591484,1,320.0,162.0,176.58085784932297,-0.31611536472591484
10.753708362579346,3.620000123977661,-143.64860124445937,-137.39738346992561,0.3056555221972139,-0.317108958644676,1,320.0,162.0,176.35139875554063,-0.317108958644676
10.76299238204956,3.6050002574920654,-143.8780603382417,-137.5943006021945,0.30657979425894755,-0.31810369985890596,1,320.0,162.0,176.1219396617583,-0.31810369985890596
10.774299383163452,3.6050002574920654,-144.10751943202405,-137.81890274551176,0.30753841134465587,-0.3190995883686049,1,320.0,160.0,175.89248056797595,-0.3190995883686049
10.783998727798462,3.5850002765655518,-145.94641862584734,-139.50451481509137,0.3133254750004215,-0.32533029231274946,1,320.0,160.0,174.05358137415266,-0.32533029231274946
10.793625831604004,3.5850002765655518,-146.1868586956911,-139.7393396470693,0.3143059614970304,-0.32634975469004046,1,320.0,160.0,173.8131413043089,-0.32634975469004046
10.80392050743103,3.571000099182129,-146.42729876553483,-139.94780032284086,0.31525585330957046,-0.3273704192676806,1,320.0,160.0,173.57270123446517,-0.3273704192676806
10.81374740600586,3.571000099182129,-146.66773883537857,-140.1826251548188,0.31623855623371805,-0.32839228604566995,1,320.0,157.0,173.33226116462143,-0.32839228604566995
10.82404351234436,3.5500001907348633,-148.56111810854892,-141.8316032915446,0.32190508551500335,-0.3347930324369717,1,320.0,157.0,171.43888189145108,-0.3347930324369717
10.833781957626343,3.5500001907348633,-148.81284446396918,-142.07635678185838,0.32290917148728915,-0.33583916828579585,1,320.0,157.0,171.18715553603082,-0.33583916828579585
10.843889713287354,3.5360002517700195,-149.06457081938944,-142.2941982315201,0.32388205221804084,-0.3368865627663971,1,320.0,157.0,170.93542918061056,-0.3368865627663971
10.853929996490479,3.5360002517700195,-149.3162971748097,-142.53895172183388,0.3248884511650265,-0.3379352158787755,1,320.0,155.0,170.6837028251903,-0.3379352158787755
10.863998889923096,3.515000104904175,-151.15452812360166,-144.15348497771242,0.3304380549767427,-0.34414889546802485,1,320.0,155.0,168.84547187639834,-0.34414889546802485
10.873595476150513,3.515000104904175,-151.41709457838888,-144.40787645629212,0.3314653641333199,-0.3452210606866614,1,320.0,155.0,168.58290542161112,-0.3452210606866614
10.884155511856079,3.501000165939331,-151.6796610331761,-144.63479027218762,0.3324608346637554,-0.346294538737572,1,320.0,155.0,168.3203389668239,-0.346294538737572
10.894248485565186,3.501000165939331,-151.94222748796332,-144.8891817507673,0.33349055034680486,-0.3473693296207565,1,320.0,152.0,168.05777251203668,-0.3473693296207565
10.903173208236694,3.4800002574920654,-153.82849307493325,-146.46961476083194,0.338924661828423,-0.3537323240348108,1,320.0,152.0,166.17150692506675,-0.3537323240348108
10.913707256317139,3.4800002574920654,-154.10216064053483,-146.7333570520641,0.3399748193631619,-0.3548312359167353,1,320.0,152.0,165.89783935946517,-0.3548312359167353
10.923144578933716,3.4670002460479736,-154.37582820613642,-146.97105016245044,0.3409949063464378,-0.35593151613648794,1,320.0,152.0,165.62417179386358,-0.35593151613648794
10.934231042861938,3.4670002460479736,-154.649495771738,-147.2347924536826,0.3420475710581848,-0.3570331646940685,1,320.0,150.0,165.350504228262,-0.3570331646940685
10.943573474884033,3.449000120162964,-156.47486369061747,-148.78761439920765,0.3473750878622551,-0.36319041049737816,1,320.0,150.0,163.52513630938253,-0.36319041049737816
10.952993869781494,3.449000120162964,-156.7591460228264,-149.06042399843128,0.3484477615013156,-0.364315345026143,1,320.0,150.0,163.2408539771736,-0.364315345026143
10.963921070098877,3.439000129699707,-157.04342835503533,-149.31283421881182,0.3494972179368663,-0.3654417009665689,1,320.0,150.0,162.95657164496467,-0.3654417009665689
10.973589420318604,3.439000129699707,-157.32771068724426,-149.58564381803544,0.35057251767502484,-0.3665694783186558,1,320.0,148.0,162.67228931275574,-0.3665694783186558
10.983981609344482,3.4260001182556152,-159.09478002603547,-151.1157188161152,0.3558004894157336,-0.37252995500670116,1,320.0,148.0,160.90521997396453,-0.37252995500670116
10.993415832519531,3.4260001182556152,-159.38921075684894,-151.3973160925019,0.3568953927278602,-0.37368021793746165,1,320.0,148.0,160.61078924315106,-0.37368021793746165
11.002963304519653,3.4190001487731934,-159.6836414876624,-151.6644450440437,0.3579742696949305,-0.3748319530218761,1,320.0,148.0,160.3163585123376,-0.3748319530218761
11.01347827911377,3.4190001487731934,-159.9780722184759,-151.94604232043042,0.35907191663819676,-0.3759851602599446,1,320.0,147.0,160.0219277815241,-0.3759851602599446
11.022895097732544,3.4100000858306885,-161.58826366646784,-153.351065149078,0.3638707850256415,-0.3814281022817072,1,320.0,147.0,158.41173633353216,-0.3814281022817072
11.033329963684082,3.4100000858306885,-161.8917036338341,-153.64048271102249,0.36498628851353,-0.3826016887607159,1,320.0,147.0,158.1082963661659,-0.3826016887607159
11.043013334274292,3.4050002098083496,-162.19514360120039,-153.91947028482193,0.36609067095351344,-0.3837767924395614,1,320.0,147.0,157.80485639879961,-0.3837767924395614
11.05357813835144,3.4050002098083496,-162.49858356856666,-154.2088878467664,0.36720901646708065,-0.38495341331824373,1,320.0,145.0,157.50141643143334,-0.38495341331824373
11.063100337982178,3.4000000953674316,-164.0650193671567,-155.49928184791582,0.3716134487784107,-0.3902488625063467,1,320.0,145.0,155.9349806328433,-0.3902488625063467
11.07372760772705,3.4000000953674316,-164.37711067163286,-155.795627620196,0.3727480418432479,-0.3914452576250763,1,320.0,145.0,155.62288932836714,-0.3914452576250763
11.083293199539185,3.3970000743865967,-164.68920197610902,-156.08568037061485,0.3738765335456036,-0.39264321320032824,1,320.0,145.0,155.31079802389098,-0.39264321320032824
11.093875169754028,3.3970000743865967,-165.00129328058517,-156.38202614289503,0.37501405860305426,-0.3938427292321025,1,320.0,144.0,154.99870671941483,-0.3938427292321025
11.10311508178711,3.3940000534057617,-166.42445534167598,-157.36116943080754,0.3783924000605113,-0.39866663583630313,1,320.0,144.0,153.57554465832402,-0.39866663583630313
11.113457202911377,3.3940000534057617,-166.74415994566607,-157.6622370819704,0.37954199242731657,-0.39988400216081954,1,320.0,144.0,153.25584005433393,-0.39988400216081954
11.123161792755127,3.3930001258850098,-167.06386454965616,-157.96120073447716,0.3806905548139971,-0.401102967008356,1,320.0,144.0,152.93613545034384,-0.401102967008356
11.134547472000122,3.3930001258850098,-167.38356915364625,-158.26226838564003,0.3818431473373207,-0.40232353037891233,1,320.0,144.0,152.61643084635375,-0.40232353037891233
11.143258810043335,3.392000198364258,-168.57363175039953,-159.1605221141165,0.38494916926224565,-0.4063841791466008,1,320.0,144.0,151.42636824960047,-0.4063841791466008
11.153654098510742,3.392000198364258,-168.89930203936572,-159.46569748141332,0.3861127081904089,-0.4076194800035571,1,320.0,144.0,151.10069796063428,-0.4076194800035571
11.16332745552063,3.392000198364258,-169.22497232833192,-159.77087284871013,0.38727777299540855,-0.40885640921195815,1,320.0,144.0,150.77502767166808,-0.40885640921195815
11.174007654190063,3.392000198364258,-169.5506426172981,-160.07604821600694,0.3884443636772448,-0.4100949667718041,1,320.0,143.0,150.4493573827019,-0.4100949667718041
11.183724641799927,3.392000198364258,-170.62874966757417,-160.79707130963814,0.3909689036068334,-0.41378947127988863,1,320.0,143.0,149.37125033242583,-0.41378947127988863
11.193213701248169,3.392000198364258,-170.95957873087175,-161.10509776647055,0.3921440608438646,-0.4150412640495001,1,320.0,143.0,149.04042126912825,-0.4150412640495001
11.203260898590088,3.392000198364258,-171.29040779416934,-161.41312422330296,0.39332075821318,-0.41629471096442805,1,320.0,143.0,148.70959220583066,-0.41629471096442805
11.213818788528442,3.392000198364258,-171.62123685746693,-161.72115068013537,0.3944989957147796,-0.41754981202467245,1,320.0,,148.37876314253307,-0.41754981202467245
11.223674058914185,3.3930001258850098,-171.9520659207645,-162.03128243750876,0.3956813102358152,-0.4188065672302334,1,320.0,,148.0479340792355,-0.4188065672302334
11.233278512954712,3.3930001258850098,-172.2828949840621,-162.33930889434117,0.3968626385284858,-0.42006497658111086,1,320.0,,147.7171050159379,-0.42006497658111086
11.243865013122559,3.3930001258850098,-172.61372404735968,-162.64733535117358,0.39804550695344054,-0.4213250400773047,1,320.0,,147.38627595264032,-0.4213250400773047
11.253450632095337,3.3930001258850098,-172.94455311065727,-162.955361808006,0.39922991551067943,-0.4225867577188151,1,320.0,,147.05544688934273,-0.4225867577188151
11.26316237449646,3.3940000534057617,-173.27538217395485,-163.2654922634945,0.40041839951858316,-0.423850129505642,1,320.0,142.0,146.72461782604515,-0.423850129505642
11.27352261543274,3.3940000534057617,-174.1398772144368,-163.67876805695687,0.4019485362324396,-0.42685249567985273,1,320.0,142.0,145.8601227855632,-0.42685249567985273
11.283398389816284,3.3950002193450928,-174.47435385353293,-163.98961708604267,0.40314150315277275,-0.4281262394160358,1,320.0,142.0,145.52564614646707,-0.4281262394160358
11.29398250579834,3.3950002193450928,-174.80883049262906,-164.29836291594648,0.40433348996323704,-0.4294016555354142,1,320.0,142.0,145.19116950737094,-0.4294016555354142
11.303261518478394,3.3970000743865967,-175.4901069598525,-164.60055353324918,0.40549709707922194,-0.43180671135690074,1,320.0,142.0,144.5098930401475,-0.43180671135690074
11.313769102096558,3.3970000743865967,-175.82695051070203,-164.9092259485115,0.4066920501072793,-0.43309005837047365,1,320.0,142.0,144.17304948929797,-0.43309005837047365
11.323388576507568,3.3980002403259277,-176.16379406155156,-165.21999766691374,0.40789107615769654,-0.43437508960180093,1,320.0,142.0,143.83620593844844,-0.43437508960180093
11.3344407081604,3.3980002403259277,-176.50063761240108,-165.52867008217606,0.4090891264064222,-0.4356618050508823,1,320.0,142.0,143.49936238759892,-0.4356618050508823
11.343684434890747,3.3990001678466797,-176.9986437249573,-165.69723556769344,0.409829066155002,-0.4374740022409183,1,320.0,142.0,143.0013562750427,-0.4374740022409183
11.353176832199097,3.3990001678466797,-177.33658593126128,-166.0049385662495,0.41102833444610054,-0.43876621581813935,1,320.0,142.0,142.66341406873872,-0.43876621581813935
11.36414384841919,3.4000000953674316,-177.67452813756526,-166.31473777683462,0.41223166718768683,-0.440060119106392,1,320.0,142.0,142.32547186243474,-0.440060119106392
11.373815536499023,3.4000000953674316,-178.01247034386924,-166.6224407753907,0.41343402298983106,-0.44135571210567603,1,320.0,142.0,141.98752965613076,-0.44135571210567603
11.38303828239441,3.4010002613067627,-178.34908470164814,-166.78182865895374,0.414151831387787,-0.44264868127991547,1,320.0,142.0,141.65091529835186,-0.44264868127991547
11.393539428710938,3.4010002613067627,-178.68701786302344,-167.08850710349108,0.4153552880567493,-0.44394763616288097,1,320.0,142.0,141.31298213697656,-0.44394763616288097
11.403921127319336,3.4020001888275146,-179.02495102439875,-167.39727917401626,0.4165628009372496,-0.4452482807116533,1,320.0,142.0,140.97504897560125,-0.4452482807116533
11.413776397705078,3.4020001888275146,-179.36288418577405,-167.7039576185536,0.41776933485878714,-0.44655061492623255,1,320.0,142.0,140.63711581422595,-0.44655061492623255
11.423956871032715,3.4040000438690186,-179.70081734714935,-168.01481944304277,0.41898244314538935,-0.4478546388066187,1,320.0,143.0,140.29918265285065,-0.4478546388066187
11.433428287506104,3.4040000438690186,-179.74704280042974,-167.91144097831295,0.41886081853351176,-0.4482133257833876,1,320.0,143.0,140.25295719957026,-0.4482133257833876
11.443840265274048,3.4050002098083496,-180.08299089920115,-168.21741925178955,0.42006907955794254,-0.44951687845640925,1,320.0,143.0,139.91700910079885,-0.44951687845640925
11.453428268432617,3.4050002098083496,-180.41893899797256,-168.5213072707966,0.421276351717105,-0.45082211086992485,1,320.0,143.0,139.58106100202744,-0.45082211086992485
11.464225769042969,3.4060001373291016,-180.75488709674397,-168.82728375835174,0.42248765992096293,-0.4521290230239342,1,320.0,143.0,139.24511290325603,-0.4521290230239342
11.473972797393799,3.4060001373291016,-180.68939925984282,-168.53195520922407,0.42175352101268304,-0.45213495354767835,1,320.0,143.0,139.31060074015718,-0.45213495354767835
11.48312759399414,3.4070000648498535,-181.02261758838665,-168.83385572905567,0.42295997091512627,-0.4534399286298729,1,320.0,143.0,138.97738241161335,-0.4534399286298729
11.493793964385986,3.4070000648498535,-181.3558359169305,-169.13366906664479,0.42416541526556634,-0.45474656980371014,1,320.0,143.0,138.6441640830695,-0.45474656980371014
11.50313687324524,3.4080002307891846,-181.23771030692828,-168.82327281491771,0.42338803733275054,-0.45459031391099647,1,320.0,143.0,138.76228969307172,-0.45459031391099647
11.513537645339966,3.4080002307891846,-181.5678596564313,-169.1189227565241,0.4245884118764608,-0.45589433242868227,1,320.0,143.0,138.4321403435687,-0.45589433242868227
11.523226499557495,3.4090001583099365,-181.8980090059343,-169.41665731101838,0.4257927766284091,-0.4572000016931156,1,320.0,143.0,138.1019909940657,-0.4572000016931156
11.534382343292236,3.4090001583099365,-182.22815835543733,-169.71230725262478,0.42699611809459986,-0.4585073217042965,1,320.0,143.0,137.77184164456267,-0.4585073217042965
11.543408870697021,3.4100000858306885,-182.55830770494035,-170.01004052437335,0.42820344822332,-0.4598162924622248,1,320.0,142.0,137.44169229505965,-0.4598162924622248
11.553825855255127,3.4100000858306885,-182.40732599024102,-169.48458552255056,0.42674525093500293,-0.4595656318687771,1,320.0,142.0,137.59267400975898,-0.4595656318687771
11.563746690750122,3.4110002517700195,-182.7342036091915,-169.7767344283069,0.42794471329405204,-0.46087155602956353,1,320.0,142.0,137.2657963908085,-0.46087155602956353
11.574212074279785,3.4110002517700195,-183.06108122814197,-170.0668007892008,0.42914312693107076,-0.46217911457844485,1,320.0,142.0,136.93891877185803,-0.46217911457844485
11.584107398986816,3.4120001792907715,-183.38795884709245,-170.35894791798978,0.4303454982252075,-0.4634883075154209,1,320.0,144.0,136.61204115290755,-0.4634883075154209
11.59374737739563,3.4120001792907715,-182.9403522766526,-169.7973688577799,0.42878334995063505,-0.4622860395111003,1,320.0,144.0,137.0596477233474,-0.4622860395111003
11.603662252426147,3.4120001792907715,-183.26196375599915,-170.0816444178518,0.4299748888448106,-0.4635882831050962,1,320.0,144.0,136.73803624400085,-0.4635882831050962
11.614371299743652,3.4120001792907715,-183.5835752353457,-170.3659199779237,0.43116784911678646,-0.4648921347564888,1,320.0,144.0,136.4164247646543,-0.4648921347564888
11.623909711837769,3.4130001068115234,-183.90518671469226,-170.65227502669177,0.4323647365504416,-0.4661975944652781,1,320.0,144.0,136.09481328530774,-0.4661975944652781
11.634107112884521,3.4130001068115234,-183.40291820640545,-169.95529019505844,0.4303762865304558,-0.464831109981858,1,320.0,144.0,136.59708179359455,-0.464831109981858
11.643092393875122,3.4140002727508545,-183.71892709620366,-170.23497164559785,0.431563079129331,-0.4661289152850968,1,320.0,144.0,136.28107290379634,-0.4661289152850968
11.654056072235107,3.4140002727508545,-184.03493598600187,-170.51257439009305,0.43274876529467576,-0.46742830063278473,1,320.0,144.0,135.96506401399813,-0.46742830063278473
11.663167476654053,3.4150002002716064,-184.35094487580008,-170.79225406811867,0.43393834217864713,-0.4687292660249216,1,320.0,145.0,135.64905512419992,-0.4687292660249216
11.673696517944336,3.4150002002716064,-183.69723588455386,-169.97568107898528,0.4315755885812145,-0.46688452221391696,1,320.0,145.0,136.30276411544614,-0.46688452221391696
11.683185338973999,3.4160001277923584,-184.00664884368229,-170.2479169999595,0.43275351127138334,-0.4681758510090895,1,320.0,145.0,135.99335115631771,-0.4681758510090895
11.694826126098633,3.4160001277923584,-184.3160618028107,-170.5180772630685,0.4339302939734295,-0.4694687268690576,1,320.0,145.0,135.6839381971893,-0.4694687268690576
11.703194618225098,3.4170000553131104,-184.62547476193913,-170.79031190955246,0.43511092710875804,-0.47076314979382144,1,320.0,146.0,135.37452523806087,-0.47076314979382144
11.714086055755615,3.4170000553131104,-183.83765675871626,-169.8682878062928,0.4324202549639362,-0.4684971985019798,1,320.0,146.0,136.16234324128374,-0.4684971985019798
11.723217487335205,3.4170000553131104,-184.1396038579388,-170.13033612053533,0.43358536462162994,-0.46978023304033645,1,320.0,146.0,135.8603961420612,-0.46978023304033645
11.73499083518982,3.4170000553131104,-184.44155095716133,-170.39238443477785,0.43475178452089486,-0.4710647773141893,1,320.0,146.0,135.55844904283867,-0.4710647773141893
11.743767738342285,3.4180002212524414,-184.74349805638386,-170.65650635323055,0.4359220133548043,-0.4723508313235383,1,320.0,147.0,135.25650194361614,-0.4723508313235383
11.753311157226562,3.4180002212524414,-183.83712143616515,-169.64174364002216,0.43294507350307343,-0.46971479268912514,1,320.0,147.0,136.16287856383485,-0.46971479268912514
11.763875007629395,3.4190001487731934,-184.13084329439658,-169.89717234749466,0.4341010738137779,-0.47098791313547483,1,320.0,147.0,135.86915670560342,-0.47098791313547483
11.77447772026062,3.4190001487731934,-184.42456515262802,-170.1505292173569,0.4352558547036994,-0.47226250219111576,1,320.0,147.0,135.57543484737198,-0.47226250219111576
11.78333592414856,3.4190001487731934,-184.71828701085946,-170.40388608721915,0.43641190237797023,-0.47353855985604776,1,320.0,148.0,135.28171298914054,-0.47353855985604776
11.79400897026062,3.4190001487731934,-183.70737795609202,-169.41045275330234,0.4335195033369368,-0.47057849956244036,1,320.0,148.0,136.29262204390798,-0.47057849956244036
11.803977727890015,3.4200000762939453,-183.99221479326457,-169.65738908545393,0.43466411388094595,-0.4718402648410137,1,320.0,148.0,136.00778520673543,-0.4718402648410137
11.813677072525024,3.4200000762939453,-184.27705163043711,-169.90225485096917,0.4358074640738191,-0.473103454303773,1,320.0,148.0,135.72294836956289,-0.473103454303773
11.824098110198975,3.4200000762939453,-184.56188846760966,-170.14712061648441,0.4369520385955198,-0.47436806795071806,1,320.0,149.0,135.43811153239034,-0.47436806795071806
11.833473443984985,3.4200000762939453,-183.45915270978963,-168.86795763311827,0.4331460528842006,-0.4711256865283606,1,320.0,149.0,136.54084729021037,-0.4711256865283606
11.843766689300537,3.4210002422332764,-183.73453489937378,-169.10450875564362,0.43427543677500924,-0.4723748178303584,1,320.0,149.0,136.26546510062622,-0.4723748178303584
11.853519201278687,3.4210002422332764,-184.00991708895793,-169.33899008809405,0.4354035093243903,-0.4736253260433042,1,320.0,149.0,135.99008291104207,-0.4736253260433042
11.864081144332886,3.4210002422332764,-184.28529927854208,-169.57347142054448,0.4365327542804336,-0.47487721116719783,1,320.0,150.0,135.71470072145792,-0.47487721116719783
11.873395442962646,3.4210002422332764,-183.10228546004575,-168.34602762795822,0.4329116195542758,-0.471390391456464,1,320.0,150.0,136.89771453995425,-0.471390391456464
11.88388466835022,3.4210002422332764,-183.3677252677771,-168.5705425193647,0.4340238901365604,-0.4726257578520805,1,320.0,150.0,136.6322747322229,-0.4726257578520805
11.894695043563843,3.4210002422332764,-183.63316507550846,-168.79505741077116,0.43513728329330204,-0.47386245144673567,1,320.0,150.0,136.36683492449154,-0.47386245144673567
11.903124809265137,3.4220001697540283,-183.8986048832398,-169.02164033007,0.43625429099811097,-0.4751004722404295,1,320.0,152.0,136.1013951167602,-0.4751004722404295
11.913411140441895,3.4220001697540283,-182.5439343401576,-167.6395608613911,0.4321464698937225,-0.47107240636711023,1,320.0,152.0,137.4560656598424,-0.47107240636711023
11.923165798187256,3.4220001697540283,-182.7983235449112,-167.8531173409766,0.43324200325593,-0.47229166503053915,1,320.0,152.0,137.2016764550888,-0.47229166503053915
11.934669494628906,3.4220001697540283,-183.0527127496648,-168.06667382056213,0.4343386044005354,-0.4735121956399918,1,320.0,152.0,136.9472872503352,-0.4735121956399918
11.943125247955322,3.4220001697540283,-183.3071019544184,-168.28023030014765,0.4354362733275388,-0.47473399819546824,1,320.0,152.0,136.6928980455816,-0.47473399819546824
11.953463792800903,3.4220001697540283,-182.00407326583905,-166.65988182904465,0.43057056306714336,-0.47089185029756897,1,320.0,152.0,137.99592673416095,-0.47089185029756897
11.963068008422852,3.4220001697540283,-182.24783402446621,-166.8609230036161,0.43164611709164724,-0.4720956023780439,1,320.0,152.0,137.75216597553379,-0.4720956023780439
11.974047183990479,3.4220001697540283,-182.49159478309338,-167.06196417818757,0.4327226763220239,-0.47330057326231195,1,320.0,152.0,137.50840521690662,-0.47330057326231195
11.983532905578613,3.4220001697540283,-182.73535554172054,-167.26300535275902,0.43380024075827345,-0.4745067629503732,1,320.0,154.0,137.26464445827946,-0.4745067629503732
11.993048191070557,3.4220001697540283,-181.27859470043308,-165.73588854883008,0.42925651959663136,-0.47018179125954357,1,320.0,154.0,138.72140529956692,-0.47018179125954357
12.003878116607666,3.4230000972747803,-181.51074462021094,-165.9271969490246,0.4303157256616098,-0.471367924886378,1,320.0,154.0,138.48925537978906,-0.471367924886378
12.013867139816284,3.4230000972747803,-181.7428945399888,-166.11643858879714,0.4313733978222809,-0.47255521926281147,1,320.0,154.0,138.2571054600112,-0.47255521926281147
12.023791074752808,3.4230000972747803,-181.97504445976668,-166.30568022856968,0.4324320161911508,-0.4737436743888437,1,320.0,155.0,138.02495554023332,-0.4737436743888437
12.033302068710327,3.4230000972747803,-180.48419371143845,-164.6630199981147,0.42752997775382806,-0.4693260870928858,1,320.0,155.0,139.51580628856155,-0.4693260870928858
12.043772220611572,3.4230000972747803,-180.70457367332793,-164.83974776701803,0.4285662498153471,-0.4704940659155198,1,320.0,155.0,139.29542632667207,-0.4704940659155198
12.05338716506958,3.4230000972747803,-180.9249536352174,-165.01647553592136,0.42960340551571075,-0.47166314663796327,1,320.0,155.0,139.0750463647826,-0.47166314663796327
12.063557386398315,3.4230000972747803,-181.14533359710688,-165.1932033048247,0.43064144485491884,-0.47283332926021615,1,320.0,157.0,138.85466640289312,-0.47283332926021615
12.074009418487549,3.4230000972747803,-179.52559749751154,-163.55109777864368,0.4257595988413499,-0.4680145639259947,1,320.0,157.0,140.47440250248846,-0.4680145639259947
12.083766222000122,3.4230000972747803,-179.7334017593937,-163.71539529797687,0.4267753328410396,-0.46916259604905025,1,320.0,157.0,140.2665982406063,-0.46916259604905025
12.09415054321289,3.4230000972747803,-179.94120602127586,-163.87969281731006,0.42779188832832593,-0.4703116671934152,1,320.0,157.0,140.05879397872414,-0.4703116671934152
12.104016304016113,3.4230000972747803,-180.14901028315802,-164.04399033664325,0.428809265303209,-0.4714617773590896,1,320.0,159.0,139.85098971684198,-0.4714617773590896
12.11347770690918,3.4230000972747803,-178.41638079445835,-162.3046136392347,0.4236288456332383,-0.46629461444970965,1,320.0,159.0,141.58361920554165,-0.46629461444970965
12.123718500137329,3.4230000972747803,-178.61091809158413,-162.45589552289698,0.4246226633712476,-0.4674211137967185,1,320.0,159.0,141.38908190841587,-0.4674211137967185
12.133759498596191,3.4230000972747803,-178.8054553887099,-162.60717740655926,0.4256172375186751,-0.46854858583021297,1,320.0,159.0,141.1945446112901,-0.46854858583021297
12.144168853759766,3.4230000972747803,-178.99999268583568,-162.75845929022154,0.42661256807552095,-0.4696770305501931,1,320.0,160.0,141.00000731416432,-0.4696770305501931
12.153584957122803,3.4230000972747803,-177.27039998242213,-161.0361724555298,0.4215065296589734,-0.46453964685078025,1,320.0,160.0,142.72960001757787,-0.46453964685078025
12.163058996200562,3.4230000972747803,-177.4517765313638,-161.1746394222681,0.4224785632161707,-0.46564455759216705,1,320.0,160.0,142.5482234686362,-0.46564455759216705
12.173668622970581,3.4230000972747803,-177.63315308030548,-161.31310638900638,0.42345128910820173,-0.46675037521629864,1,320.0,160.0,142.36684691969452,-0.46675037521629864
12.183539867401123,3.4230000972747803,-177.81452962924715,-161.45157335574467,0.4244247073350664,-0.4678570997231749,1,320.0,162.0,142.18547037075285,-0.4678570997231749
12.192931175231934,3.4230000972747803,-175.99032278654445,-159.64728229734996,0.4190698709831665,-0.4624311172235197,1,320.0,162.0,144.00967721345555,-0.4624311172235197
12.203576803207397,3.4230000972747803,-176.15797638247832,-159.7724561857772,0.42001894193020806,-0.46351309142055275,1,320.0,162.0,143.84202361752168,-0.46351309142055275
12.214216709136963,3.4230000972747803,-176.3256299784122,-159.89763007420444,0.42096863874669177,-0.4645959038855654,1,320.0,162.0,143.6743700215878,-0.4645959038855654
12.223268985748291,3.4230000972747803,-176.49328357434607,-160.02280396263168,0.4219189614326176,-0.4656795546185578,1,320.0,163.0,143.50671642565393,-0.4656795546185578
12.233941316604614,3.4230000972747803,-174.68870553216698,-158.14824869674786,0.4163539693377302,-0.4603377011947092,1,320.0,163.0,145.31129446783302,-0.4603377011947092
12.24345064163208,3.4230000972747803,-174.84285978376454,-158.25973502844406,0.4172790516109079,-0.46139690059554506,1,320.0,163.0,145.15714021623546,-0.46139690059554506
12.254658699035645,3.4230000972747803,-174.9970140353621,-158.37122136014025,0.418204691315744,-0.462456870767639,1,320.0,163.0,145.0029859646379,-0.462456870767639
12.263282060623169,3.4230000972747803,-175.15116828695966,-158.48270769183645,0.41913088845223867,-0.4635176117109909,1,320.0,165.0,144.84883171304034,-0.4635176117109909
12.27390170097351,3.4230000972747803,-173.2672357067255,-156.64978285898937,0.4137207071248787,-0.4579368937170295,1,320.0,165.0,146.7327642932745,-0.4579368937170295
12.283418893814087,3.4230000972747803,-173.407435508069,-156.74795612254476,0.4146222548217579,-0.458972170656182,1,320.0,165.0,146.592564491931,-0.458972170656182
12.294139862060547,3.4230000972747803,-173.5476353094125,-156.84612938610016,0.4155242933849549,-0.46000814859434125,1,320.0,165.0,146.4523646905875,-0.46000814859434125
12.303262948989868,3.4230000972747803,-173.687835110756,-156.94430264965555,0.41642682281446963,-0.4610448275315072,1,320.0,167.0,146.312164889244,-0.4610448275315072
12.313773393630981,3.4230000972747803,-171.73625913744695,-155.05194003555255,0.410841425949495,-0.4552637853607736,1,320.0,167.0,148.26374086255305,-0.4552637853607736
12.323423385620117,3.4230000972747803,-171.86213283112895,-155.13648056101385,0.41171855698285365,-0.45627414445734765,1,320.0,167.0,148.13786716887105,-0.45627414445734765
12.33436894416809,3.4230000972747803,-171.98800652481094,-155.22102108647516,0.41259611071883956,-0.4572851329223901,1,320.0,167.0,148.01199347518906,-0.4572851329223901
12.343493223190308,3.4230000972747803,-172.11388021849294,-155.30556161193647,0.4134740871574528,-0.45829675075590093,1,320.0,168.0,147.88611978150706,-0.45829675075590093
12.353977918624878,3.4230000972747803,-170.2064747413121,-153.3635005689662,0.4077454414892565,-0.452680183097946,1,320.0,168.0,149.7935252586879,-0.452680183097946
12.363450765609741,3.4230000972747803,-170.3184193901306,-153.43415779469592,0.4085974009491056,-0.4536661087734788,1,320.0,168.0,149.6815806098694,-0.4536661087734788
12.373144388198853,3.4230000972747803,-170.4303640389491,-153.50481502042564,0.40944971369508343,-0.45465259417225573,1,320.0,168.0,149.5696359610509,-0.45465259417225573
12.38556456565857,3.4230000972747803,-170.54230868776762,-153.57547224615536,0.41030237972718986,-0.45563963929427675,1,320.0,169.0,149.45769131223238,-0.45563963929427675
12.393222570419312,3.4240002632141113,-168.6791147560016,-151.5946847664644,0.40446214364152466,-0.4501870419215594,1,320.0,169.0,151.3208852439984,-0.4501870419215594
12.40360426902771,3.4240002632141113,-168.7775255373922,-151.65127111041457,0.40528830360981694,-0.451149022486915,1,320.0,169.0,151.2224744626078,-0.451149022486915
12.413393020629883,3.4240002632141113,-168.87593631878278,-151.70785745436473,0.40611474650982893,-0.45211149510617765,1,320.0,169.0,151.12406368121722,-0.45211149510617765
12.423978567123413,3.4240002632141113,-168.97434710017336,-151.7644437983149,0.40694147234156075,-0.45307445977934724,1,320.0,172.0,151.02565289982664,-0.45307445977934724
12.433832883834839,3.4240002632141113,-166.95319243300108,-149.84998620845877,0.4013407956581976,-0.4471258940224857,1,320.0,172.0,153.04680756699892,-0.4471258940224857
12.443394899368286,3.4240002632141113,-167.03707672733026,-149.89306396072035,0.4021419542807151,-0.44806174055931736,1,320.0,172.0,152.96292327266974,-0.44806174055931736
12.453842163085938,3.4240002632141113,-167.12096102165944,-149.93614171298194,0.40294332829199386,-0.4489980065176207,1,320.0,172.0,152.87903897834056,-0.4489980065176207
12.463511943817139,3.4240002632141113,-167.20484531598862,-149.97921946524352,0.40374491769203397,-0.4499346918973956,1,320.0,173.0,152.79515468401138,-0.4499346918973956
12.473270177841187,3.4240002632141113,-165.24716148259552,-148.13082215614247,0.3983778036975433,-0.4442133594674351,1,320.0,173.0,154.75283851740448,-0.4442133594674351
12.485545635223389,3.4240002632141113,-165.31705128480036,-148.16093427062287,0.39915474290627284,-0.4451238124865049,1,320.0,173.0,154.68294871519964,-0.4451238124865049
12.493069648742676,3.4240002632141113,-165.3869410870052,-148.19104638510328,0.39993183267557486,-0.44603461495458574,1,320.0,173.0,154.6130589129948,-0.44603461495458574
12.503642559051514,3.4240002632141113,-165.45683088921004,-148.22115849958368,0.4007090730054492,-0.44694576687167764,1,320.0,174.0,154.54316911078996,-0.44694576687167764
12.512974977493286,3.4240002632141113,-163.56091171709372,-146.13345306661623,0.3945786397678802,-0.44144526042329707,1,320.0,174.0,156.43908828290628,-0.44144526042329707
12.523818492889404,3.4240002632141113,-163.61732415929714,-146.14904566781883,0.3953280961176624,-0.4423310419747377,1,320.0,174.0,156.38267584070286,-0.4423310419747377
12.533264636993408,3.4240002632141113,-163.67373660150056,-146.16463826902142,0.39607763043045063,-0.4432171055883893,1,320.0,174.0,156.32626339849944,-0.4432171055883893
12.543845415115356,3.4240002632141113,-163.730149043704,-146.18023087022402,0.3968272427062449,-0.4441034512642519,1,320.0,177.0,156.269850956296,-0.4441034512642519
12.55336308479309,3.4240002632141113,-161.69224950044674,-144.28434296510125,0.3913415733004234,-0.4381583125290732,1,320.0,177.0,158.30775049955326,-0.4381583125290732
12.56396746635437,3.4240002632141113,-161.73430154088092,-144.28682881418885,0.3920659904633995,-0.43901744648529867,1,320.0,177.0,158.26569845911908,-0.43901744648529867
12.573630332946777,3.4240002632141113,-161.7763535813151,-144.28931466327646,0.392790420055621,-0.43987679070172625,1,320.0,177.0,158.2236464186849,-0.43987679070172625
12.58423137664795,3.4240002632141113,-161.8184056217493,-144.29180051236406,0.39351486207708797,-0.440736345178356,1,320.0,177.0,158.1815943782507,-0.440736345178356
12.593625783920288,3.4240002632141113,-159.9593849961394,-142.37163636692287,0.3879670311734181,-0.4353942165519774,1,320.0,177.0,160.0406150038606,-0.4353942165519774
12.603026628494263,3.4240002632141113,-159.98840003390484,-142.36093724230722,0.38866599691009085,-0.4362289765974655,1,320.0,177.0,160.01159996609516,-0.4362289765974655
12.613799810409546,3.4240002632141113,-160.01741507167029,-142.35023811769156,0.3893649091511405,-0.4370638817181424,1,320.0,177.0,159.98258492832971,-0.4370638817181424
12.623470306396484,3.4240002632141113,-160.04643010943573,-142.3395389930759,0.39006376789656705,-0.4378989319140081,1,320.0,180.0,159.95356989056427,-0.4378989319140081
12.633784294128418,3.4240002632141113,-158.05039557699695,-140.40144391843103,0.38447437934563455,-0.43212733517984536,1,320.0,180.0,161.94960442300305,-0.43212733517984536
12.643263339996338,3.4240002632141113,-158.06552192385197,-140.37752585487888,0.3851475652986464,-0.4329358144056907,1,320.0,180.0,161.93447807614803,-0.4329358144056907
12.652997732162476,3.4250001907348633,-158.080648270707,-140.3556720199996,0.38582311905689126,-0.4337443692632702,1,320.0,180.0,161.919351729293,-0.4337443692632702
12.663667917251587,3.4250001907348633,-158.09577461756203,-140.33175395644744,0.3864960761504109,-0.4345529997525841,1,320.0,181.0,161.90422538243797,-0.4345529997525841
12.673346519470215,3.4250001907348633,-156.18194094767952,-138.4825061078097,0.3812133677583275,-0.42906804321403125,1,320.0,181.0,163.81805905232048,-0.42906804321403125
12.683880805969238,3.4250001907348633,-156.1838364084031,-138.44606796591003,0.3818618723278775,-0.42985123694894156,1,320.0,181.0,163.8161635915969,-0.42985123694894156
12.693402767181396,3.4250001907348633,-156.18573186912667,-138.40962982401035,0.3825101947067179,-0.4306344401611555,1,320.0,181.0,163.81426813087333,-0.4306344401611555
12.703978061676025,3.4250001907348633,-156.18762732985024,-138.37319168211067,0.38315833489484885,-0.431417652850673,1,320.0,183.0,163.81237267014976,-0.431417652850673
12.713398218154907,3.4250001907348633,-154.251324585931,-136.5072759765585,0.3778369183577481,-0.42587675755603,1,320.0,183.0,165.748675414069,-0.42587675755603
12.723969221115112,3.4250001907348633,-154.23992475123836,-136.4582883210911,0.3784604246127926,-0.42663427737815507,1,320.0,183.0,165.76007524876164,-0.42663427737815507
12.733550071716309,3.4250001907348633,-154.22852491654572,-136.40930066562368,0.3790836859295599,-0.4273917402011066,1,320.0,183.0,165.77147508345428,-0.4273917402011066
12.743652820587158,3.4250001907348633,-154.21712508185308,-136.36031301015626,0.3797067023080497,-0.4281491460248847,1,320.0,184.0,165.78287491814692,-0.4281491460248847
12.753772735595703,3.4260001182556152,-152.36558658218954,-134.5862492479839,0.37469626869786987,-0.4229020838887882,1,320.0,184.0,167.63441341781046,-0.4229020838887882
12.763725519180298,3.4260001182556152,-152.3415632679322,-134.52541329804376,0.37529589262443197,-0.42363496372801906,1,320.0,184.0,167.6584367320678,-0.42363496372801906
12.773814916610718,3.4260001182556152,-152.31753995367487,-134.46457734810363,0.37589521237124435,-0.42436772345067864,1,320.0,184.0,167.68246004632513,-0.42436772345067864
12.784030199050903,3.4260001182556152,-152.29351663941753,-134.4037413981635,0.37649422793830695,-0.4251003630567669,1,320.0,186.0,167.70648336058247,-0.4251003630567669
12.794029235839844,3.4260001182556152,-150.42165538016826,-132.61160405706843,0.3714434705878923,-0.41980313939702507,1,320.0,186.0,169.57834461983174,-0.41980313939702507
12.804115533828735,3.4260001182556152,-150.3849550711591,-132.53889060525702,0.3720189088987449,-0.4205110238015699,1,320.0,186.0,169.6150449288409,-0.4205110238015699
12.813810586929321,3.4260001182556152,-150.34825476214996,-132.4661771534456,0.37259398364233853,-0.42121872470456967,1,320.0,186.0,169.65174523785004,-0.42121872470456967
12.82401156425476,3.4260001182556152,-150.31155445314081,-132.3934637016342,0.373168694818673,-0.42192624210602436,1,320.0,186.0,169.68844554685919,-0.42192624210602436
12.833873510360718,3.427000045776367,-148.62722435119207,-130.59255825855533,0.3680993162451428,-0.4172569860128854,1,320.0,186.0,171.37277564880793,-0.4172569860128854
12.843522787094116,3.427000045776367,-148.5792200552077,-130.50797395730015,0.368650354953423,-0.41794227695798025,1,320.0,186.0,171.4207799447923,-0.41794227695798025
12.853947401046753,3.4260001182556152,-148.53121575922336,-130.4213279541711,0.3691984863894391,-0.4186273278815951,1,320.0,186.0,171.46878424077664,-0.4186273278815951
12.86371397972107,3.4260001182556152,-148.483211463239,-130.3367436529159,0.3697486689461974,-0.41931213878373014,1,320.0,188.0,171.516788536761,-0.41931213878373014
12.873873233795166,3.4240002632141113,-146.77024289246185,-128.72553191327998,0.36532507786009916,-0.41456342911773825,1,320.0,188.0,173.22975710753815,-0.41456342911773825
12.883656024932861,3.4240002632141113,-146.71081526782575,-128.63050172983114,0.36585419414860965,-0.41522567004451405,1,320.0,188.0,173.28918473217425,-0.41522567004451405
12.893162488937378,3.4210002422332764,-146.65138764318965,-128.52927077161456,0.3663753633526079,-0.41588761383316664,1,320.0,188.0,173.34861235681035,-0.41588761383316664
12.904491424560547,3.4210002422332764,-146.59196001855355,-128.43424058816572,0.3669034983354101,-0.4165492604836961,1,320.0,189.0,173.40803998144645,-0.4165492604836961
12.913159847259521,3.4150002002716064,-144.9575944297368,-126.99540343406967,0.3630714296203039,-0.41207102036275123,1,320.0,189.0,175.0424055702632,-0.41207102036275123
12.923758029937744,3.4150002002716064,-144.88736084047898,-126.8912384467963,0.36358088782780984,-0.41271117685984426,1,320.0,189.0,175.11263915952102,-0.41271117685984426
12.933396816253662,3.4090001583099365,-144.81712725122117,-126.77459168835256,0.36407478467611915,-0.413350982188991,1,320.0,189.0,175.18287274877883,-0.413350982188991
12.944244623184204,3.4090001583099365,-144.74689366196336,-126.67042670107918,0.36458313882489646,-0.4139904363501915,1,320.0,190.0,175.25310633803664,-0.4139904363501915
12.953540802001953,3.3990001678466797,-143.18708119053238,-125.1876103629335,0.36063490746584675,-0.40976844120662415,1,320.0,190.0,176.81291880946762,-0.40976844120662415
12.963042736053467,3.3990001678466797,-143.1066270826619,-125.07412940964315,0.36112410096894654,-0.4103874294125929,1,320.0,190.0,176.8933729173381,-0.4103874294125929
12.973525047302246,3.391000270843506,-143.02617297479142,-124.94383104638074,0.36159246208826357,-0.4110060153480223,1,320.0,190.0,176.97382702520858,-0.4110060153480223
12.983635902404785,3.391000270843506,-142.94571886692094,-124.83035009309039,0.3620804366947806,-0.4116241990129123,1,320.0,190.0,177.05428113307906,-0.4116241990129123
12.993911981582642,3.378000259399414,-141.55762024321177,-123.51366994413637,0.3586979016271393,-0.40797456609268634,1,320.0,190.0,178.44237975678823,-0.40797456609268634
13.00337839126587,3.378000259399414,-141.46819379309798,-123.39212203338396,0.3591690047444034,-0.40857459532151524,1,320.0,190.0,178.53180620690202,-0.40857459532151524
13.013831377029419,3.3680002689361572,-141.3787673429842,-123.24926322240246,0.35961382048733764,-0.4091741774180936,1,320.0,190.0,178.6212326570158,-0.4091741774180936
13.023478507995605,3.3680002689361572,-141.2893408928704,-123.12771531165005,0.36008360157099295,-0.40977331238242143,1,320.0,191.0,178.7106591071296,-0.40977331238242143
13.03391408920288,3.3520002365112305,-139.95856840724318,-121.8621399436991,0.35689005050949285,-0.4063209207763235,1,320.0,191.0,180.04143159275682,-0.4063209207763235
13.043421745300293,3.3520002365112305,-139.8606244322448,-121.73297812854778,0.357343721221954,-0.40690269112848665,1,320.0,191.0,180.1393755677552,-0.40690269112848665
13.053924560546875,3.3400001525878906,-139.76268045724643,-121.5778077174092,0.35776540576717475,-0.4074839717607748,1,320.0,191.0,180.23731954275357,-0.4074839717607748
13.06349229812622,3.3400001525878906,-139.66473648224806,-121.44864590225788,0.3582176548185044,-0.40806476267318803,1,320.0,191.0,180.33526351775194,-0.40806476267318803
13.07383418083191,3.32200026512146,-138.48954575844036,-120.33395105621571,0.35553406968535894,-0.40512950299283945,1,320.0,191.0,181.51045424155964,-0.40512950299283945
13.083238124847412,3.32200026512146,-138.38421018830672,-120.19829717082047,0.35597227650873875,-0.40569502135962066,1,320.0,191.0,181.61578981169328,-0.40569502135962066
13.094001531600952,3.309000253677368,-138.2788746181731,-120.03392015185509,0.3563751936867396,-0.40626001304855114,1,320.0,191.0,181.7211253818269,-0.40626001304855114
13.10363507270813,3.309000253677368,-138.17353904803946,-119.89826626645984,0.3568119003555976,-0.40682447805963096,1,320.0,190.0,181.82646095196054,-0.40682447805963096
13.11396050453186,3.2900002002716064,-137.24259156906996,-118.7217553305682,0.35393841918157587,-0.4046940550814312,1,320.0,190.0,182.75740843093004,-0.4046940550814312
13.123448133468628,3.2900002002716064,-137.13159100239872,-118.57925052241427,0.3543603096644033,-0.4052465123564377,1,320.0,190.0,182.86840899760128,-0.4052465123564377
13.13317346572876,3.2760002613067627,-137.02059043572748,-118.40516608898393,0.3547434341747318,-0.4057984146286108,1,320.0,190.0,182.97940956427252,-0.4057984146286108
13.143821954727173,3.2760002613067627,-136.90958986905625,-118.26266128083,0.3551637417113512,-0.40634976189795063,1,320.0,191.0,183.09041013094375,-0.40634976189795063
13.153090715408325,3.255000114440918,-135.99963783923042,-117.33255163058837,0.35311162545758273,-0.40429320126093904,1,320.0,191.0,184.00036216076958,-0.40429320126093904
13.163424015045166,3.255000114440918,-135.88315521792447,-117.18497133099567,0.3535204539547265,-0.4048328378914615,1,320.0,191.0,184.11684478207553,-0.4048328378914615
13.173261404037476,3.241000175476074,-135.76667259661852,-117.00509148445896,0.3538896235963047,-0.4053718921088775,1,320.0,191.0,184.23332740338148,-0.4053718921088775
13.18391752243042,3.241000175476074,-135.65018997531257,-116.85751118486625,0.3542968147927178,-0.40591036391318686,1,320.0,189.0,184.34981002468743,-0.40591036391318686
13.193405151367188,3.2200002670288086,-135.0639889415819,-116.05506090965275,0.3526669983454674,-0.40491534646626226,1,320.0,189.0,184.9360110584181,-0.40491534646626226
13.20387315750122,3.2200002670288086,-134.94428333310543,-115.90332343865491,0.3530644299974633,-0.4054464211527561,1,320.0,189.0,185.05571666689457,-0.4054464211527561
13.213196516036987,3.205000162124634,-134.82457772462897,-115.71616925950761,0.3534184258287841,-0.40597689731120745,1,320.0,189.0,185.17542227537103,-0.40597689731120745
13.223873853683472,3.205000162124634,-134.7048721161525,-115.56443178850976,0.35381416302252916,-0.40650677494161636,1,320.0,190.0,185.2951278838475,-0.40650677494161636
13.234067440032959,3.184000253677368,-134.10992433670208,-114.87874180444045,0.35256989549193973,-0.4054851274107233,1,320.0,190.0,185.89007566329792,-0.4054851274107233
13.243735313415527,3.184000253677368,-133.98695786216817,-114.72368488924684,0.3529574456181537,-0.40600750243059347,1,320.0,190.0,186.01304213783183,-0.40600750243059347
13.253197431564331,3.1690001487731934,-133.86399138763426,-114.53236086445912,0.3533005185927307,-0.40652926261809097,1,320.0,190.0,186.13600861236574,-0.40652926261809097
13.263793468475342,3.1690001487731934,-133.74102491310035,-114.37730394926552,0.3536863368142447,-0.4070504079732158,1,320.0,190.0,186.25897508689965,-0.4070504079732158
13.273877143859863,3.1470000743865967,-133.24017505790664,-113.89680895183061,0.3531201836668617,-0.40633774381745086,1,320.0,190.0,186.75982494209336,-0.40633774381745086
13.28325343132019,3.1470000743865967,-133.11461576602332,-113.7398885593196,0.3535005786386451,-0.406852645746021,1,320.0,190.0,186.88538423397668,-0.406852645746021
13.293324947357178,3.132000207901001,-132.98905647414,-113.54579530430337,0.35383539570914707,-0.4073669198781317,1,320.0,190.0,187.01094352586,-0.4073669198781317
13.303821563720703,3.132000207901001,-132.86349718225668,-113.38887491179236,0.3542140356126928,-0.407880566213783,1,320.0,190.0,187.13650281774332,-0.407880566213783
13.313169002532959,3.1100001335144043,-132.73793789037336,-113.1767498313759,0.35452536926534994,-0.4083935847529748,1,320.0,189.0,187.26206210962664,-0.4083935847529748
13.323596715927124,3.1100001335144043,-132.4327408266022,-112.85089602949492,0.3543510145526636,-0.4083199028617463,1,320.0,189.0,187.5672591733978,-0.4083199028617463
13.33348298072815,3.0950000286102295,-132.30594950432277,-112.65470281951715,0.35467885621478784,-0.4088292830225325,1,320.0,189.0,187.69405049567723,-0.4088292830225325
13.34407663345337,3.0950000286102295,-132.17915818204332,-112.4966238115709,0.3550516445243102,-0.4093380292267075,1,320.0,188.0,187.82084181795668,-0.4093380292267075
13.353641271591187,3.073000192642212,-132.03433176744454,-112.18203761472026,0.3550295428905943,-0.4097873073995013,1,320.0,188.0,187.96566823255546,-0.4097873073995013
13.363088846206665,3.073000192642212,-131.90741677253666,-112.0232735788221,0.3553991424154106,-0.4102945464894746,1,320.0,188.0,188.09258322746334,-0.4102945464894746
13.373881340026855,3.058000087738037,-131.78050177762879,-111.82541842689008,0.3557208433252267,-0.4108011510044733,1,320.0,188.0,188.21949822237121,-0.4108011510044733
13.384143352508545,3.058000087738037,-131.6535867827209,-111.66665439099192,0.35608865975410386,-0.4113071209444974,1,320.0,188.0,188.3464132172791,-0.4113071209444974
13.394073486328125,3.0360002517700195,-131.52667178781303,-111.44981995616709,0.35638570753209486,-0.411812456309547,1,320.0,188.0,188.47332821218697,-0.411812456309547
13.403448581695557,3.0360002517700195,-131.4485388562577,-111.3838803451541,0.357054407524628,-0.41247626752152067,1,320.0,188.0,188.5514611437423,-0.41247626752152067
13.413841009140015,3.0210001468658447,-131.32195828813502,-111.1856465932196,0.3573724552552727,-0.4129809806312142,1,320.0,188.0,188.67804171186498,-0.4129809806312142
13.423577070236206,3.0210001468658447,-131.19537772001235,-111.02751891773485,0.35773783963927974,-0.413485060838067,1,320.0,188.0,188.80462227998765,-0.413485060838067
13.433966159820557,2.999000072479248,-131.06879715188967,-110.80980259226183,0.3580303520572455,-0.4139881804938358,1,320.0,187.0,188.93120284811033,-0.4139881804938358
13.443525075912476,2.999000072479248,-131.14065933508758,-110.79974535273429,0.3588764029050891,-0.4151377419342392,1,320.0,187.0,188.85934066491242,-0.4151377419342392
13.45313549041748,2.9850001335144043,-131.01543860480416,-110.60422935471117,0.3591906572325522,-0.4156376412157065,1,320.0,187.0,188.98456139519584,-0.4156376412157065
13.464210510253906,2.9850001335144043,-130.89021787452074,-110.44711633851908,0.35955021546481736,-0.41613691908925804,1,320.0,187.0,189.10978212547926,-0.41613691908925804
13.473458766937256,2.9630000591278076,-130.76499714423733,-110.22888023948332,0.3598292803920437,-0.4166283834557329,1,320.0,186.0,189.23500285576267,-0.4166283834557329
13.484104633331299,2.9630000591278076,-130.971343455568,-110.37129308617635,0.3611573816216068,-0.418200147748504,1,320.0,186.0,189.028656544432,-0.418200147748504
13.493659496307373,2.948000192642212,-130.8483940813906,-110.17400454918292,0.36145718283242967,-0.4186898402416849,1,320.0,186.0,189.1516059186094,-0.4186898402416849
13.503927946090698,2.948000192642212,-130.72544470721323,-110.0189433952455,0.36180690175502533,-0.4191789339713542,1,320.0,186.0,189.27455529278677,-0.4191789339713542
13.51388669013977,2.927000045776367,-130.60249533303585,-109.80399379489148,0.36207794298727347,-0.4196605722585545,1,320.0,185.0,189.39750466696415,-0.4196605722585545
13.523466110229492,2.927000045776367,-130.92927205560653,-110.0830783783411,0.36383518934703807,-0.42160748798561165,1,320.0,185.0,189.07072794439347,-0.42160748798561165
13.533946752548218,2.9120001792907715,-130.80940278768534,-109.88765426115978,0.3641259434430434,-0.4220889138680637,1,320.0,185.0,189.19059721231466,-0.4220889138680637
13.544684886932373,2.9120001792907715,-130.68953351976415,-109.73556650594549,0.3644679741938711,-0.4225697667753613,1,320.0,185.0,189.31046648023585,-0.4225697667753613
13.553838968276978,2.8910000324249268,-130.56966425184297,-109.5220071036718,0.3647294682086034,-0.4230431917521908,1,320.0,184.0,189.43033574815703,-0.4230431917521908
13.563632249832153,2.8910000324249268,-131.00409951018764,-109.8213317144563,0.3665352014521186,-0.42532257681291935,1,320.0,184.0,188.99590048981236,-0.42532257681291935
13.57296371459961,2.877000093460083,-130.888026045132,-109.63082662980999,0.36682103803011873,-0.42579748074765134,1,320.0,184.0,189.111973954868,-0.42579748074765134
13.584975481033325,2.877000093460083,-130.77195258007634,-109.48183008578233,0.3671559856905435,-0.4262718400076215,1,320.0,184.0,189.22804741992366,-0.4262718400076215
13.593262910842896,2.8560001850128174,-130.6558791150207,-109.26976242640075,0.3674085162474848,-0.4267387951890809,1,320.0,183.0,189.3441208849793,-0.4267387951890809
13.60379695892334,2.8560001850128174,-131.18633739558743,-109.68840675334476,0.36958588781505,-0.4293121510212603,1,320.0,183.0,188.81366260441257,-0.4293121510212603
13.613800525665283,2.8410000801086426,-131.07469093462947,-109.49764077357572,0.3698609315529168,-0.4297814465593879,1,320.0,183.0,188.92530906537053,-0.4297814465593879
13.624518394470215,2.8410000801086426,-130.96304447367152,-109.35253104327194,0.37019009492257915,-0.43025022824465664,1,320.0,183.0,189.03695552632848,-0.43025022824465664
13.633249521255493,2.820000171661377,-130.85139801271356,-109.14263823317515,0.3704348226012629,-0.43071162640862026,1,320.0,182.0,189.14860198728644,-0.43071162640862026
13.643900394439697,2.820000171661377,-131.46725839441604,-109.66784961732213,0.37294099133891456,-0.43354322814865065,1,320.0,182.0,188.53274160558396,-0.43354322814865065
13.65304970741272,2.807000160217285,-131.36059324412432,-109.48671049587603,0.37321823065169857,-0.4340086515008965,1,320.0,182.0,188.63940675587568,-0.4340086515008965
13.664260864257812,2.807000160217285,-131.2539280938326,-109.34619051995173,0.3735435781400612,-0.43447359299328325,1,320.0,182.0,188.7460719061674,-0.43447359299328325
13.673498630523682,2.7860000133514404,-131.14726294354088,-109.13920503712279,0.37378250211480013,-0.43493116734635356,1,320.0,180.0,188.85273705645912,-0.43493116734635356
13.684884309768677,2.7860000133514404,-131.94046464005982,-109.86097218725696,0.3769104152017747,-0.43832058103966093,1,320.0,180.0,188.05953535994018,-0.43832058103966093
13.6937894821167,2.7720000743865967,-131.83996101469629,-109.68145284767893,0.3771808808507934,-0.43878402774103764,1,320.0,180.0,188.16003898530371,-0.43878402774103764
13.703335523605347,2.7720000743865967,-131.73945738933276,-109.54683708262908,0.37750463444138166,-0.43924702921133524,1,320.0,180.0,188.26054261066724,-0.43924702921133524
13.714001655578613,2.751000165939331,-131.63895376396923,-109.34395610351598,0.3777398304796503,-0.43970267443561106,1,320.0,179.0,188.36104623603077,-0.43970267443561106
13.723437070846558,2.751000165939331,-132.48902214553422,-110.03847085324573,0.3807581608463997,-0.4432554143999014,1,320.0,179.0,187.51097785446578,-0.4432554143999014
13.733956813812256,2.7370002269744873,-132.39502747736074,-109.86340424123749,0.3810251628072479,-0.44371754628003945,1,320.0,179.0,187.60497252263926,-0.44371754628003945
13.743980407714844,2.7370002269744873,-132.30103280918726,-109.73446587357186,0.3813469587463725,-0.4441792699882776,1,320.0,179.0,187.69896719081274,-0.4441792699882776
13.754014730453491,2.7170002460479736,-132.20703814101378,-109.53875356081203,0.38158229913809993,-0.4446339751790128,1,320.0,178.0,187.79296185898622,-0.4446339751790128
13.763425588607788,2.7170002460479736,-133.10661580262706,-110.30846896481961,0.38482560373475294,-0.448325971226799,1,320.0,178.0,186.89338419737294,-0.448325971226799
13.773085117340088,2.703000068664551,-133.01942494319903,-110.13831707150449,0.3850903353666132,-0.4487876724200153,1,320.0,178.0,186.98057505680097,-0.4487876724200153
13.783957958221436,2.703000068664551,-132.932234083771,-110.01553252697539,0.3854113850617973,-0.44924900239813265,1,320.0,178.0,187.067765916229,-0.44924900239813265
13.793315649032593,2.683000087738037,-132.84504322434296,-109.82416938089295,0.38564383450325784,-0.44970331891532433,1,320.0,177.0,187.15495677565704,-0.44970331891532433
13.80397343635559,2.683000087738037,-133.78739455015383,-110.66006989640103,0.3890821405467354,-0.45351225046587496,1,320.0,177.0,186.21260544984617,-0.45351225046587496
13.813302516937256,2.6690001487731934,-133.70725435561803,-110.49519538220576,0.3893453323735302,-0.453973975800961,1,320.0,177.0,186.29274564438197,-0.453973975800961
13.82472848892212,2.6690001487731934,-133.62711416108223,-110.37897624819837,0.3896664257321705,-0.45443536675105545,1,320.0,177.0,186.37288583891777,-0.45443536675105545
13.83352518081665,2.6490001678466797,-133.54697396654643,-110.19229970828145,0.3898966816860561,-0.4548897459738281,1,320.0,176.0,186.45302603345357,-0.4548897459738281
13.843797206878662,2.6490001678466797,-134.52593330694185,-111.0861193663032,0.3935025301967689,-0.45879519715719425,1,320.0,176.0,185.47406669305815,-0.45879519715719425
13.853399991989136,2.635000228881836,-134.45304683493399,-110.92682039813184,0.39376478487681343,-0.4592573102966573,1,320.0,176.0,185.54695316506601,-0.4592573102966573
13.864315509796143,2.635000228881836,-134.38016036292612,-110.81751897194904,0.39408658983760225,-0.4597191255126243,1,320.0,176.0,185.61983963707388,-0.4597191255126243
13.873396158218384,2.635000228881836,-134.30727389091825,-110.70821754576625,0.39440794802874896,-0.4601806428050952,1,320.0,174.0,185.69272610908175,-0.4601806428050952
13.883875370025635,2.615000009536743,-135.41846583460384,-111.57996276513956,0.39806928601854097,-0.46449396606879145,1,320.0,174.0,184.58153416539616,-0.46449396606879145
13.893422603607178,2.615000009536743,-135.3536898321701,-111.47787713770416,0.3983968751972198,-0.4649627253917954,1,320.0,174.0,184.6463101678299,-0.4649627253917954
13.904228210449219,2.6010000705718994,-135.28891382973634,-111.3243954851137,0.3986582731266814,-0.46542648809034737,1,320.0,174.0,184.71108617026366,-0.46542648809034737
13.913819789886475,2.5810000896453857,-135.2241378273026,-111.14785557825854,0.398885737162538,-0.4658832303224949,1,320.0,173.0,184.7758621726974,-0.4658832303224949
13.923314332962036,2.5810000896453857,-136.351324737021,-112.1354115807569,0.4027533262121149,-0.47022436883632224,1,320.0,173.0,183.648675262979,-0.47022436883632224
13.934431076049805,2.567000150680542,-136.2947140198559,-111.987936303839,0.4030150686624697,-0.47069037056923935,1,320.0,173.0,183.7052859801441,-0.47069037056923935
13.943654775619507,2.567000150680542,-136.23810330269077,-111.89331503176086,0.4033398652397633,-0.47115615052965054,1,320.0,173.0,183.76189669730923,-0.47115615052965054
13.95354437828064,2.567000150680542,-136.18149258552566,-111.79869375968272,0.4036642911381878,-0.47162170871755593,1,320.0,172.0,183.81850741447434,-0.47162170871755593
13.964024066925049,2.5470001697540283,-137.3207087831773,-112.74670159188767,0.4075382530098706,-0.47597762956532214,1,320.0,172.0,182.6792912168227,-0.47597762956532214
13.97360110282898,2.5470001697540283,-137.27229064438248,-112.65974800166546,0.4078696203248115,-0.4764504284410918,1,320.0,172.0,182.72770935561752,-0.4764504284410918
13.983445644378662,2.5340001583099365,-137.22387250558765,-112.52232442106097,0.4081362351867744,-0.4769185802799067,1,320.0,172.0,182.77612749441235,-0.4769185802799067
13.993980169296265,2.5340001583099365,-137.17545436679282,-112.43537083083876,0.40846308057014313,-0.4773865464351401,1,320.0,170.0,182.82454563320718,-0.4773865464351401
14.00346302986145,2.514000177383423,-138.42424320614978,-113.51358596702804,0.41274342724927976,-0.4820754341348255,1,320.0,170.0,181.57575679385022,-0.4820754341348255
14.013723850250244,2.5,-138.3847130849234,-113.37923946185138,0.4130073835910497,-0.4825469406634223,1,320.0,170.0,181.6152869150766,-0.4825469406634223
14.02339220046997,2.5,-138.345182963697,-113.30080867010413,0.4133381446734659,-0.48301829895406445,1,320.0,170.0,181.654817036303,-0.48301829895406445
14.034156560897827,2.5,-138.3056528424706,-113.22237787835688,0.413668611640413,-0.483489509006752,1,320.0,169.0,181.6943471575294,-0.483489509006752
14.043594598770142,2.4800000190734863,-139.5498163929298,-114.21326723886779,0.41764507938103107,-0.4881377256152419,1,320.0,169.0,180.4501836070702,-0.4881377256152419
14.053169012069702,2.4800000190734863,-139.51908255843887,-114.14271915183312,0.417982749742894,-0.48861706562597174,1,320.0,169.0,180.48091744156113,-0.48861706562597174
14.063623666763306,2.4670000076293945,-139.48834872394792,-114.0187354474732,0.4182521330120904,-0.48909175854618825,1,320.0,169.0,180.51165127605208,-0.48909175854618825
14.073899507522583,2.4670000076293945,-139.45761488945698,-113.94818736043854,0.4185853802869666,-0.48956633875006617,1,320.0,167.0,180.54238511054302,-0.48956633875006617
14.083176851272583,2.447000026702881,-140.7960240308542,-114.95848026054452,0.42260713567297264,-0.49449656795812935,1,320.0,167.0,179.2039759691458,-0.49449656795812935
14.093058824539185,2.447000026702881,-140.77467289173677,-114.89591064549606,0.4229476880993447,-0.4949801989797721,1,320.0,167.0,179.22532710826323,-0.4949801989797721
14.103893518447876,2.433000087738037,-140.75332175261934,-114.7740917335568,0.42321268361382824,-0.4954588264188835,1,320.0,167.0,179.24667824738066,-0.4954588264188835
14.11423945426941,2.433000087738037,-140.73197061350191,-114.71152211850834,0.42354855412892106,-0.49593737736753435,1,320.0,166.0,179.26802938649809,-0.49593737736753435
14.123798131942749,2.4130001068115234,-142.05177374515006,-115.73655454233747,0.4276002810422952,-0.5007804532274993,1,320.0,166.0,177.94822625484994,-0.5007804532274993
14.133342266082764,2.4130001068115234,-142.03961431994364,-115.68202775593886,0.42794349569255513,-0.5012676168927654,1,320.0,166.0,177.96038568005636,-0.5012676168927654
14.144007682800293,2.4000000953674316,-142.02745489473722,-115.57083045363392,0.4282145568639312,-0.5017501217085113,1,320.0,166.0,177.97254510526278,-0.5017501217085113
14.153927087783813,2.4000000953674316,-142.0152954695308,-115.5163036672353,0.4285534318106294,-0.502232583966266,1,320.0,165.0,177.9847045304692,-0.502232583966266
14.163377285003662,2.380000114440918,-143.31544678749833,-116.55195316907428,0.4326219294857915,-0.5069856422300484,1,320.0,165.0,176.68455321250167,-0.5069856422300484
14.173057317733765,2.380000114440918,-143.31228215679124,-116.50550509601293,0.43296813582403165,-0.5074762720876428,1,320.0,165.0,176.68771784320876,-0.5074762720876428
14.183407306671143,2.367000102996826,-143.30911752608415,-116.40068415046157,0.43324015005742644,-0.5079622334768407,1,320.0,165.0,176.69088247391585,-0.5079622334768407
14.19321322441101,2.367000102996826,-143.30595289537706,-116.35423607740022,0.43358205300150765,-0.5084481840509123,1,320.0,164.0,176.69404710462294,-0.5084481840509123
14.203493595123291,2.3500001430511475,-144.58555758904168,-117.30939851950382,0.43734301541119647,-0.5131095892641812,1,320.0,164.0,175.41444241095832,-0.5131095892641812
14.21305799484253,2.3500001430511475,-144.59118596924228,-117.27034660716649,0.43769194057813,-0.513604338624778,1,320.0,164.0,175.40881403075772,-0.513604338624778
14.22487187385559,2.3410000801086426,-144.59681434944287,-117.18984050776969,0.43798821222262596,-0.5140958535300838,1,320.0,164.0,175.40318565055713,-0.5140958535300838
14.233824491500854,2.3410000801086426,-144.60244272964346,-117.15078859543236,0.4383340979700493,-0.5145873873045355,1,320.0,164.0,175.39755727035654,-0.5145873873045355
14.243250370025635,2.3289999961853027,-145.75970344503676,-118.1433533054872,0.4421540647630602,-0.5188287931924611,1,320.0,164.0,174.24029655496324,-0.5188287931924611
14.25381350517273,2.3289999961853027,-145.77322651329118,-118.1117559193189,0.4425085742075737,-0.5193293524180667,1,320.0,164.0,174.22677348670882,-0.5193293524180667
14.263160467147827,2.323000192642212,-145.7867495815456,-118.05202374809478,0.4428273527275062,-0.5198277698444246,1,320.0,164.0,174.2132504184544,-0.5198277698444246
14.273998975753784,2.323000192642212,-145.8002726498,-118.02042636192648,0.44317978848113554,-0.5203262319983373,1,320.0,164.0,174.1997273502,-0.5203262319983373
14.2833993434906,2.315000057220459,-146.84430631979373,-118.8410224673228,0.44638556271329655,-0.5241812794554188,1,320.0,164.0,173.15569368020627,-0.5241812794554188
14.293774604797363,2.315000057220459,-146.86489424263166,-118.8155263112456,0.44674557338574883,-0.5246888033236562,1,320.0,164.0,173.13510575736834,-0.5246888033236562
14.303256750106812,2.311000108718872,-146.8854821654696,-118.77104608360388,0.4470814692483994,-0.5251949260387822,1,320.0,164.0,173.1145178345304,-0.5251949260387822
14.314026355743408,2.311000108718872,-146.90607008830753,-118.74554992752668,0.447440062433269,-0.5257011162308307,1,320.0,165.0,173.09392991169247,-0.5257011162308307
14.3234121799469,2.308000087738037,-147.7443544217647,-119.51666838895264,0.4504241094471999,-0.5288720472467642,1,320.0,165.0,172.2556455782353,-0.5288720472467642
14.33392596244812,2.308000087738037,-147.7705485637507,-119.49673185063668,0.45079093994058334,-0.5293866899433636,1,320.0,165.0,172.2294514362493,-0.5293866899433636
14.343722105026245,2.305999994277954,-147.7967427057367,-119.4672495864278,0.45114562179172335,-0.5299006792765668,1,320.0,165.0,172.2032572942633,-0.5299006792765668
14.353458642959595,2.305999994277954,-147.8229368477227,-119.44731304811184,0.4515116934211376,-0.5304147541336431,1,320.0,166.0,172.1770631522773,-0.5304147541336431
14.363753080368042,2.30400013923645,-148.47313767370167,-120.05434655000161,0.4539408272618477,-0.5329625691682209,1,320.0,166.0,171.52686232629833,-0.5329625691682209
14.373222827911377,2.30400013923645,-148.50361032089734,-120.03877439977532,0.4543134671279038,-0.5334832581661947,1,320.0,166.0,171.49638967910266,-0.5334832581661947
14.384061098098755,2.30400013923645,-148.534082968093,-120.02320224954903,0.4546860562287448,-0.5340040465050089,1,320.0,166.0,171.465917031907,-0.5340040465050089
14.393726587295532,2.30400013923645,-148.56455561528867,-120.00763009932274,0.4550585945643706,-0.5345249341846635,1,320.0,167.0,171.43544438471133,-0.5345249341846635
14.403460264205933,2.30400013923645,-149.04307542377967,-120.36896337520261,0.4566599138468379,-0.5365066976285299,1,320.0,167.0,170.95692457622033,-0.5365066976285299
14.413907051086426,2.30400013923645,-149.07662026829507,-120.35597561327268,0.45703668905491607,-0.5370329412759152,1,320.0,167.0,170.92337973170493,-0.5370329412759152
14.423413038253784,2.305000066757202,-149.11016511281048,-120.3477712775994,0.4574194784759865,-0.5375596670278997,1,320.0,167.0,170.88983488718952,-0.5375596670278997
14.43445086479187,2.305000066757202,-149.14370995732588,-120.33478351566947,0.4577964854129736,-0.538086502219945,1,320.0,169.0,170.85629004267412,-0.538086502219945
14.44387936592102,2.305999994277954,-149.3647610963435,-120.56989143439215,0.45897281577072424,-0.5392251690182699,1,320.0,169.0,170.6352389036565,-0.5392251690182699
14.453336000442505,2.305999994277954,-149.3995917058211,-120.55857213966713,0.45935285635336565,-0.5397547554144253,1,320.0,169.0,170.6004082941789,-0.5397547554144253
14.464516878128052,2.307000160217285,-149.43442231529872,-120.55202849997345,0.4597389077871432,-0.5402848291805686,1,320.0,169.0,170.56557768470128,-0.5402848291805686
14.473412990570068,2.307000160217285,-149.46925292477633,-120.54070920524843,0.46011919144908303,-0.5408150167557423,1,320.0,170.0,170.53074707522367,-0.5408150167557423
14.484087944030762,2.31000018119812,-149.55769335980492,-120.46413744459026,0.4602581708483758,-0.5415212351477264,1,320.0,170.0,170.44230664019508,-0.5415212351477264
14.493573188781738,2.31000018119812,-149.59289159713734,-120.45227263455651,0.4606384143237778,-0.5420533898202708,1,320.0,170.0,170.40710840286266,-0.5420533898202708
14.503118515014648,2.311000108718872,-149.62808983446976,-120.44516459584396,0.46102464373702223,-0.5425860338101709,1,320.0,170.0,170.37191016553024,-0.5425860338101709
14.513824224472046,2.311000108718872,-149.66328807180219,-120.4332997858102,0.4614051261377632,-0.5431187931623032,1,320.0,172.0,170.33671192819781,-0.5431187931623032
14.523378372192383,2.314000129699707,-149.53048456658237,-120.26789915797615,0.4612565469514699,-0.5431050035025092,1,320.0,172.0,170.46951543341763,-0.5431050035025092
14.535400629043579,2.314000129699707,-149.56453069343542,-120.25488375287365,0.46163596579746763,-0.543637178386557,1,320.0,172.0,170.43546930656458,-0.543637178386557
14.54419994354248,2.315000057220459,-149.59857682028846,-120.24660747306933,0.4620213450009716,-0.5441698390814776,1,320.0,172.0,170.40142317971154,-0.5441698390814776
14.553776979446411,2.315000057220459,-149.6326229471415,-120.23359206796684,0.4624009944659716,-0.5447026117030451,1,320.0,174.0,170.3673770528585,-0.5447026117030451
14.56309723854065,2.318000078201294,-149.29976001669266,-119.88707215613282,0.4616648517482067,-0.5440402448254227,1,320.0,174.0,170.70023998330734,-0.5440402448254227
14.573708295822144,2.318000078201294,-149.33128989654728,-119.87167226186448,0.46204134905862276,-0.544570127310652,1,320.0,174.0,170.66871010345272,-0.544570127310652
14.583677530288696,2.320000171661377,-149.3628197764019,-119.86571227488133,0.4624297539761909,-0.5451008605358393,1,320.0,174.0,170.6371802235981,-0.5451008605358393
14.593560934066772,2.320000171661377,-149.3943496562565,-119.85031238061299,0.46280678018535903,-0.5456316978096436,1,320.0,176.0,170.6056503437435,-0.5456316978096436
14.603107690811157,2.322000026702881,-148.88103718930236,-119.33573646851526,0.4615372810775996,-0.5443867898299737,1,320.0,176.0,171.11896281069764,-0.5443867898299737
14.61367154121399,2.322000026702881,-148.90883045296638,-119.31684853214612,0.46190895774632057,-0.5449122854409583,1,320.0,176.0,171.09116954703362,-0.5449122854409583
14.623414278030396,2.324000120162964,-148.9366237166304,-119.3073656216599,0.46229248566978565,-0.5454386176265988,1,320.0,176.0,171.0633762833696,-0.5454386176265988
14.63414478302002,2.324000120162964,-148.96441698029443,-119.28847768529076,0.4626646650431161,-0.5459650418079505,1,320.0,178.0,171.03558301970557,-0.5459650418079505
14.643616437911987,2.327000141143799,-148.2887951503758,-118.6317174479586,0.4609287322671748,-0.5441989662584135,1,320.0,178.0,171.7112048496242,-0.5441989662584135
14.652940034866333,2.327000141143799,-148.31176415576024,-118.60835824073733,0.4612941844888251,-0.5447185533947947,1,320.0,178.0,171.68823584423976,-0.5447185533947947
14.663237810134888,2.328000068664551,-148.3347331611447,-118.58968148160247,0.46166549014073943,-0.5452385875408144,1,320.0,178.0,171.6652668388553,-0.5452385875408144
14.674052238464355,2.328000068664551,-148.35770216652915,-118.5663222743812,0.4620310993023781,-0.5457586979439359,1,320.0,181.0,171.64229783347085,-0.5457586979439359
14.68360686302185,2.3310000896453857,-147.435539090068,-117.87887639116569,0.46020316408967743,-0.5431980396917313,1,320.0,181.0,172.564460909932,-0.5431980396917313
14.693240642547607,2.3310000896453857,-147.45202591428642,-117.85086637680959,0.46056170085673087,-0.5437084705300692,1,320.0,181.0,172.54797408571358,-0.5437084705300692
14.703442573547363,2.3320000171661377,-147.46851273850484,-117.82752157609215,0.4609260527477749,-0.5442193248728792,1,320.0,181.0,172.53148726149516,-0.5442193248728792
14.713927745819092,2.3320000171661377,-147.48499956272326,-117.79951156173605,0.46128471310910363,-0.5447302341168145,1,320.0,183.0,172.51500043727674,-0.5447302341168145
14.723777770996094,2.3340001106262207,-146.4425032532431,-116.87905084406262,0.45871448221266065,-0.54178867349159,1,320.0,183.0,173.5574967467569,-0.54178867349159
14.733593463897705,2.3340001106262207,-146.45172690798586,-116.84485593069944,0.459063125943469,-0.542288158427023,1,320.0,183.0,173.54827309201414,-0.542288158427023
14.743740320205688,2.3360002040863037,-146.4609505627286,-116.81996254917556,0.45942343262015795,-0.5427884064623205,1,320.0,183.0,173.5390494372714,-0.5427884064623205
14.753785133361816,2.3360002040863037,-146.47017421747137,-116.78576763581239,0.4597724632476118,-0.5432886853046296,1,320.0,185.0,173.52982578252863,-0.5432886853046296
14.763102531433105,2.3380000591278076,-145.32091731632025,-115.6603606114339,0.45654445470722005,-0.5400119600366579,1,320.0,185.0,174.67908268367975,-0.5400119600366579
14.773880958557129,2.3380000591278076,-145.322195252808,-115.61861768462245,0.4568811074882921,-0.5404995963250453,1,320.0,185.0,174.677804747192,-0.5404995963250453
14.783389806747437,2.3390002250671387,-145.32347318929575,-115.58151114373945,0.4572234888128201,-0.5409876002571006,1,320.0,185.0,174.67652681070425,-0.5409876002571006
14.794200658798218,2.3390002250671387,-145.3247511257835,-115.539768216928,0.4575601667397631,-0.5414756084670491,1,320.0,188.0,174.6752488742165,-0.5414756084670491
14.803207159042358,2.3410000801086426,-143.98024137669,-114.33204342703227,0.4540759612949623,-0.5375757282541167,1,320.0,188.0,176.01975862331,-0.5375757282541167
14.813612222671509,2.3410000801086426,-143.97228877217086,-114.28223972056945,0.4543993280787576,-0.538048852255636,1,320.0,188.0,176.02771122782914,-0.538048852255636
14.823145627975464,2.3420000076293945,-143.9643361676517,-114.23705855511923,0.45472837601384863,-0.5385223094808014,1,320.0,188.0,176.0356638323483,-0.5385223094808014
14.834708452224731,2.3420000076293945,-143.95638356313256,-114.18725484865641,0.45505170980828846,-0.5389957400249785,1,320.0,190.0,176.04361643686744,-0.5389957400249785
14.843471765518188,2.3440001010894775,-142.53885165859035,-112.90745365761076,0.4513453811355678,-0.5348731742581072,1,320.0,190.0,177.46114834140965,-0.5348731742581072
14.852920293807983,2.3440001010894775,-142.52123086054115,-112.84915016342697,0.45165459011561604,-0.535330900672158,1,320.0,190.0,177.47876913945885,-0.535330900672158
14.863921403884888,2.3450000286102295,-142.50361006249196,-112.79545652250306,0.45196943247713206,-0.5357889241135269,1,320.0,190.0,177.49638993750804,-0.5357889241135269
14.87360954284668,2.3450000286102295,-142.48598926444276,-112.73715302831927,0.4522785469692328,-0.5362468883049609,1,320.0,194.0,177.51401073555724,-0.5362468883049609
14.884062051773071,2.3460001945495605,-140.80330361377855,-111.28908698810821,0.44804616613203063,-0.5312752698322467,1,320.0,194.0,179.19669638622145,-0.5312752698322467
14.893536806106567,2.3460001945495605,-140.77426215280582,-111.22121952918845,0.4483389846391378,-0.5317141255396927,1,320.0,194.0,179.22573784719418,-0.5317141255396927
14.903031826019287,2.3470001220703125,-140.74522069183308,-111.1579534936908,0.4486373898388533,-0.532153235360157,1,320.0,194.0,179.25477930816692,-0.532153235360157
14.913604974746704,2.3470001220703125,-140.71617923086035,-111.09008603477103,0.4489300447867737,-0.5325922473834929,1,320.0,196.0,179.28382076913965,-0.5325922473834929
14.924037218093872,2.3490002155303955,-138.99882485161294,-109.50132681372892,0.44424435391710826,-0.5275261309557517,1,320.0,196.0,181.00117514838706,-0.5275261309557517
14.933568239212036,2.3490002155303955,-138.95820317469236,-109.42296444451549,0.4445193480806011,-0.527946021558528,1,320.0,196.0,181.04179682530764,-0.527946021558528
14.943902254104614,2.3490002155303955,-138.91758149777178,-109.34460207530208,0.4447940779669617,-0.5283657751646769,1,320.0,196.0,181.08241850222822,-0.5283657751646769
14.953460931777954,2.3490002155303955,-138.8769598208512,-109.26623970608864,0.44506854357618986,-0.5287853917741985,1,320.0,199.0,181.1230401791488,-0.5287853917741985
14.963982820510864,2.3500001430511475,-137.03078798365934,-107.54452146511399,0.43997442364270545,-0.5233171346097596,1,320.0,199.0,182.96921201634066,-0.5233171346097596
14.973459005355835,2.3500001430511475,-136.9777818736779,-107.4548556930915,0.4402294848926715,-0.5237158273405926,1,320.0,199.0,183.0222181263221,-0.5237158273405926
14.983968496322632,2.3500001430511475,-136.9247757636965,-107.36518992106902,0.4404842435206249,-0.5241143411757856,1,320.0,199.0,183.0752242363035,-0.5241143411757856
14.993767738342285,2.3500001430511475,-136.87176965371506,-107.27552414904653,0.44073869952656564,-0.5245126761153382,1,320.0,202.0,183.12823034628494,-0.5245126761153382
15.003137350082397,2.3490002155303955,-134.9127384351478,-105.53285024288968,0.4356113854609422,-0.518694731739556,1,320.0,202.0,185.0872615648522,-0.518694731739556
15.013526439666748,2.3490002155303955,-134.84665865784444,-105.43187775429203,0.4358457875391608,-0.5190702064357745,1,320.0,202.0,185.15334134215556,-0.5190702064357745
15.022946119308472,2.3460001945495605,-134.7805788805411,-105.31711251227289,0.4360624613835652,-0.5194444474164972,1,320.0,202.0,185.2194211194589,-0.5194444474164972
15.033479928970337,2.3460001945495605,-134.71449910323776,-105.21614002367525,0.436295346759602,-0.5198184660387373,1,320.0,205.0,185.28550089676224,-0.5198184660387373
15.043210744857788,2.3410000801086426,-132.657278788971,-103.3468173611966,0.4308072918893614,-0.5136972737654648,1,320.0,205.0,187.342721211029,-0.5136972737654648
15.053633689880371,2.3410000801086426,-132.57754147350147,-103.23387374626175,0.4310178511338487,-0.5140460552212427,1,320.0,205.0,187.42245852649853,-0.5140460552212427
15.063128232955933,2.3350000381469727,-132.49780415803193,-103.0931034113275,0.43119299997439464,-0.5143925818766927,1,320.0,205.0,187.50219584196807,-0.5143925818766927
15.073853254318237,2.3350000381469727,-132.41806684256238,-102.98015979639266,0.43140116392961425,-0.5147388424088447,1,320.0,207.0,187.58193315743762,-0.5147388424088447
15.083409070968628,2.326000213623047,-130.37712729577984,-101.09860266756375,0.4259255529470333,-0.5086862478372554,1,320.0,207.0,189.62287270422016,-0.5086862478372554
15.093739986419678,2.326000213623047,-130.2839377557701,-100.97381610479616,0.42611053732602544,-0.5090063117124831,1,320.0,207.0,189.7160622442299,-0.5090063117124831
15.103553771972656,2.318000078201294,-130.19074821576035,-100.81137563307456,0.42624778226237947,-0.5093234628052952,1,320.0,207.0,189.80925178423965,-0.5093234628052952
15.113194465637207,2.318000078201294,-130.0975586757506,-100.68658907030697,0.42642980071772957,-0.5096403068385544,1,320.0,209.0,189.9024413242494,-0.5096403068385544
15.123456001281738,2.305000066757202,-128.07553681124938,-98.79503295748852,0.42097381205740425,-0.5036626615704105,1,320.0,209.0,191.92446318875062,-0.5036626615704105
15.134142637252808,2.305000066757202,-127.96911705293641,-98.65855159426607,0.421131907962579,-0.5039524571261773,1,320.0,209.0,192.0308829470636,-0.5039524571261773
15.143728256225586,2.2950000762939453,-127.86269729462344,-98.47403088776765,0.4212292928085625,-0.504238708923081,1,320.0,209.0,192.13730270537656,-0.504238708923081
15.15345048904419,2.2950000762939453,-127.75627753631048,-98.33754952454521,0.42138388300803764,-0.5045246161859968,1,320.0,209.0,192.24372246368952,-0.5045246161859968
15.163295269012451,2.2800002098083496,-127.64985777799751,-98.12815997824818,0.4214466257158819,-0.5048053920878658,1,320.0,211.0,192.3501422220025,-0.5048053920878658
15.173759460449219,2.2800002098083496,-125.61596726499447,-96.38917677500216,0.4163721315737463,-0.4988021116957891,1,320.0,211.0,194.38403273500552,-0.4988021116957891
15.183207750320435,2.2680001258850098,-125.4963322302228,-96.18263366195887,0.41642917881707264,-0.4990563730667281,1,320.0,211.0,194.5036677697772,-0.4990563730667281
15.193760871887207,2.2680001258850098,-125.37669719545114,-96.03516509968817,0.4165566480459373,-0.4993102551945694,1,320.0,213.0,194.62330280454887,-0.4993102551945694
15.203164100646973,2.25,-123.40736836472905,-94.24052981361031,0.41149491398877097,-0.49352866962940356,1,320.0,213.0,196.59263163527095,-0.49352866962940356
15.213588953018188,2.25,-123.27505319997593,-94.08238567344114,0.4115991484757975,-0.4937551259729498,1,320.0,213.0,196.72494680002407,-0.4937551259729498
15.22349214553833,2.2380001544952393,-123.1427380352228,-93.8634551262379,0.41162693924902294,-0.49397747459702745,1,320.0,213.0,196.8572619647772,-0.49397747459702745
15.234336137771606,2.2380001544952393,-123.01042287046968,-93.70531098606872,0.4117271842545144,-0.49419941370561915,1,320.0,215.0,196.98957712953032,-0.49419941370561915
15.243844985961914,2.2180001735687256,-121.06442787686596,-91.90430797336685,0.4066782962812753,-0.4885023438362712,1,320.0,215.0,198.93557212313402,-0.4885023438362712
15.253459215164185,2.2180001735687256,-120.91967765507137,-91.73560538981215,0.40675518813922773,-0.488696844041047,1,320.0,215.0,199.08032234492862,-0.488696844041047
15.264226913452148,2.205000162124634,-120.77492743327677,-91.49894682911169,0.40674683848079546,-0.48888697829273775,1,320.0,215.0,199.2250725667232,-0.48888697829273775
15.273810863494873,2.205000162124634,-120.63017721148218,-91.330244245557,0.40681952777833674,-0.4890766764843266,1,320.0,217.0,199.3698227885178,-0.4890766764843266
15.285464763641357,2.184000015258789,-118.70931236581279,-89.52989438336789,0.4017972339886492,-0.48346933326447866,1,320.0,217.0,201.2906876341872,-0.48346933326447866
15.293200969696045,2.184000015258789,-118.55238319410428,-89.35076885832703,0.40184676163782923,-0.48363193331720544,1,320.0,217.0,201.44761680589573,-0.48363193331720544
15.304117679595947,2.1700000762939453,-118.39545402239577,-89.0959352523436,0.4018015669382559,-0.4837899250367528,1,320.0,217.0,201.60454597760423,-0.4837899250367528
15.313780069351196,2.1700000762939453,-118.23852485068726,-88.91680972730273,0.4018466979936188,-0.48394745773844305,1,320.0,218.0,201.76147514931273,-0.48394745773844305
15.324013471603394,2.1490001678466797,-116.4450991414688,-87.22512182051456,0.39719314571965875,-0.47876303731294423,1,320.0,218.0,203.5549008585312,-0.47876303731294423
15.333465337753296,2.1490001678466797,-116.27694730919168,-87.03641602552422,0.3972167109072256,-0.4788952606941491,1,320.0,218.0,203.72305269080832,-0.4788952606941491
15.343030452728271,2.134999990463257,-116.10879547691457,-86.76930332726695,0.39714238356543924,-0.47902293719981404,1,320.0,218.0,203.89120452308543,-0.47902293719981404
15.354136228561401,2.134999990463257,-115.94064364463745,-86.58059753227661,0.3971616090548844,-0.479150136574659,1,320.0,218.0,204.05935635536255,-0.479150136574659
15.36331844329834,2.1130001544952393,-115.77249181236033,-86.26641224637747,0.3970246230372003,-0.47927049137911004,1,320.0,220.0,204.22750818763967,-0.47927049137911004
15.373740911483765,2.1130001544952393,-113.9772595725363,-84.68184329197324,0.3924879799024867,-0.47408703622695647,1,320.0,220.0,206.0227404274637,-0.47408703622695647
15.384060859680176,2.0980000495910645,-113.79795334614869,-84.3963793615939,0.39237709125784226,-0.474184244151335,1,320.0,220.0,206.2020466538513,-0.474184244151335
15.394094944000244,2.0980000495910645,-113.61864711976108,-84.19810427443323,0.39237028495992143,-0.4742809598800998,1,320.0,220.0,206.38135288023892,-0.4742809598800998
15.403107404708862,2.076000213623047,-113.43934089337347,-83.86948466443714,0.39220155038646465,-0.4743709442960209,1,320.0,222.0,206.56065910662653,-0.4743709442960209
15.413600206375122,2.076000213623047,-111.67226868707593,-82.2981305290899,0.3877147265739467,-0.4692869523471437,1,320.0,222.0,208.32773131292407,-0.4692869523471437
15.422973871231079,2.062000036239624,-111.48208278147588,-82.00592865737464,0.38758181007590337,-0.4693547142003086,1,320.0,222.0,208.51791721852413,-0.4693547142003086
15.434252500534058,2.062000036239624,-111.29189687587584,-81.79824496733005,0.38754976399564894,-0.469421971109877,1,320.0,222.0,208.70810312412416,-0.469421971109877
15.443318367004395,2.0400002002716064,-111.10171097027579,-81.45520646305975,0.3873499013681115,-0.46948261252730594,1,320.0,223.0,208.8982890297242,-0.46948261252730594
15.453571081161499,2.0400002002716064,-109.46519837645363,-79.89805519957349,0.38291598566635165,-0.4648312985578872,1,320.0,223.0,210.53480162354637,-0.4648312985578872
15.463188886642456,2.0250000953674316,-109.26510544276219,-79.58700831302032,0.382746671130265,-0.46487117889620544,1,320.0,223.0,210.7348945572378,-0.46487117889620544
15.47407603263855,2.0250000953674316,-109.06501250907075,-79.37008105907874,0.3826897442771723,-0.4649105464963333,1,320.0,223.0,210.93498749092925,-0.4649105464963333
15.483997106552124,2.003000020980835,-108.86491957537932,-79.0123408439157,0.38245857946778705,-0.4649434137674491,1,320.0,225.0,211.1350804246207,-0.4649434137674491
15.493382453918457,2.003000020980835,-107.24605796728142,-77.47032816407685,0.378080130524361,-0.46035494340822813,1,320.0,225.0,212.75394203271858,-0.46035494340822813
15.503523111343384,1.9880000352859497,-107.03624918050504,-77.14637490640646,0.3778819381679808,-0.46036755240901456,1,320.0,225.0,212.96375081949498,-0.46036755240901456
15.514301776885986,1.9880000352859497,-106.82644039372866,-76.92037335053304,0.3778007296298941,-0.4603796431820791,1,320.0,225.0,213.17355960627134,-0.4603796431820791
15.523178339004517,1.9660000801086426,-106.61663160695228,-76.54776621082607,0.3775384639329752,-0.4603853518246306,1,320.0,226.0,213.3833683930477,-0.4603853518246306
15.533801317214966,1.9660000801086426,-105.11834094243096,-75.1238936808751,0.37355070577977934,-0.45619460551364854,1,320.0,226.0,214.88165905756904,-0.45619460551364854
15.543946743011475,1.9520001411437988,-104.89970996122797,-74.79452188566434,0.37333347061400624,-0.4561819096829275,1,320.0,226.0,215.10029003877202,-0.4561819096829275
15.55393671989441,1.9520001411437988,-104.68107898002498,-74.56031854533911,0.37322988019006326,-0.45616869351039413,1,320.0,226.0,215.31892101997502,-0.45616869351039413
15.563962459564209,1.9300000667572021,-104.46244799882199,-74.17352189005192,0.372938177654492,-0.45614921154198185,1,320.0,228.0,215.53755200117803,-0.45614921154198185
15.573599100112915,1.9300000667572021,-102.97324007393101,-72.75637462404252,0.3689771179089287,-0.45199194427989375,1,320.0,228.0,217.026759926069,-0.45199194427989375
15.583881378173828,1.915000081062317,-102.74591032421944,-72.40783858403945,0.36872450760635983,-0.4519541798709287,1,320.0,228.0,217.25408967578056,-0.4519541798709287
15.594558954238892,1.915000081062317,-102.51858057450787,-72.16553643834925,0.368598823710759,-0.45191589544511485,1,320.0,228.0,217.48141942549213,-0.45191589544511485
15.604035139083862,1.8940000534057617,-102.2912508247963,-71.7714187276806,0.36828629158839554,-0.4518717207047117,1,320.0,229.0,217.7087491752037,-0.4518717207047117
15.613461971282959,1.8940000534057617,-100.91442375433458,-70.46436158467337,0.3646885071822812,-0.4480842237085788,1,320.0,229.0,219.08557624566544,-0.4480842237085788
15.623077392578125,1.8790000677108765,-100.67922451041586,-70.10405966644811,0.3644101985633949,-0.44802322722878074,1,320.0,229.0,219.32077548958415,-0.44802322722878074
15.634796857833862,1.8790000677108765,-100.44402526649715,-69.85446817511772,0.36426419397943804,-0.44796171389860423,1,320.0,229.0,219.55597473350286,-0.44796171389860423
15.643278121948242,1.8580000400543213,-100.20882602257844,-69.4465956210485,0.3639237098691162,-0.4478944227477547,1,320.0,231.0,219.79117397742158,-0.4478944227477547
15.653896808624268,1.8580000400543213,-98.83393982548972,-68.03757253741604,0.3599975681321314,-0.44411585526435216,1,320.0,231.0,221.16606017451028,-0.44411585526435216
15.663145065307617,1.8440001010894775,-98.59093823871194,-67.67233030944809,0.35970206609262523,-0.4440322802648187,1,320.0,231.0,221.40906176128806,-0.4440322802648187
15.67464280128479,1.8440001010894775,-98.34793665193416,-67.41480130266258,0.3595352765322686,-0.44394819253187584,1,320.0,231.0,221.65206334806584,-0.44394819253187584
15.683661699295044,1.8220001459121704,-98.10493506515638,-66.98434191181543,0.3591563781103153,-0.44385819630508816,1,320.0,232.0,221.89506493484362,-0.44385819630508816
15.693105936050415,1.8220001459121704,-96.83557920712273,-65.68862887631703,0.35560420430648715,-0.44042595504385257,1,320.0,232.0,223.16442079287725,-0.44042595504385257
15.703409194946289,1.808000087738037,-96.58555091573766,-65.31154093920601,0.3552836281089769,-0.4403210239282258,1,320.0,232.0,223.41444908426234,-0.4403210239282258
15.71558690071106,1.808000087738037,-96.33552262435258,-65.04690423802873,0.3550974588283927,-0.44021558775539565,1,320.0,232.0,223.66447737564744,-0.44021558775539565
15.724164724349976,1.787000060081482,-96.0854943329675,-64.60996258924884,0.35470024896095576,-0.440104602030266,1,320.0,233.0,223.9145056670325,-0.440104602030266
15.733721017837524,1.787000060081482,-94.91349220876498,-63.41865495753776,0.3514920693982151,-0.43699120303521144,1,320.0,233.0,225.08650779123502,-0.43699120303521144
15.743792057037354,1.7730001211166382,-94.65715145485927,-63.030311809329454,0.3511478637170217,-0.43686651910437246,1,320.0,233.0,225.34284854514073,-0.43686651910437246
15.753290176391602,1.7730001211166382,-94.40081070095357,-62.7593304860927,0.350943968554305,-0.43674133979494906,1,320.0,233.0,225.59918929904643,-0.43674133979494906
15.762962102890015,1.752000093460083,-94.14446994704787,-62.308435121698764,0.3505200339896194,-0.43661072251575955,1,320.0,235.0,225.85553005295213,-0.43661072251575955
15.77354121208191,1.752000093460083,-92.9608865895389,-61.11192891468703,0.34729793639272166,-0.43346047990661807,1,320.0,235.0,227.03911341046108,-0.43346047990661807
15.783053398132324,1.7380000352859497,-92.6981968054044,-60.712006948350044,0.34693004369129266,-0.43331628034694,1,320.0,235.0,227.3018031945956,-0.43331628034694
15.794382095336914,1.7380000352859497,-92.43550702126988,-60.43468835648289,0.346708763386401,-0.433171596124587,1,320.0,235.0,227.56449297873013,-0.433171596124587
15.802928447723389,1.717000126838684,-92.17281723713538,-59.96933228317615,0.3462578311455666,-0.43302158818775094,1,320.0,236.0,227.82718276286462,-0.43302158818775094
15.813323259353638,1.717000126838684,-91.08195303391636,-58.769979712676964,0.34302977164980425,-0.4301744544547505,1,320.0,236.0,228.91804696608364,-0.4301744544547505
15.823133945465088,1.7040001153945923,-90.81359204605242,-58.367379105812184,0.34264937752563096,-0.4300122532175133,1,320.0,236.0,229.1864079539476,-0.4300122532175133
15.834349155426025,1.7040001153945923,-90.54523105818848,-58.083746575216914,0.34241124589964544,-0.4298495796648601,1,320.0,236.0,229.45476894181152,-0.4298495796648601
15.843126773834229,1.683000087738037,-90.27687007032453,-57.60364447640331,0.34215965674826904,-0.4292875236964453,1,320.0,237.0,229.72312992967545,-0.4292875236964453
15.853572845458984,1.683000087738037,-89.27153345775609,-56.50485620533173,0.3393052157090249,-0.4267579349322475,1,320.0,237.0,230.7284665422439,-0.4267579349322475
15.862843990325928,1.6690000295639038,-88.99812527964505,-56.081623001210644,0.3391254385172104,-0.4262942960730677,1,320.0,237.0,231.00187472035495,-0.4262942960730677
15.87344741821289,1.6690000295639038,-88.72471710153401,-55.79240786250017,0.3388806588177811,-0.4261230740006828,1,320.0,237.0,231.275282898466,-0.4261230740006828
15.883270740509033,1.6490000486373901,-88.45130892342297,-55.30736764854579,0.3387433110204641,-0.42554498718732103,1,320.0,239.0,231.54869107657703,-0.42554498718732103
15.893730401992798,1.6490000486373901,-87.42361359467776,-54.199982383359,0.3359491627958943,-0.4230219940763174,1,320.0,239.0,232.57638640532224,-0.4230219940763174
15.903088808059692,1.6350001096725464,-87.14503912974632,-53.7649265874777,0.33581379172344,-0.4225952359237197,1,320.0,239.0,232.85496087025368,-0.4225952359237197
15.914125204086304,1.6350001096725464,-86.86646466481488,-53.470107612698015,0.3355640559652272,-0.42241695441194316,1,320.0,239.0,233.13353533518512,-0.42241695441194316
15.923243522644043,1.6150001287460327,-86.58789019988345,-52.9702681900255,0.33549286908468584,-0.42189501611659186,1,320.0,240.0,233.41210980011655,-0.42189501611659186
15.933773756027222,1.6150001287460327,-85.64269629507525,-51.85677855486124,0.3327678665972686,-0.41969993983496867,1,320.0,240.0,234.35730370492473,-0.41969993983496867
15.94325041770935,1.6150001287460327,-85.35955551451255,-51.55635171986963,0.33251215854493765,-0.4195154781722658,1,320.0,240.0,234.64044448548745,-0.4195154781722658
15.954052209854126,1.602000117301941,-85.07641473394985,-51.11961162999718,0.3324139608560388,-0.41914203017634627,1,320.0,240.0,234.92358526605017,-0.41914203017634627
15.963690996170044,1.602000117301941,-84.79327395338714,-50.81918479500557,0.3321593733366569,-0.41895762290511906,1,320.0,241.0,235.20672604661286,-0.41895762290511906
15.973267078399658,1.5820000171661377,-83.9241158980944,-49.68958434704685,0.3303585237527278,-0.4167769623590879,1,320.0,241.0,236.07588410190561,-0.4167769623590879
15.983855724334717,1.568000078201294,-83.63696049759477,-49.23111517798927,0.3303132997907062,-0.41642584282949807,1,320.0,241.0,236.36303950240523,-0.41642584282949807
15.993526220321655,1.568000078201294,-83.34980509709514,-48.926477957972125,0.33006133693284184,-0.4162441855469542,1,320.0,241.0,236.65019490290484,-0.4162441855469542
16.00351572036743,1.568000078201294,-83.06264969659551,-48.62184073795498,0.3298089171191474,-0.4160620975313095,1,320.0,242.0,236.9373503034045,-0.4160620975313095
16.01399302482605,1.5480000972747803,-82.26352697900607,-47.460339514198864,0.3280796232268289,-0.41420352091521445,1,320.0,242.0,237.7364730209939,-0.41420352091521445
16.02351975440979,1.5480000972747803,-81.97286388629617,-47.1513741275369,0.32782655453274384,-0.4140218652616097,1,320.0,242.0,238.02713611370382,-0.4140218652616097
16.033305644989014,1.5350000858306885,-81.68220079358626,-46.69255272103025,0.3278128831540559,-0.41372255995117163,1,320.0,242.0,238.31779920641372,-0.41372255995117163
16.044066905975342,1.5350000858306885,-81.39153770087636,-46.383587334368286,0.3275626793333436,-0.41354381093182035,1,320.0,243.0,238.60846229912363,-0.41354381093182035
16.05355668067932,1.5150001049041748,-80.65687884046913,-45.19306283107525,0.3259170776560134,-0.4119726188932127,1,320.0,243.0,239.34312115953088,-0.4119726188932127
16.0633282661438,1.5150001049041748,-80.36317344891131,-44.87967512615546,0.3256663086153333,-0.4117950526501439,1,320.0,243.0,239.6368265510887,-0.4117950526501439
16.074005603790283,1.502000093460083,-80.06946805735349,-44.40900704458238,0.32569638731152684,-0.4115306852107807,1,320.0,243.0,239.9305319426465,-0.4115306852107807
16.083982229232788,1.502000093460083,-79.77576266579567,-44.0956193396626,0.3254485162309175,-0.4113560560249887,1,320.0,244.0,240.22423733420433,-0.4113560560249887
16.093376636505127,1.4820001125335693,-79.10039287587564,-42.97937293435483,0.32416840562590654,-0.4100424118461966,1,320.0,244.0,240.89960712412437,-0.4100424118461966
16.103819370269775,1.4820001125335693,-78.80407203295162,-42.66218298525449,0.32392091833467335,-0.40986963085314865,1,320.0,244.0,241.19592796704836,-0.40986963085314865
16.113805055618286,1.4690001010894775,-78.5077511900276,-42.17972257335221,0.32399294310565396,-0.40963884730219985,1,320.0,244.0,241.4922488099724,-0.40963884730219985
16.123917818069458,1.4690001010894775,-78.21143034710359,-41.862532624251855,0.3237483798118475,-0.40946902952097214,1,320.0,245.0,241.7885696528964,-0.40946902952097214
16.13337802886963,1.4500000476837158,-77.59054235134465,-40.825897238197875,0.32276797363837156,-0.40838878756560126,1,320.0,245.0,242.40945764865535,-0.40838878756560126
16.143887042999268,1.4500000476837158,-77.29199712642709,-40.50547315245666,0.32252432895136707,-0.4082211075833835,1,320.0,245.0,242.70800287357292,-0.4082211075833835
16.15363311767578,1.437000036239624,-76.99345190150953,-40.01143465243175,0.32263623959178794,-0.4080223368626154,1,320.0,245.0,243.00654809849047,-0.4080223368626154
16.163734674453735,1.437000036239624,-76.69490667659197,-39.69101056669054,0.3223955387276864,-0.4078576423360634,1,320.0,246.0,243.30509332340802,-0.4078576423360634
16.173256635665894,1.4180001020431519,-76.12403423693314,-38.613322728461696,0.3214501452654644,-0.4069802871180153,1,320.0,246.0,243.87596576306686,-0.4069802871180153
16.184014558792114,1.4180001020431519,-75.82362248917944,-38.289491765330546,0.3212103026459133,-0.40681824453665627,1,320.0,246.0,244.17637751082054,-0.40681824453665627
16.1937038898468,1.40500009059906,-75.52321074142574,-37.78305425023083,0.3213633389557669,-0.4066502877734268,1,320.0,246.0,244.47678925857426,-0.4066502877734268
16.203692197799683,1.40500009059906,-75.22279899367204,-37.45922328709969,0.3211264607397251,-0.4064912493129833,1,320.0,247.0,244.77720100632797,-0.4064912493129833
16.21302890777588,1.3850001096725464,-74.69779278527496,-36.42960083342035,0.3205070105907103,-0.4057956564587291,1,320.0,247.0,245.30220721472506,-0.4057956564587291
16.22367763519287,1.3850001096725464,-74.39584154956468,-36.10290954031108,0.32027204312479,-0.4056400233443341,1,320.0,247.0,245.6041584504353,-0.4056400233443341
16.2331805229187,1.3730000257492065,-74.0938903138544,-35.59854991463213,0.3204319777726808,-0.4055006644434324,1,320.0,247.0,245.9061096861456,-0.4055006644434324
16.243878841400146,1.3730000257492065,-73.79193907814413,-35.27185862152285,0.3201996840533166,-0.4053477489154995,1,320.0,248.0,246.20806092185586,-0.4053477489154995
16.25345730781555,1.3530000448226929,-73.30894461040756,-34.2967243670048,0.3198439179216981,-0.40481497979667175,1,320.0,248.0,246.69105538959244,-0.40481497979667175
16.263000011444092,1.3530000448226929,-73.00575231685977,-33.96767227653567,0.31961418798219376,-0.4046658653851608,1,320.0,248.0,246.99424768314023,-0.4046658653851608
16.27414631843567,1.3410000801086426,-72.70256002331197,-33.45124491990208,0.3198095919012161,-0.4045534422363452,1,320.0,248.0,247.29743997668803,-0.4045534422363452
16.283336877822876,1.3410000801086426,-72.39936772976418,-33.122192829432954,0.3195825423560158,-0.40440705654477777,1,320.0,249.0,247.60063227023582,-0.40440705654477777
16.293821334838867,1.3220000267028809,-71.95480506358709,-32.109657186918525,0.31919829872189953,-0.4040149702383861,1,320.0,249.0,248.0451949364129,-0.4040149702383861
16.30339813232422,1.3220000267028809,-71.65064360423372,-31.77800761631438,0.3189733497774314,-0.40387242547608204,1,320.0,249.0,248.34935639576628,-0.40387242547608204
16.313729763031006,1.309000015258789,-71.34648214488035,-31.2321477982305,0.31924334498860774,-0.40379044500032113,1,320.0,249.0,248.65351785511965,-0.40379044500032113
16.3234760761261,1.309000015258789,-71.04232068552699,-30.900498227626358,0.31902139122826983,-0.4036509418560914,1,320.0,250.0,248.957679314473,-0.4036509418560914
16.33437967300415,1.290000081062317,-70.63286573849194,-29.939046009241995,0.318878115341495,-0.40338581170892984,1,320.0,250.0,249.36713426150806,-0.40338581170892984
16.34310746192932,1.290000081062317,-70.3279823930636,-29.605285756845287,0.31865885264368154,-0.40325044581491654,1,320.0,250.0,249.67201760693638,-0.40325044581491654
16.353734731674194,1.2780001163482666,-70.02309904763527,-29.0625562821515,0.31892621831214407,-0.4031889952249054,1,320.0,250.0,249.97690095236473,-0.4031889952249054
16.363507986068726,1.2780001163482666,-69.71821570220693,-28.728796029754793,0.3187096459909916,-0.4030563732702428,1,320.0,251.0,250.28178429779308,-0.4030563732702428
16.373895168304443,1.2590000629425049,-69.34078296702039,-27.811714922104482,0.3187785217778821,-0.4029030770666596,1,320.0,251.0,250.6592170329796,-0.4029030770666596
16.383352756500244,1.2590000629425049,-69.03540219845549,-27.47628777043479,0.31856514698030775,-0.4027748461473951,1,320.0,251.0,250.96459780154453,-0.4027748461473951
16.393815994262695,1.2470000982284546,-68.73002142989058,-26.919869230983025,0.318866446092852,-0.40273753893680525,1,320.0,251.0,251.2699785701094,-0.40273753893680525
16.403462886810303,1.2470000982284546,-68.42464066132568,-26.584442079313334,0.3186557586407252,-0.4026120564336822,1,320.0,252.0,251.57535933867433,-0.4026120564336822
16.4137442111969,1.2290000915527344,-68.07636719022105,-25.72402014389739,0.3188678123484569,-0.40254924942590187,1,320.0,252.0,251.92363280977895,-0.40254924942590187
16.423271894454956,1.2290000915527344,-67.7706923193844,-25.38732996215196,0.3186604461700828,-0.4024280684555556,1,320.0,252.0,252.2293076806156,-0.4024280684555556
16.434231281280518,1.2170000076293945,-67.46501744854774,-24.816995996396397,0.3189941697254215,-0.402413874127455,1,320.0,252.0,252.53498255145226,-0.402413874127455
16.444008111953735,1.2170000076293945,-67.15934257771109,-24.480305814650965,0.3187894833212632,-0.4022954442565996,1,320.0,253.0,252.84065742228893,-0.4022954442565996
16.453655242919922,1.1990000009536743,-66.83757310781726,-23.65233804569638,0.3191640659449151,-0.402318166983644,1,320.0,253.0,253.16242689218274,-0.402318166983644
16.463338613510132,1.1990000009536743,-66.5317878759677,-23.31475168584741,0.31896306520658746,-0.4022042207881034,1,320.0,253.0,253.4682121240323,-0.4022042207881034
16.473994255065918,1.187000036239624,-66.22600264411813,-22.729755671416072,0.31932824746096633,-0.4022124592179012,1,320.0,253.0,253.77399735588187,-0.4022124592179012
16.48396873474121,1.187000036239624,-65.92021741226856,-22.392169311567102,0.31912991387348344,-0.4021012650786574,1,320.0,254.0,254.07978258773144,-0.4021012650786574
16.49356174468994,1.1690000295639038,-65.6224905251518,-21.69124151970834,0.3198311811288337,-0.40219923121844936,1,320.0,254.0,254.37750947484818,-0.40219923121844936
16.503106355667114,1.1690000295639038,-65.3167605518954,-21.353784135165537,0.3196374528048007,-0.4020926729981301,1,320.0,254.0,254.6832394481046,-0.4020926729981301
16.514232635498047,1.1570000648498535,-65.011030578639,-20.82009221682251,0.3200741718387836,-0.4021227133326593,1,320.0,254.0,254.988969421361,-0.4021227133326593
16.52395510673523,1.1570000648498535,-64.70530060538259,-20.482634832279707,0.31988318626750334,-0.4020189066713114,1,320.0,255.0,255.2946993946174,-0.4020189066713114
16.533539295196533,1.1400001049041748,-64.42933582887343,-20.09643041600809,0.3206986607514296,-0.4021709537265232,1,320.0,255.0,255.57066417112657,-0.4021709537265232
16.543187141418457,1.1400001049041748,-64.12380997265271,-19.758638745093897,0.3205121120047264,-0.40207160286145,1,320.0,255.0,255.8761900273473,-0.40207160286145
16.553896188735962,1.128000020980835,-63.818284116431975,-19.420847074179704,0.32110538687565815,-0.40212255292120147,1,320.0,255.0,256.181715883568,-0.40212255292120147
16.56341552734375,1.128000020980835,-63.51275826021124,-19.08305540326551,0.32092187828234187,-0.402025951814475,1,320.0,256.0,256.4872417397888,-0.402025951814475
16.573158264160156,1.1110000610351562,-63.25644403286678,-18.837875537764724,0.3220085438645285,-0.4022345466103816,1,320.0,256.0,256.7435559671332,-0.4022345466103816
16.583847761154175,1.1110000610351562,-62.95125566044436,-18.500718980635085,0.3218302922660148,-0.4021425033796949,1,320.0,256.0,257.04874433955564,-0.4021425033796949
16.593282461166382,1.100000023841858,-62.64606728802194,-18.163562423505446,0.3223789187375417,-0.4022001641581698,1,320.0,256.0,257.3539327119781,-0.4022001641581698
16.603758096694946,1.100000023841858,-62.34087891559952,-17.826405866375808,0.3222033644040251,-0.40211056244581345,1,320.0,257.0,257.65912108440045,-0.40211056244581345
16.61318349838257,1.0830000638961792,-62.10226134423905,-17.506782203897117,0.32319067286455017,-0.40236839805447006,1,320.0,257.0,257.897738655761,-0.40236839805447006
16.624048948287964,1.0830000638961792,-61.797529515120054,-17.169745887556452,0.3230199352894195,-0.4022834356728952,1,320.0,257.0,258.20247048487994,-0.4022834356728952
16.633368730545044,1.0720000267028809,-61.49279768600106,-16.832709571215787,0.32359038473227697,-0.40235960849548336,1,320.0,257.0,258.50720231399896,-0.40235960849548336
16.644030570983887,1.0720000267028809,-61.18806585688207,-16.495673254875122,0.3234223434602126,-0.4022770839798754,1,320.0,258.0,258.8119341431179,-0.4022770839798754
16.653395891189575,1.0550000667572021,-60.96533820598138,-16.20957321290846,0.32448831711033044,-0.40257786374516635,1,320.0,258.0,259.03466179401863,-0.40257786374516635
16.663862466812134,1.0550000667572021,-60.66116877726697,-15.87288622732067,0.3243252651401939,-0.4025000414450903,1,320.0,258.0,259.338831222733,-0.4025000414450903
16.673362731933594,1.0440000295639038,-60.35699934855256,-15.53619924173288,0.3249167017110688,-0.40259430241039185,1,320.0,258.0,259.64300065144744,-0.40259430241039185
16.68414878845215,1.0440000295639038,-60.05282991983815,-15.199512256145091,0.32475634324933944,-0.40251891347705854,1,320.0,259.0,259.94717008016187,-0.40251891347705854
16.69352674484253,1.027999997138977,-59.84432277851115,-14.94367293478004,0.325820425151818,-0.40284102442865954,1,320.0,259.0,260.1556772214889,-0.40284102442865954
16.702988862991333,1.027999997138977,-59.540809435276486,-14.607540430796412,0.32566485850132254,-0.402770080598453,1,320.0,259.0,260.4591905647235,-0.402770080598453
16.71334934234619,1.0170000791549683,-59.237296092041824,-14.271407926812785,0.32627616082925465,-0.40288173157028295,1,320.0,259.0,260.76270390795816,-0.40288173157028295
16.724097728729248,1.0170000791549683,-58.93378274880716,-13.935275422829157,0.32612328321122286,-0.40281321582192925,1,320.0,260.0,261.0662172511928,-0.40281321582192925
16.73372220993042,1.0010000467300415,-58.737954826908584,-13.706677583634772,0.3272432586222276,-0.40316683089894034,1,320.0,260.0,261.2620451730914,-0.40316683089894034
16.74326491355896,1.0010000467300415,-58.435180042841836,-13.371282604857093,0.3270952826460943,-0.40310279348803846,1,320.0,260.0,261.5648199571582,-0.40310279348803846
16.753249168395996,0.9900000691413879,-58.13240525877509,-13.035887626079415,0.327725743418233,-0.40323147571972534,1,320.0,260.0,261.86759474122493,-0.40323147571972534
16.763757705688477,0.9900000691413879,-57.82963047470834,-12.700492647301736,0.32758045059441326,-0.40316986050031045,1,320.0,261.0,262.1703695252917,-0.40316986050031045
16.77361226081848,0.9740000367164612,-57.645059984476426,-12.496344548795136,0.328320711954717,-0.4034436621597497,1,320.0,261.0,262.3549400155236,-0.4034436621597497
16.783435821533203,0.9740000367164612,-57.343095917194745,-12.161849740775821,0.32817839722147885,-0.4033847340513303,1,320.0,261.0,262.6569040828052,-0.4033847340513303
16.79367756843567,0.9630000591278076,-57.041131849913064,-11.827354932756506,0.32803558074602873,-0.40332535299681,1,320.0,261.0,262.9588681500869,-0.40332535299681
16.804304838180542,0.9630000591278076,-56.739167782631384,-11.492860124737192,0.32789226252836656,-0.40326551899618873,1,320.0,262.0,263.2608322173686,-0.40326551899618873
16.8140606880188,0.9470000267028809,-56.564544366427384,-11.310582376479921,0.32794701658203135,-0.40337135366691657,1,320.0,262.0,263.4354556335726,-0.40337135366691657
16.823566913604736,0.9470000267028809,-56.26345369159534,-10.97713158095447,0.3278034258975505,-0.4033112253235346,1,320.0,262.0,263.7365463084047,-0.4033112253235346
16.834190607070923,0.937000036239624,-55.96236301676329,-10.64368078542902,0.3276593350368765,-0.40325064534414035,1,320.0,262.0,264.0376369832367,-0.40325064534414035
16.843979358673096,0.937000036239624,-55.661272341931245,-10.310229989903569,0.32751474400000913,-0.40318961372873385,1,320.0,263.0,264.33872765806876,-0.40318961372873385
16.853784799575806,0.921000063419342,-55.49538951016449,-10.147441357787187,0.3275922910436257,-0.40330451660689315,1,320.0,263.0,264.5046104898355,-0.40330451660689315
16.86329436302185,0.921000063419342,-55.19522619827529,-9.815161099136699,0.32744751926112214,-0.4032432310564838,1,320.0,263.0,264.8047738017247,-0.4032432310564838
16.873878002166748,0.9110000729560852,-54.89506288638609,-9.48288084048621,0.32730224905823063,-0.4031814952611066,1,320.0,263.0,265.1049371136139,-0.4031814952611066
16.884169578552246,0.9110000729560852,-54.59489957449689,-9.150600581835722,0.32715648043495116,-0.4031193092207615,1,320.0,264.0,265.4051004255031,-0.4031193092207615
16.89324951171875,0.8950000405311584,-54.4366476208622,-8.90410737651213,0.3271221281102126,-0.40324180541355503,1,320.0,264.0,265.56335237913777,-0.40324180541355503
16.904176473617554,0.8950000405311584,-54.1374576602989,-8.572415519967908,0.3269757746423513,-0.40317940041897515,1,320.0,264.0,265.8625423397011,-0.40317940041897515
16.913264274597168,0.8850000500679016,-53.838267699735596,-8.240723663423687,0.3268289236367052,-0.40311654663945434,1,320.0,264.0,266.1617323002644,-0.40311654663945434
16.923394203186035,0.8850000500679016,-53.53907773917229,-7.909031806879465,0.3266815750932743,-0.40305324407499277,1,320.0,264.0,266.4609222608277,-0.40305324407499277
16.93373966217041,0.8700000643730164,-53.23988777860899,-7.577339950335244,0.32653372901205857,-0.40298949272559026,1,320.0,266.0,266.760112221391,-0.40298949272559026
16.943209648132324,0.8700000643730164,-53.019254503675356,-7.392678302139586,0.32657714560955564,-0.4030277480472575,1,320.0,266.0,266.98074549632463,-0.4030277480472575
16.95377826690674,0.859000027179718,-52.720603129877716,-7.061994488688512,0.32642901037083216,-0.4029634762925295,1,320.0,266.0,267.2793968701223,-0.4029634762925295
16.963422060012817,0.859000027179718,-52.42195175608008,-6.731310675237438,0.32628037910638846,-0.4028987565607407,1,320.0,267.0,267.5780482439199,-0.4028987565607407
16.97364902496338,0.8440000414848328,-52.181482563078454,-6.528324008942718,0.3262977823147929,-0.4029094645295514,1,320.0,267.0,267.8185174369215,-0.4029094645295514
16.983191967010498,0.8440000414848328,-51.883230030594206,-6.198515564843415,0.32614877203497245,-0.40284412815900483,1,320.0,267.0,268.1167699694058,-0.40284412815900483
16.993958950042725,0.8340000510215759,-51.58497749810996,-5.868707120744112,0.3259992670424859,-0.4027783444096596,1,320.0,267.0,268.41502250189006,-0.4027783444096596
17.003639698028564,0.8340000510215759,-51.28672496562571,-5.538898676644809,0.32584926733733316,-0.40271211328151557,1,320.0,269.0,268.7132750343743,-0.40271211328151557
17.014017581939697,0.8190000653266907,-50.959599155414104,-5.255523254311264,0.32575933226074405,-0.4026077773787839,1,320.0,269.0,269.0404008445859,-0.4026077773787839
17.023869514465332,0.8190000653266907,-50.66114866532516,-4.926033158889041,0.3256085660646797,-0.40254051286653914,1,320.0,269.0,269.3388513346748,-0.40254051286653914
17.034122943878174,0.8090000152587891,-50.36269817523621,-4.596543063466818,0.32545730563347225,-0.4024728006785593,1,320.0,269.0,269.63730182476377,-0.4024728006785593
17.043747663497925,0.8090000152587891,-50.064247685147265,-4.267052968044595,0.32530555096712166,-0.4024046408148443,1,320.0,271.0,269.9357523148527,-0.4024046408148443
17.05393648147583,0.7950000166893005,-49.658583243401225,-3.9106595451306525,0.32511234519449067,-0.40212170276923503,1,320.0,271.0,270.3414167565988,-0.40212170276923503
17.06324338912964,0.7950000166893005,-49.35939759403252,-3.5809849752948253,0.3249541014009695,-0.40197809365753806,1,320.0,271.0,270.64060240596746,-0.40197809365753806
17.074008226394653,0.7850000262260437,-49.06021194466382,-3.251310405458998,0.3247958576074482,-0.4018344845458411,1,320.0,271.0,270.9397880553362,-0.4018344845458411
17.083646535873413,0.7850000262260437,-48.76102629529512,-2.921635835623171,0.3246376138139271,-0.4016908754341441,1,320.0,273.0,271.2389737047049,-0.4016908754341441
17.093119621276855,0.7700000405311584,-48.28436895264258,-2.4990811805915207,0.32435835510438366,-0.40131603567689184,1,320.0,273.0,271.7156310473574,-0.40131603567689184
17.103463411331177,0.7700000405311584,-47.983966268000714,-2.168769673462961,0.32419980558096195,-0.4011718423882637,1,320.0,273.0,272.0160337319993,-0.4011718423882637
17.113605737686157,0.7610000371932983,-47.68356358335885,-1.8384581663344015,0.32404125605754025,-0.4010276490996356,1,320.0,273.0,272.3164364166412,-0.4010276490996356
17.123703479766846,0.7610000371932983,-47.38316089871698,-1.508146659205842,0.32388270653411855,-0.40088345581100754,1,320.0,273.0,272.616839101283,-0.40088345581100754
17.134249687194824,0.7460000514984131,-47.08275821407511,-1.1778351520772823,0.3237241570106968,-0.40073926252237946,1,320.0,274.0,272.9172417859249,-0.40073926252237946
17.14395570755005,0.7460000514984131,-46.67066009374391,-0.7260202393210307,0.32340733139351474,-0.40044956946639554,1,320.0,274.0,273.3293399062561,-0.40044956946639554
17.15370011329651,0.737000048160553,-46.369491692783505,-0.39487577836697696,0.3232483820522568,-0.40030500863393453,1,320.0,274.0,273.6305083072165,-0.40030500863393453
17.163452863693237,0.737000048160553,-46.0683232918231,-0.06373131741292326,0.3230894327109989,-0.40016044780147353,1,320.0,277.0,273.9316767081769,-0.40016044780147353
17.173250913619995,0.7220000624656677,-45.45881401653636,0.5752925627762444,0.32252945077464307,-0.3996142532992043,1,320.0,277.0,274.54118598346366,-0.3996142532992043
17.184000968933105,0.7220000624656677,-45.155532031824855,0.9085474443458388,0.32236948843148966,-0.3994686779465427,1,320.0,277.0,274.84446796817514,-0.3994686779465427
17.19381546974182,0.7130000591278076,-44.85225004711335,1.2418023259154332,0.32220952608833625,-0.39932310259388126,1,320.0,277.0,275.14774995288667,-0.39932310259388126
17.203518629074097,0.7130000591278076,-44.54896806240185,1.5750572074850275,0.32204956374518284,-0.3991775272412197,1,320.0,277.0,275.45103193759815,-0.3991775272412197
17.213189125061035,0.6990000605583191,-44.245686077690344,1.908312089054622,0.32188960140202943,-0.39903195188855817,1,320.0,280.0,275.7543139223097,-0.39903195188855817
17.22376275062561,0.6990000605583191,-43.50548329671934,2.55973056518064,0.3213152591322579,-0.3983173258632565,1,320.0,280.0,276.4945167032807,-0.3983173258632565
17.23436212539673,0.690000057220459,-43.19920690625421,2.8951659584271603,0.3211542501434996,-0.3981703131958333,1,320.0,280.0,276.80079309374577,-0.3981703131958333
17.24417805671692,0.690000057220459,-42.89293051578908,3.2306013516736805,0.32099324115474126,-0.39802330052841,1,320.0,282.0,277.1070694842109,-0.39802330052841
17.253934860229492,0.6760000586509705,-42.09598873049219,4.144594780148363,0.320078727026144,-0.3972372527522599,1,320.0,282.0,277.9040112695078,-0.3972372527522599
17.263408422470093,0.6760000586509705,-41.78634970903366,4.48399515075263,0.31991581484825393,-0.39708862602195977,1,320.0,282.0,278.21365029096637,-0.39708862602195977
17.273475408554077,0.6660000085830688,-41.47671068757513,4.823395521356897,0.31975290267036394,-0.3969399992916597,1,320.0,282.0,278.5232893124249,-0.3969399992916597
17.284261465072632,0.6660000085830688,-41.1670716661166,5.162795891961164,0.31958999049247383,-0.3967913725613596,1,320.0,285.0,278.8329283338834,-0.3967913725613596
17.29335117340088,0.6530000567436218,-40.238378974086395,6.188518155463825,0.31853306857135366,-0.39583636034518166,1,320.0,285.0,279.7616210259136,-0.39583636034518166
17.30371594429016,0.6530000567436218,-39.924496288261174,6.532623319690082,0.3183678980925251,-0.3956856966559856,1,320.0,285.0,280.0755037117388,-0.3956856966559856
17.31404161453247,0.6430000066757202,-39.610613602435954,6.876728483916338,0.3182027276136965,-0.3955350329667895,1,320.0,285.0,280.38938639756407,-0.3955350329667895
17.32406497001648,0.6430000066757202,-39.296730916610734,7.2208336481425945,0.31803755713486787,-0.39538436927759335,1,320.0,285.0,280.7032690833893,-0.39538436927759335
17.334043502807617,0.6300000548362732,-38.982848230785514,7.564938812368851,0.3178723866560393,-0.39523370558839727,1,320.0,290.0,281.0171517692145,-0.39523370558839727
17.34347105026245,0.6300000548362732,-37.74540473560303,8.67347091019687,0.31671156460962896,-0.39388012147976886,1,320.0,290.0,282.254595264397,-0.39388012147976886
17.353909254074097,0.6210000514984131,-37.42519195618664,9.022815463085234,0.31654387922424254,-0.393726419345649,1,320.0,290.0,282.5748080438134,-0.393726419345649
17.363524436950684,0.6210000514984131,-37.10497917677024,9.372160015973597,0.3163761938388561,-0.39357271721152914,1,320.0,290.0,282.89502082322974,-0.39357271721152914
17.373136520385742,0.6070000529289246,-36.78476639735385,9.72150456886196,0.3162085084534697,-0.39341901507740923,1,320.0,294.0,283.21523360264615,-0.39341901507740923
17.383690118789673,0.6070000529289246,-35.35864319590351,11.022300865814763,0.31480186398750604,-0.3918252212431777,1,320.0,294.0,284.6413568040965,-0.3918252212431777
17.393083810806274,0.5980000495910645,-35.030853294007656,11.378164270731679,0.3146310495531459,-0.3916678820902677,1,320.0,294.0,284.96914670599233,-0.3916678820902677
17.404040575027466,0.5980000495910645,-34.7030633921118,11.734027675648594,0.3144602351187858,-0.39151054293735765,1,320.0,294.0,285.2969366078882,-0.39151054293735765
17.413150787353516,0.5850000381469727,-34.375273490215946,12.08989108056551,0.31428942068442567,-0.39135320378444766,1,320.0,298.0,285.62472650978407,-0.39135320378444766
17.42371416091919,0.5850000381469727,-32.78134528240487,13.664300899219532,0.3125321084426881,-0.3895474041186462,1,320.0,298.0,287.21865471759514,-0.3895474041186462
17.44012689590454,0.5760000348091125,-32.44488276279191,14.028510933542979,0.31235728762621284,-0.38938590210923196,1,320.0,298.0,287.5551172372081,-0.38938590210923196
17.448145151138306,0.5760000348091125,-32.108420243178955,14.392720967866424,0.3121824668097376,-0.38922440009981774,1,320.0,298.0,287.89157975682105,-0.38922440009981774
17.453641176223755,0.5630000233650208,-31.771957723565997,14.75693100218987,0.3120076459932623,-0.3890628980904035,1,320.0,303.0,288.228042276434,-0.3890628980904035
17.463386297225952,0.5630000233650208,-29.927084444065414,16.473432191419814,0.3100723982278902,-0.38693773097671236,1,320.0,303.0,290.07291555593457,-0.38693773097671236
17.473845720291138,0.5540000200271606,-29.58029169162303,16.846903285697778,0.30989313210263675,-0.38677127045554005,1,320.0,303.0,290.419708308377,-0.38677127045554005
17.486173152923584,0.5540000200271606,-29.23349893918065,17.220374379975738,0.3097138659773833,-0.3866048099343677,1,320.0,303.0,290.76650106081934,-0.3866048099343677
17.49371886253357,0.5410000085830688,-28.886706186738266,17.593845474253698,0.30953459985212994,-0.3864383494131953,1,320.0,309.0,291.11329381326175,-0.3864383494131953
17.503986597061157,0.5410000085830688,-26.71649333037894,19.537862402572642,0.3073109256251552,-0.38389830974998823,1,320.0,309.0,293.28350666962103,-0.38389830974998823
17.514350414276123,0.5330000519752502,-26.3572144321686,19.92208804769545,0.3071264973154963,-0.3837258558788473,1,320.0,309.0,293.6427855678314,-0.3837258558788473
17.524928092956543,0.5330000519752502,-25.997935533958263,20.306313692818257,0.3069420690058373,-0.3835534020077063,1,320.0,309.0,294.00206446604176,-0.3835534020077063
17.535242080688477,0.5200000405311584,-25.638656635747925,20.690539337941065,0.3067576406961784,-0.38338094813656537,1,320.0,316.0,294.3613433642521,-0.38338094813656537
17.544204473495483,0.5200000405311584,-23.076629157687744,22.938611669578513,0.3041470973695127,-0.3803412405117064,1,320.0,316.0,296.92337084231224,-0.3803412405117064
17.55433201789856,0.5120000243186951,-22.70226747251582,23.335599553096987,0.3039565431854238,-0.3801615469028239,1,320.0,316.0,297.2977325274842,-0.3801615469028239
17.564804553985596,0.5120000243186951,-22.327905787343898,23.73258743661546,0.30376598900133495,-0.37998185329394135,1,320.0,316.0,297.6720942126561,-0.37998185329394135
17.57335329055786,0.49900001287460327,-21.953544102171975,24.12957532013393,0.3035754348172461,-0.3798021596850588,1,320.0,323.0,298.046455897828,-0.3798021596850588
17.584052801132202,0.49900001287460327,-19.04209988665049,26.6485058679674,0.3006228342161429,-0.37632004898900967,1,320.0,323.0,300.9579001133495,-0.37632004898900967
17.593095779418945,0.4910000264644623,-18.650366389206912,27.060023034303732,0.30042530597630146,-0.3761320169102368,1,320.0,323.0,301.3496336107931,-0.3761320169102368
17.604187488555908,0.4910000264644623,-18.258632891763334,27.471540200640067,0.30022777773646,-0.37594398483146385,1,320.0,323.0,301.74136710823666,-0.37594398483146385
17.613456964492798,0.4790000319480896,-17.866899394319756,27.8830573669764,0.30003024949661855,-0.3757559527526909,1,320.0,331.0,302.1331006056802,-0.3757559527526909
17.623836517333984,0.4790000319480896,-14.543277127236465,30.744030302633092,0.2966443246654841,-0.37175155286019623,1,320.0,331.0,305.4567228727635,-0.37175155286019623
17.63412880897522,0.4710000157356262,-14.131468119757095,31.172319617486252,0.2964387457943546,-0.3715538845366061,1,320.0,331.0,305.8685318802429,-0.3715538845366061
17.644572734832764,0.4710000157356262,-13.719659112277725,31.600608932339412,0.2962331669232251,-0.371356216213016,1,320.0,331.0,306.2803408877223,-0.371356216213016
17.65387535095215,0.45900002121925354,-13.307850104798355,32.02889824719257,0.2960275880520956,-0.3711585478894259,1,320.0,340.0,306.6921498952016,-0.3711585478894259
17.663514375686646,0.45900002121925354,-9.516127325390524,35.29555484582027,0.29212726967146246,-0.36656120196835,1,320.0,340.0,310.4838726746095,-0.36656120196835
17.673215866088867,0.45100003480911255,-9.08117399301982,35.743280187450864,0.2919123615074798,-0.3663524243688121,1,320.0,340.0,310.91882600698017,-0.3663524243688121
17.684153079986572,0.45100003480911255,-8.646220660649117,36.19100552908145,0.2916974533434971,-0.36614364676927413,1,320.0,340.0,311.35377933935087,-0.36614364676927413
17.693325757980347,0.4390000104904175,-8.211267328278414,36.638730870712045,0.29148254517951444,-0.3659348691697362,1,320.0,351.0,311.78873267172156,-0.3659348691697362
17.704041957855225,0.4390000104904175,-3.8003811732610258,40.26641717221368,0.2871280711408492,-0.36055035638339716,1,320.0,351.0,316.19961882673897,-0.36055035638339716
17.7132306098938,0.4310000240802765,-3.338200445624233,40.7359190522938,0.28690271023841074,-0.3603285096341315,1,320.0,351.0,316.66179955437576,-0.3603285096341315
17.724958419799805,0.4310000240802765,-2.8760197179874405,41.205420932373926,0.2866773493359723,-0.3601066628848658,1,320.0,351.0,317.12398028201255,-0.3601066628848658
17.73378038406372,0.4190000295639038,-2.413838990350648,41.67492281245406,0.2864519884335338,-0.3598848161356002,1,320.0,363.0,317.58616100964935,-0.3598848161356002
17.743216276168823,0.4190000295639038,2.650218618837197,45.82531881305642,0.28143472581996903,-0.3536721038571819,1,320.0,363.0,322.6502186188372,-0.3536721038571819
17.75354814529419,0.41200003027915955,3.1439157183573903,46.320029630913844,0.28119726462739747,-0.3534351292494122,1,320.0,363.0,323.1439157183574,-0.3534351292494122
17.76634693145752,0.41200003027915955,3.6376128178775837,46.81474044877127,0.2809598034348259,-0.3531981546416425,1,320.0,363.0,323.6376128178776,-0.3531981546416425
17.774388313293457,0.4000000059604645,4.131309917397777,47.30945126662869,0.28072234224225434,-0.35296118003387283,1,320.0,377.0,324.1313099173978,-0.35296118003387283
17.78388524055481,0.4000000059604645,9.979353838719138,52.02642779148405,0.27498789957736436,-0.34575336386418376,1,320.0,377.0,329.97935383871913,-0.34575336386418376
17.79302144050598,0.3930000066757202,10.509723897301456,52.55005772544948,0.2747365572090609,-0.3454987862360642,1,320.0,377.0,330.50972389730146,-0.3454987862360642
17.803462266921997,0.3930000066757202,11.040093955883773,53.0736876594149,0.2744852148407575,-0.3452442086079447,1,320.0,377.0,331.0400939558838,-0.3452442086079447
17.81374478340149,0.3930000066757202,11.57046401446609,53.59731759338032,0.2742338724724541,-0.3449896309798252,1,320.0,394.0,331.5704640144661,-0.3449896309798252
17.8233802318573,0.38100001215934753,18.42052389253701,59.12193983222027,0.26747133632501763,-0.3365069413031035,1,320.0,394.0,338.420523892537,-0.3365069413031035
17.83363699913025,0.37400001287460327,18.99418279224639,59.67982574512563,0.26720355108682303,-0.33623158503124295,1,320.0,394.0,338.9941827922464,-0.33623158503124295
17.843158721923828,0.37400001287460327,19.567841691955774,60.237711658030996,0.26693576584862844,-0.33595622875938247,1,320.0,394.0,339.5678416919558,-0.33595622875938247
17.85414981842041,0.3630000054836273,20.141500591665157,60.79559757093636,0.2666679806104339,-0.335680872487522,1,320.0,413.0,340.14150059166514,-0.335680872487522
17.86367130279541,0.3630000054836273,28.087661813858286,67.2431476352003,0.2587315001446902,-0.3258060769399119,1,320.0,413.0,348.0876618138583,-0.3258060769399119
17.873528957366943,0.3630000054836273,28.711826031575647,67.84138068506314,0.258444348280756,-0.32550647811540756,1,320.0,413.0,348.71182603157564,-0.32550647811540756
17.88419771194458,0.35500001907348633,29.33599024929301,68.43961373492598,0.2581571964168219,-0.3252068792909032,1,320.0,413.0,349.335990249293,-0.3252068792909032
17.89435887336731,0.3450000286102295,29.96015446701037,69.03784678478883,0.2578700445528877,-0.3249072804663989,1,320.0,437.0,349.9601544670104,-0.3249072804663989
17.904017210006714,0.3450000286102295,39.38889931186011,76.61199798438977,0.24849927176202555,-0.31314288645354404,1,320.0,437.0,359.3888993118601,-0.31314288645354404
17.913516998291016,0.3450000286102295,40.07338516697186,77.2580242027114,0.24818917917723118,-0.31281433324309044,1,320.0,437.0,360.0733851669719,-0.31281433324309044
17.923177003860474,0.3370000123977661,40.75787102208361,77.90405042103302,0.2478790865924368,-0.3124857800326368,1,320.0,437.0,360.75787102208363,-0.3124857800326368
17.93411684036255,0.3270000219345093,41.442356877195365,78.55007663935464,0.24756899400764243,-0.31215722682218316,1,320.0,,361.4423568771954,-0.31215722682218316
17.94359564781189,0.3270000219345093,42.12684273230712,79.19610285767627,0.24725890142284804,-0.3118286736117295,1,320.0,,362.1268427323071,-0.3118286736117295
17.953468322753906,0.3270000219345093,42.81132858741887,79.84212907599789,0.24694880883805365,-0.31150012040127584,1,320.0,,362.81132858741887,-0.31150012040127584
17.964099884033203,0.3190000057220459,43.49581444253062,80.48815529431951,0.24663871625325928,-0.31117156719082223,1,320.0,,363.4958144425306,-0.31117156719082223
17.97416377067566,0.3190000057220459,44.180300297642376,81.13418151264113,0.2463286236684649,-0.31084301398036857,1,320.0,,364.18030029764236,-0.31084301398036857
17.98389482498169,0.30900001525878906,44.86478615275413,81.78020773096276,0.24601853108367053,-0.31051446076991496,1,320.0,,364.8647861527541,-0.31051446076991496
17.99344825744629,0.30900001525878906,45.54927200786588,82.42623394928438,0.24570843849887614,-0.3101859075594613,1,320.0,,365.54927200786585,-0.3101859075594613
18.004496097564697,0.3020000159740448,46.23375786297763,83.072260167606,0.24539834591408177,-0.30985735434900763,1,320.0,,366.23375786297765,-0.30985735434900763
18.013890266418457,0.29100000858306885,46.918243718089386,83.71828638592763,0.24508825332928738,-0.309528801138554,1,320.0,,366.9182437180894,-0.309528801138554
18.023356676101685,0.29100000858306885,47.60272957320114,84.36431260424925,0.244778160744493,-0.30920024792810036,1,320.0,,367.60272957320115,-0.30920024792810036
18.03401517868042,0.2840000092983246,48.28721542831289,85.01033882257087,0.24446806815969863,-0.30887169471764675,1,320.0,,368.2872154283129,-0.30887169471764675
18.043553590774536,0.2840000092983246,48.97170128342464,85.6563650408925,0.24415797557490426,-0.3085431415071931,1,320.0,,368.97170128342464,-0.3085431415071931
18.05344271659851,0.2840000092983246,49.656187138536396,86.30239125921412,0.24384788299010987,-0.3082145882967394,1,320.0,,369.6561871385364,-0.3082145882967394
18.063819408416748,0.27400001883506775,50.34067299364815,86.94841747753574,0.24353779040531548,-0.3078860350862858,1,320.0,,370.3406729936481,-0.3078860350862858
18.074007511138916,0.27400001883506775,51.0251588487599,87.59444369585736,0.24322769782052112,-0.30755748187583215,1,320.0,,371.02515884875993,-0.30755748187583215
18.083856344223022,0.2670000195503235,51.70964470387165,88.24046991417899,0.24291760523572672,-0.30722892866537854,1,320.0,,371.7096447038717,-0.30722892866537854
18.093966245651245,0.2670000195503235,52.394130558983406,88.88649613250061,0.24260751265093236,-0.3069003754549249,1,320.0,,372.3941305589834,-0.3069003754549249
18.10369086265564,0.25600001215934753,53.07861641409516,89.53252235082223,0.24229742006613797,-0.3065718222444712,1,320.0,,373.07861641409517,-0.3065718222444712
18.11370277404785,0.25600001215934753,53.76310226920691,90.17854856914386,0.2419873274813436,-0.3062432690340176,1,320.0,,373.7631022692069,-0.3062432690340176
18.12383460998535,0.24900001287460327,54.44758812431866,90.82457478746548,0.24167723489654921,-0.30591471582356394,1,320.0,,374.44758812431866,-0.30591471582356394
18.13495969772339,0.24900001287460327,55.132073979430416,91.4706010057871,0.24136714231175482,-0.30558616261311033,1,320.0,,375.1320739794304,-0.30558616261311033
18.143888235092163,0.23900000751018524,55.81655983454217,92.11662722410873,0.24105704972696046,-0.30525760940265667,1,320.0,,375.81655983454215,-0.30525760940265667
18.15376043319702,0.23900000751018524,56.50104568965392,92.76265344243035,0.24074695714216607,-0.304929056192203,1,320.0,,376.5010456896539,-0.304929056192203
18.163684368133545,0.23200000822544098,57.185531544765674,93.40867966075197,0.2404368645573717,-0.3046005029817494,1,320.0,,377.1855315447657,-0.3046005029817494
18.17367649078369,0.23200000822544098,57.870017399877426,94.0547058790736,0.2401267719725773,-0.30427194977129574,1,320.0,,377.87001739987744,-0.30427194977129574
18.183688163757324,0.22200001776218414,58.55450325498918,94.70073209739522,0.23981667938778295,-0.3039433965608421,1,320.0,,378.5545032549892,-0.3039433965608421
18.194063425064087,0.22200001776218414,59.23898911010093,95.34675831571684,0.23950658680298856,-0.30361484335038846,1,320.0,,379.23898911010093,-0.30361484335038846
18.204626321792603,0.2150000035762787,59.923474965212684,95.99278453403846,0.2391964942181942,-0.3032862901399348,1,320.0,,379.9234749652127,-0.3032862901399348
18.2138774394989,0.2150000035762787,60.607960820324436,96.63881075236009,0.2388864016333998,-0.3029577369294812,1,320.0,,380.6079608203244,-0.3029577369294812
18.223522663116455,0.20400001108646393,61.29244667543619,97.28483697068171,0.23857630904860544,-0.30262918371902753,1,320.0,,381.29244667543617,-0.30262918371902753
18.233859062194824,0.20400001108646393,61.97693253054794,97.93086318900333,0.23826621646381105,-0.3023006305085739,1,320.0,,381.97693253054797,-0.3023006305085739
18.244436025619507,0.19700001180171967,62.661418385659694,98.57688940732496,0.23795612387901666,-0.30197207729812026,1,320.0,,382.6614183856597,-0.30197207729812026
