time,alt,pos_x_est,pos_y_est,vel_x_cmd,vel_y_cmd,target_visible,setpoint_x,raw_x,filtered_x,cmd_y
9.014243364334106,4.509000301361084,-106.48397924700058,-102.69056028407049,0.14570672784120794,-0.15053308832459966,1,320.0,220.0,213.51602075299942,-0.15053308832459966
9.023838996887207,4.5320000648498535,-105.90293054793467,-102.00744036493373,0.14378677081955696,-0.1490180006052943,1,320.0,220.0,214.09706945206534,-0.1490180006052943
9.033284425735474,4.5320000648498535,-105.97250571259734,-102.07528820619504,0.1443785646701015,-0.1496313533314525,1,320.0,220.0,214.02749428740265,-0.1496313533314525
9.04394268989563,4.548000335693359,-106.04208087726,-102.16148465886549,0.14499280783660035,-0.15024505393343396,1,320.0,220.0,213.95791912274,-0.15024505393343396
9.053811311721802,4.548000335693359,-106.11165604192267,-102.2293325001268,0.14558537190861456,-0.1508591024112388,1,320.0,,213.88834395807731,-0.1508591024112388
9.06379747390747,4.570000171661377,-106.18123120658534,-102.32219167591981,0.14620841387794578,-0.1514734987648669,1,320.0,,213.81876879341468,-0.1514734987648669
9.073383331298828,4.570000171661377,-106.250806371248,-102.39003951718112,0.14680178148504527,-0.15208824299431833,1,320.0,,213.74919362875198,-0.15208824299431833
9.083908557891846,4.583000183105469,-106.32038153591067,-102.47254995387343,0.14741315675884537,-0.1527033350995931,1,320.0,,213.67961846408934,-0.1527033350995931
9.093453407287598,4.583000183105469,-106.38995670057334,-102.54039779513474,0.14800727615733464,-0.15331877508069117,1,320.0,,213.61004329942665,-0.15331877508069117
9.104038953781128,4.599000453948975,-106.459531865236,-102.62617429792053,0.1486233388321672,-0.15393456293761254,1,320.0,,213.540468134764,-0.15393456293761254
9.11356496810913,4.599000453948975,-106.52910702989867,-102.69402213918184,0.14921822635237666,-0.15455069867035726,1,320.0,,213.47089297010132,-0.15455069867035726
9.123970985412598,4.607000350952148,-106.59868219456133,-102.77078566559145,0.14982419651239615,-0.15516718227892523,1,320.0,,213.40131780543868,-0.15516718227892523
9.133772134780884,4.607000350952148,-106.668257359224,-102.83863350685276,0.150419807089444,-0.15578401376331658,1,320.0,220.0,213.33174264077599,-0.15578401376331658
9.143129348754883,4.616000175476074,-105.93516057372283,-101.85890960271178,0.14759347592487362,-0.15379460441969914,1,320.0,220.0,214.06483942627716,-0.15379460441969914
9.153568506240845,4.616000175476074,-105.9992711750392,-101.91955758721437,0.14817585129421282,-0.15440153349715396,1,320.0,220.0,214.0007288249608,-0.15440153349715396
9.163773775100708,4.619000434875488,-106.06338177635557,-101.9835275651673,0.14876253290558214,-0.1550087831276154,1,320.0,220.0,213.93661822364442,-0.1550087831276154
9.173810720443726,4.619000434875488,-106.12749237767194,-102.04417554966989,0.1493455313647336,-0.1556163533110834,1,320.0,219.0,213.87250762232804,-0.1556163533110834
9.183393716812134,4.621000289916992,-105.59056886150526,-101.28908658325584,0.147281014395152,-0.15427665111122643,1,320.0,219.0,214.40943113849474,-0.15427665111122643
9.193939208984375,4.621000289916992,-105.65060164007242,-101.34418504894909,0.14785385347922866,-0.1548769434537074,1,320.0,219.0,214.3493983599276,-0.1548769434537074
9.203721523284912,4.62000036239624,-105.71063441863959,-101.39817784838282,0.14842563572779105,-0.1554775359600812,1,320.0,219.0,214.2893655813604,-0.1554775359600812
9.213782548904419,4.62000036239624,-105.77066719720675,-101.45327631407606,0.1489990202681933,-0.15607842863034782,1,320.0,218.0,214.22933280279324,-0.15607842863034782
9.223301649093628,4.61400032043457,-105.39860589039789,-100.88452774635051,0.14756783214499794,-0.15528166250354197,1,320.0,218.0,214.6013941096021,-0.15528166250354197
9.233937978744507,4.61400032043457,-105.45571438367143,-100.93544917044157,0.14813361509975942,-0.1558774712673886,1,320.0,218.0,214.54428561632858,-0.1558774712673886
9.243378639221191,4.609000205993652,-105.51282287694498,-100.98081935515113,0.14869296341818664,-0.15647356557370157,1,320.0,218.0,214.487177123055,-0.15647356557370157
9.253946304321289,4.609000205993652,-105.56993137021853,-101.03174077924218,0.1492592278309921,-0.15706994542248093,1,320.0,216.0,214.4300686297815,-0.15706994542248093
9.263633251190186,4.5980000495910645,-105.45057856241849,-100.73582569564185,0.14872968318549568,-0.15709632359247175,1,320.0,216.0,214.54942143758151,-0.15709632359247175
9.27312445640564,4.5980000495910645,-105.50649488451381,-100.78448670082074,0.14929199882521446,-0.1576909556534087,1,320.0,216.0,214.4935051154862,-0.1576909556534087
9.283778667449951,4.589000225067139,-105.56241120660914,-100.82307459273052,0.14984241966846984,-0.15828586729595615,1,320.0,216.0,214.43758879339086,-0.15828586729595615
9.29325532913208,4.589000225067139,-105.61832752870447,-100.8717355979094,0.15040517155267405,-0.15888105852011408,1,320.0,,214.38167247129553,-0.15888105852011408
9.303998708724976,4.574000358581543,-105.6742438507998,-100.90351661997735,0.15094782636225546,-0.15947652932588247,1,320.0,,214.3257561492002,-0.15947652932588247
9.313528299331665,4.574000358581543,-105.73016017289513,-100.95217762515624,0.15151098045659592,-0.16007227971326132,1,320.0,,214.26983982710487,-0.16007227971326132
9.324467420578003,4.562000274658203,-105.78607649499045,-100.98725160032248,0.152058005484797,-0.16066830968225065,1,320.0,,214.21392350500955,-0.16066830968225065
9.333099842071533,4.562000274658203,-105.84199281708578,-101.03591260550137,0.1526215782540392,-0.16126461923285051,1,320.0,,214.15800718291422,-0.16126461923285051
9.34408974647522,4.543000221252441,-105.89790913918111,-101.06290874780315,0.15315928816854035,-0.1618612083650608,1,320.0,,214.1020908608189,-0.1618612083650608
9.353582620620728,4.543000221252441,-105.95382546127644,-101.11156975298204,0.15372323922351994,-0.16245807707888157,1,320.0,,214.04617453872356,-0.16245807707888157
9.364329814910889,4.53000020980835,-106.00974178337177,-101.14529891343727,0.1542694407106334,-0.16305522537431283,1,320.0,,213.99025821662823,-0.16305522537431283
9.373950719833374,4.53000020980835,-106.0656581054671,-101.19395991861616,0.15483380371644115,-0.16365265325135456,1,320.0,,213.9343418945329,-0.16365265325135456
9.38332486152649,4.508000373840332,-106.12157442756242,-101.21714845182838,0.15536771569855493,-0.16425036071000676,1,320.0,,213.87842557243758,-0.16425036071000676
9.393961668014526,4.508000373840332,-106.17749074965775,-101.26580945700726,0.15593243795205464,-0.16484834775026944,1,320.0,,213.82250925034225,-0.16484834775026944
9.403441667556763,4.493000030517578,-106.23340707175308,-101.29695403149039,0.15647629621159184,-0.1654466143721426,1,320.0,,213.76659292824692,-0.1654466143721426
9.414216756820679,4.493000030517578,-106.2893233938484,-101.34561503666927,0.15704141749298986,-0.16604516057562624,1,320.0,,213.7106766061516,-0.16604516057562624
9.423469543457031,4.470000267028809,-106.34523971594373,-101.36718160917772,0.15757413328804587,-0.16664398636072034,1,320.0,,213.65476028405627,-0.16664398636072034
9.433865070343018,4.470000267028809,-106.40115603803906,-101.4158426143566,0.15813960570733235,-0.16724309172742494,1,320.0,,213.59884396196094,-0.16724309172742494
9.443239450454712,4.453999996185303,-106.45707236013439,-101.44548361228094,0.15868240232290293,-0.16784247667573998,1,320.0,,213.5429276398656,-0.16784247667573998
9.453790187835693,4.453999996185303,-106.51298868222972,-101.49414461745982,0.15924826625220487,-0.16844214120566556,1,320.0,207.0,213.48701131777028,-0.16844214120566556
9.46317744255066,4.429000377655029,-107.55003934586873,-102.0243809206744,0.16140763700628277,-0.17216707457354963,1,320.0,207.0,212.44996065413127,-0.17216707457354963
9.473720073699951,4.429000377655029,-107.61243140921336,-102.07641847680534,0.16198046416602394,-0.17278000720660924,1,320.0,207.0,212.38756859078666,-0.17278000720660924
9.483254671096802,4.413000106811523,-107.67482347255799,-102.10906823752582,0.16253018922007614,-0.1733932517999856,1,320.0,207.0,212.325176527442,-0.1733932517999856
9.4941246509552,4.413000106811523,-107.73721553590262,-102.16110579365676,0.16310343981640152,-0.17400680835367868,1,320.0,205.0,212.26278446409736,-0.17400680835367868
9.503736019134521,4.388000011444092,-108.82913527175423,-102.84399067998481,0.16573970031328727,-0.17788873217411538,1,320.0,205.0,211.17086472824576,-0.17788873217411538
9.513609170913696,4.388000011444092,-108.89828558330237,-102.90037016504873,0.16632185754618922,-0.17851620397588966,1,320.0,205.0,211.10171441669763,-0.17851620397588966
9.523315906524658,4.371000289916992,-108.96743589485051,-102.93574360775234,0.16687898439547233,-0.17914402152922165,1,320.0,205.0,211.0325641051495,-0.17914402152922165
9.533798933029175,4.371000289916992,-109.03658620639865,-102.99212309281626,0.1674616003930131,-0.17977218483411145,1,320.0,203.0,210.96341379360135,-0.17977218483411145
9.54338550567627,4.345000267028809,-110.17502698884738,-103.79262203848778,0.17046493162972817,-0.18378730935386262,1,320.0,203.0,209.82497301115262,-0.18378730935386262
9.554111957550049,4.345000267028809,-110.2511710352151,-103.85408075485742,0.17105795249314604,-0.18442993806467994,1,320.0,203.0,209.7488289647849,-0.18442993806467994
9.563915252685547,4.328000068664551,-110.32731508158281,-103.89409805526219,0.17162544374390806,-0.18507294749572914,1,320.0,203.0,209.6726849184172,-0.18507294749572914
9.573629379272461,4.328000068664551,-110.40345912795053,-103.95555677163183,0.1722189719874098,-0.18571633764701015,1,320.0,,209.59654087204947,-0.18571633764701015
9.583719253540039,4.302000045776367,-110.47960317431824,-103.98388265326311,0.17277288245863362,-0.186360108518523,1,320.0,,209.52039682568176,-0.186360108518523
9.593173027038574,4.302000045776367,-110.55574722068596,-104.04534136963275,0.17336685962512538,-0.1870042601102677,1,320.0,,209.44425277931404,-0.1870042601102677
9.60360312461853,4.2860002517700195,-110.63189126705367,-104.08620338224495,0.17393632505717124,-0.1876487924222442,1,320.0,,209.36810873294633,-0.1876487924222442
9.613828659057617,4.2860002517700195,-110.70803531342139,-104.14766209861459,0.17453081382730787,-0.18829370545445256,1,320.0,199.0,209.2919646865786,-0.18829370545445256
9.623939990997314,4.260000228881836,-112.20862028011395,-105.21614114192425,0.178369179137971,-0.19343377382843946,1,320.0,199.0,207.79137971988604,-0.19343377382843946
9.633718013763428,4.260000228881836,-112.29402540419018,-105.28436689080382,0.17897747187108048,-0.19409773010435186,1,320.0,199.0,207.70597459580983,-0.19409773010435186
9.64387035369873,4.243000030517578,-112.37943052826641,-105.3302510842549,0.17955918415864308,-0.19476211340588467,1,320.0,199.0,207.62056947173357,-0.19476211340588467
9.6547110080719,4.243000030517578,-112.46483565234264,-105.39847683313447,0.1801680474414642,-0.19542692373303783,1,320.0,197.0,207.53516434765737,-0.19542692373303783
9.663475751876831,4.218000411987305,-113.93626664407907,-106.51406898081163,0.18414229959841594,-0.2004597850748746,1,320.0,197.0,206.06373335592093,-0.2004597850748746
9.674308776855469,4.218000411987305,-114.03066331088374,-106.58930463380732,0.18476552890517978,-0.20114321439159463,1,320.0,197.0,205.96933668911626,-0.20114321439159463
9.683836698532104,4.202000141143799,-114.12505997768841,-106.64307969945317,0.1853632743824521,-0.20182711569164868,1,320.0,197.0,205.8749400223116,-0.20182711569164868
9.693434715270996,4.202000141143799,-114.21945664449308,-106.71831535244885,0.18598714874280914,-0.20251148897503674,1,320.0,194.0,205.78054335550692,-0.20251148897503674
9.703418970108032,4.177000045776367,-115.79906099857392,-107.87401487720805,0.19008033082448245,-0.2078741859539383,1,320.0,194.0,204.2009390014261,-0.2078741859539383
9.714460372924805,4.177000045776367,-115.90308492020863,-107.956473772129,0.1907190638672482,-0.20857853008450097,1,320.0,194.0,204.09691507979136,-0.20857853008450097
9.723533868789673,4.160000324249268,-116.00710884184333,-108.01565697380764,0.19133016199413164,-0.20928339433467183,1,320.0,194.0,203.99289115815668,-0.20928339433467183
9.734426736831665,4.160000324249268,-116.11113276347804,-108.09811586872858,0.1919696032473804,-0.20998877870445087,1,320.0,192.0,203.88886723652195,-0.20998877870445087
9.742968320846558,4.136000156402588,-117.66114142671277,-109.29088055154084,0.19617182857729462,-0.2152499595935788,1,320.0,192.0,202.3388585732872,-0.2152499595935788
9.753613471984863,4.136000156402588,-117.77454156430119,-109.38075429082106,0.19682658083588497,-0.2159749124665064,1,320.0,192.0,202.2254584356988,-0.2159749124665064
9.76386308670044,4.12000036239624,-117.8879417018896,-109.44827196047133,0.19745484339926767,-0.21670043234012193,1,320.0,192.0,202.1120582981104,-0.21670043234012193
9.773492813110352,4.12000036239624,-118.00134183947802,-109.53814569975155,0.19811038261490269,-0.21742651921442543,1,320.0,190.0,201.99865816052198,-0.21742651921442543
9.783692836761475,4.0960001945495605,-119.530502283347,-110.64502679102485,0.20203870555257342,-0.22261668887122568,1,320.0,190.0,200.469497716653,-0.22261668887122568
9.793040990829468,4.0960001945495605,-119.65309416964456,-110.74172333195236,0.2027084500183462,-0.22336206460563096,1,320.0,190.0,200.34690583035544,-0.22336206460563096
9.803870916366577,4.080000400543213,-119.77568605594212,-110.81560616640961,0.20335118745052694,-0.22410805329946776,1,320.0,190.0,200.22431394405788,-0.22410805329946776
9.813701391220093,4.080000400543213,-119.89827794223967,-110.91230270733712,0.20402178481317665,-0.22485465495273602,1,320.0,187.0,200.10172205776033,-0.22485465495273602
9.8240327835083,4.057000160217285,-121.52770198023643,-112.06564965918385,0.2080928841132872,-0.2303582690166034,1,320.0,187.0,198.47229801976357,-0.2303582690166034
9.833474397659302,4.057000160217285,-121.66009608889522,-112.16943538247669,0.20877827415815098,-0.2311254424274384,1,320.0,187.0,198.33990391110478,-0.2311254424274384
9.84285306930542,4.0410003662109375,-121.792490197554,-112.24994753798674,0.209436138482453,-0.23189327780881674,1,320.0,187.0,198.207509802446,-0.23189327780881674
9.853392362594604,4.0410003662109375,-121.92488430621279,-112.35373326127959,0.2101224500167108,-0.23266177516073833,1,320.0,185.0,198.0751156937872,-0.23266177516073833
9.863167762756348,4.01800012588501,-123.52887639610312,-113.54670115572772,0.21431875499032071,-0.23808326787906964,1,320.0,185.0,196.4711236038969,-0.23808326787906964
9.873604536056519,4.01800012588501,-123.67086736419017,-113.65781024566887,0.21502037494947845,-0.23887201137759503,1,320.0,185.0,196.32913263580983,-0.23887201137759503
9.883385181427002,4.003000259399414,-123.81285833227723,-113.74666178226319,0.21569573010230295,-0.2396614648309609,1,320.0,185.0,196.18714166772276,-0.2396614648309609
9.89413332939148,4.003000259399414,-123.95484930036429,-113.85777087220434,0.21639834986459333,-0.24045162823916721,1,320.0,183.0,196.0451506996357,-0.24045162823916721
9.903330564498901,3.9800002574920654,-125.53850238316505,-115.08568767983596,0.22070610739175972,-0.24580827790007886,1,320.0,183.0,194.46149761683495,-0.24580827790007886
9.91379690170288,3.9800002574920654,-125.68992192941757,-115.20432619950914,0.2214244952463651,-0.24661843096522898,1,320.0,183.0,194.31007807058245,-0.24661843096522898
9.923560380935669,3.9650001525878906,-125.84134147567008,-115.30026090067307,0.22211611819226518,-0.24742934112811032,1,320.0,183.0,194.15865852432992,-0.24742934112811032
9.93389344215393,3.9650001525878906,-125.99276102192259,-115.41889942034625,0.2228355789129747,-0.24824100838872298,1,320.0,180.0,194.0072389780774,-0.24824100838872298
9.943604707717896,3.942000150680542,-127.6685141495233,-116.67759937189554,0.22724239680196778,-0.2538903379083315,1,320.0,180.0,192.3314858504767,-0.2538903379083315
9.953153848648071,3.942000150680542,-127.82993397309495,-116.80394785806963,0.22797803472466704,-0.25472319136648297,1,320.0,180.0,192.17006602690503,-0.25472319136648297
9.963815212249756,3.9280002117156982,-127.9913537966666,-116.90868327908413,0.22868826064627984,-0.25555685192375227,1,320.0,180.0,192.0086462033334,-0.25555685192375227
9.973345756530762,3.9280002117156982,-128.15277362023824,-117.03503176525822,0.22942505398851504,-0.2563913195801394,1,320.0,179.0,191.84722637976176,-0.2563913195801394
9.983805656433105,3.9060001373291016,-129.69427819189258,-118.32231119720511,0.23392139584715965,-0.2616146097341489,1,320.0,179.0,190.30572180810742,-0.2616146097341489
9.993402004241943,3.9060001373291016,-129.86478139305444,-118.45652633332695,0.2346747366421725,-0.2624685374825084,1,320.0,179.0,190.13521860694556,-0.2624685374825084
10.003597736358643,3.891000270843506,-130.0352845942163,-118.56713032681874,0.23540029708599675,-0.2633233177468738,1,320.0,179.0,189.9647154057837,-0.2633233177468738
10.013407468795776,3.891000270843506,-130.20578779537817,-118.70134546294058,0.23615486197665764,-0.2641789505272449,1,320.0,176.0,189.79421220462183,-0.2641789505272449
10.023862361907959,3.869000196456909,-131.84204106065383,-120.01215456091342,0.24072807198523619,-0.26970538701803365,1,320.0,176.0,188.15795893934617,-0.26970538701803365
10.033316850662231,3.869000196456909,-132.02222333637286,-120.15437029142927,0.24149950271331236,-0.27058171686557836,1,320.0,176.0,187.97777666362714,-0.27058171686557836
10.043552875518799,3.8550002574920654,-132.2024056120919,-120.27411217112115,0.2422445635297982,-0.2714589476245017,1,320.0,176.0,187.7975943879081,-0.2714589476245017
10.054182291030884,3.8550002574920654,-132.38258788781093,-120.416327901637,0.24301730404592542,-0.27233707929480355,1,320.0,173.0,187.61741211218907,-0.27233707929480355
10.063789129257202,3.8330001831054688,-134.10185818598873,-121.74738670688211,0.24765708990977808,-0.27812974289125586,1,320.0,173.0,185.89814181401127,-0.27812974289125586
10.073291778564453,3.8330001831054688,-134.29223722820015,-121.89771503194471,0.2484469724750129,-0.2790296589280506,1,320.0,173.0,185.70776277179985,-0.2790296589280506
10.083727836608887,3.819000244140625,-134.48261627041157,-122.02512595227502,0.24920999120917064,-0.2799305268600563,1,320.0,173.0,185.51738372958843,-0.2799305268600563
10.093284130096436,3.819000244140625,-134.672995312623,-122.17545427733764,0.2500012624706325,-0.28083234668727314,1,320.0,171.0,185.327004687377,-0.28083234668727314
10.103682279586792,3.7980000972747803,-136.3603922592846,-123.52529966576905,0.2546996883843146,-0.2865240079992762,1,320.0,171.0,183.6396077407154,-0.2865240079992762
10.113189697265625,3.7980000972747803,-136.56072124487838,-123.68383127399578,0.2555083454705566,-0.2874472063882131,1,320.0,171.0,183.43927875512162,-0.2874472063882131
10.12388801574707,3.7840001583099365,-136.76105023047216,-123.819001533689,0.25628964478985694,-0.28837140642207804,1,320.0,171.0,183.23894976952784,-0.28837140642207804
10.1334228515625,3.7840001583099365,-136.96137921606595,-123.97753314191573,0.2570997703854386,-0.2892966081008709,1,320.0,171.0,183.03862078393405,-0.2892966081008709
10.143941640853882,3.76200008392334,-137.16170820165974,-124.098986869378,0.2578660097927402,-0.2902228114245917,1,320.0,168.0,182.83829179834026,-0.2902228114245917
10.153367519378662,3.76200008392334,-138.93733687848595,-125.40338317989719,0.2623508380138144,-0.29619996041862884,1,320.0,168.0,181.06266312151405,-0.29619996041862884
10.16318392753601,3.748000144958496,-139.14817155707124,-125.54572500398538,0.2631493768277402,-0.2971487028907165,1,320.0,168.0,180.85182844292876,-0.2971487028907165
10.173928499221802,3.748000144958496,-139.35900623565652,-125.71189839798728,0.2639773443925324,-0.29809849953619716,1,320.0,167.0,180.64099376434348,-0.29809849953619716
10.18340253829956,3.7270002365112305,-140.97382247597807,-127.09317102597366,0.26877871942675585,-0.303555829708947,1,320.0,167.0,179.02617752402193,-0.303555829708947
10.19390082359314,3.7270002365112305,-141.19403942646997,-127.26770569339392,0.2696244995561271,-0.30452606024666967,1,320.0,167.0,178.80596057353003,-0.30452606024666967
10.203229904174805,3.7130000591278076,-141.41425637696187,-127.4179374738895,0.27044186738009124,-0.30549739186914476,1,320.0,167.0,178.58574362303813,-0.30549739186914476
10.21387243270874,3.7130000591278076,-141.63447332745378,-127.59247214130976,0.2712892713417021,-0.3064698245763723,1,320.0,165.0,178.36552667254622,-0.3064698245763723
10.223719596862793,3.692000150680542,-143.22493211692773,-128.98254022129913,0.2761203933115411,-0.3118496786733904,1,320.0,165.0,176.77506788307227,-0.3118496786733904
10.233316659927368,3.692000150680542,-143.45433299704985,-129.16546864729523,0.2769857347659729,-0.31284223139452216,1,320.0,165.0,176.54566700295015,-0.31284223139452216
10.243625164031982,3.6780002117156982,-143.68373387717196,-129.3236096006179,0.2778221219579632,-0.3138359311200546,1,320.0,165.0,176.31626612282804,-0.3138359311200546
10.253578186035156,3.6780002117156982,-143.91313475729407,-129.506538026614,0.2786891687592916,-0.3148307778499876,1,320.0,165.0,176.08686524270593,-0.3148307778499876
10.264142274856567,3.6570000648498535,-144.1425356374162,-129.65191268527983,0.27951187791311694,-0.3158267715843212,1,320.0,162.0,175.8574643625838,-0.3158267715843212
10.273484468460083,3.6570000648498535,-145.82042433168658,-131.09512865462997,0.28444078443495746,-0.3214904478481168,1,320.0,162.0,174.17957566831342,-0.3214904478481168
10.283748149871826,3.6430001258850098,-146.05956223750542,-131.26124184753115,0.28529642647567655,-0.32250771114628696,1,320.0,162.0,173.94043776249458,-0.32250771114628696
10.293346405029297,3.6430001258850098,-146.29870014332425,-131.45264217924506,0.2861833700846294,-0.32352617013398616,1,320.0,160.0,173.70129985667575,-0.32352617013398616
10.303803205490112,3.623000144958496,-147.92957502103596,-132.84994790705235,0.29103419077994286,-0.3290343860658924,1,320.0,160.0,172.07042497896404,-0.3290343860658924
10.31330943107605,3.623000144958496,-148.17808465419995,-133.0497142523743,0.2919391589655911,-0.3300734880489602,1,320.0,160.0,171.82191534580005,-0.3300734880489602
10.323977708816528,3.6090002059936523,-148.42659428736394,-133.22369346274272,0.2928140524853469,-0.3311138325801937,1,320.0,160.0,171.57340571263606,-0.3311138325801937
10.333650827407837,3.6090002059936523,-148.67510392052793,-133.42345980806465,0.2937208893987736,-0.33215541965959317,1,320.0,160.0,171.32489607947207,-0.33215541965959317
10.343177318572998,3.5880000591278076,-148.92361355369192,-133.58415007503075,0.294581638469508,-0.33319824928715847,1,320.0,158.0,171.07638644630808,-0.33319824928715847
10.353550434112549,3.5880000591278076,-150.52872184396244,-135.02865058776604,0.2995113608587611,-0.3386247801454165,1,320.0,158.0,169.47127815603756,-0.3386247801454165
10.363670587539673,3.574000120162964,-150.7863906681288,-135.2105033712654,0.30040563671581666,-0.33968791468775683,1,320.0,158.0,169.2136093318712,-0.33968791468775683
10.374350547790527,3.574000120162964,-151.04405949229516,-135.41867364499078,0.30133253441251207,-0.34075233757421797,1,320.0,158.0,168.95594050770484,-0.34075233757421797
10.38305926322937,3.55400013923645,-151.30172831646152,-135.5888707468893,0.3022147152885248,-0.3418180488047999,1,320.0,155.0,168.69827168353848,-0.3418180488047999
10.393930435180664,3.55400013923645,-152.97396330772528,-136.9256460641154,0.30679319505970665,-0.3474594815350489,1,320.0,155.0,167.02603669227472,-0.3474594815350489
10.403410196304321,3.5400002002716064,-153.24119840163897,-137.11460022846492,0.30770551305806837,-0.34854636963975355,1,320.0,155.0,166.75880159836103,-0.34854636963975355
10.414864778518677,3.5400002002716064,-153.50843349555265,-137.3304029060576,0.3086511282857099,-0.34963459391992774,1,320.0,155.0,166.49156650444735,-0.34963459391992774
10.423479795455933,3.5190000534057617,-153.77566858946633,-137.50551271785932,0.3095487876234613,-0.3507241543755714,1,320.0,153.0,166.22433141053367,-0.3507241543755714
10.434176206588745,3.5190000534057617,-155.40325525591635,-138.9500572445385,0.31447381336753943,-0.35621852962648315,1,320.0,153.0,164.59674474408365,-0.35621852962648315
10.443777084350586,3.506000280380249,-155.67970453307967,-139.14873648973148,0.31540797214421973,-0.35732866728174456,1,320.0,153.0,164.32029546692033,-0.35732866728174456
10.453670978546143,3.506000280380249,-155.956153810243,-139.37286190741028,0.3163737869549713,-0.35844018718339177,1,320.0,153.0,164.043846189757,-0.35844018718339177
10.463709592819214,3.489000082015991,-156.23260308740632,-139.5634107116429,0.31730026257360866,-0.35955308933142477,1,320.0,151.0,163.76739691259368,-0.35955308933142477
10.473228216171265,3.489000082015991,-157.81816376150383,-140.89779032247068,0.3218654519005283,-0.36490898610277467,1,320.0,151.0,162.18183623849617,-0.36490898610277467
10.48375940322876,3.4790000915527344,-158.10349348247922,-141.1095358504927,0.3228250942134071,-0.36604189923535757,1,320.0,151.0,161.89650651752078,-0.36604189923535757
10.493481159210205,3.4790000915527344,-158.38882320345462,-141.34119275097922,0.32380978845774583,-0.36717623901654534,1,320.0,151.0,161.61117679654538,-0.36717623901654534
10.50369644165039,3.4660000801086426,-158.67415292443002,-141.54678473776778,0.324764232765581,-0.36831200544633796,1,320.0,150.0,161.32584707556998,-0.36831200544633796
10.513157844543457,3.4660000801086426,-160.11766354659034,-142.7804511887091,0.32900057869814264,-0.37320511962782854,1,320.0,150.0,159.88233645340966,-0.37320511962782854
10.52365779876709,3.4590001106262207,-160.4108609779563,-143.00479493674868,0.3299848151704739,-0.3743590108503575,1,320.0,150.0,159.5891390220437,-0.3743590108503575
10.533370018005371,3.4590001106262207,-160.70405840932227,-143.2432586503535,0.33098718792005144,-0.37551436806004324,1,320.0,150.0,159.29594159067773,-0.37551436806004324
10.543784379959106,3.451000213623047,-160.99725584068824,-143.46551184808388,0.3319712193165683,-0.37667119125688586,1,320.0,149.0,159.00274415931176,-0.37667119125688586
10.553229570388794,3.451000213623047,-162.3110515568922,-144.6069154567894,0.33590651094927537,-0.38114197218421436,1,320.0,149.0,157.6889484431078,-0.38114197218421436
10.563896417617798,3.446000099182129,-162.61119122429182,-144.84134906094934,0.33691203801957204,-0.38231519574121536,1,320.0,149.0,157.38880877570818,-0.38231519574121536
10.574078559875488,3.446000099182129,-162.91133089169142,-145.08595468363742,0.3379309945402159,-0.38348991999655335,1,320.0,149.0,157.08866910830858,-0.38348991999655335
10.58363389968872,3.44100022315979,-163.21147055909103,-145.32035777153632,0.33893888003455225,-0.38466614495022833,1,320.0,148.0,156.78852944090897,-0.38466614495022833
10.592868328094482,3.44100022315979,-164.40666459748942,-146.37710092924578,0.34259815827455053,-0.3887511217755138,1,320.0,148.0,155.59333540251058,-0.3887511217755138
10.603698015213013,3.438000202178955,-164.71289996707645,-146.62110089968138,0.3436240637435717,-0.3899421687188536,1,320.0,148.0,155.28710003292355,-0.3899421687188536
10.61423945426941,3.438000202178955,-165.01913533666348,-146.87123752552313,0.3446585838822094,-0.39113474683904137,1,320.0,148.0,154.98086466333652,-0.39113474683904137
10.623834133148193,3.43500018119812,-165.3253707062505,-147.11522625315325,0.3456869464866313,-0.39232885613607704,1,320.0,147.0,154.6746292937495,-0.39232885613607704
10.633228540420532,3.43500018119812,-166.41202763499223,-148.09418642834757,0.34909291880695514,-0.39606119329098954,1,320.0,147.0,153.58797236500777,-0.39606119329098954
10.643522024154663,3.434000253677368,-166.72358396692007,-148.3472405780803,0.35013831998952477,-0.39726867880913763,1,320.0,147.0,153.27641603307993,-0.39726867880913763
10.653587818145752,3.434000253677368,-167.03514029884792,-148.60234636784853,0.3511874586690859,-0.3984777221089453,1,320.0,147.0,152.96485970115208,-0.3984777221089453
10.663986206054688,3.432000160217285,-167.34669663077577,-148.8533446257104,0.35223292330164874,-0.3996883231904126,1,320.0,147.0,152.65330336922423,-0.3996883231904126
10.673434972763062,3.432000160217285,-168.23241082351046,-149.55765068190757,0.3547456209364282,-0.40276793633506747,1,320.0,147.0,151.76758917648954,-0.40276793633506747
10.683545589447021,3.432000160217285,-168.5478858023025,-149.81582227872227,0.35580450596399943,-0.40398924573862943,1,320.0,147.0,151.4521141976975,-0.40398924573862943
10.69502568244934,3.432000160217285,-168.8633607810945,-150.07399387553696,0.3568646818495548,-0.4052121325170853,1,320.0,147.0,151.1366392189055,-0.4052121325170853
10.703824996948242,3.432000160217285,-169.17883575988654,-150.33216547235165,0.35792614859309413,-0.4064365966704352,1,320.0,147.0,150.82116424011346,-0.4064365966704352
10.713272333145142,3.432000160217285,-169.88199768067685,-150.88904087170155,0.35996101011740717,-0.4089243295261149,1,320.0,147.0,150.11800231932315,-0.4089243295261149
10.723992824554443,3.432000160217285,-170.20012108800998,-151.14925302131869,0.3610290109620543,-0.41015707822035474,1,320.0,147.0,149.79987891199002,-0.41015707822035474
10.733558177947998,3.432000160217285,-170.5182444953431,-151.40946517093582,0.36209831286744953,-0.4113914175316312,1,320.0,147.0,149.4817555046569,-0.4113914175316312
10.743223667144775,3.432000160217285,-170.83636790267624,-151.66967732055295,0.3631689158335929,-0.41262734745994434,1,320.0,147.0,149.16363209732376,-0.41262734745994434
10.753785133361816,3.432000160217285,-171.37382644884497,-152.09275694106816,0.36477113551781276,-0.4145790490365673,1,320.0,147.0,148.62617355115503,-0.4145790490365673
10.763351440429688,3.432000160217285,-171.69344946347468,-152.3540826252016,0.36584649675189895,-0.4158210639014403,1,320.0,147.0,148.30655053652532,-0.4158210639014403
10.77420711517334,3.432000160217285,-172.0130724781044,-152.61540830933507,0.3669231646144058,-0.4170646768813865,1,320.0,147.0,147.9869275218956,-0.4170646768813865
10.783651113510132,3.433000087738037,-172.3326954927341,-152.87878814212175,0.3680036143544604,-0.41830988797640584,1,320.0,147.0,147.6673045072659,-0.41830988797640584
10.793017864227295,3.433000087738037,-172.71992013473644,-153.18059044050923,0.36921476435393397,-0.4197769195727231,1,320.0,147.0,147.28007986526356,-0.4197769195727231
10.803526401519775,3.433000087738037,-173.04000569078363,-153.44219307227337,0.3702958984774123,-0.42102622226843367,1,320.0,147.0,146.95999430921637,-0.42102622226843367
10.815197229385376,3.433000087738037,-173.36009124683082,-153.7037957040375,0.37137834061404945,-0.42227712539192447,1,320.0,147.0,146.63990875316918,-0.42227712539192447
10.823783159255981,3.434000253677368,-173.680176802878,-153.96745171905476,0.37246456509066544,-0.42352962894319546,1,320.0,147.0,146.319823197122,-0.42352962894319546
10.833178043365479,3.434000253677368,-173.93139389957614,-154.15948893788132,0.3733229190177615,-0.42455928979945223,1,320.0,147.0,146.06860610042386,-0.42455928979945223
10.843387365341187,3.43500018119812,-174.25100793352573,-154.42266691574704,0.37441084592577917,-0.42581408167985935,1,320.0,147.0,145.74899206647427,-0.42581408167985935
10.854682922363281,3.43500018119812,-174.57062196747532,-154.68379325357725,0.3754976164974433,-0.42707047163043627,1,320.0,147.0,145.42937803252468,-0.42707047163043627
10.863615036010742,3.43500018119812,-174.8902360014249,-154.94491959140746,0.37658569270079656,-0.4283284596511829,1,320.0,147.0,145.1097639985751,-0.4283284596511829
10.873122453689575,3.43500018119812,-175.01854463734992,-155.13899857377768,0.37745648566231643,-0.42896434878692347,1,320.0,147.0,144.98145536265008,-0.42896434878692347
10.883670330047607,3.436000108718872,-175.3368480914643,-155.4017159765061,0.3785487551254731,-0.43022299717231804,1,320.0,147.0,144.6631519085357,-0.43022299717231804
10.893181800842285,3.436000108718872,-175.6551515455787,-155.66238299163564,0.37963986745858674,-0.43148323707498315,1,320.0,147.0,144.3448484544213,-0.43148323707498315
10.9034903049469,3.436000108718872,-175.97345499969308,-155.92305000676518,0.380732283126776,-0.4327450684949189,1,320.0,147.0,144.02654500030692,-0.4327450684949189
10.914125919342041,3.437000274658203,-175.99092649415093,-156.0199897430816,0.3812878281428532,-0.4330273962021678,1,320.0,147.0,144.00907350584907,-0.4330273962021678
10.923680543899536,3.437000274658203,-176.30716797253675,-156.27952048282376,0.382380662632958,-0.43428842181609345,1,320.0,147.0,143.69283202746325,-0.43428842181609345
10.933398008346558,3.437000274658203,-176.62340945092257,-156.53905122256592,0.3834747947767614,-0.435551028637411,1,320.0,147.0,143.37659054907743,-0.435551028637411
10.943352937698364,3.437000274658203,-176.93965092930839,-156.79858196230808,0.38457022457426354,-0.43681521666612055,1,320.0,148.0,143.06034907069161,-0.43681521666612055
10.953930854797363,3.438000202178955,-176.7562699482039,-156.70493437795017,0.3845106028482922,-0.4364511204157743,1,320.0,148.0,143.2437300517961,-0.4364511204157743
10.964107036590576,3.438000202178955,-177.06908535851386,-156.9620292200369,0.3856039268048964,-0.4377118443349388,1,320.0,148.0,142.93091464148614,-0.4377118443349388
10.973963260650635,3.438000202178955,-177.3819007688238,-157.21912406212363,0.38669853623571115,-0.43897413233115484,1,320.0,148.0,142.6180992311762,-0.43897413233115484
10.984168291091919,3.438000202178955,-177.69471617913376,-157.47621890421036,0.38779443114073625,-0.44023798440442247,1,320.0,148.0,142.30528382086624,-0.44023798440442247
10.993486404418945,3.439000129699707,-177.4316587319043,-157.31189042235877,0.38751229947800914,-0.4396243331902193,1,320.0,148.0,142.5683412680957,-0.4396243331902193
11.003046035766602,3.439000129699707,-177.74052367364362,-157.56608027465677,0.38860515770213994,-0.44088367373867476,1,320.0,148.0,142.25947632635638,-0.44088367373867476
11.013988971710205,3.440000057220459,-178.04938861538295,-157.8223155159604,0.3897017515692841,-0.4421445586118389,1,320.0,148.0,141.95061138461705,-0.4421445586118389
11.023791790008545,3.440000057220459,-178.35825355712228,-158.0765053682584,0.39079716191888303,-0.44340698780971166,1,320.0,149.0,141.64174644287772,-0.44340698780971166
11.033327579498291,3.440000057220459,-177.92314257421955,-157.74590638060002,0.38998528459080684,-0.44224286836575394,1,320.0,149.0,142.07685742578045,-0.44224286836575394
11.044196367263794,3.440000057220459,-178.2269021760344,-157.99608327264872,0.39107547727762854,-0.44349851439881194,1,320.0,149.0,141.7730978239656,-0.44349851439881194
11.053688526153564,3.440000057220459,-178.53066177784925,-158.24626016469742,0.39216692084891047,-0.444755679229879,1,320.0,149.0,141.46933822215075,-0.444755679229879
11.06432032585144,3.440000057220459,-178.8344213796641,-158.49643705674612,0.3932596153046526,-0.4460143628589551,1,320.0,150.0,141.1655786203359,-0.4460143628589551
11.073870420455933,3.44100022315979,-178.2450637091406,-158.02039388977823,0.3919787871801246,-0.44435920816955554,1,320.0,150.0,141.7549362908594,-0.44435920816955554
11.083533763885498,3.44100022315979,-178.5426928082777,-158.26557185418153,0.3930643285966795,-0.44560907655256154,1,320.0,150.0,141.4573071917223,-0.44560907655256154
11.094141483306885,3.44100022315979,-178.84032190741482,-158.51074981858483,0.3941510959030563,-0.44686043308106305,1,320.0,150.0,141.15967809258518,-0.44686043308106305
11.104000329971313,3.44100022315979,-179.13795100655193,-158.75592778298812,0.39523908909925526,-0.4481132777550604,1,320.0,150.0,140.86204899344807,-0.4481132777550604
11.113536596298218,3.442000150680542,-178.51186370323646,-158.35001354639553,0.3941984584903875,-0.44635192360667003,1,320.0,150.0,141.48813629676354,-0.44635192360667003
11.122984886169434,3.442000150680542,-178.80315077336383,-158.59070723215655,0.3952802444494615,-0.44759548384468967,1,320.0,150.0,141.19684922663617,-0.44759548384468967
11.133640050888062,3.442000150680542,-179.0944378434912,-158.83140091791756,0.39636323387696426,-0.44884050051806,1,320.0,150.0,140.9055621565088,-0.44884050051806
11.143295049667358,3.442000150680542,-179.38572491361856,-159.07209460367858,0.3974474267728959,-0.45008697362678096,1,320.0,151.0,140.61427508638144,-0.45008697362678096
11.153954267501831,3.442000150680542,-178.6272363943046,-158.42578992997642,0.3956366568121725,-0.4479072477771322,1,320.0,151.0,141.3727636056954,-0.4479072477771322
11.163438081741333,3.442000150680542,-178.91131454507047,-158.660392504731,0.39671148186440164,-0.4491426981307766,1,320.0,151.0,141.08868545492953,-0.4491426981307766
11.174012660980225,3.442000150680542,-179.19539269583635,-158.89499507948557,0.3977874799295046,-0.45037956887517483,1,320.0,151.0,140.80460730416365,-0.45037956887517483
11.18323564529419,3.442000150680542,-179.47947084660223,-159.12959765424014,0.39886465100748125,-0.4516178600103269,1,320.0,152.0,140.52052915339777,-0.4516178600103269
11.19362497329712,3.442000150680542,-178.60327811886836,-158.4714350329451,0.3970277105820965,-0.4490687592688011,1,320.0,152.0,141.39672188113164,-0.4490687592688011
11.203177452087402,3.442000150680542,-178.87938731677144,-158.6999059328497,0.3980953751916463,-0.45029448724286864,1,320.0,152.0,141.12061268322856,-0.45029448724286864
11.213763952255249,3.442000150680542,-179.15549651467452,-158.9283768327543,0.3991641821556956,-0.4515215957629257,1,320.0,152.0,140.84450348532548,-0.4515215957629257
11.223523139953613,3.442000150680542,-179.4316057125776,-159.15684773265892,0.40023413147424447,-0.4527500848289723,1,320.0,153.0,140.5683942874224,-0.4527500848289723
11.233976364135742,3.443000078201294,-178.4512546442131,-158.3908039696148,0.3980532184504605,-0.44987671836911725,1,320.0,153.0,141.5487453557869,-0.44987671836911725
11.243443012237549,3.443000078201294,-178.71873317061272,-158.61242948775947,0.3991122312196729,-0.45109128626664985,1,320.0,153.0,141.28126682938728,-0.45109128626664985
11.254015445709229,3.443000078201294,-178.98621169701235,-158.83405500590413,0.40017235211647595,-0.4523071915568145,1,320.0,153.0,141.01378830298765,-0.4523071915568145
11.263763904571533,3.443000078201294,-179.25369022341198,-159.0556805240488,0.4012335811408698,-0.45352443423961114,1,320.0,153.0,140.74630977658802,-0.45352443423961114
11.273375272750854,3.443000078201294,-178.28272286295288,-158.2912069000343,0.3990754098693654,-0.45069836480654224,1,320.0,153.0,141.71727713704712,-0.45069836480654224
11.284013748168945,3.443000078201294,-178.5416936486364,-158.506058221655,0.40012576174641856,-0.45190183821760566,1,320.0,153.0,141.4583063513636,-0.45190183821760566
11.293486833572388,3.443000078201294,-178.8006644343199,-158.7209095432757,0.4011771878800797,-0.4531066064825975,1,320.0,153.0,141.1993355656801,-0.4531066064825975
11.304090976715088,3.443000078201294,-179.05963522000343,-158.9357608648964,0.40222968827034905,-0.4543126696015177,1,320.0,154.0,140.94036477999657,-0.4543126696015177
11.313671588897705,3.443000078201294,-177.99872996982748,-158.0755857120228,0.399772171463123,-0.45120924492860687,1,320.0,154.0,142.00127003017252,-0.45120924492860687
11.323082208633423,3.443000078201294,-178.2486329821025,-158.28305141846903,0.4008125455679509,-0.4524003717082474,1,320.0,154.0,141.7513670178975,-0.4524003717082474
11.333721399307251,3.443000078201294,-178.4985359943775,-158.49051712491527,0.4018539570013109,-0.45359274800294935,1,320.0,154.0,141.5014640056225,-0.45359274800294935
11.343526601791382,3.443000078201294,-178.74843900665252,-158.69798283136151,0.4028964057632032,-0.4547863738127126,1,320.0,155.0,141.25156099334748,-0.4547863738127126
11.353309631347656,3.443000078201294,-177.60886999299237,-157.65233895216673,0.39984704931338244,-0.4514430265579701,1,320.0,155.0,142.39113000700763,-0.4514430265579701
11.36385178565979,3.443000078201294,-177.84922664263968,-157.85119517364782,0.40087493275502795,-0.45262070067076,1,320.0,155.0,142.15077335736032,-0.45262070067076
11.373512506484985,3.443000078201294,-178.089583292287,-158.05005139512892,0.401903810477781,-0.45379957656679826,1,320.0,155.0,141.910416707713,-0.45379957656679826
11.383059978485107,3.443000078201294,-178.3299399419343,-158.24890761661,0.4029336824816413,-0.45497965424608466,1,320.0,157.0,141.6700600580657,-0.45497965424608466
11.39343547821045,3.443000078201294,-177.02100642716724,-157.24005100104284,0.40001990905257623,-0.45110063185238825,1,320.0,157.0,142.97899357283276,-0.45110063185238825
11.403205156326294,3.443000078201294,-177.25071838612084,-157.43060940337264,0.40103573218238886,-0.4522625397950632,1,320.0,157.0,142.74928161387916,-0.4522625397950632
11.41415023803711,3.443000078201294,-177.48043034507444,-157.62116780570244,0.4020525081042131,-0.4534255962975329,1,320.0,157.0,142.51956965492556,-0.4534255962975329
11.42395305633545,3.443000078201294,-177.71014230402804,-157.81172620803224,0.403070236818049,-0.4545898013597973,1,320.0,158.0,142.28985769597196,-0.4545898013597973
11.43362045288086,3.444000244140625,-176.35215118655847,-156.73974166862018,0.39996095624191713,-0.4505693519450856,1,320.0,158.0,143.64784881344153,-0.4505693519450856
11.443056106567383,3.444000244140625,-176.57095440941313,-156.9216114114927,0.40096380799042164,-0.45171477058455833,1,320.0,158.0,143.42904559058687,-0.45171477058455833
11.454113960266113,3.444000244140625,-176.7897576322678,-157.10348115436523,0.4019675690876404,-0.4528612832401453,1,320.0,158.0,143.2102423677322,-0.4528612832401453
11.463862180709839,3.444000244140625,-177.00856085512245,-157.28535089723775,0.40297223953357375,-0.4540088899118465,1,320.0,159.0,142.99143914487755,-0.4540088899118465
11.473286867141724,3.444000244140625,-175.6095120091933,-156.05392378789745,0.3993616764321892,-0.44987332471988317,1,320.0,159.0,144.3904879908067,-0.44987332471988317
11.483736276626587,3.444000244140625,-175.81719938492498,-156.22608313013959,0.40034939805853054,-0.4510016355676858,1,320.0,159.0,144.18280061507502,-0.4510016355676858
11.492998600006104,3.444000244140625,-176.02488676065664,-156.39824247238172,0.401337980481583,-0.452130984852367,1,320.0,159.0,143.97511323934336,-0.452130984852367
11.503631591796875,3.444000244140625,-176.2325741363883,-156.57040181462386,0.40232742370134666,-0.45326137257392696,1,320.0,160.0,143.7674258636117,-0.45326137257392696
11.513048887252808,3.444000244140625,-174.79977976780947,-155.40152601289336,0.39893765043154816,-0.44903467157283816,1,320.0,160.0,145.20022023219053,-0.44903467157283816
11.523513793945312,3.444000244140625,-174.9961959880157,-155.5644715886762,0.39991100748043096,-0.45014535201702577,1,320.0,160.0,145.0038040119843,-0.45014535201702577
11.534038782119751,3.444000244140625,-175.19261220822193,-155.72741716445907,0.40088517925719275,-0.45125701454231426,1,320.0,160.0,144.80738779177807,-0.45125701454231426
11.543591260910034,3.444000244140625,-175.38902842842816,-155.89036274024193,0.40186016576183337,-0.45236965914870386,1,320.0,162.0,144.61097157157184,-0.45236965914870386
11.55330514907837,3.444000244140625,-173.8281010065052,-154.5788854013642,0.3980202981012142,-0.4477435587688728,1,320.0,162.0,146.1718989934948,-0.4477435587688728
11.563796281814575,3.444000244140625,-174.0124434667829,-154.73170101287715,0.3989773353400941,-0.44883483193853996,1,320.0,162.0,145.9875565332171,-0.44883483193853996
11.573477745056152,3.444000244140625,-174.19678592706063,-154.8845166243901,0.3999351366570316,-0.44992702682050856,1,320.0,162.0,145.80321407293937,-0.44992702682050856
11.583876132965088,3.444000244140625,-174.38112838733835,-155.03733223590305,0.4008937020520267,-0.4510201434147785,1,320.0,163.0,145.61887161266165,-0.4510201434147785
11.593169450759888,3.445000171661377,-172.80893744284737,-153.70292134199443,0.39699144685485965,-0.44637722546047937,1,320.0,163.0,147.19106255715263,-0.44637722546047937
11.603642702102661,3.445000171661377,-172.98121212476465,-153.8455053644034,0.3979317752085724,-0.44744886113940396,1,320.0,163.0,147.01878787523535,-0.44744886113940396
11.613302946090698,3.445000171661377,-173.15348680668194,-153.9880893868124,0.39887281648239725,-0.44852135819173805,1,320.0,163.0,146.84651319331806,-0.44852135819173805
11.62415599822998,3.445000171661377,-173.32576148859923,-154.13067340922137,0.39981457067633414,-0.44959471661748185,1,320.0,164.0,146.67423851140077,-0.44959471661748185
11.633724451065063,3.445000171661377,-171.74711165387558,-152.77477636813532,0.3958630257737631,-0.4449504486536673,1,320.0,164.0,148.25288834612442,-0.4449504486536673
11.643257856369019,3.445000171661377,-171.90735759005815,-152.90706591609396,0.3967863085608939,-0.44600228056503677,1,320.0,164.0,148.09264240994185,-0.44600228056503677
11.653350353240967,3.445000171661377,-172.06760352624073,-153.0393554640526,0.39771025279576455,-0.4470549137060871,1,320.0,164.0,147.93239647375927,-0.4470549137060871
11.66402816772461,3.445000171661377,-172.2278494624233,-153.17164501201123,0.39863485847837493,-0.4481083480768182,1,320.0,166.0,147.7721505375767,-0.4481083480768182
11.673588991165161,3.445000171661377,-170.54602307597963,-151.8013262610282,0.39465277999029846,-0.4431465876604162,1,320.0,166.0,149.45397692402037,-0.4431465876604162
11.683613777160645,3.445000171661377,-170.69361468260203,-151.92329346692617,0.3955587571047107,-0.4441771656617761,1,320.0,166.0,149.30638531739797,-0.4441771656617761
11.693936109542847,3.445000171661377,-170.84120628922443,-152.04526067282413,0.3964653440551523,-0.4452084816211691,1,320.0,166.0,149.15879371077557,-0.4452084816211691
11.70374345779419,3.445000171661377,-170.98879789584683,-152.1672278787221,0.39737254084162354,-0.4462405355385952,1,320.0,167.0,149.01120210415317,-0.4462405355385952
11.713776588439941,3.445000171661377,-169.3184936073451,-150.68599120599927,0.39304463867592254,-0.4413364820501787,1,320.0,167.0,150.6815063926549,-0.4413364820501787
11.723308801651001,3.445000171661377,-169.45359761126667,-150.796945584849,0.39393176865846646,-0.44234587484294097,1,320.0,167.0,150.54640238873333,-0.44234587484294097
11.734046936035156,3.445000171661377,-169.58870161518826,-150.90789996369872,0.3948194534129046,-0.4433559431557228,1,320.0,167.0,150.41129838481174,-0.4433559431557228
11.743973970413208,3.445000171661377,-169.72380561910984,-151.01885434254845,0.395707692939237,-0.4443666869885242,1,320.0,168.0,150.27619438089016,-0.4443666869885242
11.753901481628418,3.446000099182129,-168.06781333991293,-149.54365493224907,0.3914124405118835,-0.43952898552502495,1,320.0,168.0,151.93218666008707,-0.43952898552502495
11.763946533203125,3.446000099182129,-168.19061451118395,-149.64370020639996,0.3922807133418965,-0.44051730000310607,1,320.0,168.0,151.80938548881605,-0.44051730000310607
11.77319860458374,3.446000099182129,-168.31341568245497,-149.74374548055084,0.3931494863982804,-0.44150622848704363,1,320.0,168.0,151.68658431754503,-0.44150622848704363
11.784284114837646,3.446000099182129,-168.436216853726,-149.84379075470173,0.39401875968103495,-0.44249577097683745,1,320.0,169.0,151.563783146274,-0.44249577097683745
11.793520450592041,3.446000099182129,-166.79700633392338,-148.27250641162507,0.3894307281190477,-0.4377319958459699,1,320.0,169.0,153.20299366607662,-0.4377319958459699
11.803106307983398,3.446000099182129,-166.90770514673184,-148.3610721761681,0.39027881239738027,-0.43869937294707373,1,320.0,169.0,153.09229485326816,-0.43869937294707373
11.81393814086914,3.446000099182129,-167.0184039595403,-148.44963794071114,0.39112733950453543,-0.4396673035422416,1,320.0,169.0,152.9815960404597,-0.4396673035422416
11.823689222335815,3.446000099182129,-167.12910277234877,-148.53820370525418,0.3919763094405133,-0.4406357876314735,1,320.0,171.0,152.87089722765123,-0.4406357876314735
11.833799362182617,3.446000099182129,-165.40779546913882,-147.08739653093266,0.38779901542202666,-0.43562254675714873,1,320.0,171.0,154.59220453086118,-0.43562254675714873
11.843172073364258,3.446000099182129,-165.50591191165455,-147.16538975416918,0.3886284342386813,-0.4365678160477259,1,320.0,171.0,154.49408808834545,-0.4365678160477259
11.85387110710144,3.44700026512146,-165.60402835417028,-147.24542014814716,0.3894606978121956,-0.4375135759205156,1,320.0,171.0,154.39597164582972,-0.4375135759205156
11.863500118255615,3.44700026512146,-165.702144796686,-147.32341337138368,0.39029090674693634,-0.43845982637551795,1,320.0,172.0,154.297855203314,-0.43845982637551795
11.87386155128479,3.44700026512146,-164.0114268318207,-145.8839670088277,0.38616660852429796,-0.43356548448427285,1,320.0,172.0,155.9885731681793,-0.43356548448427285
11.883175611495972,3.44700026512146,-164.09725814944454,-145.95153895732219,0.3869774525572779,-0.4344889683561687,1,320.0,172.0,155.90274185055546,-0.4344889683561687
11.893763542175293,3.44700026512146,-164.18308946706838,-146.01911090581666,0.38778863445000034,-0.4354128813846526,1,320.0,172.0,155.81691053293162,-0.4354128813846526
11.903427600860596,3.44700026512146,-164.26892078469223,-146.08668285431114,0.3886001542024653,-0.4363372235697247,1,320.0,173.0,155.73107921530777,-0.4363372235697247
11.91385269165039,3.44700026512146,-162.60972289343638,-144.55971020122286,0.38420554230841975,-0.4315641666069685,1,320.0,173.0,157.39027710656362,-0.4315641666069685
11.923384428024292,3.44700026512146,-162.68357065070117,-144.61633200551285,0.38499657013359534,-0.43246620176893974,1,320.0,173.0,157.31642934929883,-0.43246620176893974
11.93363881111145,3.44700026512146,-162.75741840796596,-144.67295380980283,0.3857878810677924,-0.4333686061696973,1,320.0,173.0,157.24258159203404,-0.4333686061696973
11.943257808685303,3.44700026512146,-162.83126616523074,-144.72957561409282,0.3865794751110108,-0.43427137980924124,1,320.0,174.0,157.16873383476926,-0.43427137980924124
11.953783750534058,3.448000192642212,-161.20433756897148,-143.3308480902199,0.38261536770299753,-0.4296213992188319,1,320.0,174.0,158.79566243102852,-0.4296213992188319
11.963287830352783,3.448000192642212,-161.26650636636046,-143.37746226577715,0.38338819202499513,-0.43050233430753043,1,320.0,174.0,158.73349363363954,-0.43050233430753043
11.973674535751343,3.448000192642212,-161.32867516374944,-143.42407644133442,0.38416124941787055,-0.43138358024021595,1,320.0,174.0,158.67132483625056,-0.43138358024021595
11.9834623336792,3.448000192642212,-161.39084396113842,-143.4706906168917,0.38493453988162374,-0.43226513701688846,1,320.0,176.0,158.60915603886158,-0.43226513701688846
11.992971181869507,3.448000192642212,-159.6957216145142,-141.98526300400414,0.38070605576729677,-0.4274095738376199,1,320.0,176.0,160.3042783854858,-0.4274095738376199
12.003472805023193,3.448000192642212,-159.74582409533187,-142.02135752191512,0.3814594759763995,-0.42826842593507775,1,320.0,176.0,160.25417590466813,-0.42826842593507775
12.013185501098633,3.448000192642212,-159.79592657614953,-142.0574520398261,0.38221307665809184,-0.42912752854493974,1,320.0,176.0,160.20407342385047,-0.42912752854493974
12.023828506469727,3.448000192642212,-159.84602905696718,-142.09354655773708,0.3829668578123737,-0.4299868816672058,1,320.0,177.0,160.15397094303282,-0.4299868816672058
12.033241271972656,3.448000192642212,-158.19392196431403,-140.6357346009549,0.37884350197773675,-0.42528909826562167,1,320.0,177.0,161.80607803568597,-0.42528909826562167
12.043614625930786,3.448000192642212,-158.23233703013096,-140.6615719183342,0.3795778146181836,-0.4261263580297526,1,320.0,177.0,161.76766296986904,-0.4261263580297526
12.053706169128418,3.448000192642212,-158.2707520959479,-140.68740923571352,0.38031225644521727,-0.4269638098692127,1,320.0,177.0,161.7292479040521,-0.4269638098692127
12.06344485282898,3.448000192642212,-158.30916716176483,-140.71324655309283,0.38104682745883794,-0.4278014537840018,1,320.0,178.0,161.69083283823517,-0.4278014537840018
12.073837757110596,3.448000192642212,-156.69964932320303,-139.2836308135141,0.3770299259529377,-0.423259301211409,1,320.0,178.0,163.30035067679697,-0.423259301211409
12.083294153213501,3.448000192642212,-156.72675029097684,-139.29947552831848,0.3777454369883446,-0.4240754561241925,1,320.0,178.0,163.27324970902316,-0.4240754561241925
12.093641996383667,3.448000192642212,-156.75385125875064,-139.31532024312287,0.37846102724732544,-0.42489174654181483,1,320.0,178.0,163.24614874124936,-0.42489174654181483
12.103189945220947,3.448000192642212,-156.78095222652445,-139.33116495792726,0.3791766967298804,-0.425708172464276,1,320.0,178.0,163.21904777347555,-0.425708172464276
12.114145040512085,3.449000120162964,-156.80805319429825,-139.34904388129718,0.3798948966573308,-0.4265247338915761,1,320.0,179.0,163.19194680570175,-0.4265247338915761
12.12360167503357,3.449000120162964,-155.20068852623206,-137.91343600379903,0.37587367174900743,-0.42200707354315803,1,320.0,179.0,164.79931147376794,-0.42200707354315803
12.133787393569946,3.449000120162964,-155.21657340670797,-137.91932050981896,0.37657032975878046,-0.4228022182667627,1,320.0,179.0,164.78342659329203,-0.4228022182667627
12.143409013748169,3.449000120162964,-155.23245828718387,-137.92520501583888,0.3772670171910836,-0.4235974424147697,1,320.0,181.0,164.76754171281613,-0.4235974424147697
12.153706550598145,3.449000120162964,-153.61382041739182,-136.56021476591494,0.3734901852992741,-0.41905883990340587,1,320.0,181.0,166.38617958260818,-0.41905883990340587
12.16316533088684,3.449000120162964,-153.61849094396874,-136.55669378971575,0.37416874359678365,-0.419832536990018,1,320.0,181.0,166.38150905603126,-0.419832536990018
12.173826217651367,3.449000120162964,-153.62316147054565,-136.55317281351657,0.37484728428941216,-0.420606257429263,1,320.0,181.0,166.37683852945435,-0.420606257429263
12.18387246131897,3.449000120162964,-153.62783199712257,-136.54965183731738,0.37552580737715974,-0.42138000122114094,1,320.0,181.0,166.37216800287743,-0.42138000122114094
12.193159818649292,3.449000120162964,-153.6325025236995,-136.5461308611182,0.3762043128600263,-0.42215376836565166,1,320.0,182.0,166.3674974763005,-0.42215376836565166
12.203738927841187,3.449000120162964,-152.0256189282582,-135.07511457505748,0.37209489608079915,-0.417669642578968,1,320.0,182.0,167.9743810717418,-0.417669642578968
12.213463306427002,3.449000120162964,-152.0192361429458,-135.0615283561622,0.3727539002599056,-0.4184220794173078,1,320.0,182.0,167.9807638570542,-0.4184220794173078
12.224056005477905,3.449000120162964,-152.0128533576334,-135.04794213726692,0.3734128365079176,-0.4191744843417211,1,320.0,184.0,167.9871466423666,-0.4191744843417211
12.233682870864868,3.449000120162964,-150.39820581622794,-133.5542421271158,0.369242932415918,-0.41468000097782953,1,320.0,184.0,169.60179418377206,-0.41468000097782953
12.243138313293457,3.449000120162964,-150.38079337310458,-133.530505123919,0.36988210053770143,-0.415411010012947,1,320.0,184.0,169.61920662689542,-0.415411010012947
12.25369906425476,3.449000120162964,-150.36338092998122,-133.5067681207222,0.3705211499744689,-0.4161419319858488,1,320.0,184.0,169.63661907001878,-0.4161419319858488
12.263603925704956,3.449000120162964,-150.34596848685786,-133.4830311175254,0.37116008072622036,-0.4168727668965351,1,320.0,184.0,169.65403151314214,-0.4168727668965351
12.273681163787842,3.448000192642212,-148.88654373669127,-132.13325186861942,0.3674764221213139,-0.4128984668606533,1,320.0,184.0,171.11345626330873,-0.4128984668606533
12.283098220825195,3.448000192642212,-148.8592398833867,-132.10043289953742,0.3680975415229132,-0.41360999843610474,1,320.0,184.0,171.1407601166133,-0.41360999843610474
12.293522596359253,3.448000192642212,-148.83193603008212,-132.06761393045542,0.36871849682966706,-0.4143213934922897,1,320.0,184.0,171.16806396991788,-0.4143213934922897
12.30414080619812,3.448000192642212,-148.80463217677755,-132.03479496137342,0.3693392880415755,-0.4150326520292081,1,320.0,185.0,171.19536782322245,-0.4150326520292081
12.314191341400146,3.445000171661377,-147.38875995575088,-130.71581450869684,0.3657755562401965,-0.4112126699053845,1,320.0,185.0,172.61124004424912,-0.4112126699053845
12.323784589767456,3.445000171661377,-147.35192983825175,-130.67421375851248,0.36637900640876775,-0.4119052334135768,1,320.0,185.0,172.64807016174825,-0.4119052334135768
12.333078384399414,3.442000150680542,-147.3150997207526,-130.6264912951229,0.3669748719091759,-0.4125976127711816,1,320.0,185.0,172.6849002792474,-0.4125976127711816
12.344326972961426,3.442000150680542,-147.27826960325348,-130.58489054493853,0.36757787546167936,-0.4132898079781989,1,320.0,185.0,172.72173039674652,-0.4132898079781989
12.353229284286499,3.43500018119812,-147.24143948575434,-130.52896234472394,0.3681634064331455,-0.4139818190346287,1,320.0,186.0,172.75856051424566,-0.4139818190346287
12.363779306411743,3.43500018119812,-145.84078377393618,-129.22600958078783,0.3646506824492269,-0.41022407957847773,1,320.0,186.0,174.15921622606382,-0.41022407957847773
12.373523473739624,3.430000066757202,-145.79459980136758,-129.16548606629965,0.36522388166217257,-0.4108976318104023,1,320.0,186.0,174.20540019863242,-0.4108976318104023
12.384275197982788,3.430000066757202,-145.74841582879898,-129.11523428039828,0.3658091556904929,-0.41157095312246395,1,320.0,186.0,174.25158417120102,-0.41157095312246395
12.393650770187378,3.4190001487731934,-145.70223185623038,-129.04227443695498,0.36636681525054576,-0.41224404351466276,1,320.0,187.0,174.29776814376962,-0.41224404351466276
12.403198719024658,3.4190001487731934,-144.35149310629723,-127.88357073131242,0.3633361169822463,-0.40866193245667937,1,320.0,187.0,175.64850689370277,-0.40866193245667937
12.413675546646118,3.4110002517700195,-144.29636586031663,-127.80910866060074,0.36388580804069537,-0.40931726159080417,1,320.0,187.0,175.70363413968337,-0.40931726159080417
12.424229383468628,3.4110002517700195,-144.24123861433603,-127.75125796911541,0.3644551435007586,-0.40997231508869914,1,320.0,187.0,175.75876138566397,-0.40997231508869914
12.433698892593384,3.3970000743865967,-144.18611136835543,-127.66413904443853,0.3649889214863685,-0.4106270929503642,1,320.0,187.0,175.81388863164457,-0.4106270929503642
12.443378448486328,3.3970000743865967,-142.9849640614192,-126.63705196407999,0.3623969215247659,-0.4075445056857857,1,320.0,187.0,177.0150359385808,-0.4075445056857857
12.453598022460938,3.38700008392334,-142.92198303105005,-126.55149792628647,0.3629270141690451,-0.408183538364498,1,320.0,187.0,177.07801696894995,-0.408183538364498
12.464658975601196,3.38700008392334,-142.8590020006809,-126.48700496571784,0.36348205764119135,-0.4088222561380584,1,320.0,187.0,177.1409979993191,-0.4088222561380584
12.473798036575317,3.371000051498413,-142.79602097031176,-126.38854132405206,0.3639958439778127,-0.409460659006467,1,320.0,186.0,177.20397902968824,-0.409460659006467
12.48400092124939,3.371000051498413,-141.83379218528086,-125.27717870823076,0.3611368318505521,-0.40716681640428687,1,320.0,186.0,178.16620781471914,-0.40716681640428687
12.493804693222046,3.3590002059936523,-141.76465003150815,-125.1798125755777,0.3616458915542463,-0.4077926690699171,1,320.0,186.0,178.23534996849185,-0.4077926690699171
12.504116773605347,3.3590002059936523,-141.69550787773545,-125.1081470720697,0.362185433685397,-0.4084181760247786,1,320.0,186.0,178.30449212226455,-0.4084181760247786
12.51411747932434,3.3410000801086426,-141.62636572396275,-124.99756627821117,0.3626777245641578,-0.4090433372688711,1,320.0,187.0,178.37363427603725,-0.4090433372688711
12.523796796798706,3.3410000801086426,-140.67692442900267,-124.11833451536495,0.36058362305599345,-0.40679830521905447,1,320.0,187.0,179.32307557099733,-0.40679830521905447
12.53319263458252,3.328000068664551,-140.6017519848366,-124.01275662431745,0.36107699336985805,-0.4074111070459794,1,320.0,187.0,179.3982480151634,-0.4074111070459794
12.544860363006592,3.328000068664551,-140.52657954067053,-123.93555907059168,0.36160403410074005,-0.4080235330106834,1,320.0,187.0,179.47342045932947,-0.4080235330106834
12.55351185798645,3.308000087738037,-140.45140709650445,-123.8142418378466,0.36207752463063525,-0.40863558311316667,1,320.0,187.0,179.54859290349555,-0.40863558311316667
12.56452488899231,3.308000087738037,-139.6170246312598,-123.04391904265748,0.3603440765192146,-0.40677233347688,1,320.0,187.0,180.3829753687402,-0.40677233347688
12.573621988296509,3.2950000762939453,-139.53665193442325,-122.93299417183513,0.36082563164508696,-0.40737356950034825,1,320.0,187.0,180.46334806557675,-0.40737356950034825
12.583214282989502,3.2950000762939453,-139.4562792375867,-122.85104901693467,0.361341552704291,-0.40797440366033233,1,320.0,187.0,180.5437207624133,-0.40797440366033233
12.593983888626099,3.2740001678466797,-139.37590654075015,-122.72177959515953,0.3618000382961367,-0.4085748359568322,1,320.0,186.0,180.62409345924985,-0.4085748359568322
12.60354232788086,3.2740001678466797,-138.7485261907059,-122.15278489360038,0.3607272410614898,-0.407391755428066,1,320.0,186.0,181.2514738092941,-0.407391755428066
12.614137887954712,3.260000228881836,-138.66440693807044,-122.03559813314595,0.3611967949396102,-0.4079841343595938,1,320.0,186.0,181.33559306192956,-0.4079841343595938
12.625308513641357,3.260000228881836,-138.580287685435,-121.95031708652135,0.3617042092690933,-0.40857609269485845,1,320.0,186.0,181.419712314565,-0.40857609269485845
12.633956909179688,3.2380001544952393,-138.49616843279955,-121.81431169265869,0.3621500743549214,-0.40916763043385995,1,320.0,186.0,181.50383156720045,-0.40916763043385995
12.643221855163574,3.2380001544952393,-137.9550809529233,-121.32637198529648,0.3613438261378758,-0.4082691572630086,1,320.0,186.0,182.0449190470767,-0.4082691572630086
12.653814792633057,3.2240002155303955,-137.86783188828863,-121.20567496116514,0.361805018083724,-0.40885379754488843,1,320.0,186.0,182.13216811171137,-0.40885379754488843
12.66394305229187,3.2240002155303955,-137.78058282365396,-121.11763607311342,0.3623049595984275,-0.4094380015814451,1,320.0,186.0,182.21941717634604,-0.4094380015814451
12.673988580703735,3.202000141143799,-137.69333375901928,-120.97766951834843,0.3627418880803013,-0.41002176937267854,1,320.0,186.0,182.30666624098072,-0.41002176937267854
12.683414220809937,3.202000141143799,-137.23108061060324,-120.56372707318552,0.36217832345273204,-0.4093826790611863,1,320.0,186.0,182.76891938939676,-0.4093826790611863
12.693850994110107,3.187000036239624,-137.1412630728471,-120.43761788230324,0.36262918051308485,-0.4099606043312432,1,320.0,186.0,182.8587369271529,-0.4099606043312432
12.703739166259766,3.187000036239624,-137.05144553509095,-120.34734681982238,0.3631225919722069,-0.41053808051361124,1,320.0,186.0,182.94855446490905,-0.41053808051361124
12.712992906570435,3.1650002002716064,-136.9616279973348,-120.20386674568486,0.3635514352169703,-0.4111151076082905,1,320.0,185.0,183.0383720026652,-0.4111151076082905
12.723474264144897,3.1650002002716064,-136.67280250014517,-119.95888404476173,0.363539343305817,-0.4110429522456895,1,320.0,185.0,183.32719749985483,-0.4110429522456895
12.733830451965332,3.1500000953674316,-136.58162186646078,-119.83082495455206,0.36398482652233816,-0.4116164435946005,1,320.0,185.0,183.41837813353922,-0.4116164435946005
12.743860960006714,3.1500000953674316,-136.4904412327764,-119.7394942017703,0.3644739270900089,-0.4121894790403431,1,320.0,185.0,183.5095587672236,-0.4121894790403431
12.753053903579712,3.128000259399414,-136.399260599092,-119.59362447208007,0.36489685153674106,-0.41276205858291726,1,320.0,184.0,183.600739400908,-0.41276205858291726
12.763602018356323,3.128000259399414,-136.26760370985036,-119.40030510870338,0.36505228811085816,-0.4132022315656949,1,320.0,184.0,183.73239629014964,-0.4132022315656949
12.7732994556427,3.128000259399414,-136.17614582027036,-119.3082757502037,0.3655383942594096,-0.41377336282730026,1,320.0,184.0,183.82385417972964,-0.41377336282730026
12.783783674240112,3.1130001544952393,-136.08468793069036,-119.17859425967409,0.36597866944207247,-0.4143440367994577,1,320.0,184.0,183.91531206930964,-0.4143440367994577
12.793450355529785,3.1130001544952393,-135.99323004111037,-119.08656490117441,0.36646366703637867,-0.41491425348216726,1,320.0,184.0,184.00676995888963,-0.41491425348216726
12.80401349067688,3.0910000801086426,-135.90245806010495,-118.98556401297967,0.3670338773845985,-0.4154862490015236,1,320.0,184.0,184.09754193989505,-0.4154862490015236
12.813592433929443,3.0910000801086426,-135.8110048692125,-118.89385626645995,0.3675182973701071,-0.4160555601967987,1,320.0,184.0,184.1889951307875,-0.4160555601967987
12.82354474067688,3.076000213623047,-135.71955167832004,-118.76353790732135,0.36795573302867735,-0.4166244141261194,1,320.0,184.0,184.28044832167996,-0.4166244141261194
12.833295106887817,3.076000213623047,-135.6280984874276,-118.67183016080163,0.3684390428836577,-0.41719281078948556,1,320.0,183.0,184.3719015125724,-0.41719281078948556
12.84381365776062,3.05400013923645,-135.6755699167789,-118.7033826426494,0.3694416297308599,-0.41821367946621035,1,320.0,183.0,184.3244300832211,-0.41821367946621035
12.85328984260559,3.05400013923645,-135.5850684762595,-118.61291225264893,0.36992612982412254,-0.41878300307996835,1,320.0,183.0,184.4149315237405,-0.41878300307996835
12.863799571990967,3.0400002002716064,-135.4945670357401,-118.48548817722288,0.3703656483744974,-0.41935187418652375,1,320.0,183.0,184.5054329642599,-0.41935187418652375
12.87398099899292,3.0180001258850098,-135.4040655952207,-118.33621579117698,0.37077820259019817,-0.4199202927858766,1,320.0,182.0,184.5959344047793,-0.4199202927858766
12.883509397506714,3.0180001258850098,-135.57632473678808,-118.54597353731583,0.37223973699458834,-0.4213449690201747,1,320.0,182.0,184.42367526321192,-0.4213449690201747
12.893585443496704,3.003000259399414,-135.48762357507113,-118.41694658343403,0.3726769893828473,-0.4219159657439896,1,320.0,182.0,184.51237642492887,-0.4219159657439896
12.903142213821411,3.003000259399414,-135.39892241335417,-118.32853317757134,0.3731625359616999,-0.42248651896199607,1,320.0,182.0,184.60107758664583,-0.42248651896199607
12.913485765457153,3.003000259399414,-135.31022125163722,-118.24011977170866,0.3736476404735233,-0.4230566286741939,1,320.0,181.0,184.68977874836278,-0.4230566286741939
12.9239821434021,2.9810001850128174,-135.5948616261321,-118.39708887360396,0.3750508243271232,-0.42483716981543607,1,320.0,181.0,184.4051383738679,-0.42483716981543607
12.933717012405396,2.9810001850128174,-135.50871859467156,-118.31077033205433,0.3755331762220557,-0.4254049051692007,1,320.0,181.0,184.49128140532844,-0.4254049051692007
12.943183183670044,2.9670002460479736,-135.42257556321104,-118.18555594130041,0.3759640964971906,-0.4259674741300813,1,320.0,181.0,184.57742443678896,-0.4259674741300813
12.953863859176636,2.946000099182129,-135.33643253175052,-118.04015999147367,0.3763638867650257,-0.42652251427015303,1,320.0,180.0,184.66356746824948,-0.42652251427015303
12.963398456573486,2.946000099182129,-135.7220143864362,-118.46599104498716,0.378504082990365,-0.42861525810202195,1,320.0,180.0,184.2779856135638,-0.42861525810202195
12.973794221878052,2.931000232696533,-135.63910388155102,-118.34043634788048,0.37892470587914984,-0.4291705633490548,1,320.0,180.0,184.36089611844898,-0.4291705633490548
12.983408212661743,2.931000232696533,-135.55619337666585,-118.25762734594858,0.3793962238416395,-0.429725468345577,1,320.0,180.0,184.44380662333415,-0.429725468345577
12.993819952011108,2.9100000858306885,-135.47328287178067,-118.11418999483759,0.3797880943028763,-0.430272860694497,1,320.0,180.0,184.52671712821933,-0.430272860694497
13.003174304962158,2.9100000858306885,-135.84813447024572,-118.62658073829844,0.382193101765282,-0.432312490177221,1,320.0,180.0,184.15186552975428,-0.432312490177221
13.014014482498169,2.8960001468658447,-135.7683610743383,-118.50691523453155,0.3826112259824849,-0.43286030418347377,1,320.0,180.0,184.2316389256617,-0.43286030418347377
13.023829460144043,2.8960001468658447,-135.68858767843085,-118.42818522133888,0.38307809960808553,-0.4334077400638007,1,320.0,180.0,184.31141232156915,-0.4334077400638007
13.033731698989868,2.8960001468658447,-135.6088142825234,-118.34945520814621,0.38354460005339464,-0.4339547978182016,1,320.0,179.0,184.3911857174766,-0.4339547978182016
13.043148040771484,2.875000238418579,-136.07410175288302,-118.87677661801342,0.3861086087186696,-0.43627169552970935,1,320.0,179.0,183.92589824711698,-0.43627169552970935
13.053864479064941,2.875000238418579,-135.99806404135558,-118.80262656486136,0.38657651603772175,-0.43681794128213136,1,320.0,179.0,184.00193595864442,-0.43681794128213136
13.064754724502563,2.8610000610351562,-135.92202632982813,-118.68647530644968,0.3869893233721011,-0.43735907327653806,1,320.0,179.0,184.07797367017187,-0.43735907327653806
13.074061393737793,2.8610000610351562,-135.84598861830068,-118.61232525329761,0.38745218716965846,-0.43789985150548016,1,320.0,178.0,184.15401138169932,-0.43789985150548016
13.083455085754395,2.8400001525878906,-136.39202025192293,-119.20645373308675,0.39021889141027344,-0.4404616360817628,1,320.0,178.0,183.60797974807707,-0.4404616360817628
13.0939199924469,2.8400001525878906,-136.32024635129798,-119.1373216810421,0.39068396467299993,-0.4410025805862309,1,320.0,178.0,183.67975364870202,-0.4410025805862309
13.103807926177979,2.826000213623047,-136.24847245067303,-119.02508203096767,0.39109262665594824,-0.4415384262549828,1,320.0,178.0,183.75152754932697,-0.4415384262549828
13.113776922225952,2.826000213623047,-136.1766985500481,-118.95594997892303,0.39155270216867777,-0.44207394427584,1,320.0,177.0,183.8233014499519,-0.44207394427584
13.12332558631897,2.805000066757202,-136.7945418629077,-119.60882051221996,0.3944953572593007,-0.44485078690764307,1,320.0,177.0,183.2054581370923,-0.44485078690764307
13.134114742279053,2.805000066757202,-136.7274951131607,-119.54508671226912,0.39495832392310004,-0.44538731365246365,1,320.0,177.0,183.2725048868393,-0.44538731365246365
13.143810510635376,2.7910001277923584,-136.6604483634137,-119.43709384409178,0.395363512107132,-0.44591875475397486,1,320.0,177.0,183.3395516365863,-0.44591875475397486
13.15397596359253,2.7910001277923584,-136.5934016136667,-119.37336004414094,0.3958215258049262,-0.4464498956536426,1,320.0,176.0,183.4065983863333,-0.4464498956536426
13.163516998291016,2.7700002193450928,-137.27482863876241,-120.07754678972596,0.3989155369855047,-0.44941433603294434,1,320.0,176.0,182.72517136123759,-0.44941433603294434
13.173171997070312,2.7700002193450928,-137.2129128448727,-120.01953846936006,0.39937701352460675,-0.4499472042948577,1,320.0,176.0,182.7870871551273,-0.4499472042948577
13.183590412139893,2.757000207901001,-137.150997050983,-119.91933583919683,0.3997835161134129,-0.450475341168021,1,320.0,176.0,182.849002949017,-0.450475341168021
13.193455219268799,2.757000207901001,-137.08908125709328,-119.86132751883093,0.40024039707239856,-0.45100320607602756,1,320.0,175.0,182.91091874290672,-0.45100320607602756
13.203943014144897,2.7360000610351562,-137.82651822063954,-120.61004590402462,0.4034635386441541,-0.45413032743845727,1,320.0,175.0,182.17348177936046,-0.45413032743845727
13.213454484939575,2.7360000610351562,-137.77008252640337,-120.55804168996505,0.40392435550661276,-0.4546605267845605,1,320.0,175.0,182.22991747359663,-0.4546605267845605
13.224413394927979,2.7220001220703125,-137.7136468321672,-120.45936897957507,0.4043245258743631,-0.45518566124311644,1,320.0,175.0,182.2863531678328,-0.45518566124311644
13.233194589614868,2.7220001220703125,-137.65721113793103,-120.40736476551551,0.4047804745595526,-0.4557105527459915,1,320.0,173.0,182.34278886206897,-0.4557105527459915
13.243523597717285,2.702000141143799,-138.5447273706827,-121.1976826756206,0.40811602346042386,-0.4593066244230464,1,320.0,173.0,181.4552726293173,-0.4593066244230464
13.253168821334839,2.702000141143799,-138.49476349089286,-121.15191669898167,0.4085766057367609,-0.4598359630348215,1,320.0,173.0,181.50523650910714,-0.4598359630348215
13.264589548110962,2.688000202178955,-138.44479961110304,-121.05822196728022,0.4089750378166097,-0.4603602435034091,1,320.0,173.0,181.55520038889696,-0.4603602435034091
13.273235559463501,2.688000202178955,-138.3948357313132,-121.01245599064129,0.40943079127008886,-0.4608843131243988,1,320.0,172.0,181.6051642686868,-0.4608843131243988
13.28352427482605,2.6680002212524414,-139.31526269822993,-121.93636654524977,0.41318527241256925,-0.4645658055694305,1,320.0,172.0,180.68473730177007,-0.4645658055694305
13.293028593063354,2.6680002212524414,-139.2719522696475,-121.8977249478142,0.4136472160761044,-0.46509459717313173,1,320.0,172.0,180.7280477303525,-0.46509459717313173
13.303539752960205,2.6540000438690186,-139.22864184106507,-121.80984174631101,0.41404543994328075,-0.4656183351081152,1,320.0,172.0,180.77135815893493,-0.4656183351081152
13.313529253005981,2.6540000438690186,-139.18533141248264,-121.77120014887544,0.41450259395232864,-0.4661418939544717,1,320.0,171.0,180.81466858751736,-0.4661418939544717
13.323890924453735,2.634000062942505,-140.13351881128946,-122.71264753843863,0.4182963878748631,-0.46989171891749115,1,320.0,171.0,179.86648118871054,-0.46989171891749115
13.333349466323853,2.634000062942505,-140.09700689816722,-122.68121519390493,0.41875982184479443,-0.4704202009169686,1,320.0,171.0,179.90299310183278,-0.4704202009169686
13.343838691711426,2.620000123977661,-140.06049498504498,-122.59917545377932,0.41915790085523047,-0.4709436316693223,1,320.0,171.0,179.93950501495502,-0.4709436316693223
13.353570699691772,2.620000123977661,-140.02398307192274,-122.56774310924563,0.41961658143937164,-0.4714669145484165,1,320.0,169.0,179.97601692807726,-0.4714669145484165
13.363909482955933,2.6000001430511475,-141.09623712594575,-123.5225926969693,0.42343620659723646,-0.4755988899458015,1,320.0,169.0,178.90376287405425,-0.4755988899458015
13.373495101928711,2.6000001430511475,-141.06732816460217,-123.49842606989438,0.42390120039319257,-0.4761284685552972,1,320.0,169.0,178.93267183539783,-0.4761284685552972
13.383872509002686,2.5860002040863037,-141.0384192032586,-123.42222772812025,0.4242991315789776,-0.47665299520578586,1,320.0,169.0,178.9615807967414,-0.47665299520578586
13.393454790115356,2.5860002040863037,-141.00951024191502,-123.39806110104533,0.42475940500171294,-0.477177407232228,1,320.0,168.0,178.99048975808498,-0.477177407232228
13.40397024154663,2.56600022315979,-142.09078570238523,-124.3625366723702,0.42859259110455294,-0.4813151219260525,1,320.0,168.0,177.90921429761477,-0.4813151219260525
13.413562297821045,2.56600022315979,-142.06948973649486,-124.34566649868458,0.429059160249845,-0.4818457688985629,1,320.0,168.0,177.93051026350514,-0.4818457688985629
13.424165487289429,2.552000045776367,-142.04819377060448,-124.27527838698913,0.4294568826101742,-0.4823713607475805,1,320.0,168.0,177.95180622939552,-0.4823713607475805
13.433446884155273,2.552000045776367,-142.0268978047141,-124.25840821330351,0.4299187610398393,-0.482896869968248,1,320.0,167.0,177.9731021952859,-0.482896869968248
13.443806409835815,2.5320000648498535,-143.11399484377745,-125.22906542654086,0.4337543603750113,-0.4870298116550009,1,320.0,167.0,176.88600515622255,-0.4870298116550009
13.453180313110352,2.5320000648498535,-143.10029987327516,-125.21949919731658,0.4342224716021691,-0.4875614518621129,1,320.0,167.0,176.89970012672484,-0.4875614518621129
13.464106559753418,2.5190000534057617,-143.08660490277288,-125.15882086299088,0.43462494823991604,-0.48808838929873255,1,320.0,167.0,176.91339509722712,-0.48808838929873255
13.473743915557861,2.5190000534057617,-143.0729099322706,-125.1492546337666,0.43508872307602786,-0.4886152747287,1,320.0,166.0,176.9270900677294,-0.4886152747287
13.483198642730713,2.499000072479248,-144.16293234672173,-126.22403162126422,0.43924643698923665,-0.4927343075790818,1,320.0,166.0,175.83706765327827,-0.4927343075790818
13.493687391281128,2.499000072479248,-144.15680656067926,-126.22244858186274,0.4397175559908867,-0.49326718429453786,1,320.0,166.0,175.84319343932074,-0.49326718429453786
13.503152847290039,2.4860000610351562,-144.15068077463678,-126.16829693673708,0.44012128925910765,-0.49379535315236034,1,320.0,166.0,175.84931922536322,-0.49379535315236034
13.513715982437134,2.4860000610351562,-144.1445549885943,-126.1667138973356,0.44058809897320594,-0.49432349925288677,1,320.0,164.0,175.8554450114057,-0.49432349925288677
13.523156881332397,2.4690001010894775,-145.33589326597607,-127.14342434656818,0.44438312972953264,-0.49875055134683527,1,320.0,164.0,174.66410673402393,-0.49875055134683527
13.533635139465332,2.4690001010894775,-145.33797981345475,-127.14902812036404,0.4448568090959933,-0.4992868089714049,1,320.0,164.0,174.66202018654525,-0.4992868089714049
13.542929410934448,2.4590001106262207,-145.34006636093343,-127.1131881176985,0.44527744648160905,-0.49981944076062695,1,320.0,164.0,174.65993363906657,-0.49981944076062695
13.553471565246582,2.4590001106262207,-145.34215290841212,-127.11879189149435,0.445747836838745,-0.5003520801605315,1,320.0,164.0,174.65784709158788,-0.5003520801605315
13.563324928283691,2.448000192642212,-146.42072260740093,-128.1199235551806,0.44955593011420736,-0.5043912549994849,1,320.0,164.0,173.57927739259907,-0.5043912549994849
13.573831796646118,2.448000192642212,-146.43019198192565,-128.1326704659567,0.45003506673593485,-0.5049326956144108,1,320.0,164.0,173.56980801807435,-0.5049326956144108
13.583197116851807,2.44100022315979,-146.43966135645036,-128.11590953516443,0.45047649125456035,-0.5054716078255757,1,320.0,164.0,173.56033864354964,-0.5054716078255757
13.593968152999878,2.44100022315979,-146.44913073097507,-128.12865644594052,0.45095337110382105,-0.5060105541501675,1,320.0,164.0,173.55086926902493,-0.5060105541501675
13.603387594223022,2.433000087738037,-147.42326237199012,-129.0393521200178,0.4544258941307502,-0.5096924798319107,1,320.0,164.0,172.57673762800988,-0.5096924798319107
13.61405062675476,2.433000087738037,-147.43934782599064,-129.05849037982978,0.45491121211261853,-0.510239983872638,1,320.0,164.0,172.56065217400936,-0.510239983872638
13.623455047607422,2.42900013923645,-147.45543327999115,-129.0605661223026,0.45537477192098275,-0.5107860710041594,1,320.0,164.0,172.54456672000885,-0.5107860710041594
13.634011030197144,2.42900013923645,-147.47151873399167,-129.07970438211456,0.4558588751215936,-0.5113322156009706,1,320.0,165.0,172.52848126600833,-0.5113322156009706
13.643334150314331,2.4250001907348633,-148.24799285136342,-129.81139531738373,0.4587007182622109,-0.5143566736262126,1,320.0,165.0,171.75200714863658,-0.5143566736262126
13.653820276260376,2.4250001907348633,-148.2692934904945,-129.8355381133976,0.45919222878386695,-0.5149104438219301,1,320.0,165.0,171.7307065095055,-0.5149104438219301
13.663835763931274,2.4230000972747803,-148.2905941296256,-129.85109630761113,0.4596728439236156,-0.5154635484135659,1,320.0,165.0,171.7094058703744,-0.5154635484135659
13.673614740371704,2.4230000972747803,-148.31189476875667,-129.875239103625,0.4601638464735273,-0.5160167287822306,1,320.0,165.0,171.68810523124333,-0.5160167287822306
13.683173418045044,2.4210000038146973,-149.00869986224643,-130.43650525236987,0.4624236263692242,-0.5187721723240541,1,320.0,165.0,170.99130013775357,-0.5187721723240541
13.69342851638794,2.4210000038146973,-149.0346335814507,-130.46439099782057,0.462920564014029,-0.5193327383243187,1,320.0,165.0,170.9653664185493,-0.5193327383243187
13.703052520751953,2.4210000038146973,-149.06056730065495,-130.49227674327128,0.4634176007229448,-0.5198933964541209,1,320.0,165.0,170.93943269934505,-0.5198933964541209
13.7136549949646,2.4210000038146973,-149.0865010198592,-130.52016248872198,0.4639147364959716,-0.5204541467134608,1,320.0,167.0,170.9134989801408,-0.5204541467134608
13.723247289657593,2.4210000038146973,-149.50769940874642,-131.0277623739374,0.46597641118438743,-0.5223040230285797,1,320.0,167.0,170.49230059125358,-0.5223040230285797
13.733659982681274,2.4210000038146973,-149.53634416843363,-131.05893838171838,0.4664794092735755,-0.5228696246042888,1,320.0,167.0,170.46365583156637,-0.5228696246042888
13.743149280548096,2.4210000038146973,-149.56498892812084,-131.09011438949935,0.4669825181155315,-0.523435327940507,1,320.0,167.0,170.43501107187916,-0.523435327940507
13.754018545150757,2.4210000038146973,-149.59363368780805,-131.12129039728032,0.46748573771025553,-0.5240011330372341,1,320.0,168.0,170.40636631219195,-0.5240011330372341
13.764020204544067,2.4220001697540283,-149.86532126520456,-131.47476715464504,0.4690316369819678,-0.525360030146615,1,320.0,168.0,170.13467873479544,-0.525360030146615
13.773437976837158,2.4220001697540283,-149.89563302734445,-131.50812427679216,0.46953917696615843,-0.5259292833002085,1,320.0,168.0,170.10436697265555,-0.5259292833002085
13.783600091934204,2.4230000972747803,-149.92594478948433,-131.54577888024878,0.47005233663066315,-0.526499018999825,1,320.0,168.0,170.07405521051567,-0.526499018999825
13.793372631072998,2.4230000972747803,-149.95625655162422,-131.5791360023959,0.4705604579855665,-0.5270688625335427,1,320.0,169.0,170.04374344837578,-0.5270688625335427
13.803379535675049,2.4240000247955322,-150.09198602589956,-131.6874114068126,0.471304518962242,-0.5279829820132543,1,320.0,169.0,169.90801397410044,-0.5279829820132543
13.813951253890991,2.4240000247955322,-150.12302084347618,-131.72125293995506,0.47181405647064445,-0.5285546617578549,1,320.0,169.0,169.87697915652382,-0.5285546617578549
13.82356595993042,2.4260001182556152,-150.1540556610528,-131.76367149689682,0.4723346962668155,-0.52912720279177,1,320.0,169.0,169.8459443389472,-0.52912720279177
13.8332998752594,2.4260001182556152,-150.18509047862943,-131.79751303003928,0.47284516427950307,-0.5296998544648188,1,320.0,171.0,169.81490952137057,-0.5296998544648188
13.843875169754028,2.4280002117156982,-150.0964318189212,-131.88978489469815,0.47352935162994936,-0.529883014590713,1,320.0,171.0,169.9035681810788,-0.529883014590713
13.853700160980225,2.4280002117156982,-150.1266456570862,-131.92396847621052,0.47404134056505026,-0.5304552234009672,1,320.0,171.0,169.8733543429138,-0.5304552234009672
13.863264322280884,2.42900013923645,-150.15685949525118,-131.96242683595327,0.47455892641254793,-0.5310279154395803,1,320.0,171.0,169.84314050474882,-0.5310279154395803
13.874369859695435,2.42900013923645,-150.18707333341618,-131.99661041746563,0.475071504647026,-0.5316007154171406,1,320.0,172.0,169.81292666658382,-0.5316007154171406
13.883145570755005,2.431000232696533,-149.99639427022672,-131.86839082304164,0.4750376488092338,-0.5314539771711767,1,320.0,172.0,170.00360572977328,-0.5314539771711767
13.893887519836426,2.431000232696533,-150.02509298986539,-131.9014018993228,0.47554913944279853,-0.5320251304921901,1,320.0,172.0,169.97490701013461,-0.5320251304921901
13.903204441070557,2.432000160217285,-150.05379170950405,-131.93867646970037,0.4760662094418603,-0.5325967615901797,1,320.0,172.0,169.94620829049595,-0.5325967615901797
13.913952589035034,2.432000160217285,-150.08249042914272,-131.97168754598152,0.47657828142767267,-0.5331684954295969,1,320.0,174.0,169.91750957085728,-0.5331684954295969
13.923357248306274,2.43500018119812,-149.69886075514336,-131.8503355725809,0.4765617594257521,-0.5323967237448003,1,320.0,174.0,170.30113924485664,-0.5323967237448003
13.934238910675049,2.43500018119812,-149.72473127209278,-131.88220027295392,0.47707312451942097,-0.5329649059064028,1,320.0,174.0,170.27526872790722,-0.5329649059064028
13.94362187385559,2.436000108718872,-149.7506017890422,-131.91831349157832,0.4775900471630601,-0.5335335552278666,1,320.0,174.0,170.2493982109578,-0.5335335552278666
13.953602313995361,2.436000108718872,-149.77647230599163,-131.95017819195135,0.4781019859790805,-0.5341022974244932,1,320.0,176.0,170.22352769400837,-0.5341022974244932
13.963876247406006,2.438000202178955,-149.218923822546,-131.62529057825623,0.47743374669898586,-0.5327691569351822,1,320.0,176.0,170.781076177454,-0.5327691569351822
13.973384141921997,2.438000202178955,-149.24079259144295,-131.65465005486317,0.477942276604406,-0.5333319201826582,1,320.0,176.0,170.75920740855705,-0.5333319201826582
13.98370361328125,2.439000129699707,-149.2626613603399,-131.6882468693373,0.4784563412925872,-0.5338951351779766,1,320.0,176.0,170.7373386396601,-0.5338951351779766
13.993223190307617,2.439000129699707,-149.28453012923686,-131.71760634594426,0.4789654267960544,-0.5344584288461983,1,320.0,178.0,170.71546987076314,-0.5344584288461983
14.003779411315918,2.44100022315979,-148.5706674335016,-131.31396679273962,0.478045697957244,-0.5326230708428485,1,320.0,178.0,171.4293325664984,-0.5326230708428485
14.013405799865723,2.44100022315979,-148.58748970679594,-131.3402982026346,0.47855044914666767,-0.5331785440853674,1,320.0,178.0,171.41251029320406,-0.5331785440853674
14.02329683303833,2.443000078201294,-148.60431198009027,-131.3750783135918,0.47906612090051687,-0.5337348208978414,1,320.0,178.0,171.39568801990973,-0.5337348208978414
14.034088373184204,2.443000078201294,-148.6211342533846,-131.4014097234868,0.4795717492036577,-0.5342911583966695,1,320.0,180.0,171.3788657466154,-0.5342911583966695
14.043293476104736,2.445000171661377,-147.76722919922184,-130.7253588345558,0.4777700488124994,-0.5320085416007145,1,320.0,180.0,172.23277080077816,-0.5320085416007145
14.053947448730469,2.445000171661377,-147.77807900615,-130.74681462865303,0.47826811868937247,-0.5325554097428575,1,320.0,180.0,172.22192099385,-0.5325554097428575
14.063579320907593,2.446000099182129,-147.78892881307814,-130.7724818443517,0.478771661902504,-0.5331026865254757,1,320.0,180.0,172.21107118692186,-0.5331026865254757
14.073443174362183,2.446000099182129,-147.7997786200063,-130.7939376384489,0.47927022897241467,-0.5336500025301485,1,320.0,182.0,172.2002213799937,-0.5336500025301485
14.083730220794678,2.447000026702881,-146.82085896211964,-130.07041620112105,0.4773308948506148,-0.5309697216406,1,320.0,182.0,173.17914103788036,-0.5309697216406
14.093212366104126,2.447000026702881,-146.8249197631572,-130.0867332014306,0.4778210640170266,-0.5315057337588898,1,320.0,182.0,173.1750802368428,-0.5315057337588898
14.103566884994507,2.448000192642212,-146.82898056419475,-130.1072552648201,0.47831667881981305,-0.532042127700491,1,320.0,182.0,173.17101943580525,-0.532042127700491
14.113353967666626,2.448000192642212,-146.8330413652323,-130.12357226512967,0.47880730661445253,-0.5325785363421938,1,320.0,184.0,173.1669586347677,-0.5325785363421938
14.123677492141724,2.450000047683716,-145.7429739350984,-129.265659025823,0.4764301679312617,-0.5295473258964369,1,320.0,184.0,174.2570260649016,-0.5295473258964369
14.132978200912476,2.450000047683716,-145.73952991004435,-129.27592192338122,0.47691110864071473,-0.5300714988796695,1,320.0,184.0,174.26047008995565,-0.5300714988796695
14.143734693527222,2.451000213623047,-145.7360858849903,-129.29037887592875,0.47739745790219273,-0.530596023778984,1,320.0,184.0,174.2639141150097,-0.530596023778984
14.153305530548096,2.451000213623047,-145.73264185993625,-129.30064177348697,0.47787881152634987,-0.5311205361850957,1,320.0,184.0,174.26735814006375,-0.5311205361850957
14.16325068473816,2.452000141143799,-145.7291978348822,-129.31509406722756,0.4783655681159327,-0.5316454003945934,1,320.0,186.0,174.2708021651178,-0.5316454003945934
14.173723936080933,2.452000141143799,-144.51353346824126,-128.3007698007312,0.4755066575654294,-0.5282177950538354,1,320.0,186.0,175.48646653175874,-0.5282177950538354
14.183171033859253,2.453000068664551,-144.50177813559296,-128.3081935964279,0.47598164565553014,-0.5287285913885404,1,320.0,186.0,175.49822186440704,-0.5287285913885404
14.193779468536377,2.453000068664551,-144.49002280294465,-128.3114316497516,0.47645162261701235,-0.5292393450219974,1,320.0,189.0,175.50997719705535,-0.5292393450219974
14.204076290130615,2.454000234603882,-143.12043595574997,-127.22112998771519,0.47334816215605524,-0.5253236037142188,1,320.0,189.0,176.87956404425003,-0.5253236037142188
14.213954448699951,2.454000234603882,-143.09937235656906,-127.21684288321009,0.4738054509291435,-0.5258184936976471,1,320.0,189.0,176.90062764343094,-0.5258184936976471
14.223976612091064,2.455000162124634,-143.07830875738816,-127.21673422691654,0.47426807146390404,-0.5263136647847263,1,320.0,189.0,176.92169124261184,-0.5263136647847263
14.233798503875732,2.455000162124634,-143.05724515820725,-127.21244712241145,0.4747256622664664,-0.5268087592529549,1,320.0,189.0,176.94275484179275,-0.5268087592529549
14.2437264919281,2.4560000896453857,-143.03618155902635,-127.21233482661859,0.47518858043879386,-0.527304134666869,1,320.0,191.0,176.96381844097365,-0.527304134666869
14.253181457519531,2.4560000896453857,-141.56868630175975,-125.99265111925993,0.4716846422582906,-0.5230844969546928,1,320.0,191.0,178.43131369824025,-0.5230844969546928
14.263697862625122,2.4570000171661377,-141.5377095244011,-125.98420541868754,0.472133404891248,-0.5235628759348792,1,320.0,191.0,178.4622904755989,-0.5235628759348792
14.273499488830566,2.4570000171661377,-141.50673274704243,-125.97158854414917,0.4725771161584801,-0.5240411420821527,1,320.0,193.0,178.49326725295757,-0.5240411420821527
14.28385305404663,2.4580001831054688,-140.01928750665832,-124.60279764397376,0.4685919697172965,-0.5197721750326221,1,320.0,193.0,179.98071249334168,-0.5197721750326221
14.293409585952759,2.4580001831054688,-139.97832938553924,-124.58085818738397,0.4690197396545104,-0.5202332463619666,1,320.0,193.0,180.02167061446076,-0.5202332463619666
14.303839683532715,2.4580001831054688,-139.93737126442016,-124.55891873079418,0.46944742962239494,-0.5206941683989408,1,320.0,193.0,180.06262873557984,-0.5206941683989408
14.313597917556763,2.4580001831054688,-139.8964131433011,-124.53697927420438,0.4698750396209501,-0.5211549411435447,1,320.0,195.0,180.1035868566989,-0.5211549411435447
14.323855638504028,2.4570000171661377,-138.35862996697543,-123.19349670741721,0.4660025011411686,-0.5167354531501984,1,320.0,195.0,181.64137003302457,-0.5167354531501984
14.333383321762085,2.4570000171661377,-138.30741144753185,-123.16252694510516,0.46641395693607723,-0.5171777756789993,1,320.0,195.0,181.69258855246815,-0.5171777756789993
14.343601942062378,2.4560000896453857,-138.25619292808827,-123.12738600882713,0.46681997152521026,-0.5176195660289102,1,320.0,195.0,181.74380707191173,-0.5176195660289102
14.353347063064575,2.4560000896453857,-138.2049744086447,-123.09641624651508,0.4672308787931607,-0.518061169943399,1,320.0,198.0,181.7950255913553,-0.518061169943399
14.363664150238037,2.451000213623047,-136.52427789197068,-121.66912494864397,0.4631304888602381,-0.5131880043006671,1,320.0,198.0,183.47572210802932,-0.5131880043006671
14.373184442520142,2.451000213623047,-136.46188746681483,-121.62872520236124,0.4635232174303271,-0.5136081513601445,1,320.0,198.0,183.53811253318517,-0.5136081513601445
14.38390588760376,2.446000099182129,-136.39949704165898,-121.56732149278373,0.46388899887617385,-0.514026367065584,1,320.0,198.0,183.60050295834102,-0.514026367065584
14.393511056900024,2.446000099182129,-136.33710661650312,-121.526921746501,0.4642798390328814,-0.5144443572296212,1,320.0,199.0,183.66289338349688,-0.5144443572296212
14.404001712799072,2.438000202178955,-134.7315480118853,-120.0289273087947,0.45998476356737633,-0.5098274961386892,1,320.0,199.0,185.2684519881147,-0.5098274961386892
14.41396188735962,2.438000202178955,-134.6585757509008,-119.97876427519664,0.4603558916452709,-0.5102240270733951,1,320.0,199.0,185.3414242490992,-0.5102240270733951
14.422998428344727,2.431000232696533,-134.5856034899163,-119.89883336268443,0.46068891269636136,-0.5106179404349929,1,320.0,199.0,185.4143965100837,-0.5106179404349929
14.433687448501587,2.431000232696533,-134.5126312289318,-119.84867032908636,0.46105747574386696,-0.5110115927382846,1,320.0,199.0,185.4873687710682,-0.5110115927382846
14.443206310272217,2.4190001487731934,-134.4396589679473,-119.74704685185237,0.46136033026443096,-0.5114009507652946,1,320.0,201.0,185.5603410320527,-0.5114009507652946
14.453769207000732,2.4190001487731934,-132.77610425882708,-118.30757942403746,0.45719541258891394,-0.506604505623512,1,320.0,201.0,187.22389574117292,-0.506604505623512
14.463268280029297,2.4100000858306885,-132.69222798860898,-118.20893665562099,0.45749372779389014,-0.5069715942313828,1,320.0,201.0,187.30777201139102,-0.5069715942313828
14.47428846359253,2.4100000858306885,-132.60835171839088,-118.14924944554242,0.45783857927144345,-0.5073383871753832,1,320.0,202.0,187.39164828160912,-0.5073383871753832
14.483370065689087,2.3950002193450928,-131.0581723182186,-116.62602453804125,0.4535426987633151,-0.5029198578883238,1,320.0,202.0,188.9418276817814,-0.5029198578883238
14.493729829788208,2.3950002193450928,-130.96424478315154,-116.55675484815049,0.45386606688189446,-0.5032638827217405,1,320.0,202.0,189.03575521684846,-0.5032638827217405
14.503734111785889,2.384000062942505,-130.8703172480845,-116.43879858867163,0.45412739763195903,-0.5036039809979317,1,320.0,202.0,189.1296827519155,-0.5036039809979317
14.514987468719482,2.384000062942505,-130.77638971301744,-116.36952889878087,0.4544469125923914,-0.5039437542848367,1,320.0,202.0,189.22361028698256,-0.5039437542848367
14.523794174194336,2.367000102996826,-130.68246217795038,-116.22406298832018,0.4546695492650279,-0.5042776485908991,1,320.0,204.0,189.31753782204962,-0.5042776485908991
14.533396244049072,2.367000102996826,-129.07905645601718,-114.79851141859062,0.45056251217468174,-0.49969099793834704,1,320.0,204.0,190.92094354398282,-0.49969099793834704
14.54384446144104,2.3550000190734863,-128.97478328263378,-114.6654493802272,0.4507912669438888,-0.5000027722148068,1,320.0,204.0,191.02521671736622,-0.5000027722148068
14.554306268692017,2.3550000190734863,-128.87051010925038,-114.58688402650644,0.4510851515945276,-0.5003141932658869,1,320.0,204.0,191.12948989074962,-0.5003141932658869
14.563987970352173,2.3360002040863037,-128.76623693586697,-114.42080445956668,0.45126802165947416,-0.5006191447548912,1,320.0,205.0,191.23376306413303,-0.5006191447548912
14.573640584945679,2.3360002040863037,-127.25038957775038,-113.0573146924543,0.44736843494739376,-0.49632382015363546,1,320.0,205.0,192.74961042224962,-0.49632382015363546
14.583051681518555,2.323000192642212,-127.1364453239082,-112.90918133098386,0.44756412208525914,-0.4966075909031633,1,320.0,205.0,192.86355467609178,-0.4966075909031633
14.594865322113037,2.323000192642212,-127.02250107006603,-112.82181260899542,0.44783243781841287,-0.49689098478201665,1,320.0,205.0,192.97749892993397,-0.49689098478201665
14.60334825515747,2.3030002117156982,-126.90855681622385,-112.63952044226434,0.44798061051579513,-0.49716765636840626,1,320.0,206.0,193.09144318377616,-0.49716765636840626
14.614412307739258,2.3030002117156982,-125.47396879734363,-111.43643576346231,0.4446072941214645,-0.49314116914994055,1,320.0,206.0,194.52603120265638,-0.49314116914994055
14.623695373535156,2.2900002002716064,-125.3509788331162,-111.27876870516668,0.4447769677362988,-0.493397838162365,1,320.0,206.0,194.6490211668838,-0.493397838162365
14.63313102722168,2.2900002002716064,-125.22798886888877,-111.18375791975075,0.44502152246875837,-0.4936541105320933,1,320.0,206.0,194.77201113111124,-0.4936541105320933
14.643970727920532,2.2690000534057617,-125.10499890466134,-110.98590080930484,0.44513619672135896,-0.4939034182007487,1,320.0,207.0,194.89500109533867,-0.4939034182007487
14.653991222381592,2.2690000534057617,-123.74597594827792,-109.72506884240111,0.4415761521845067,-0.4901257774867843,1,320.0,207.0,196.25402405172207,-0.4901257774867843
14.66367220878601,2.255000114440918,-123.61452132641207,-109.55236533483144,0.44171262855300425,-0.4903558725365733,1,320.0,207.0,196.38547867358793,-0.4903558725365733
14.67356252670288,2.255000114440918,-123.48306670454623,-109.44937071950842,0.44193243244656283,-0.4905855551474486,1,320.0,207.0,196.51693329545378,-0.4905855551474486
14.683883428573608,2.2340002059936523,-123.35161208268039,-109.24004820432825,0.4420182510333139,-0.4908083493880088,1,320.0,208.0,196.6483879173196,-0.4908083493880088
14.693240880966187,2.2340002059936523,-122.06298129794672,-108.03125927498941,0.4386294065601074,-0.4872614315678945,1,320.0,208.0,197.93701870205328,-0.4872614315678945
14.703718662261963,2.2200000286102295,-121.92360292528555,-107.84860188698687,0.43873915593797363,-0.4874660445183439,1,320.0,208.0,198.07639707471446,-0.4874660445183439
14.713990449905396,2.2200000286102295,-121.78422455262438,-107.7380353575022,0.4389350771181384,-0.4876702323647467,1,320.0,208.0,198.21577544737562,-0.4876702323647467
14.723989725112915,2.198000192642212,-121.64484617996321,-107.51218439276676,0.43898605500449067,-0.48786730469044703,1,320.0,209.0,198.35515382003678,-0.48786730469044703
14.73337197303772,2.198000192642212,-120.4218872665764,-106.3524198299182,0.43575767188601044,-0.48453460020652217,1,320.0,209.0,199.5781127334236,-0.48453460020652217
14.74357008934021,2.184000015258789,-120.27508950258783,-106.16000013176102,0.43584100185266156,-0.4847144571592517,1,320.0,209.0,199.72491049741217,-0.4847144571592517
14.753621339797974,2.184000015258789,-120.12829173859926,-106.04224963163745,0.43601358631546816,-0.48489387959059416,1,320.0,209.0,199.87170826140073,-0.48489387959059416
14.763970851898193,2.1620001792907715,-119.98149397461069,-105.80505426207924,0.4360363156020543,-0.48506626856758317,1,320.0,211.0,200.0185060253893,-0.48506626856758317
14.77340817451477,2.1620001792907715,-118.71821257475791,-104.69154557933085,0.432958841169413,-0.48160183145317303,1,320.0,211.0,201.2817874252421,-0.48160183145317303
14.783857345581055,2.1480000019073486,-118.56377022445159,-104.4895887276965,0.4330163780675985,-0.481756778653915,1,320.0,211.0,201.4362297755484,-0.481756778653915
14.793763637542725,2.1480000019073486,-118.40932787414526,-104.36502025090567,0.4331664235040672,-0.48191128260511074,1,320.0,211.0,201.59067212585472,-0.48191128260511074
14.804004669189453,2.126000165939331,-118.25488552383894,-104.11661712072642,0.43316142806823954,-0.4820588393365507,1,320.0,212.0,201.74511447616106,-0.4820588393365507
14.813555717468262,2.126000165939331,-117.05892230738348,-103.04681345717377,0.43022608601727663,-0.4788137647248841,1,320.0,212.0,202.94107769261652,-0.4788137647248841
14.82381296157837,2.111999988555908,-116.89734849152123,-102.83551396255008,0.430258409349602,-0.4789448507713113,1,320.0,212.0,203.10265150847877,-0.4789448507713113
14.833297967910767,2.111999988555908,-116.73577467565897,-102.70447330416815,0.43038667899239086,-0.4790754876425351,1,320.0,212.0,203.26422532434103,-0.4790754876425351
14.843092679977417,2.0900001525878906,-116.57420085979672,-102.4449616857854,0.430354427610005,-0.47919926380531286,1,320.0,214.0,203.42579914020328,-0.47919926380531286
14.853565692901611,2.0900001525878906,-115.33963262299754,-101.41650269860921,0.4275531188743721,-0.47582788802981657,1,320.0,214.0,204.66036737700244,-0.47582788802981657
14.863165616989136,2.076000213623047,-115.17071149235451,-101.19602639263726,0.4275607646722465,-0.4759349919484671,1,320.0,214.0,204.8292885076455,-0.4759349919484671
14.874200105667114,2.076000213623047,-115.00179036171149,-101.05884067439013,0.4276679901457353,-0.4760416414691861,1,320.0,214.0,204.99820963828853,-0.4760416414691861
14.883283615112305,2.055000066757202,-114.83286923106846,-100.79441010146488,0.4276165187316895,-0.4761418078241762,1,320.0,215.0,205.16713076893154,-0.4761418078241762
14.893671751022339,2.055000066757202,-113.66693638180352,-99.80510330508376,0.4249420046589946,-0.4729942424041813,1,320.0,215.0,206.3330636181965,-0.4729942424041813
14.903283596038818,2.0400002002716064,-113.4911877759453,-99.56945417263948,0.42491810633076266,-0.47307842122219157,1,320.0,215.0,206.50881222405468,-0.47307842122219157
14.91398549079895,2.0400002002716064,-113.31543917008709,-99.42643318141347,0.42500498991734387,-0.4731621430937385,1,320.0,215.0,206.68456082991293,-0.4731621430937385
14.923719644546509,2.0190000534057617,-113.13969056422887,-99.15121941651596,0.42492732114416853,-0.47323946814352685,1,320.0,216.0,206.86030943577111,-0.47323946814352685
14.933178424835205,2.0190000534057617,-112.03781409386356,-98.19902116031419,0.42237235372026904,-0.47029986085751063,1,320.0,216.0,207.96218590613643,-0.47029986085751063
14.94339656829834,2.005000114440918,-111.85572291511221,-97.96065921571522,0.42233244557105654,-0.47036238897883537,1,320.0,216.0,208.1442770848878,-0.47036238897883537
14.954113960266113,2.005000114440918,-111.67363173636086,-97.81209658603596,0.42239992333609805,-0.4704244595960214,1,320.0,216.0,208.32636826363915,-0.4704244595960214
14.963684320449829,1.9830000400543213,-111.49154055760951,-97.51963297541033,0.42228862151114965,-0.47047994065360443,1,320.0,217.0,208.5084594423905,-0.47047994065360443
14.973099946975708,1.9830000400543213,-110.44947035990182,-96.60263240768222,0.4198466904498682,-0.46773386257092,1,320.0,217.0,209.55052964009818,-0.46773386257092
14.98361086845398,1.9690001010894775,-110.26148910305079,-96.35541168909518,0.4197834465967319,-0.4677753935479165,1,320.0,217.0,209.7385108969492,-0.4677753935479165
14.99329423904419,1.9690001010894775,-110.07350784619976,-96.20158595488651,0.4198319040819696,-0.46781646914027086,1,320.0,217.0,209.92649215380024,-0.46781646914027086
15.003438472747803,1.9690001010894775,-109.88552658934873,-96.04776022067784,0.4198799889243273,-0.467857089347983,1,320.0,218.0,210.11447341065127,-0.467857089347983
15.014068126678467,1.9480000734329224,-108.8993109519445,-95.02133012292876,0.41737385454118603,-0.4652914115718232,1,320.0,218.0,211.1006890480555,-0.4652914115718232
15.0236337184906,1.9480000734329224,-108.70586199376606,-94.86250565926782,0.41740808934062046,-0.4653169057348908,1,320.0,218.0,211.29413800623394,-0.4653169057348908
15.033236026763916,1.9340001344680786,-108.51241303558763,-94.60657931471265,0.417321884121658,-0.4653381435059934,1,320.0,218.0,211.48758696441237,-0.4653381435059934
15.04379653930664,1.9130001068115234,-108.31896407740919,-94.29919311816963,0.4171682586192792,-0.4653532428206102,1,320.0,219.0,211.6810359225908,-0.4653532428206102
15.053288698196411,1.9130001068115234,-107.38492321038733,-93.44732070198549,0.41493500591087745,-0.4629554918363563,1,320.0,219.0,212.61507678961266,-0.4629554918363563
15.064227104187012,1.9130001068115234,-107.18640089200979,-93.28374857384644,0.41495163953813985,-0.4629619180429611,1,320.0,219.0,212.81359910799023,-0.4629619180429611
15.074138641357422,1.8990000486373901,-106.98787857363224,-93.0191416461016,0.41484317175700614,-0.46296414653101137,1,320.0,219.0,213.01212142636774,-0.46296414653101137
15.084171772003174,1.8990000486373901,-106.7893562552547,-92.85556951796255,0.41485557810702156,-0.4629659288401269,1,320.0,221.0,213.2106437447453,-0.4629659288401269
15.093547582626343,1.8780001401901245,-105.80290455545143,-91.98034926824562,0.41286237440258094,-0.46039497289234876,1,320.0,221.0,214.19709544454855,-0.46039497289234876
15.10316252708435,1.8780001401901245,-105.59898406600524,-91.81296101909436,0.4128630379852145,-0.4603820581120481,1,320.0,221.0,214.40101593399476,-0.4603820581120481
15.113846063613892,1.8640000820159912,-105.39506357655905,-91.54036211724573,0.4127336465039388,-0.4603650068836482,1,320.0,221.0,214.60493642344096,-0.4603650068836482
15.123691082000732,1.8640000820159912,-105.19114308711286,-91.37297386809448,0.4127301462472475,-0.4603475151869494,1,320.0,221.0,214.80885691288714,-0.4603475151869494
15.133218050003052,1.8440001010894775,-104.36113395426699,-90.41679506969655,0.41046731609552944,-0.45828476564910126,1,320.0,221.0,215.638866045733,-0.45828476564910126
15.144310235977173,1.8440001010894775,-104.1529236628293,-90.24505283703166,0.41045164250062477,-0.45825467599462644,1,320.0,221.0,215.8470763371707,-0.45825467599462644
15.15482211112976,1.8300000429153442,-103.9447133713916,-89.96379048068533,0.4103008025479087,-0.45822050893629895,1,320.0,221.0,216.0552866286084,-0.45822050893629895
15.164437770843506,1.8300000429153442,-103.7365030799539,-89.79204824802045,0.41028103037845903,-0.4581859098415943,1,320.0,223.0,216.2634969200461,-0.4581859098415943
15.173925399780273,1.8100000619888306,-102.84721255783015,-89.0596815699872,0.40875830835697174,-0.45592691770434735,1,320.0,223.0,217.15278744216985,-0.45592691770434735
15.183277368545532,1.8100000619888306,-102.63433523595224,-88.88519191106623,0.4087289132936612,-0.4558792994628521,1,320.0,223.0,217.36566476404778,-0.4558792994628521
15.194137573242188,1.7960001230239868,-102.42145791407432,-88.59660333294303,0.40855891426779467,-0.4558276654093484,1,320.0,223.0,217.57854208592568,-0.4558276654093484
15.203261375427246,1.7960001230239868,-102.20858059219641,-88.42211367402206,0.40852548671049593,-0.4557756077299086,1,320.0,224.0,217.79141940780357,-0.4557756077299086
15.213866233825684,1.7760001420974731,-101.36811981292902,-87.58896613669309,0.40668365547660396,-0.45367345721203517,1,320.0,224.0,218.63188018707098,-0.45367345721203517
15.223450183868408,1.7760001420974731,-101.15094165181377,-87.41110322172372,0.40663979754994306,-0.45360907628143465,1,320.0,224.0,218.84905834818625,-0.45360907628143465
15.234052181243896,1.7620000839233398,-100.93376349069851,-87.11426725766783,0.4064495470904792,-0.4535407413287228,1,320.0,224.0,219.0662365093015,-0.4535407413287228
15.244183778762817,1.7620000839233398,-100.71658532958325,-86.93640434269847,0.40640172546102876,-0.45347199265156857,1,320.0,225.0,219.28341467041673,-0.45347199265156857
15.253513097763062,1.7420001029968262,-99.92164993734569,-86.21408977853716,0.404932401252177,-0.4515155085873241,1,320.0,225.0,220.0783500626543,-0.4515155085873241
15.263113260269165,1.7420001029968262,-99.70051205529737,-86.03368528393247,0.40487550836700614,-0.4514350876044008,1,320.0,225.0,220.29948794470263,-0.4514350876044008
15.273810625076294,1.7280000448226929,-99.47937417324904,-85.72911557488811,0.4046660517161057,-0.4513507746180855,1,320.0,225.0,220.52062582675097,-0.4513507746180855
15.283684968948364,1.7280000448226929,-99.25823629120072,-85.54871108028343,0.40460526498633254,-0.4512660591608,1,320.0,226.0,220.74176370879928,-0.4512660591608
15.293126344680786,1.7080000638961792,-98.50573662141097,-84.82533055053497,0.40314359932859184,-0.449444802340287,1,320.0,226.0,221.49426337858904,-0.449444802340287
15.303625106811523,1.7080000638961792,-98.28095669807492,-84.64244688969472,0.4030739560800991,-0.4493490237413387,1,320.0,226.0,221.71904330192507,-0.4493490237413387
15.313202857971191,1.6950000524520874,-98.05617677473886,-84.33920187988593,0.40266351203491485,-0.44904035666934317,1,320.0,226.0,221.94382322526116,-0.44904035666934317
15.324029445648193,1.6950000524520874,-97.8313968514028,-84.15631821904569,0.4025911876645592,-0.4489417267140244,1,320.0,227.0,222.16860314859719,-0.4489417267140244
15.333336114883423,1.6750000715255737,-97.11844298016095,-83.43173859026413,0.4004021257570478,-0.4464521959752774,1,320.0,227.0,222.88155701983905,-0.4464521959752774
15.343866348266602,1.6750000715255737,-96.89031677701925,-83.24643870986519,0.400324876764534,-0.4463476500971556,1,320.0,227.0,223.10968322298075,-0.4463476500971556
15.353470802307129,1.662000060081482,-96.66219057387755,-82.93545372453369,0.3996207908668013,-0.4457243789612795,1,320.0,227.0,223.33780942612245,-0.4457243789612795
15.364153146743774,1.662000060081482,-96.43406437073585,-82.75015384413474,0.3995424239116861,-0.44561889469054106,1,320.0,228.0,223.56593562926415,-0.44561889469054106
15.373683214187622,1.6420000791549683,-95.75795251069366,-82.0239494562354,0.397444475818624,-0.44333564081701526,1,320.0,228.0,224.24204748930634,-0.44333564081701526
15.383059024810791,1.6420000791549683,-95.52675528819071,-81.83629662293623,0.39736152354041687,-0.4432249340317576,1,320.0,228.0,224.4732447118093,-0.4432249340317576
15.393444538116455,1.628000020980835,-95.29555806568777,-81.50707150763988,0.39662919844220296,-0.4425855711010491,1,320.0,228.0,224.70444193431223,-0.4425855711010491
15.403235673904419,1.628000020980835,-95.06436084318483,-81.31941867434071,0.3965451975338885,-0.4424740316807252,1,320.0,229.0,224.93563915681517,-0.4424740316807252
15.414177179336548,1.6090000867843628,-94.42256090989333,-80.60128938829584,0.3945830108752704,-0.44041755886279077,1,320.0,229.0,225.57743909010668,-0.44041755886279077
15.423773527145386,1.6090000867843628,-94.18854875015809,-80.4113469935309,0.39449479103623586,-0.44030144144324307,1,320.0,229.0,225.81145124984192,-0.44030144144324307
15.433461666107178,1.5950000286102295,-93.95453659042285,-80.07327829022532,0.3937837533222204,-0.43968653072712105,1,320.0,229.0,226.04546340957717,-0.43968653072712105
15.444121599197388,1.5950000286102295,-93.7205244306876,-79.88333589546038,0.39369559139836163,-0.43957086819216185,1,320.0,231.0,226.2794755693124,-0.43957086819216185
15.453502178192139,1.5760000944137573,-93.00964963821708,-79.26399050879272,0.3921199693678781,-0.43739688622770534,1,320.0,231.0,226.99035036178293,-0.43739688622770534
15.464034795761108,1.5760000944137573,-92.77236809138175,-79.0725144805314,0.39203254991511166,-0.43728072981304494,1,320.0,231.0,227.22763190861826,-0.43728072981304494
15.473893165588379,1.5630000829696655,-92.53508654454642,-78.7370772594532,0.3913884397836702,-0.4367324259980879,1,320.0,231.0,227.4649134554536,-0.4367324259980879
15.483616828918457,1.5630000829696655,-92.29780499771108,-78.54560123119188,0.3913027191515885,-0.43661864240161136,1,320.0,232.0,227.70219500228893,-0.43661864240161136
15.49345326423645,1.5430001020431519,-91.62638495111335,-78.00349020457377,0.3900193118111279,-0.4346200860084995,1,320.0,232.0,228.37361504888665,-0.4346200860084995
15.50307321548462,1.5430001020431519,-91.38612677156199,-77.8111648593429,0.3899354332037156,-0.43450657589286806,1,320.0,232.0,228.61387322843802,-0.43450657589286806
15.513830184936523,1.53000009059906,-91.14586859201063,-77.4678928194968,0.38931157669940125,-0.43398864782611557,1,320.0,232.0,228.85413140798937,-0.43398864782611557
15.523565769195557,1.53000009059906,-90.90561041245927,-77.27556747426593,0.38922939492760034,-0.4338775402950292,1,320.0,233.0,229.09438958754072,-0.4338775402950292
15.533906936645508,1.5100001096725464,-90.27084652788052,-76.60958689942953,0.3876796176955445,-0.43207199429445703,1,320.0,233.0,229.7291534721195,-0.43207199429445703
15.543322563171387,1.5100001096725464,-90.02788331909784,-76.41564505103841,0.38759835987497593,-0.4319616432519188,1,320.0,233.0,229.97211668090216,-0.4319616432519188
15.554050207138062,1.4970000982284546,-89.78492011031516,-76.06324994492633,0.3869980240964564,-0.4314733538992935,1,320.0,233.0,230.21507988968483,-0.4314733538992935
15.56348204612732,1.4970000982284546,-89.54195690153247,-75.8693080965352,0.38691846801670465,-0.4313654324916235,1,320.0,234.0,230.45804309846753,-0.4313654324916235
15.573950052261353,1.4780000448226929,-88.94123193132205,-75.3044188311079,0.38573444839778986,-0.4297643053684994,1,320.0,234.0,231.05876806867795,-0.4297643053684994
15.58334994316101,1.4780000448226929,-88.695815526555,-75.10955992761025,0.3856565407213265,-0.4296573318369269,1,320.0,234.0,231.304184473445,-0.4296573318369269
15.594029903411865,1.465000033378601,-88.45039912178794,-74.7484208511299,0.38507703098698887,-0.4291977379975644,1,320.0,234.0,231.54960087821206,-0.4291977379975644
15.603750944137573,1.465000033378601,-88.20498271702088,-74.55356194763225,0.38500082248153095,-0.429093218632848,1,320.0,236.0,231.79501728297913,-0.429093218632848
15.61319088935852,1.4450000524520874,-87.53484501204345,-73.9537205273155,0.383797111453414,-0.4273661547709096,1,320.0,236.0,232.46515498795657,-0.4273661547709096
15.623748779296875,1.4450000524520874,-87.28651614671958,-73.7578837817277,0.3837226825442341,-0.42726241375437324,1,320.0,236.0,232.71348385328042,-0.42726241375437324
15.633132696151733,1.4320000410079956,-87.03818728139571,-73.38707197870684,0.38316478318677977,-0.426833872336585,1,320.0,236.0,232.96181271860428,-0.426833872336585
15.643859148025513,1.4320000410079956,-86.78985841607184,-73.19123523311904,0.3830920501847107,-0.42673261461154377,1,320.0,237.0,233.21014158392816,-0.42673261461154377
15.653260231018066,1.4130001068115234,-86.15874502097675,-72.58296226543358,0.3819501054760109,-0.42521705048939445,1,320.0,237.0,233.84125497902323,-0.42521705048939445
15.663860082626343,1.4130001068115234,-85.90779117427857,-72.38609569068129,0.3818789454157705,-0.42511679128731567,1,320.0,237.0,234.09220882572143,-0.42511679128731567
15.673352718353271,1.4000000953674316,-85.65683732758039,-72.00515463314318,0.38134290301841933,-0.42471821650869745,1,320.0,237.0,234.34316267241962,-0.42471821650869745
15.683784246444702,1.4000000953674316,-85.40588348088221,-71.80828805839087,0.38127343551445514,-0.42462046684795757,1,320.0,237.0,234.5941165191178,-0.42462046684795757
15.69313359260559,1.38100004196167,-84.91193342405762,-71.17876448936377,0.3801598565791912,-0.42351495264165545,1,320.0,237.0,235.08806657594238,-0.42351495264165545
15.70372986793518,1.38100004196167,-84.65931315355341,-70.98082416055723,0.3800919423774476,-0.4234193831424712,1,320.0,237.0,235.3406868464466,-0.4234193831424712
15.713287591934204,1.3680000305175781,-84.4066928830492,-70.58898116083446,0.37957826122200616,-0.4230471633413347,1,320.0,237.0,235.5933071169508,-0.4230471633413347
15.724152565002441,1.3680000305175781,-84.154072612545,-70.39104083202793,0.37951203557180946,-0.4229541200477465,1,320.0,240.0,235.845927387455,-0.4229541200477465
15.733599424362183,1.3480000495910645,-83.48189231917493,-69.82560396665764,0.3786306238970104,-0.4214793562003646,1,320.0,240.0,236.51810768082507,-0.4214793562003646
15.743048667907715,1.3480000495910645,-83.22639469947794,-69.62724599251226,0.37856685719408717,-0.4213875337982404,1,320.0,240.0,236.77360530052206,-0.4213875337982404
15.753865957260132,1.3360000848770142,-82.97089707978094,-69.23992412086366,0.37810646364027267,-0.421066170917658,1,320.0,240.0,237.02910292021906,-0.421066170917658
15.763662815093994,1.3360000848770142,-82.71539946008394,-69.04156614671827,0.37804419870627115,-0.4209766479850956,1,320.0,241.0,237.28460053991606,-0.4209766479850956
15.773210048675537,1.3170000314712524,-82.08465078686731,-68.46034419930976,0.377196466897164,-0.4197008272070173,1,320.0,241.0,237.91534921313269,-0.4197008272070173
15.783539056777954,1.3170000314712524,-81.82657962422911,-68.26146738279692,0.37713637673288825,-0.4196127229284564,1,320.0,241.0,238.1734203757709,-0.4196127229284564
15.7930326461792,1.3040000200271606,-81.56850846159091,-67.84651432695658,0.3766634746046637,-0.4193025720165951,1,320.0,241.0,238.4314915384091,-0.4193025720165951
15.803772211074829,1.3040000200271606,-81.3104372989527,-67.64763751044374,0.3766050490964701,-0.419217048452614,1,320.0,243.0,238.6895627010473,-0.419217048452614
15.813635349273682,1.2850000858306885,-80.61701953728291,-67.0352580198811,0.37576483566409075,-0.41788862710735464,1,320.0,243.0,239.3829804627171,-0.41788862710735464
15.823223114013672,1.2850000858306885,-80.35596261858387,-66.83577274834053,0.37570849336793194,-0.41780423134769706,1,320.0,243.0,239.64403738141613,-0.41780423134769706
15.833260774612427,1.2720000743865967,-80.09490569988483,-66.40767020196533,0.3752570715682238,-0.4175266450446111,1,320.0,243.0,239.90509430011517,-0.4175266450446111
15.843820571899414,1.2720000743865967,-79.8338487811858,-66.20818493042476,0.37520238120115107,-0.41744485985712815,1,320.0,244.0,240.1661512188142,-0.41744485985712815
15.853615045547485,1.2540000677108765,-79.18558144294602,-65.68395502834167,0.37461257209567356,-0.41631199693572263,1,320.0,244.0,240.81441855705398,-0.41631199693572263
15.86327075958252,1.2540000677108765,-78.92186885108778,-65.48447505154611,0.3745603908922401,-0.41623154042688193,1,320.0,244.0,241.07813114891223,-0.41623154042688193
15.873537063598633,1.2410000562667847,-78.65815625922954,-65.04315773883019,0.37412795104551627,-0.4159851980956394,1,320.0,244.0,241.34184374077046,-0.4159851980956394
15.884012222290039,1.2410000562667847,-78.3944436673713,-64.84367776203464,0.3740774018881297,-0.4159073787157352,1,320.0,245.0,241.60555633262868,-0.4159073787157352
15.893717050552368,1.2230000495910645,-77.78790051152858,-64.27986602882511,0.3734722188331018,-0.41493613269456386,1,320.0,245.0,242.21209948847144,-0.41493613269456386
15.903358936309814,1.2230000495910645,-77.52183658520195,-64.08025083467282,0.37342401741408254,-0.4148600512175132,1,320.0,245.0,242.47816341479805,-0.4148600512175132
15.913822889328003,1.2100000381469727,-77.25577265887533,-63.624397475366194,0.37301150406570605,-0.41464395323766196,1,320.0,245.0,242.74422734112466,-0.41464395323766196
15.924165725708008,1.2100000381469727,-76.9897087325487,-63.42478228121391,0.372964914443665,-0.41457053240291936,1,320.0,247.0,243.0102912674513,-0.41457053240291936
15.933796405792236,1.1920000314712524,-76.32069450662479,-62.92262345605913,0.3725430667774633,-0.4135554064038731,1,320.0,247.0,243.6793054933752,-0.4135554064038731
15.943312644958496,1.1920000314712524,-76.05186686934422,-62.72343970766215,0.37249931677686554,-0.41348345547071863,1,320.0,247.0,243.94813313065578,-0.41348345547071863
15.953355073928833,1.1800000667572021,-75.78303923206366,-62.27345872718197,0.37213161029304853,-0.4133081880397821,1,320.0,247.0,244.21696076793634,-0.4133081880397821
15.964117288589478,1.1800000667572021,-75.51421159478309,-62.07427497878499,0.3720892767433098,-0.4132386565458773,1,320.0,249.0,244.4857884052169,-0.4132386565458773
15.97371220588684,1.162000060081482,-74.78946049547562,-61.42269945512997,0.3714553523046878,-0.41220399287596915,1,320.0,249.0,245.21053950452438,-0.41220399287596915
15.983211755752563,1.162000060081482,-74.51750578238844,-61.22307035760001,0.3714150324356653,-0.41213573509823953,1,320.0,249.0,245.48249421761156,-0.41213573509823953
15.994017601013184,1.1500000953674316,-74.24555106930126,-60.979527767900166,0.3712124098683735,-0.41199198713565,1,320.0,249.0,245.75444893069874,-0.41199198713565
16.004517793655396,1.1500000953674316,-73.97359635621407,-60.7798986703702,0.3711738207839465,-0.411926176940742,1,320.0,250.0,246.02640364378593,-0.411926176940742
16.013362169265747,1.1320000886917114,-73.30031888040914,-60.60249922723045,0.37098099098232284,-0.41106797491462616,1,320.0,250.0,246.69968111959088,-0.41106797491462616
16.02421808242798,1.1320000886917114,-73.02561155685672,-60.403022599445535,0.37094552626976995,-0.41100389827911205,1,320.0,250.0,246.97438844314328,-0.41100389827911205
16.033373594284058,1.121000051498413,-72.7509042333043,-60.20354597166062,0.37079608367862577,-0.41089459462428723,1,320.0,250.0,247.2490957666957,-0.41089459462428723
16.044291019439697,1.121000051498413,-72.47619690975188,-60.0040693438757,0.37076221478651444,-0.4108327156575788,1,320.0,252.0,247.52380309024812,-0.4108327156575788
16.053631067276,1.1030000448226929,-71.74940527063949,-59.80418172287983,0.37054853536517557,-0.4099662497001163,1,320.0,252.0,248.2505947293605,-0.4099662497001163
16.063099145889282,1.1030000448226929,-71.4715971442618,-59.60470227613203,0.3705176563032597,-0.40990593878317483,1,320.0,252.0,248.5284028557382,-0.40990593878317483
16.07376194000244,1.0920000076293945,-71.19378901788413,-59.40522282938423,0.37038158869495535,-0.409826051757604,1,320.0,252.0,248.80621098211589,-0.409826051757604
16.083441972732544,1.0920000076293945,-70.91598089150645,-59.20574338263643,0.3703523054760327,-0.4097679633160061,1,320.0,254.0,249.08401910849355,-0.4097679633160061
16.093957901000977,1.0750000476837158,-70.14167100777165,-58.98548436955221,0.370134937022248,-0.4089135224534673,1,320.0,254.0,249.85832899222834,-0.4089135224534673
16.103556156158447,1.0750000476837158,-69.8604573994533,-58.78586239674715,0.37010833317196146,-0.4088566153013741,1,320.0,254.0,250.1395426005467,-0.4088566153013741
16.114188194274902,1.0630000829696655,-69.57924379113494,-58.58624042394209,0.369977261228352,-0.4088079762027773,1,320.0,254.0,250.42075620886504,-0.4088079762027773
16.123845100402832,1.0630000829696655,-69.29803018281659,-58.386618451137025,0.3699524539687769,-0.408753599963236,1,320.0,256.0,250.7019698171834,-0.408753599963236
16.133955001831055,1.0460000038146973,-68.48172826442281,-58.147948944338324,0.36972862419341085,-0.40792673540370894,1,320.0,256.0,251.51827173557717,-0.40792673540370894
16.14328694343567,1.0460000038146973,-68.19684448980635,-57.948059144820206,0.36970640645082864,-0.4078734841284163,1,320.0,256.0,251.80315551019365,-0.4078734841284163
16.15385413169861,1.0350000858306885,-67.91196071518989,-57.74816934530209,0.36959835659715706,-0.4078562040684004,1,320.0,256.0,252.08803928481012,-0.4078562040684004
16.16423010826111,1.0350000858306885,-67.62707694057343,-57.54827954578397,0.36957773795657684,-0.40780523183993966,1,320.0,258.0,252.37292305942657,-0.40780523183993966
16.173113107681274,1.0180000066757202,-66.7738713017894,-57.293014769730846,0.3693534741582985,-0.40701971996001474,1,320.0,258.0,253.2261286982106,-0.40701971996001474
16.183513164520264,1.0180000066757202,-66.48508939456762,-57.09274515198794,0.3693353736126987,-0.40696985856423784,1,320.0,258.0,253.51491060543236,-0.40696985856423784
16.193033695220947,1.0070000886917114,-66.19630748734585,-56.89247553424504,0.36924189744035363,-0.4069855543660714,1,320.0,258.0,253.80369251265415,-0.4069855543660714
16.203710317611694,1.0070000886917114,-65.90752558012407,-56.69220591650213,0.36922539903527046,-0.40693800320186757,1,320.0,259.0,254.09247441987594,-0.40693800320186757
16.21412754058838,0.9900000691413879,-65.12309428642345,-56.42202501001917,0.36900627986117435,-0.40634175062062855,1,320.0,259.0,254.87690571357655,-0.40634175062062855
16.223740577697754,0.9900000691413879,-64.83091269700155,-56.22127586749444,0.36899224468125846,-0.40629582799065544,1,320.0,259.0,255.16908730299843,-0.40629582799065544
16.23359203338623,0.9790000319480896,-64.53873110757965,-56.02052672496971,0.36891957556337246,-0.4063345343389399,1,320.0,259.0,255.46126889242035,-0.4063345343389399
16.243195295333862,0.9790000319480896,-64.24654951815775,-55.819777582444985,0.36890694564133425,-0.40629065700029465,1,320.0,261.0,255.75345048184226,-0.40629065700029465
16.25352692604065,0.9630000591278076,-63.42447727651387,-55.43523466713236,0.36865423950596626,-0.40555505257846425,1,320.0,261.0,256.57552272348613,-0.40555505257846425
16.264109134674072,0.9630000591278076,-63.128661133243995,-55.23322487137415,0.3686401246413094,-0.40550775382139453,1,320.0,261.0,256.871338866756,-0.40550775382139453
16.273883819580078,0.9520000219345093,-62.83284498997412,-55.03121507561593,0.3686257067619589,-0.40546001134011,1,320.0,261.0,257.1671550100259,-0.40546001134011
16.283729076385498,0.9520000219345093,-62.537028846704246,-54.82920527985772,0.3686109858679147,-0.4054118251346105,1,320.0,261.0,257.46297115329577,-0.4054118251346105
16.293755292892456,0.9360000491142273,-62.24121270343437,-54.6271954840995,0.36859596195917693,-0.40536319520489605,1,320.0,263.0,257.75878729656563,-0.40536319520489605
16.303298473358154,0.9360000491142273,-61.403719919784365,-54.36036535726295,0.3684960937936175,-0.40460764543078,1,320.0,263.0,258.59628008021565,-0.40460764543078
16.313956022262573,0.9250000715255737,-61.10418995303246,-54.15791114273212,0.3684801526373568,-0.4045555273316686,1,320.0,263.0,258.89581004696754,-0.4045555273316686
16.323715686798096,0.9250000715255737,-60.804659986280555,-53.955456928201286,0.3684639077997743,-0.40450295993760715,1,320.0,265.0,259.19534001371943,-0.40450295993760715
16.33391809463501,0.909000039100647,-59.92087093870652,-53.65683267305559,0.3683219422307481,-0.4036880006523861,1,320.0,265.0,260.0791290612935,-0.4036880006523861
16.343466997146606,0.909000039100647,-59.61733578988134,-53.453719198728365,0.36830462834186917,-0.4036317297846348,1,320.0,265.0,260.38266421011866,-0.4036317297846348
16.353773832321167,0.8990000486373901,-59.313800641056154,-53.25060572440114,0.3682870097827787,-0.4035750036141603,1,320.0,265.0,260.68619935894384,-0.4035750036141603
16.363630294799805,0.8990000486373901,-59.01026549223097,-53.047492250073915,0.36826908655347673,-0.40351782214096255,1,320.0,267.0,260.989734507769,-0.40351782214096255
16.373929262161255,0.8830000162124634,-58.10149139840577,-52.63819453131818,0.3679819452936845,-0.40267080963498686,1,320.0,267.0,261.89850860159424,-0.40267080963498686
16.383357763290405,0.8830000162124634,-57.79380663976361,-52.43366742660274,0.36796242278456104,-0.40260981166079834,1,320.0,267.0,262.2061933602364,-0.40260981166079834
16.39298939704895,0.8720000386238098,-57.48612188112145,-52.2291403218873,0.3679425934847804,-0.40254835215947177,1,320.0,267.0,262.51387811887855,-0.40254835215947177
16.403631925582886,0.8720000386238098,-57.17843712247929,-52.02461321717186,0.3679224573943428,-0.40248643113100724,1,320.0,267.0,262.8215628775207,-0.40248643113100724
16.41342306137085,0.8570000529289246,-56.87075236383713,-51.82008611245642,0.36790201451324805,-0.4024240485754047,1,320.0,269.0,263.12924763616286,-0.4024240485754047
16.424002408981323,0.8570000529289246,-55.957846041389914,-51.427924562448055,0.36763658795517845,-0.401571990510482,1,320.0,269.0,264.0421539586101,-0.401571990510482
16.433372020721436,0.8460000157356262,-55.64601295108767,-51.22211136689171,0.36761463078836176,-0.4015057796465635,1,320.0,269.0,264.35398704891236,-0.4015057796465635
16.44414973258972,0.8460000157356262,-55.334179860785426,-51.016298171335364,0.36759236490175173,-0.40143910103300956,1,320.0,272.0,264.6658201392146,-0.40143910103300956
16.453736305236816,0.831000030040741,-54.28574392918155,-50.60797958456847,0.36730573455190185,-0.4004114656195191,1,320.0,272.0,265.71425607081846,-0.4004114656195191
16.46332621574402,0.831000030040741,-53.968862382360854,-50.400778477365634,0.3672818791881606,-0.40034031577061874,1,320.0,272.0,266.03113761763916,-0.40034031577061874
16.47369122505188,0.8210000395774841,-53.65198083554016,-50.1935773701628,0.36725771302275845,-0.40026869059939807,1,320.0,272.0,266.34801916445986,-0.40026869059939807
16.48437190055847,0.8210000395774841,-53.33509928871946,-49.986376262959965,0.3672332360556955,-0.40019659010585723,1,320.0,272.0,266.66490071128055,-0.40019659010585723
16.49423837661743,0.8060000538825989,-53.018217741898766,-49.77917515575713,0.36720844828697174,-0.4001240142899961,1,320.0,274.0,266.98178225810125,-0.4001240142899961
16.503934621810913,0.8060000538825989,-51.97944945970885,-49.28611092005211,0.36681063587450546,-0.39910975334942755,1,320.0,274.0,268.02055054029114,-0.39910975334942755
16.51313281059265,0.796000063419342,-51.65762106839393,-49.07695088996837,0.3667102390600653,-0.3989552757215964,1,320.0,274.0,268.34237893160605,-0.3989552757215964
16.524045705795288,0.796000063419342,-51.335792677079006,-48.867790859884636,0.3666098422456251,-0.39880079809376523,1,320.0,274.0,268.664207322921,-0.39880079809376523
16.5331130027771,0.781000018119812,-51.01396428576408,-48.6586308298009,0.3665094454311849,-0.39864632046593407,1,320.0,277.0,268.9860357142359,-0.39864632046593407
16.543560028076172,0.781000018119812,-49.870053180890864,-48.17674504639743,0.36605395400281643,-0.3974214740143495,1,320.0,277.0,270.12994681910914,-0.3974214740143495
16.553355932235718,0.7710000276565552,-49.542593380232226,-47.96571679754423,0.3659526604433669,-0.3972642933100334,1,320.0,277.0,270.45740661976777,-0.3972642933100334
16.564731121063232,0.7710000276565552,-49.21513357957359,-47.754688548691036,0.36585136688391734,-0.39710711260571724,1,320.0,277.0,270.7848664204264,-0.39710711260571724
16.573583602905273,0.7570000290870667,-48.88767377891495,-47.54366029983784,0.3657500733244678,-0.3969499319014011,1,320.0,279.0,271.112326221085,-0.3969499319014011
16.584087133407593,0.7570000290870667,-47.752965733060755,-46.969963203515306,0.3651766541942762,-0.39574186816383594,1,320.0,279.0,272.24703426693924,-0.39574186816383594
16.5935480594635,0.7470000386238098,-47.419977566772495,-46.75645125029581,0.36507416845673085,-0.3955820338440176,1,320.0,279.0,272.5800224332275,-0.3955820338440176
16.604172706604004,0.7470000386238098,-47.086989400484235,-46.542939297076316,0.36497168271918545,-0.3954221995241992,1,320.0,279.0,272.91301059951576,-0.3954221995241992
16.613802433013916,0.7330000400543213,-46.754001234195975,-46.32942734385682,0.3648691969816401,-0.39526236520438085,1,320.0,282.0,273.245998765804,-0.39526236520438085
16.62338614463806,0.7330000400543213,-45.52689052500168,-45.67371319275614,0.36419111093708434,-0.3939386804725391,1,320.0,282.0,274.4731094749983,-0.3939386804725391
16.633627891540527,0.7240000367164612,-45.187780095451515,-45.45717337910308,0.36408717182653083,-0.39377590746635505,1,320.0,282.0,274.8122199045485,-0.39377590746635505
16.6440269947052,0.7240000367164612,-44.84866966590135,-45.240633565450025,0.3639832327159774,-0.39361313446017093,1,320.0,282.0,275.15133033409865,-0.39361313446017093
16.653802156448364,0.7100000381469727,-44.50955923635118,-45.02409375179697,0.3638792936054239,-0.3934503614539869,1,320.0,286.0,275.49044076364885,-0.3934503614539869
16.663381576538086,0.7100000381469727,-43.09885465466933,-44.39724221763521,0.3632412996220756,-0.39189281942220705,1,320.0,286.0,276.9011453453307,-0.39189281942220705
16.67399263381958,0.7010000348091125,-42.752407526514396,-44.17789319359089,0.3631360120905343,-0.3917265248006927,1,320.0,286.0,277.2475924734856,-0.3917265248006927
16.683780908584595,0.7010000348091125,-42.40596039835946,-43.95854416954657,0.363030724558993,-0.39156023017917835,1,320.0,286.0,277.59403960164053,-0.39156023017917835
16.693989038467407,0.687000036239624,-42.059513270204526,-43.73919514550225,0.3629254370274517,-0.39139393555766394,1,320.0,289.0,277.94048672979545,-0.39139393555766394
16.70342993736267,0.687000036239624,-40.58705226340233,-43.037329452136674,0.3621921326522771,-0.3897620839369476,1,320.0,289.0,279.4129477365977,-0.3897620839369476
16.713696002960205,0.6780000329017639,-40.23289621576863,-42.8146770210727,0.3620852594853664,-0.38959208903408343,1,320.0,289.0,279.7671037842314,-0.38959208903408343
16.724712371826172,0.6780000329017639,-39.87874016813494,-42.59202459000872,0.3619783863184557,-0.38942209413121925,1,320.0,289.0,280.1212598318651,-0.38942209413121925
16.73322057723999,0.6640000343322754,-39.524584120501245,-42.36937215894474,0.36187151315154503,-0.3892520992283551,1,320.0,292.0,280.47541587949877,-0.3892520992283551
16.74360156059265,0.6640000343322754,-37.99853781582927,-41.600729100046614,0.3610540106453654,-0.3875568407832241,1,320.0,292.0,282.00146218417075,-0.3875568407832241
16.753875255584717,0.656000018119812,-37.63635879970484,-41.3743387203334,0.36094534326310307,-0.3873829948554844,1,320.0,292.0,282.36364120029515,-0.3873829948554844
16.765239477157593,0.656000018119812,-37.2741797835804,-41.14794834062018,0.36083667588084073,-0.38720914892774466,1,320.0,296.0,282.7258202164196,-0.38720914892774466
16.77402114868164,0.6420000195503235,-35.59463783200342,-40.21217761786609,0.3598045531680585,-0.38532038964371135,1,320.0,296.0,284.4053621679966,-0.38532038964371135
16.783421754837036,0.6420000195503235,-35.22343732298502,-39.980929298437374,0.35969355397473274,-0.3851422133993825,1,320.0,296.0,284.77656267701497,-0.3851422133993825
16.793914079666138,0.6330000162124634,-34.85223681396662,-39.74968097900866,0.35958255478140694,-0.3849640371550537,1,320.0,296.0,285.1477631860334,-0.3849640371550537
16.80426335334778,0.6330000162124634,-34.48103630494822,-39.51843265957994,0.35947155558808114,-0.38478586091072486,1,320.0,296.0,285.51896369505175,-0.38478586091072486
16.81437587738037,0.6200000047683716,-34.10983579592982,-39.28718434015123,0.3593605563947554,-0.384607684666396,1,320.0,301.0,285.8901642040702,-0.384607684666396
16.823895692825317,0.6200000047683716,-32.20007169562484,-38.31391627542716,0.3582834086497745,-0.382426218085421,1,320.0,301.0,287.79992830437516,-0.382426218085421
16.833677053451538,0.612000048160553,-31.818331354832868,-38.07758479704916,0.358169969540153,-0.3822429827218408,1,320.0,301.0,288.1816686451671,-0.3822429827218408
16.8433358669281,0.612000048160553,-31.436591014040893,-37.841253318671164,0.3580565304305316,-0.3820597473582607,1,320.0,301.0,288.5634089859591,-0.3820597473582607
16.853951692581177,0.5990000367164612,-31.054850673248918,-37.604921840293166,0.3579430913209101,-0.38187651199468053,1,320.0,305.0,288.9451493267511,-0.38187651199468053
16.86398983001709,0.5990000367164612,-29.040353647113776,-36.49348140278893,0.35669026161410355,-0.37956742979183516,1,320.0,305.0,290.95964635288624,-0.37956742979183516
16.873612642288208,0.5910000205039978,-28.647428942735964,-36.25115543860423,0.35657394515129487,-0.3793788259337338,1,320.0,305.0,291.352571057264,-0.3793788259337338
16.883549451828003,0.5910000205039978,-28.25450423835815,-36.00882947441953,0.35645762868848624,-0.37919022207563247,1,320.0,305.0,291.74549576164185,-0.37919022207563247
16.8941810131073,0.578000009059906,-27.86157953398034,-35.76650351023483,0.35634131222567755,-0.3790016182175311,1,320.0,311.0,292.1384204660197,-0.3790016182175311
16.903647899627686,0.578000009059906,-25.552501846211552,-34.633586075448136,0.3550654665134557,-0.3763182280248039,1,320.0,311.0,294.44749815378844,-0.3763182280248039
16.914114713668823,0.5700000524520874,-25.14645186764542,-34.385159733400734,0.354946221869273,-0.3761233240350922,1,320.0,311.0,294.8535481323546,-0.3761233240350922
16.92417287826538,0.5700000524520874,-24.74040188907929,-34.13673339135333,0.3548269772250902,-0.3759284200453804,1,320.0,311.0,295.2595981109207,-0.3759284200453804
16.933430433273315,0.5570000410079956,-24.33435191051316,-33.88830704930593,0.3547077325809075,-0.3757335160556687,1,320.0,316.0,295.66564808948687,-0.3757335160556687
16.94382929801941,0.5570000410079956,-21.864413176935606,-32.53474322468375,0.35314962148090984,-0.37285147101342414,1,320.0,316.0,298.1355868230644,-0.37285147101342414
16.953219413757324,0.5570000410079956,-21.44422591128508,-32.27874687876819,0.3530267432348704,-0.37264978112591185,1,320.0,316.0,298.55577408871494,-0.37264978112591185
16.96408700942993,0.5490000247955322,-21.024038645634555,-32.022750532852626,0.3529038649888309,-0.3724480912383996,1,320.0,316.0,298.97596135436544,-0.3724480912383996
16.973551988601685,0.5360000133514404,-20.60385137998403,-31.766754186937064,0.35278098674279146,-0.3722464013508874,1,320.0,322.0,299.396148620016,-0.3722464013508874
16.98396587371826,0.5360000133514404,-17.891213522618557,-30.31739029736943,0.3511043417665648,-0.3690599365891533,1,320.0,322.0,302.10878647738144,-0.3690599365891533
16.9934663772583,0.5360000133514404,-17.45532293538304,-30.053219365543583,0.3509775397192884,-0.36885070910728024,1,320.0,322.0,302.54467706461696,-0.36885070910728024
17.004284143447876,0.527999997138977,-17.019432348147525,-29.78904843371774,0.350850737672012,-0.3686414816254072,1,320.0,322.0,302.9805676518525,-0.3686414816254072
17.014163732528687,0.5160000324249268,-16.58354176091201,-29.524877501891893,0.3507239356247356,-0.36843225414353414,1,320.0,328.0,303.416458239088,-0.36843225414353414
17.023786544799805,0.5160000324249268,-13.656079424510521,-27.88994384505363,0.34881234767006375,-0.36497890420047013,1,320.0,328.0,306.3439205754895,-0.36497890420047013
17.033472299575806,0.5160000324249268,-13.203120770428413,-27.616382748232873,0.34868103834358977,-0.36476148404651076,1,320.0,328.0,306.7968792295716,-0.36476148404651076
17.04437804222107,0.5080000162124634,-12.750162116346305,-27.342821651412116,0.3485497290171158,-0.36454406389255134,1,320.0,328.0,307.2498378836537,-0.36454406389255134
17.053571224212646,0.4960000216960907,-12.297203462264196,-27.06926055459136,0.34841841969064186,-0.3643266437385919,1,320.0,335.0,307.7027965377358,-0.3643266437385919
17.064167022705078,0.4960000216960907,-9.079204819757944,-25.269275401656998,0.34629957524170235,-0.36050890421728254,1,320.0,335.0,310.92079518024207,-0.36050890421728254
17.07358980178833,0.4880000352859497,-8.607303664234948,-24.985257208373483,0.34616324650892627,-0.36028239166263154,1,320.0,335.0,311.39269633576504,-0.36028239166263154
17.083426237106323,0.4880000352859497,-8.135402508711952,-24.701239015089968,0.3460269177761502,-0.3600558791079805,1,320.0,335.0,311.86459749128807,-0.3600558791079805
17.093247890472412,0.4880000352859497,-7.663501353188956,-24.417220821806453,0.3458905890433741,-0.3598293665533294,1,320.0,342.0,312.33649864681104,-0.3598293665533294
17.103747129440308,0.47600001096725464,-4.188312741680077,-22.471037641011065,0.34358988804331275,-0.3556921519147945,1,320.0,342.0,315.8116872583199,-0.3556921519147945
17.113502264022827,0.47600001096725464,-3.6958355519486594,-22.175631672116886,0.34344809317824354,-0.35545576286372343,1,320.0,342.0,316.3041644480513,-0.35545576286372343
17.124401569366455,0.46800002455711365,-3.2033583622172417,-21.880225703222706,0.34330629831317433,-0.35521937381265234,1,320.0,342.0,316.7966416377828,-0.35521937381265234
17.133642435073853,0.45600003004074097,-2.710881172485824,-21.584819734328526,0.3431645034481051,-0.35498298476158124,1,320.0,351.0,317.2891188275142,-0.35498298476158124
17.143068552017212,0.45600003004074097,1.1932701712690439,-19.408556696751617,0.34057345682928925,-0.3503039142095675,1,320.0,351.0,321.19327017126903,-0.3503039142095675
17.15351390838623,0.4480000138282776,1.7091230102255568,-19.100263724850947,0.34042547620277697,-0.3500563048468684,1,320.0,351.0,321.70912301022554,-0.3500563048468684
17.164488077163696,0.4480000138282776,2.2249758491820697,-18.791970752950277,0.34027749557626463,-0.34980869548416926,1,320.0,351.0,322.22497584918204,-0.34980869548416926
17.173548698425293,0.4480000138282776,2.7408286881385826,-18.483677781049607,0.3401295149497523,-0.34956108612147013,1,320.0,360.0,322.7408286881386,-0.34956108612147013
17.18305516242981,0.4360000193119049,7.0261559414762065,-16.00190185525689,0.3371510903719146,-0.34440463400168586,1,320.0,360.0,327.0261559414762,-0.34440463400168586
17.193710803985596,0.4360000193119049,7.567837905750904,-15.678715782244076,0.3369959610568684,-0.34414462665883405,1,320.0,360.0,327.5678379057509,-0.34414462665883405
17.203713178634644,0.4280000329017639,8.109519870025602,-15.355529709231263,0.3368408317418223,-0.3438846193159822,1,320.0,360.0,328.1095198700256,-0.3438846193159822
17.213948011398315,0.4280000329017639,8.6512018343003,-15.03234363621845,0.3366857024267761,-0.3436246119731303,1,320.0,370.0,328.6512018343003,-0.3436246119731303
17.223435163497925,0.41600000858306885,13.374883394541644,-12.278536702738442,0.3333651151151259,-0.3379182825493007,1,320.0,370.0,333.37488339454165,-0.3379182825493007
17.23404359817505,0.41600000858306885,13.945223377773956,-11.938694296529128,0.33320199076014545,-0.3376445193573492,1,320.0,370.0,333.94522337777397,-0.3376445193573492
17.243736505508423,0.4090000092983246,14.515563361006269,-11.598851890319814,0.33303886640516495,-0.3373707561653977,1,320.0,370.0,334.5155633610063,-0.3373707561653977
17.254144191741943,0.4090000092983246,15.08590334423858,-11.2590094841105,0.3328757420501845,-0.3370969929734462,1,320.0,381.0,335.0859033442386,-0.3370969929734462
17.263686656951904,0.3970000147819519,20.298835933181596,-8.162879029401616,0.32912286244876715,-0.3307767749588606,1,320.0,381.0,340.2988359331816,-0.3307767749588606
17.27306079864502,0.3970000147819519,20.900992669513016,-7.80414714833266,0.3289506711458541,-0.3304877397254215,1,320.0,381.0,340.900992669513,-0.3304877397254215
17.283674001693726,0.39000001549720764,21.503149405844436,-7.445415267263705,0.32877847984294095,-0.3301987044919824,1,320.0,381.0,341.50314940584445,-0.3301987044919824
17.293588638305664,0.39000001549720764,22.105306142175856,-7.08668338619475,0.3286062885400279,-0.3299096692585433,1,320.0,393.0,342.10530614217583,-0.3299096692585433
17.303314208984375,0.37800002098083496,27.852606589843482,-3.585277064886661,0.32434092438603646,-0.32291934728522315,1,320.0,393.0,347.8526065898435,-0.32291934728522315
17.31459140777588,0.37800002098083496,28.490026807495234,-3.2050061078196777,0.3241583943266443,-0.3226133855807503,1,320.0,393.0,348.4900268074952,-0.3226133855807503
17.323116064071655,0.3710000216960907,29.127447025146985,-2.8247351507526943,0.3239758642672521,-0.3223074238762775,1,320.0,393.0,349.127447025147,-0.3223074238762775
17.334495067596436,0.3710000216960907,29.764867242798736,-2.444464193685711,0.32379333420786,-0.32200146217180464,1,320.0,407.0,349.76486724279874,-0.32200146217180464
17.344001054763794,0.359000027179718,36.18741174923953,1.5184075337831864,0.31894443751101437,-0.3141603290360762,1,320.0,407.0,356.1874117492395,-0.3141603290360762
17.353586673736572,0.359000027179718,36.86448456499659,1.9232344764140095,0.31875012057855157,-0.3138353340845128,1,320.0,407.0,356.8644845649966,-0.3138353340845128
17.36318564414978,0.35200002789497375,37.541557380753645,2.3280614190448325,0.3185558036460888,-0.31351033913294946,1,320.0,407.0,357.54155738075366,-0.31351033913294946
17.374038457870483,0.35200002789497375,38.2186301965107,2.7328883616756556,0.318361486713626,-0.31318534418138605,1,320.0,423.0,358.21863019651073,-0.31318534418138605
17.383413314819336,0.3410000205039978,45.4426297400273,7.207185126175286,0.3128664220177096,-0.3043325535392947,1,320.0,423.0,365.4426297400273,-0.3043325535392947
17.393800258636475,0.3410000205039978,46.16457981296105,7.639907087547414,0.31265871547625096,-0.30398601750428655,1,320.0,423.0,366.16457981296105,-0.30398601750428655
17.403157472610474,0.33400002121925354,46.8865298858948,8.072629048919541,0.31245100893479233,-0.3036394814692783,1,320.0,423.0,366.8865298858948,-0.3036394814692783
17.41399312019348,0.33400002121925354,47.60847995882855,8.505351010291669,0.31224330239333375,-0.30329294543427016,1,320.0,441.0,367.6084799588285,-0.30329294543427016
17.42339563369751,0.3230000138282776,55.74662407141192,13.737394917239122,0.30578391160883944,-0.29328593986903656,1,320.0,441.0,375.74662407141193,-0.29328593986903656
17.43382239341736,0.3230000138282776,56.519413280938956,14.203016959520912,0.3055604130285442,-0.2929150010484636,1,320.0,441.0,376.519413280939,-0.2929150010484636
17.443535327911377,0.3150000274181366,57.29220249046599,14.6686390018027,0.30533691444824895,-0.29254406222789064,1,320.0,441.0,377.29220249046597,-0.29254406222789064
17.454112768173218,0.3150000274181366,58.06499169999302,15.13426104408449,0.3051134158679537,-0.29217312340731766,1,320.0,461.0,378.064991699993,-0.29217312340731766
17.463785886764526,0.3050000071525574,67.21750721570028,21.143499533280693,0.29766842309834973,-0.28088617959116824,1,320.0,461.0,387.21750721570027,-0.28088617959116824
17.47329044342041,0.3050000071525574,68.04774422829907,21.64712622801906,0.29742668228487534,-0.28048766582512086,1,320.0,461.0,388.04774422829905,-0.28048766582512086
17.483747243881226,0.2970000207424164,68.87798124089785,22.150752922757434,0.29718494147140095,-0.2800891520590734,1,320.0,461.0,388.87798124089784,-0.2800891520590734
17.493574142456055,0.2970000207424164,69.70821825349664,22.654379617495803,0.2969432006579265,-0.279690638293026,1,320.0,485.0,389.7082182534966,-0.279690638293026
17.50324296951294,0.28700000047683716,80.16591355599677,29.55790047837366,0.28836422041878257,-0.26675028824971214,1,320.0,485.0,400.1659135559968,-0.26675028824971214
17.51383376121521,0.28700000047683716,81.06215603774649,30.105404591661383,0.28810141844440446,-0.2663200918584723,1,320.0,485.0,401.0621560377465,-0.2663200918584723
17.52341318130493,0.2800000011920929,81.95839851949621,30.65290870494911,0.2878386164700264,-0.2658898954672324,1,320.0,485.0,401.9583985194962,-0.2658898954672324
17.53386926651001,0.2800000011920929,82.85464100124594,31.200412818236835,0.2875758144956483,-0.26545969907599254,1,320.0,514.0,402.8546410012459,-0.26545969907599254
17.543318033218384,0.26900002360343933,94.97928995867183,39.30450927740044,0.27746859791691186,-0.2504016011607086,1,320.0,514.0,414.9792899586718,-0.2504016011607086
17.55383276939392,0.26900002360343933,95.95251799388589,39.90382380967432,0.2771809269414204,-0.24993445170380585,1,320.0,514.0,415.95251799388586,-0.24993445170380585
17.563673496246338,0.26200002431869507,96.92574602909995,40.50313834194819,0.27689325596592895,-0.24946730224690308,1,320.0,514.0,416.92574602909997,-0.24946730224690308
17.573290824890137,0.26200002431869507,97.89897406431402,41.10245287422207,0.27660558499043747,-0.24900015279000032,1,320.0,,417.898974064314,-0.24900015279000032
17.583739757537842,0.2510000169277191,98.87220209952808,41.70176740649593,0.27631791401494604,-0.24853300333309758,1,320.0,,418.87220209952807,-0.24853300333309758
17.59324312210083,0.2510000169277191,99.84543013474214,42.30108193876981,0.27603024303945456,-0.24806585387619484,1,320.0,,419.8454301347422,-0.24806585387619484
17.60380506515503,0.24400001764297485,100.81865816995621,42.90039647104368,0.27574257206396313,-0.24759870441929208,1,320.0,,420.8186581699562,-0.24759870441929208
17.614121437072754,0.24400001764297485,101.79188620517027,43.49971100331756,0.27545490108847165,-0.2471315549623893,1,320.0,,421.7918862051703,-0.2471315549623893
17.623533964157104,0.23400001227855682,102.76511424038434,44.09902553559142,0.27516723011298017,-0.24666440550548657,1,320.0,,422.7651142403843,-0.24666440550548657
17.634000778198242,0.23400001227855682,103.7383422755984,44.6983400678653,0.27487955913748874,-0.24619725604858383,1,320.0,,423.73834227559837,-0.24619725604858383
17.643447875976562,0.22700001299381256,104.71157031081246,45.29765460013917,0.2745918881619973,-0.24573010659168107,1,320.0,,424.7115703108125,-0.24573010659168107
17.653992176055908,0.22700001299381256,105.68479834602653,45.89696913241305,0.2743042171865058,-0.24526295713477833,1,320.0,,425.6847983460265,-0.24526295713477833
17.664031982421875,0.2160000056028366,106.65802638124059,46.49628366468691,0.27401654621101434,-0.24479580767787557,1,320.0,,426.6580263812406,-0.24479580767787557
17.67356562614441,0.2160000056028366,107.63125441645465,47.09559819696079,0.2737288752355229,-0.24432865822097283,1,320.0,,427.6312544164547,-0.24432865822097283
17.6840341091156,0.20900000631809235,108.60448245166872,47.69491272923466,0.27344120426003143,-0.2438615087640701,1,320.0,,428.60448245166873,-0.2438615087640701
17.69395422935486,0.20900000631809235,109.57771048688278,48.29422726150854,0.27315353328453995,-0.24339435930716732,1,320.0,,429.5777104868828,-0.24339435930716732
17.703721284866333,0.1990000158548355,110.55093852209684,48.893541793782404,0.2728658623090485,-0.24292720985026456,1,320.0,,430.5509385220968,-0.24292720985026456
