time,alt,pos_x_est,pos_y_est,vel_x_cmd,vel_y_cmd,target_visible,setpoint_x,raw_x,filtered_x,cmd_y
9.044004201889038,4.50600004196167,-107.80077100137824,-98.94380697905686,0.13421198339062887,-0.15479500956095987,1,320.0,220.0,212.19922899862178,-0.15479500956095987
9.05303955078125,4.521000385284424,-107.057976743791,-98.16367193878304,0.13203590090586428,-0.15275255988033054,1,320.0,220.0,212.94202325620898,-0.15275255988033054
9.06350040435791,4.521000385284424,-107.13533905728785,-98.2078517960655,0.13257995599358358,-0.1533810713518132,1,320.0,220.0,212.86466094271213,-0.1533810713518132
9.072953701019287,4.545000076293945,-107.2127013707847,-98.27964204714243,0.1331575025051116,-0.15400996963486335,1,320.0,220.0,212.7872986292153,-0.15400996963486335
9.083589553833008,4.545000076293945,-107.29006368428155,-98.32382190442489,0.1337021374433727,-0.15463925472948095,1,320.0,,212.70993631571844,-0.15463925472948095
9.09319806098938,4.559000015258789,-107.3674259977784,-98.38396883263124,0.13426623360138343,-0.15526892663566608,1,320.0,,212.6325740022216,-0.15526892663566608
9.103677988052368,4.559000015258789,-107.44478831127525,-98.4281486899137,0.13481139017357197,-0.15589898535341867,1,320.0,,212.55521168872474,-0.15589898535341867
9.113237857818604,4.559000015258789,-107.5221506247721,-98.47232854719616,0.1353567676450469,-0.15652943088273877,1,320.0,,212.4778493752279,-0.15652943088273877
9.123767852783203,4.578000068664551,-107.59951293826894,-98.53801629517582,0.13592828302409837,-0.1571602632236263,1,320.0,,212.40048706173104,-0.1571602632236263
9.133458852767944,4.578000068664551,-107.6768752517658,-98.58219615245828,0.13647420983359962,-0.15779148237608137,1,320.0,,212.3231247482342,-0.15779148237608137
9.144331455230713,4.588000297546387,-107.75423756526264,-98.63762204035038,0.1370339090092719,-0.15842308834010388,1,320.0,,212.24576243473734,-0.15842308834010388
9.153510570526123,4.599000453948975,-107.83159987875949,-98.69411390056035,0.13759516981102668,-0.1590550811156939,1,320.0,,212.1684001212405,-0.1590550811156939
9.164017677307129,4.599000453948975,-107.90896219225634,-98.73829375784283,0.13814187710855486,-0.15968746070285142,1,320.0,,212.09103780774365,-0.15968746070285142
9.173604965209961,4.599000453948975,-107.98632450575319,-98.78247361512527,0.1386888053053694,-0.1603202271015764,1,320.0,219.0,212.0136754942468,-0.1603202271015764
9.183161973953247,4.604000091552734,-107.17536162250465,-97.97540976005725,0.1364765919964531,-0.15808558872850575,1,320.0,219.0,212.82463837749535,-0.15808558872850575
9.193766355514526,4.604000091552734,-107.24673273693055,-98.01381090490092,0.13701274242479,-0.15870746772950145,1,320.0,219.0,212.75326726306946,-0.15870746772950145
9.203486680984497,4.6080002784729,-107.31810385135645,-98.0566641414482,0.13755444962935398,-0.15932970358606935,1,320.0,216.0,212.68189614864355,-0.15932970358606935
9.21305251121521,4.6080002784729,-106.99052601692976,-97.61380375239807,0.13653991596356232,-0.15866649673284908,1,320.0,216.0,213.00947398307022,-0.15866649673284908
9.223316192626953,4.6080002784729,-107.05921357774902,-97.64896766318276,0.13707035749481986,-0.15928421787372088,1,320.0,216.0,212.940786422251,-0.15928421787372088
9.234033346176147,4.6080002784729,-107.12790113856828,-97.68413157396745,0.13760097484563133,-0.15990228245239685,1,320.0,216.0,212.8720988614317,-0.15990228245239685
9.243831634521484,4.605000019073486,-107.19658869938753,-97.71595703446994,0.13812774518340667,-0.1605206904688769,1,320.0,216.0,212.80341130061248,-0.1605206904688769
9.25329065322876,4.605000019073486,-106.89114709071924,-97.43916938891259,0.13765470372709238,-0.15993533397206566,1,320.0,216.0,213.10885290928076,-0.15993533397206566
9.263663053512573,4.6010003089904785,-106.9573237105323,-97.46778208463742,0.13817637787238535,-0.160549532534394,1,320.0,216.0,213.0426762894677,-0.160549532534394
9.273042917251587,4.6010003089904785,-107.02350033034534,-97.50085235499348,0.13870356645858758,-0.16116406197982136,1,320.0,216.0,212.97649966965466,-0.16116406197982136
9.283711671829224,4.593000411987305,-107.08967695015839,-97.52498281097259,0.1392201479198174,-0.1617789223083478,1,320.0,216.0,212.91032304984162,-0.1617789223083478
9.293410778045654,4.593000411987305,-107.15585356997144,-97.55805308132865,0.1397476225096513,-0.16239411351997332,1,320.0,214.0,212.84414643002856,-0.16239411351997332
9.303948640823364,4.581000328063965,-107.0870016729886,-97.39998689025303,0.13968797157257223,-0.16257562292815653,1,320.0,214.0,212.9129983270114,-0.16257562292815653
9.31330943107605,4.581000328063965,-107.15227394838898,-97.43186725580162,0.14021338734750952,-0.1631897110283789,1,320.0,214.0,212.847726051611,-0.1631897110283789
9.323863744735718,4.572000026702881,-107.21754622378936,-97.45359627422674,0.1407267301509908,-0.16380412548997833,1,320.0,212.0,212.78245377621064,-0.16380412548997833
9.333436250686646,4.572000026702881,-107.37028812024042,-97.54807874403778,0.14145355244326485,-0.164699903284369,1,320.0,212.0,212.62971187975958,-0.164699903284369
9.343812465667725,4.561000347137451,-107.43614584923428,-97.56791531420997,0.14196519590404255,-0.1653161132884078,1,320.0,212.0,212.56385415076574,-0.1653161132884078
9.353319644927979,4.561000347137451,-107.50200357822814,-97.60021468954116,0.14249195622788768,-0.16593265258109158,1,320.0,212.0,212.49799642177186,-0.16593265258109158
9.363877058029175,4.544000148773193,-107.567861307222,-97.61312956026089,0.14299551972055266,-0.16654952116242033,1,320.0,212.0,212.43213869277798,-0.16654952116242033
9.373299598693848,4.544000148773193,-107.63371903621587,-97.64542893559208,0.14352250611562806,-0.16716671903239405,1,320.0,210.0,212.36628096378413,-0.16716671903239405
9.38384747505188,4.531000137329102,-107.96554429944187,-97.92540358379021,0.14487520480947086,-0.16863859802515915,1,320.0,210.0,212.0344557005581,-0.16863859802515915
9.393481731414795,4.531000137329102,-108.03318156495374,-97.95945996611503,0.14540586976809122,-0.16925992865159817,1,320.0,210.0,211.96681843504626,-0.16925992865159817
9.403993606567383,4.511000156402588,-108.1008188304656,-97.97038066446905,0.1459088265094384,-0.16988159746436474,1,320.0,,211.89918116953442,-0.16988159746436474
9.41340184211731,4.511000156402588,-108.16845609597746,-98.00443704679387,0.14643971635346215,-0.17050360446345886,1,320.0,,211.83154390402254,-0.17050360446345886
9.423917770385742,4.497000217437744,-108.23609336148932,-98.02217154537026,0.14695110860948069,-0.17112594964888053,1,320.0,,211.76390663851066,-0.17112594964888053
9.43329906463623,4.497000217437744,-108.30373062700119,-98.05622792769508,0.14748225740790893,-0.1717486330206298,1,320.0,,211.6962693729988,-0.1717486330206298
9.443870544433594,4.475000381469727,-108.37136789251305,-98.06442173037134,0.1479824120797723,-0.1723716545787066,1,320.0,,211.62863210748696,-0.1723716545787066
9.453404426574707,4.475000381469727,-108.43900515802491,-98.09847811269616,0.14851377212912556,-0.17299501432311093,1,320.0,,211.5609948419751,-0.17299501432311093
9.463800191879272,4.460000038146973,-108.50664242353677,-98.11474864679018,0.14902387051327232,-0.17361871225384284,1,320.0,,211.4933575764632,-0.17361871225384284
9.473135471343994,4.460000038146973,-108.57427968904864,-98.148805029115,0.14955548219720768,-0.1742427483709023,1,320.0,,211.42572031095136,-0.1742427483709023
9.483649253845215,4.436000347137451,-108.6419169545605,-98.15414553077208,0.15005266152685007,-0.17486712267428936,1,320.0,202.0,211.3580830454395,-0.17486712267428936
9.493356227874756,4.436000347137451,-109.90445046212282,-99.04380790343377,0.15332352288177134,-0.17931705822101798,1,320.0,202.0,210.09554953787716,-0.17931705822101798
9.503858804702759,4.420000076293945,-109.9800389712525,-99.0642335260294,0.15384335479651623,-0.17995766462682986,1,320.0,202.0,210.0199610287475,-0.17995766462682986
9.513164758682251,4.420000076293945,-110.05562748038217,-99.10398339991491,0.1543865745621784,-0.18059864897518738,1,320.0,202.0,209.94437251961784,-0.18059864897518738
9.523608684539795,4.396000385284424,-110.13121598951184,-99.11447405454794,0.1548947357180108,-0.18124001126609054,1,320.0,201.0,209.86878401048816,-0.18124001126609054
9.533310174942017,4.396000385284424,-111.29835026829326,-99.97785060058794,0.15807076812090134,-0.185370663884751,1,320.0,201.0,208.70164973170674,-0.185370663884751
9.543774843215942,4.380000114440918,-111.38118410986553,-100.00337582024164,0.15860141526358698,-0.18602697041518707,1,320.0,201.0,208.61881589013447,-0.18602697041518707
9.553241968154907,4.380000114440918,-111.4640179514378,-100.04859266510928,0.15915591844075372,-0.18668369111483096,1,320.0,201.0,208.5359820485622,-0.18668369111483096
9.564122915267944,4.355000019073486,-111.54685179301006,-100.06274103641228,0.15967321019149938,-0.1873408259836827,1,320.0,201.0,208.45314820698994,-0.1873408259836827
9.573596000671387,4.355000019073486,-111.62968563458233,-100.10795788127992,0.16022801019474694,-0.18799837502174235,1,320.0,199.0,208.37031436541767,-0.18799837502174235
9.583101749420166,4.338000297546387,-112.8534509959505,-101.06302228081772,0.1637297993564181,-0.19229835100037435,1,320.0,199.0,207.14654900404952,-0.19229835100037435
9.59364914894104,4.338000297546387,-112.94384213848947,-101.11440711492143,0.16429703319291716,-0.19297153958211355,1,320.0,199.0,207.05615786151054,-0.19297153958211355
9.603920936584473,4.313000202178955,-113.03423328102845,-101.13409379821131,0.16482632768185607,-0.19364518011956544,1,320.0,199.0,206.96576671897157,-0.19364518011956544
9.613471508026123,4.313000202178955,-113.12462442356743,-101.18547863231503,0.1653939168759421,-0.19431927261273008,1,320.0,,206.8753755764326,-0.19431927261273008
9.623753070831299,4.297000408172607,-113.2150155661064,-101.21637593860964,0.1659370755231887,-0.19499381706160737,1,320.0,,206.7849844338936,-0.19499381706160737
9.633305072784424,4.297000408172607,-113.30540670864538,-101.26776077271336,0.16650507612797671,-0.1956688134661974,1,320.0,,206.69459329135464,-0.1956688134661974
9.64454460144043,4.272000312805176,-113.39579785118435,-101.28681412248646,0.16703437421831688,-0.19634426182650008,1,320.0,,206.60420214881566,-0.19634426182650008
9.653114080429077,4.272000312805176,-113.48618899372333,-101.33819895659018,0.1676027270140243,-0.19702016214251544,1,320.0,,206.51381100627668,-0.19702016214251544
9.663484573364258,4.25600004196167,-113.57658013626231,-101.36868424125129,0.16814615277682388,-0.19769651441424355,1,320.0,,206.4234198637377,-0.19769651441424355
9.673916339874268,4.25600004196167,-113.66697127880128,-101.420069075355,0.16871491492312513,-0.1983733186416843,1,320.0,,206.33302872119873,-0.1983733186416843
9.684301614761353,4.2310004234313965,-113.75736242134026,-101.43847054431538,0.16924418903859914,-0.19905057482483782,1,320.0,,206.24263757865975,-0.19905057482483782
9.6931791305542,4.2310004234313965,-113.84775356387924,-101.4898553784191,0.1698133001164157,-0.19972828296370396,1,320.0,193.0,206.15224643612078,-0.19972828296370396
9.703567266464233,4.215000152587891,-115.75660115235264,-103.19372635565206,0.17567147804698321,-0.20618021520717167,1,320.0,193.0,204.24339884764737,-0.20618021520717167
9.713048934936523,4.215000152587891,-115.85893406866342,-103.25610307017614,0.17626261061976298,-0.20688230937708796,1,320.0,193.0,204.14106593133658,-0.20688230937708796
9.724536180496216,4.190000057220459,-115.96126698497419,-103.28482332592293,0.17681349904328875,-0.20758491521158573,1,320.0,193.0,204.0387330150258,-0.20758491521158573
9.73331904411316,4.190000057220459,-116.06359990128496,-103.347200040447,0.17740508710091984,-0.20828803271066507,1,320.0,191.0,203.93640009871504,-0.20828803271066507
9.743786811828613,4.174000263214111,-117.86716214150148,-104.99138155726598,0.18305278282556756,-0.21438319724508859,1,320.0,191.0,202.13283785849853,-0.21438319724508859
9.753320455551147,4.174000263214111,-117.98063357126377,-105.064257341779,0.1836655550536921,-0.21510926612865963,1,320.0,191.0,202.01936642873625,-0.21510926612865963
9.764187574386597,4.150000095367432,-118.09410500102605,-105.10416557753824,0.1842389657644909,-0.2158359023693795,1,320.0,191.0,201.90589499897396,-0.2158359023693795
9.773944616317749,4.150000095367432,-118.20757643078834,-105.17704136205126,0.18485230191271673,-0.21656310596724815,1,320.0,188.0,201.79242356921168,-0.21656310596724815
9.78364896774292,4.134000301361084,-120.05999272743863,-106.7796552195851,0.19035282498494596,-0.22279653243434866,1,320.0,188.0,199.9400072725614,-0.22279653243434866
9.79328727722168,4.134000301361084,-120.18483158035919,-106.86267596465508,0.19098676325885322,-0.22354726321575516,1,320.0,188.0,199.81516841964083,-0.22354726321575516
9.804504156112671,4.111000061035156,-120.30967043327975,-106.91346969165114,0.19158228307970676,-0.2242986181914262,1,320.0,188.0,199.69032956672027,-0.2242986181914262
9.81316328048706,4.111000061035156,-120.43450928620031,-106.99649043672113,0.19221689042597434,-0.2250505973613619,1,320.0,,199.5654907137997,-0.2250505973613619
9.823516368865967,4.095000267028809,-120.55934813912087,-107.05687072058765,0.1928246311202171,-0.22580320072556215,1,320.0,,199.44065186087914,-0.22580320072556215
9.834055662155151,4.095000267028809,-120.68418699204143,-107.13989146565763,0.19345995547162936,-0.22655642828402703,1,320.0,,199.31581300795858,-0.22655642828402703
9.84518027305603,4.072000026702881,-120.809025844962,-107.19004132250963,0.1940560855064643,-0.22731028003675652,1,320.0,185.0,199.19097415503802,-0.22731028003675652
9.853731632232666,4.072000026702881,-122.76574510713482,-109.10433094695269,0.20048242134397357,-0.23385703523205165,1,320.0,185.0,197.23425489286518,-0.23385703523205165
9.8631591796875,4.056000232696533,-122.90253350457256,-109.17620217927885,0.2011145478336614,-0.23463569397649978,1,320.0,185.0,197.09746649542745,-0.23463569397649978
9.873650550842285,4.056000232696533,-123.0393219020103,-109.27116847979363,0.2017748632366781,-0.23541503666293512,1,320.0,185.0,196.9606780979897,-0.23541503666293512
9.88499116897583,4.0329999923706055,-123.17611029944804,-109.33260053133093,0.20239524470117948,-0.23619506329135764,1,320.0,185.0,196.82388970055194,-0.23619506329135764
9.8938148021698,4.0329999923706055,-123.31289869688578,-109.42756683184571,0.20305634209595647,-0.23697577386176738,1,320.0,182.0,196.68710130311422,-0.23697577386176738
9.903255224227905,4.01800012588501,-125.3086848818909,-111.25881739740205,0.20924686300157816,-0.2436306646097541,1,320.0,182.0,194.69131511810912,-0.2436306646097541
9.913795709609985,4.01800012588501,-125.45758462566721,-111.36523945171673,0.20993139566401436,-0.244436632225414,1,320.0,182.0,194.5424153743328,-0.244436632225414
9.924227714538574,3.996000289916992,-125.60648436944352,-111.43895747736974,0.2105770520821848,-0.2452433443397928,1,320.0,182.0,194.39351563055646,-0.2452433443397928
9.933894872665405,3.996000289916992,-125.75538411321983,-111.54537953168442,0.21126248544502083,-0.24605080095289047,1,320.0,,194.24461588678017,-0.24605080095289047
9.943338871002197,3.9810001850128174,-125.90428385699614,-111.6292871388524,0.2119213210093167,-0.24685900206470704,1,320.0,,194.09571614300387,-0.24685900206470704
9.953977346420288,3.9810001850128174,-126.05318360077246,-111.73570919316708,0.2126077060204601,-0.24766794767524247,1,320.0,,193.94681639922754,-0.24766794767524247
9.963299989700317,3.9580001831054688,-126.20208334454877,-111.80726393187878,0.2132526080265736,-0.24847763778449677,1,320.0,,193.79791665545122,-0.24847763778449677
9.974279165267944,3.9580001831054688,-126.35098308832508,-111.91368598619346,0.21393988292168212,-0.24928807239247,1,320.0,178.0,193.64901691167492,-0.24928807239247
9.983924388885498,3.943000078201294,-128.56511391652938,-114.01549126311613,0.2209677795450039,-0.25661492019384297,1,320.0,178.0,191.43488608347062,-0.25661492019384297
9.993411302566528,3.943000078201294,-128.72743721109885,-114.13503216021314,0.22168190378232136,-0.2574533453333818,1,320.0,178.0,191.27256278890115,-0.2574533453333818
10.003628015518188,3.9210002422332764,-128.8897605056683,-114.22055555586817,0.22235563463488672,-0.25829258208939354,1,320.0,178.0,191.1102394943317,-0.25829258208939354
10.013184547424316,3.9210002422332764,-129.05208380023777,-114.34009645296518,0.22307078419366796,-0.25913263046187807,1,320.0,175.0,190.94791619976223,-0.25913263046187807
10.023160696029663,3.9070003032684326,-131.2304554614916,-116.43644559186825,0.23006260557905617,-0.2663307194959478,1,320.0,175.0,188.7695445385084,-0.2663307194959478
10.033910751342773,3.9070003032684326,-131.4058717252719,-116.56896655626774,0.23080447556911693,-0.26719824837111045,1,320.0,175.0,188.5941282747281,-0.26719824837111045
10.044267416000366,3.885000228881836,-131.5812879890522,-116.66681089757243,0.2315052228331704,-0.26806665432759214,1,320.0,175.0,188.4187120109478,-0.26806665432759214
10.054098844528198,3.885000228881836,-131.75670425283252,-116.79933186197192,0.23224824464975966,-0.2689359373653926,1,320.0,173.0,188.24329574716748,-0.2689359373653926
10.063659191131592,3.870000123977661,-133.79048838891657,-118.7725998024799,0.23884402828534357,-0.2756672332953975,1,320.0,173.0,186.20951161108343,-0.2756672332953975
10.072994709014893,3.870000123977661,-133.97797732777943,-118.91723409723927,0.239612175609541,-0.27656210990867186,1,320.0,173.0,186.02202267222057,-0.27656210990867186
10.08355450630188,3.8480002880096436,-134.16546626664228,-119.0264949555072,0.2403384211142401,-0.2774579239666405,1,320.0,173.0,185.83453373335772,-0.2774579239666405
10.093541622161865,3.8480002880096436,-134.35295520550514,-119.17112925026657,0.2411078379142026,-0.2783546754693034,1,320.0,170.0,185.64704479449486,-0.2783546754693034
10.10329818725586,3.8340001106262207,-136.39055562396896,-121.05050631355968,0.24739769450291363,-0.2850918631148438,1,320.0,170.0,183.60944437603104,-0.2850918631148438
10.11371898651123,3.8340001106262207,-136.5900782773827,-121.20657178025635,0.2481910059218509,-0.28601424069032716,1,320.0,170.0,183.4099217226173,-0.28601424069032716
10.123773097991943,3.813000202178955,-136.78960093079644,-121.32821404847834,0.2489436177139597,-0.2869376158790776,1,320.0,170.0,183.21039906920356,-0.2869376158790776
10.13352632522583,3.813000202178955,-136.98912358421018,-121.48427951517502,0.24973831767157156,-0.28786198868109514,1,320.0,168.0,183.01087641578982,-0.28786198868109514
10.143656969070435,3.7980000972747803,-138.91826217722868,-123.28548895853946,0.2557810897959932,-0.29425303982901074,1,320.0,168.0,181.08173782277132,-0.29425303982901074
10.153386116027832,3.7980000972747803,-139.1290564757271,-123.45243740306144,0.2565986901164349,-0.29520163826958745,1,320.0,168.0,180.8709435242729,-0.29520163826958745
10.16311264038086,3.7770001888275146,-139.33985077422554,-123.58427600806286,0.25737481782247684,-0.29615129068165674,1,320.0,168.0,180.66014922577446,-0.29615129068165674
10.174076318740845,3.7770001888275146,-139.55064507272397,-123.75122445258484,0.25819391207816617,-0.29710199706521845,1,320.0,165.0,180.44935492727603,-0.29710199706521845
10.183680772781372,3.763000249862671,-141.50314873110193,-125.60434746878859,0.26439664777020255,-0.3035660043905434,1,320.0,165.0,178.49685126889807,-0.3035660043905434
10.193339347839355,3.763000249862671,-141.72532132023906,-125.78246580109472,0.2652393020979754,-0.3045412381041091,1,320.0,165.0,178.27467867976094,-0.3045412381041091
10.204180479049683,3.742000102996826,-141.9474939093762,-125.92478643319933,0.2660397107886669,-0.3055175826806205,1,320.0,165.0,178.0525060906238,-0.3055175826806205
10.213712215423584,3.742000102996826,-142.16966649851332,-126.10290476550546,0.2668839673112618,-0.3064950381200776,1,320.0,163.0,177.83033350148668,-0.3064950381200776
10.22386360168457,3.7280001640319824,-144.0332396300302,-127.89001732890654,0.272877608805877,-0.31267747554198494,1,320.0,163.0,175.9667603699698,-0.31267747554198494
10.23336124420166,3.7280001640319824,-144.26616549738714,-128.07883451565232,0.2737445836025503,-0.31367831741030017,1,320.0,163.0,175.73383450261286,-0.31367831741030017
10.244102001190186,3.707000255584717,-144.49909136474406,-128.23114656421285,0.27456851379364394,-0.3146803239079522,1,320.0,163.0,175.50090863525594,-0.3146803239079522
10.254083633422852,3.707000255584717,-144.732017232101,-128.41996375095863,0.27543719423649365,-0.315683495034941,1,320.0,160.0,175.267982767899,-0.315683495034941
10.263964891433716,3.693000078201294,-146.62872606649935,-130.15096014091833,0.2812538722938548,-0.32197269426545816,1,320.0,160.0,173.37127393350065,-0.32197269426545816
10.273651838302612,3.693000078201294,-146.87258528385263,-130.35007308629312,0.2821445581937361,-0.32299968825270137,1,320.0,160.0,173.12741471614737,-0.32299968825270137
10.284868240356445,3.6720001697540283,-147.1164445012059,-130.51195184198073,0.2829913724597711,-0.32402790153603134,1,320.0,160.0,172.8835554987941,-0.32402790153603134
10.29354190826416,3.6720001697540283,-147.36030371855918,-130.71106478735553,0.2838838633181576,-0.325057334115448,1,320.0,157.0,172.63969628144082,-0.325057334115448
10.303384065628052,3.6590001583099365,-149.2862919416695,-132.50288677279957,0.28989254335584713,-0.3314417499117981,1,320.0,157.0,170.7137080583305,-0.3314417499117981
10.314399003982544,3.6590001583099365,-149.54124048725248,-132.71265298224534,0.29080782607209327,-0.33249539436893394,1,320.0,157.0,170.45875951274752,-0.33249539436893394
10.323787212371826,3.638000249862671,-149.79618903283546,-132.88445566841168,0.29167841157383495,-0.33355031356879766,1,320.0,157.0,170.20381096716454,-0.33355031356879766
10.333292007446289,3.638000249862671,-150.05113757841843,-133.09422187785745,0.29259560213455915,-0.3346065075113894,1,320.0,155.0,169.94886242158157,-0.3346065075113894
10.34372854232788,3.624000072479248,-151.89631678743126,-134.8294470744697,0.2984295103645278,-0.34073548715198165,1,320.0,155.0,168.10368321256874,-0.34073548715198165
10.353183507919312,3.624000072479248,-152.1617829430337,-135.04947158644433,0.2993687871368296,-0.3418148554534198,1,320.0,155.0,167.8382170569663,-0.3418148554534198
10.363909721374512,3.6040000915527344,-152.42724909863614,-135.23261437424688,0.30026472155406386,-0.34289555108563585,1,320.0,155.0,167.57275090136386,-0.34289555108563585
10.374108791351318,3.6040000915527344,-152.69271525423858,-135.4526388862215,0.3012060141628646,-0.34397757404863,1,320.0,153.0,167.30728474576142,-0.34397757404863
10.383761167526245,3.5900001525878906,-154.4661751481869,-137.24440164936402,0.30722293311484217,-0.3498798488305429,1,320.0,153.0,165.5338248518131,-0.3498798488305429
10.393924951553345,3.5900001525878906,-154.7416472772341,-137.4750281000985,0.30818705999622403,-0.35098412362178577,1,320.0,153.0,165.2583527227659,-0.35098412362178577
10.403318405151367,3.570000171661377,-155.01711940628132,-137.6680358561467,0.3091070094827626,-0.3520897757736738,1,320.0,153.0,164.98288059371868,-0.3520897757736738
10.413491249084473,3.570000171661377,-155.29259153532854,-137.8986623068812,0.3100732545351784,-0.35319680528620706,1,320.0,150.0,164.70740846467146,-0.35319680528620706
10.42320704460144,3.558000087738037,-157.1062980066408,-139.638706092964,0.3159191275725217,-0.3592304587985433,1,320.0,150.0,162.8937019933592,-0.3592304587985433
10.433635950088501,3.558000087738037,-157.39200904987712,-139.87953130024374,0.3169075154777587,-0.36036027209567634,1,320.0,150.0,162.60799095012288,-0.36036027209567634
10.443827390670776,3.5420000553131104,-157.67772009311344,-140.08972653921305,0.31786019839721785,-0.3614915139480254,1,320.0,150.0,162.32227990688656,-0.3614915139480254
10.45366382598877,3.5420000553131104,-157.96343113634975,-140.3305517464928,0.3188508414046861,-0.3626241843555908,1,320.0,148.0,162.03656886365025,-0.3626241843555908
10.463698148727417,3.5320000648498535,-159.70777596778464,-142.02400550902004,0.32454132421874515,-0.36843754368450116,1,320.0,148.0,160.29222403221536,-0.36843754368450116
10.473128080368042,3.5320000648498535,-160.0032256998588,-142.27465811053807,0.3255534806311195,-0.3695920994914894,1,320.0,148.0,159.9967743001412,-0.3695920994914894
10.483723163604736,3.5210001468658447,-160.29867543193296,-142.50395785355573,0.3265411601120084,-0.370748132547138,1,320.0,148.0,159.70132456806704,-0.370748132547138
10.493875741958618,3.5210001468658447,-160.59412516400712,-142.75461045507376,0.32755571628610547,-0.3719056428514471,1,320.0,146.0,159.40587483599288,-0.3719056428514471
10.503975868225098,3.515000104904175,-162.27521333719247,-144.30620664101332,0.33277601400982537,-0.37751779563038695,1,320.0,146.0,157.72478666280753,-0.37751779563038695
10.513372898101807,3.515000104904175,-162.57994130561474,-144.56564874675598,0.3338101727804504,-0.3786963688990217,1,320.0,146.0,157.42005869438526,-0.3786963688990217
10.523913145065308,3.507000207901001,-162.884669274037,-144.80941761195317,0.33482674250674677,-0.3798764658074986,1,320.0,146.0,157.115330725963,-0.3798764658074986
10.533797025680542,3.507000207901001,-163.18939724245928,-145.06885971769583,0.33586341733222647,-0.38105808635581767,1,320.0,145.0,156.81060275754072,-0.38105808635581767
10.544025659561157,3.503000259399414,-164.70945614809497,-146.4892037051056,0.34065454188691635,-0.38615376531686757,1,320.0,145.0,155.29054385190503,-0.38615376531686757
10.553627014160156,3.503000259399414,-165.02234431982905,-146.75649336335252,0.3417090719436293,-0.3873543428445476,1,320.0,145.0,154.97765568017095,-0.3873543428445476
10.56392502784729,3.499000072479248,-165.33523249156312,-147.0158989578457,0.3427554381518104,-0.3885564848130863,1,320.0,145.0,154.66476750843688,-0.3885564848130863
10.573279619216919,3.499000072479248,-165.6481206632972,-147.28318861609262,0.34381260168478717,-0.3897601912224837,1,320.0,144.0,154.3518793367028,-0.3897601912224837
10.583857297897339,3.497000217437744,-167.0223277840945,-148.48237250975228,0.34788396345095757,-0.39438767881614556,1,320.0,144.0,152.9776722159055,-0.39438767881614556
10.593273401260376,3.497000217437744,-167.34236038052785,-148.75596193210328,0.3489560505674393,-0.39560842973376825,1,320.0,144.0,152.65763961947215,-0.39560842973376825
10.603994131088257,3.495000123977661,-167.6623929769612,-149.02559749815327,0.35002474123419003,-0.39683078081437306,1,320.0,144.0,152.3376070230388,-0.39683078081437306
10.61378264427185,3.495000123977661,-167.98242557339455,-149.29918692050427,0.35109954447561376,-0.39805473205796005,1,320.0,143.0,152.01757442660545,-0.39805473205796005
10.623646259307861,3.494000196456909,-169.2241895180345,-150.39915962699882,0.3548483741300944,-0.40225684598212796,1,320.0,143.0,150.7758104819655,-0.40225684598212796
10.63321304321289,3.494000196456909,-169.55044170194458,-150.67833860471166,0.35593678059637335,-0.40349610081132975,1,320.0,143.0,150.44955829805542,-0.40349610081132975
10.644269704818726,3.494000196456909,-169.87669388585465,-150.9575175824245,0.35702658295754086,-0.4047369869014511,1,320.0,143.0,150.12330611414535,-0.4047369869014511
10.654027700424194,3.494000196456909,-170.20294606976472,-151.23669656013732,0.35811778121359694,-0.405979504252492,1,320.0,143.0,149.79705393023528,-0.405979504252492
10.664024829864502,3.494000196456909,-171.22224383021035,-152.24639948543884,0.36157272695007026,-0.40946480775331895,1,320.0,143.0,148.77775616978965,-0.40946480775331895
10.673459768295288,3.494000196456909,-171.55318279735087,-152.5305186972473,0.3626763225977266,-0.4107197004278743,1,320.0,143.0,148.44681720264913,-0.4107197004278743
10.683810234069824,3.494000196456909,-171.8841217644914,-152.81463790905573,0.3637813388414421,-0.4119762477972654,1,320.0,143.0,148.1158782355086,-0.4119762477972654
10.69381856918335,3.494000196456909,-172.21506073163192,-153.09875712086418,0.3648877756812165,-0.41323444986149216,1,320.0,142.0,147.78493926836808,-0.41323444986149216
10.703773975372314,3.495000123977661,-173.1346622112766,-153.92443178397497,0.36774510022098844,-0.41640032250594045,1,320.0,142.0,146.8653377887234,-0.41640032250594045
10.713252305984497,3.495000123977661,-173.46959010360987,-154.21220730506715,0.3688614918828244,-0.4176695839272584,1,320.0,142.0,146.53040989639013,-0.4176695839272584
10.72316026687622,3.496000051498413,-173.80451799594314,-154.5019601112847,0.3699817050508419,-0.41894051998803805,1,320.0,142.0,146.19548200405686,-0.41894051998803805
10.733675003051758,3.496000051498413,-174.1394458882764,-154.78973563237687,0.3711009843543144,-0.42021313068827937,1,320.0,142.0,145.8605541117236,-0.42021313068827937
10.74369764328003,3.497000217437744,-174.86657679687636,-155.44679919081693,0.3734147678853824,-0.422758788514765,1,320.0,142.0,145.13342320312364,-0.422758788514765
10.753342390060425,3.497000217437744,-175.20416724871689,-155.73706828945907,0.37454177614520034,-0.42403991789321716,1,320.0,142.0,144.79583275128311,-0.42403991789321716
10.764156103134155,3.498000144958496,-175.5417577005574,-156.02931230404607,0.37567261552422493,-0.4253227352239286,1,320.0,142.0,144.4582422994426,-0.4253227352239286
10.774075269699097,3.498000144958496,-175.87934815239794,-156.31958140268821,0.3768025363496089,-0.42660724050689924,1,320.0,142.0,144.12065184760206,-0.42660724050689924
10.783630132675171,3.499000072479248,-176.43209965372264,-156.82383943131578,0.37862427973848733,-0.4285916349561706,1,320.0,142.0,143.56790034627736,-0.4285916349561706
10.79372501373291,3.499000072479248,-176.77115321272788,-157.11555024514914,0.37975991046631313,-0.4298823549930405,1,320.0,142.0,143.22884678727212,-0.4298823549930405
10.803009510040283,3.501000165939331,-177.11020677173312,-157.41120545076114,0.38090175274030136,-0.43117477029770546,1,320.0,142.0,142.88979322826688,-0.43117477029770546
10.81355357170105,3.501000165939331,-177.44926033073835,-157.7029162645945,0.3820403202982243,-0.43246888087016544,1,320.0,142.0,142.55073966926165,-0.43246888087016544
10.822897672653198,3.502000093460083,-177.84413380797795,-158.0687848733246,0.3834171919739092,-0.4339459945567777,1,320.0,142.0,142.15586619202205,-0.4339459945567777
10.833229780197144,3.502000093460083,-178.18356751646616,-158.36098730522744,0.38455963982871877,-0.43524423284454583,1,320.0,142.0,141.81643248353384,-0.43524423284454583
10.84427523612976,3.503000259399414,-178.52300122495436,-158.65515921848376,0.3857059219207188,-0.4365441683008565,1,320.0,142.0,141.47699877504564,-0.4365441683008565
10.85390019416809,3.503000259399414,-178.86243493344256,-158.9473616503866,0.38685130164725406,-0.4378458009257095,1,320.0,142.0,141.13756506655744,-0.4378458009257095
10.863444566726685,3.504000186920166,-179.1145286401079,-159.18803261188728,0.38782659593747204,-0.43886520233229465,1,320.0,142.0,140.8854713598921,-0.43886520233229465
10.873789072036743,3.504000186920166,-179.45336673631402,-159.47987020703465,0.38897420040268404,-0.44016907488142365,1,320.0,142.0,140.54663326368598,-0.44016907488142365
10.883836269378662,3.506000280380249,-179.79220483252016,-159.77564041060032,0.3901280028490159,-0.44147464162103356,1,320.0,142.0,140.20779516747984,-0.44147464162103356
10.894020080566406,3.506000280380249,-180.1310429287263,-160.0674780057477,0.39127854535322143,-0.4427819025511246,1,320.0,142.0,139.8689570712737,-0.4427819025511246
10.903666734695435,3.507000207901001,-180.25420516199034,-160.1950486418192,0.3918921138132388,-0.44338919933098425,1,320.0,142.0,139.74579483800966,-0.44338919933098425
10.913254499435425,3.507000207901001,-180.59157069511025,-160.48575126514498,0.39304338571755554,-0.4446969958242037,1,320.0,142.0,139.40842930488975,-0.4446969958242037
10.923584938049316,3.509000062942505,-180.92893622823016,-160.7803789846496,0.39420084087588425,-0.44600647914508873,1,320.0,142.0,139.07106377176984,-0.44600647914508873
10.933740139007568,3.509000062942505,-181.26630176135006,-161.07108160797537,0.3953550394319151,-0.4473176492936394,1,320.0,142.0,138.73369823864994,-0.4473176492936394
10.943904161453247,3.510000228881836,-181.2732579823096,-161.09667009059766,0.39564359495263657,-0.44755486382187865,1,320.0,142.0,138.7267420176904,-0.44755486382187865
10.953330039978027,3.510000228881836,-181.60836518467343,-161.38554726722717,0.3967971753009281,-0.4488650342906386,1,320.0,142.0,138.39163481532657,-0.4488650342906386
10.963198900222778,3.511000156402588,-181.94347238703727,-161.67638406410165,0.397954561377498,-0.4501768802954105,1,320.0,142.0,138.05652761296273,-0.4501768802954105
10.973813533782959,3.511000156402588,-182.27857958940112,-161.96526124073117,0.39911104029565714,-0.45149040183619404,1,320.0,142.0,137.72142041059888,-0.45149040183619404
10.983887910842896,3.51200008392334,-182.18103918177556,-161.79797870909744,0.3987790434522082,-0.45139628693242745,1,320.0,142.0,137.81896081822444,-0.45139628693242745
10.993628025054932,3.51200008392334,-182.513186478771,-162.08372172673018,0.39993235368200114,-0.4527074296212158,1,320.0,142.0,137.486813521229,-0.4527074296212158
11.003969192504883,3.513000249862671,-182.84533377576642,-162.37142249392167,0.4010894517151006,-0.4540202330464892,1,320.0,142.0,137.15466622423358,-0.4540202330464892
11.013983488082886,3.513000249862671,-183.17748107276185,-162.6571655115544,0.4022456291638176,-0.4553346972082475,1,320.0,143.0,136.82251892723815,-0.4553346972082475
11.02363920211792,3.514000177383423,-182.8851364333734,-162.41732242443194,0.40168627686932945,-0.4546155372083951,1,320.0,143.0,137.1148635666266,-0.4546155372083951
11.033179759979248,3.514000177383423,-183.21300782331963,-162.69945335139113,0.40283833124843743,-0.4559250479154472,1,320.0,143.0,136.78699217668037,-0.4559250479154472
11.04390263557434,3.515000104904175,-183.54087921326587,-162.98353922802937,0.4039941519965434,-0.45723619797944903,1,320.0,143.0,136.45912078673413,-0.45723619797944903
11.053804636001587,3.515000104904175,-183.8687506032121,-163.26567015498858,0.40514903745966946,-0.4585489874004005,1,320.0,143.0,136.1312493967879,-0.4585489874004005
11.063644647598267,3.516000270843506,-183.5023854884895,-162.86013817002842,0.4040591363122882,-0.4575998023048059,1,320.0,143.0,136.4976145115105,-0.4575998023048059
11.073216676712036,3.516000270843506,-183.82550001548452,-163.13754388546667,0.40520771089024143,-0.45890666723727735,1,320.0,143.0,136.17449998451548,-0.45890666723727735
11.08396053314209,3.517000198364258,-184.14861454247955,-163.41690222142154,0.40636002540449445,-0.4602151477423838,1,320.0,143.0,135.85138545752045,-0.4602151477423838
11.093853950500488,3.517000198364258,-184.47172906947458,-163.6943079368598,0.4075113838027046,-0.4615252438201252,1,320.0,144.0,135.52827093052542,-0.4615252438201252
11.104053974151611,3.5180001258850098,-183.93870790410512,-163.24121942992505,0.4062773474801081,-0.4600443630503881,1,320.0,144.0,136.06129209589488,-0.4600443630503881
11.113659858703613,3.5180001258850098,-184.2559526013974,-163.5136033579919,0.4074217762105783,-0.4613463364501458,1,320.0,144.0,135.7440473986026,-0.4613463364501458
11.123807191848755,3.5190000534057617,-184.5731972986897,-163.78793758184986,0.4085699169671171,-0.46264989607339,1,320.0,144.0,135.4268027013103,-0.46264989607339
11.133690357208252,3.5190000534057617,-184.890441995982,-164.06032150991672,0.4097170792883469,-0.4639550419201207,1,320.0,145.0,135.109558004018,-0.4639550419201207
11.144215822219849,3.5190000534057617,-184.20826712453908,-163.46268443346227,0.40802676496730506,-0.4620007138590182,1,320.0,145.0,135.79173287546092,-0.4620007138590182
11.154126644134521,3.5190000534057617,-184.5186559566614,-163.7291001506909,0.40916510932873285,-0.4632957737373483,1,320.0,145.0,135.4813440433386,-0.4632957737373483
11.163748979568481,3.5200002193450928,-184.82904478878373,-163.99746546750973,0.41030713503625305,-0.464592385559839,1,320.0,145.0,135.17095521121627,-0.464592385559839
11.173672199249268,3.5200002193450928,-185.13943362090606,-164.26388118473835,0.411448153302851,-0.4658905493264903,1,320.0,146.0,134.86056637909394,-0.4658905493264903
11.183903455734253,3.5200002193450928,-184.3242515983978,-163.6399493579601,0.40968450912570853,-0.4635165280117283,1,320.0,146.0,135.6757484016022,-0.4635165280117283
11.193992614746094,3.5200002193450928,-184.62691568336766,-163.90025465608272,0.41081637675673616,-0.464802859492109,1,320.0,146.0,135.37308431663234,-0.464802859492109
11.203958988189697,3.5210001468658447,-184.9295797683375,-164.16250792914366,0.411951893224055,-0.46609070429291444,1,320.0,146.0,135.0704202316625,-0.46609070429291444
11.21432900428772,3.5210001468658447,-185.23224385330735,-164.4228132272663,0.4130863736479385,-0.46738006241414487,1,320.0,147.0,134.76775614669265,-0.46738006241414487
11.223231792449951,3.5210001468658447,-184.2989448456564,-163.6758889194751,0.4109338784817865,-0.4646359162883323,1,320.0,147.0,135.7010551543436,-0.4646359162883323
11.23381233215332,3.5210001468658447,-184.59312332382336,-163.92927899945974,0.41205759297276534,-0.4659118960787517,1,320.0,147.0,135.40687667617664,-0.4659118960787517
11.243804454803467,3.5220000743865967,-184.88730180199033,-164.18461589564754,0.41318492032766896,-0.46718934676156204,1,320.0,147.0,135.11269819800967,-0.46718934676156204
11.253570556640625,3.5220000743865967,-185.1814802801573,-164.43800597563217,0.41431117845352866,-0.46846826833676325,1,320.0,148.0,134.8185197198427,-0.46846826833676325
11.263405799865723,3.5220000743865967,-184.14378802356103,-163.48074938016663,0.41148554248325353,-0.46539966318642684,1,320.0,148.0,135.85621197643897,-0.46539966318642684
11.274385690689087,3.5220000743865967,-184.42881952378622,-163.7258250208092,0.41259826237712866,-0.46666384508431596,1,320.0,148.0,135.57118047621378,-0.46666384508431596
11.284026622772217,3.5220000743865967,-184.7138510240114,-163.97090066145176,0.413712207649207,-0.46792945213970627,1,320.0,148.0,135.2861489759886,-0.46792945213970627
11.293846368789673,3.5220000743865967,-184.9988825242366,-164.21597630209433,0.41482737829948857,-0.46919648435259764,1,320.0,149.0,135.0011174757634,-0.46919648435259764
11.303994417190552,3.5230002403259277,-183.86943638779556,-163.17373012131986,0.411735540612251,-0.4658454446127586,1,320.0,149.0,136.13056361220444,-0.4658454446127586
11.313316822052002,3.5230002403259277,-184.14475104949392,-163.40994905889272,0.4128360530826328,-0.46709654596204414,1,320.0,149.0,135.85524895050608,-0.46709654596204414
11.323790073394775,3.5230002403259277,-184.42006571119228,-163.64616799646558,0.41393774664770266,-0.46834902388463806,1,320.0,149.0,135.57993428880772,-0.46834902388463806
11.33351182937622,3.5230002403259277,-184.69538037289064,-163.88238693403844,0.4150406213074603,-0.4696028783805406,1,320.0,150.0,135.30461962710936,-0.4696028783805406
11.3437659740448,3.5230002403259277,-183.48581072382603,-162.76217065493628,0.41171415100512,-0.4660080299551524,1,320.0,150.0,136.51418927617397,-0.4660080299551524
11.353195667266846,3.5230002403259277,-183.75092273919063,-162.98906952044018,0.41280137499132685,-0.46724491898728593,1,320.0,150.0,136.24907726080937,-0.46724491898728593
11.363520860671997,3.5230002403259277,-184.01603475455522,-163.21596838594408,0.4138897334718612,-0.46848313357949617,1,320.0,150.0,135.98396524544478,-0.46848313357949617
11.373128414154053,3.5230002403259277,-184.28114676991981,-163.44286725144798,0.41497922644672314,-0.4697226737317832,1,320.0,152.0,135.71885323008019,-0.4697226737317832
11.384034156799316,3.5230002403259277,-182.90109756445162,-162.15561252927333,0.41112365581704957,-0.4655893862743343,1,320.0,152.0,137.09890243554838,-0.4655893862743343
11.393486738204956,3.5230002403259277,-183.15490380015385,-162.37210591802486,0.41219530841314156,-0.4668097282761777,1,320.0,152.0,136.84509619984615,-0.4668097282761777
11.403792381286621,3.5230002403259277,-183.40871003585607,-162.5885993067764,0.4132680434761773,-0.46803133930919966,1,320.0,152.0,136.59128996414393,-0.46803133930919966
11.413481950759888,3.5230002403259277,-183.6625162715583,-162.80509269552792,0.4143418610061568,-0.46925421937340017,1,320.0,153.0,136.3374837284417,-0.46925421937340017
11.423523664474487,3.5230002403259277,-182.23257453380845,-161.4707841815203,0.4103504431942435,-0.4649777288781806,1,320.0,153.0,137.76742546619155,-0.4649777288781806
11.433004140853882,3.5230002403259277,-182.4748083585687,-161.67661889855177,0.4114058279491741,-0.4661807835096857,1,320.0,153.0,137.5251916414313,-0.4661807835096857
11.44361686706543,3.5230002403259277,-182.71704218332897,-161.88245361558324,0.41246224187768976,-0.46738504931031466,1,320.0,153.0,137.28295781667103,-0.46738504931031466
11.453162670135498,3.5230002403259277,-182.95927600808923,-162.08828833261472,0.41351968497979064,-0.4685905262800675,1,320.0,155.0,137.04072399191077,-0.4685905262800675
11.463815450668335,3.5230002403259277,-181.38666828796713,-160.71465552630397,0.4094178938493382,-0.46386796277331394,1,320.0,155.0,138.61333171203287,-0.46386796277331394
11.473243474960327,3.5230002403259277,-181.6164275541139,-160.90963355986707,0.4104564156574132,-0.46505175603046056,1,320.0,155.0,138.3835724458861,-0.46505175603046056
11.483842849731445,3.5230002403259277,-181.84618682026067,-161.10461159343018,0.4114959123556562,-0.4662366980839381,1,320.0,155.0,138.15381317973933,-0.4662366980839381
11.49374794960022,3.5230002403259277,-182.07594608640744,-161.29958962699328,0.4125363839440669,-0.4674227889337462,1,320.0,156.0,137.92405391359256,-0.4674227889337462
11.503400564193726,3.5230002403259277,-180.4790192032759,-159.7926433299338,0.40801727406252564,-0.4626418482662537,1,320.0,156.0,139.5209807967241,-0.4626418482662537
11.513857364654541,3.5230002403259277,-180.69622172441015,-159.97592223835787,0.40903708836382635,-0.4638059724002369,1,320.0,156.0,139.30377827558985,-0.4638059724002369
11.523732662200928,3.5230002403259277,-180.9134242455444,-160.15920114678192,0.4100578190596691,-0.46497118254682573,1,320.0,156.0,139.0865757544556,-0.46497118254682573
11.53333067893982,3.5230002403259277,-181.13062676667866,-160.34248005520598,0.411079466150054,-0.46613747870602024,1,320.0,156.0,138.86937323332134,-0.46613747870602024
11.543848991394043,3.5230002403259277,-181.3478292878129,-160.52575896363004,0.412102029634981,-0.4673048608778204,1,320.0,157.0,138.6521707121871,-0.4673048608778204
11.553182125091553,3.5230002403259277,-179.6676121730712,-158.84060437441508,0.407022418325837,-0.4622755569309467,1,320.0,157.0,140.3323878269288,-0.4622755569309467
11.563679933547974,3.5230002403259277,-179.87177675597198,-159.0110445200926,0.40802200172325054,-0.4634199133142075,1,320.0,157.0,140.12822324402802,-0.4634199133142075
11.573251485824585,3.5230002403259277,-180.07594133887275,-159.18148466577014,0.40902243732139243,-0.46456529052038276,1,320.0,160.0,139.92405866112725,-0.46456529052038276
11.583930492401123,3.5220000743865967,-178.25813194373907,-157.6656740394226,0.40452022255908,-0.45910765923502417,1,320.0,160.0,141.74186805626093,-0.45910765923502417
11.59334659576416,3.5220000743865967,-178.44840469107012,-157.82454228383048,0.40549998716378854,-0.4602282285552768,1,320.0,160.0,141.55159530892988,-0.4602282285552768
11.603859901428223,3.5220000743865967,-178.63867743840117,-157.98341052823835,0.4064805461097192,-0.4613497492392661,1,320.0,160.0,141.36132256159883,-0.4613497492392661
11.615219116210938,3.5220000743865967,-178.82895018573223,-158.14227877264622,0.40746189939687183,-0.46247222128699195,1,320.0,160.0,141.17104981426777,-0.46247222128699195
11.623774766921997,3.5220000743865967,-179.01922293306328,-158.3011470170541,0.4084440470252466,-0.46359564469845455,1,320.0,162.0,140.98077706693672,-0.46359564469845455
11.633204460144043,3.5220000743865967,-177.04204357370514,-156.72301237993088,0.403754634797318,-0.45764199088427315,1,320.0,162.0,142.95795642629486,-0.45764199088427315
11.643832683563232,3.5220000743865967,-177.21742882503347,-156.86994973858782,0.4047153093763993,-0.4587385403299923,1,320.0,162.0,142.78257117496653,-0.4587385403299923
11.653539180755615,3.5210001468658447,-177.3928140763618,-157.0149402810416,0.40567437272874896,-0.45983596670196814,1,320.0,163.0,142.6071859236382,-0.45983596670196814
11.663111448287964,3.5210001468658447,-175.5194405720549,-155.2971906964069,0.4005474923508201,-0.4542441808071155,1,320.0,163.0,144.4805594279451,-0.4542441808071155
11.67344880104065,3.5210001468658447,-175.68075470707473,-155.431321165631,0.40148560551971724,-0.4553161615426746,1,320.0,163.0,144.31924529292527,-0.4553161615426746
11.682966232299805,3.5210001468658447,-175.84206884209456,-155.56545163485512,0.4024243893409605,-0.4563889488489089,1,320.0,163.0,144.15793115790544,-0.4563889488489089
11.693746089935303,3.5210001468658447,-176.0033829771144,-155.69958210407924,0.4033638438145498,-0.45746254272581827,1,320.0,165.0,143.9966170228856,-0.45746254272581827
11.703223705291748,3.5210001468658447,-174.052828019212,-154.09971970555387,0.3986409804528902,-0.45163986154004615,1,320.0,165.0,145.947171980788,-0.45163986154004615
11.71359920501709,3.5200002193450928,-174.19963455631054,-154.2199904428998,0.39955640528991987,-0.4526870275573459,1,320.0,165.0,145.80036544368946,-0.4526870275573459
11.722982168197632,3.5200002193450928,-174.34644109340908,-154.34220915518407,0.4004747787904369,-0.45373492760733125,1,320.0,165.0,145.65355890659092,-0.45373492760733125
11.733628988265991,3.5200002193450928,-174.49324763050762,-154.46442786746832,0.4013937633845153,-0.45478356169000206,1,320.0,165.0,145.50675236949238,-0.45478356169000206
11.743542432785034,3.5200002193450928,-174.64005416760617,-154.58664657975257,0.4023133590721552,-0.45583292980535833,1,320.0,166.0,145.35994583239383,-0.45583292980535833
11.754019021987915,3.5200002193450928,-172.66150454416965,-152.84153626535493,0.39713605341043545,-0.44994296651804977,1,320.0,166.0,147.33849545583035,-0.44994296651804977
11.763424396514893,3.5200002193450928,-172.79371437706183,-152.95093037441995,0.3980320809931856,-0.4509655868894057,1,320.0,166.0,147.20628562293817,-0.4509655868894057
11.77403998374939,3.5190000534057617,-172.92592420995402,-153.05837488389477,0.39892630627897485,-0.45198886830992613,1,320.0,168.0,147.07407579004598,-0.45198886830992613
11.78367280960083,3.5190000534057617,-170.9583922881417,-151.40095893581338,0.3940544055138063,-0.44615670507273053,1,320.0,168.0,149.0416077118583,-0.44615670507273053
11.79378890991211,3.5190000534057617,-171.07618239805902,-151.49821969013792,0.39492860951744646,-0.4471534341166216,1,320.0,168.0,148.92381760194098,-0.4471534341166216
11.803308486938477,3.5190000534057617,-171.19397250797633,-151.59548044446245,0.39580329982485823,-0.44815075211106226,1,320.0,168.0,148.80602749202367,-0.44815075211106226
11.814143180847168,3.5180001258850098,-171.31176261789363,-151.6907909029959,0.39667612632961335,-0.4491486590560525,1,320.0,168.0,148.68823738210637,-0.4491486590560525
11.823648929595947,3.5180001258850098,-171.42955272781094,-151.78805165732044,0.3975517794930894,-0.45014715495159235,1,320.0,169.0,148.57044727218906,-0.45014715495159235
11.833112001419067,3.5180001258850098,-169.44735679284608,-149.8973673979595,0.39193754733477765,-0.44429006935738075,1,320.0,169.0,150.55264320715392,-0.44429006935738075
11.843589544296265,3.5180001258850098,-169.55072794524267,-149.98097849267046,0.39278778554089416,-0.4452618683799829,1,320.0,169.0,150.44927205475733,-0.4452618683799829
11.853520393371582,3.5180001258850098,-169.65409909763926,-150.06458958738142,0.3936384418024842,-0.44623418425834704,1,320.0,171.0,150.34590090236074,-0.44623418425834704
11.863009452819824,3.5180001258850098,-167.6881774179848,-148.28309008704764,0.38840032972657046,-0.4404512193526509,1,320.0,171.0,152.3118225820152,-0.4404512193526509
11.873327255249023,3.517000198364258,-167.7773409044574,-148.3519439637042,0.3892247140983769,-0.4413971022409403,1,320.0,171.0,152.2226590955426,-0.4413971022409403
11.88386082649231,3.517000198364258,-167.86650439092998,-148.42274929799535,0.39005179424601627,-0.44234343094666206,1,320.0,171.0,152.13349560907002,-0.44234343094666206
11.893802881240845,3.517000198364258,-167.95566787740256,-148.4935546322865,0.3908792284203271,-0.4432902054698161,1,320.0,171.0,152.04433212259744,-0.4432902054698161
11.903679609298706,3.517000198364258,-168.04483136387515,-148.56435996657765,0.39170701662130936,-0.44423742581040265,1,320.0,173.0,151.95516863612485,-0.44423742581040265
11.913219213485718,3.517000198364258,-165.97358128161437,-146.7752309083754,0.38646333945224254,-0.4381323480305086,1,320.0,173.0,154.02641871838563,-0.4381323480305086
11.92364501953125,3.517000198364258,-166.047913282795,-146.833267581154,0.38726714979748267,-0.4390517859983394,1,320.0,173.0,153.952086717205,-0.4390517859983394
11.93390941619873,3.516000270843506,-166.12224528397564,-146.88935163341597,0.38806889741836414,-0.43997159562617605,1,320.0,173.0,153.87775471602436,-0.43997159562617605
11.943930625915527,3.516000270843506,-166.19657728515628,-146.94738830619457,0.3888732783672294,-0.44089177691401854,1,320.0,174.0,153.80342271484372,-0.44089177691401854
11.953602313995361,3.516000270843506,-164.20239776486056,-145.11038717203297,0.38349295930969735,-0.4350611592937206,1,320.0,174.0,155.79760223513944,-0.4350611592937206
11.962987899780273,3.516000270843506,-164.2625343854253,-145.1554189460369,0.3842727745332322,-0.43595463591032546,1,320.0,174.0,155.7374656145747,-0.43595463591032546
11.974263668060303,3.515000104904175,-164.32267100599006,-145.19849646961126,0.38505046004386956,-0.4368484132100331,1,320.0,174.0,155.67732899400994,-0.4368484132100331
11.98403811454773,3.515000104904175,-164.3828076265548,-145.24352824361517,0.3858307158138923,-0.4377424911928436,1,320.0,176.0,155.6171923734452,-0.4377424911928436
11.993637323379517,3.515000104904175,-162.3595425267765,-143.4690640500869,0.3806738023010787,-0.4318382959597534,1,320.0,176.0,157.6404574732235,-0.4318382959597534
12.002983808517456,3.515000104904175,-162.40538556458793,-143.50161281808806,0.3814303688867706,-0.4327053345329501,1,320.0,176.0,157.59461443541207,-0.4327053345329501
12.014988899230957,3.515000104904175,-162.45122860239937,-143.53416158608923,0.3821870982163025,-0.4335726023213358,1,320.0,176.0,157.54877139760063,-0.4335726023213358
12.023548603057861,3.515000104904175,-162.4970716402108,-143.5667103540904,0.3829439902896743,-0.4344400993249106,1,320.0,177.0,157.5029283597892,-0.4344400993249106
12.033963680267334,3.514000177383423,-160.5534849597039,-141.85000752192556,0.37799764344949627,-0.4288167524786658,1,320.0,177.0,159.4465150402961,-0.4288167524786658
12.043437719345093,3.514000177383423,-160.58568196333388,-141.87057111166274,0.3787316726127392,-0.42965831729283843,1,320.0,177.0,159.41431803666612,-0.42965831729283843
12.054843664169312,3.514000177383423,-160.61787896696387,-141.89113470139992,0.3794658045939308,-0.43050004309202927,1,320.0,177.0,159.38212103303613,-0.43050004309202927
12.06339716911316,3.514000177383423,-160.65007597059386,-141.9116982911371,0.3802000393930711,-0.4313419298762382,1,320.0,179.0,159.34992402940614,-0.4313419298762382
12.073805093765259,3.514000177383423,-158.68020560390653,-140.15220874971718,0.3751270039806276,-0.42565228943561406,1,320.0,179.0,161.31979439609347,-0.42565228943561406
12.083354473114014,3.514000177383423,-158.69867195077444,-140.16056430943274,0.3758378334738335,-0.4264679424116094,1,320.0,179.0,161.30132804922556,-0.4264679424116094
12.09527063369751,3.513000249862671,-158.71713829764235,-140.16696375346396,0.37654634762543826,-0.4272836877193391,1,320.0,179.0,161.28286170235765,-0.4272836877193391
12.103983879089355,3.513000249862671,-158.73560464451026,-140.17531931317953,0.3772572508936628,-0.42809952535880313,1,320.0,180.0,161.26439535548974,-0.42809952535880313
12.11329984664917,3.513000249862671,-156.8476085199625,-138.48062262695507,0.3724124000254474,-0.4226960827684193,1,320.0,180.0,163.1523914800375,-0.4226960827684193
12.12385869026184,3.513000249862671,-156.85300124921866,-138.47729946014437,0.3731007987225753,-0.4234868190497728,1,320.0,180.0,163.14699875078134,-0.4234868190497728
12.134079456329346,3.51200008392334,-156.85839397847482,-138.4720185437749,0.3737868217156508,-0.4242775822947726,1,320.0,180.0,163.14160602152518,-0.4242775822947726
12.143878698348999,3.51200008392334,-156.86378670773098,-138.4686953769642,0.3744751773923628,-0.4250683725034186,1,320.0,182.0,163.13621329226902,-0.4250683725034186
12.15330958366394,3.51200008392334,-154.95177361260215,-136.83580877228428,0.3698476843563297,-0.41960438106427234,1,320.0,182.0,165.04822638739785,-0.41960438106427234
12.163796663284302,3.51200008392334,-154.94401855988147,-136.82131157829264,0.3705143942814312,-0.4203697950938069,1,320.0,182.0,165.05598144011853,-0.4203697950938069
12.173506021499634,3.511000156402588,-154.9362635071608,-136.80485593319577,0.37117867178698094,-0.4211351703480779,1,320.0,182.0,165.0637364928392,-0.4211351703480779
12.183387041091919,3.511000156402588,-154.9285084544401,-136.79035873920412,0.37184522694788696,-0.42190050682708524,1,320.0,183.0,165.0714915455599,-0.42190050682708524
12.194435596466064,3.511000156402588,-153.1001231420403,-135.1149630542238,0.3670937881051372,-0.41672683119008397,1,320.0,183.0,166.8998768579597,-0.41672683119008397
12.203924417495728,3.511000156402588,-153.07988437639352,-135.08907739744535,0.3677381707039903,-0.41746794409318977,1,320.0,183.0,166.92011562360648,-0.41746794409318977
12.213374376296997,3.511000156402588,-153.05964561074674,-135.0631917406669,0.36838242387455944,-0.4182089558024674,1,320.0,183.0,166.94035438925326,-0.4182089558024674
12.224047899246216,3.511000156402588,-153.03940684509996,-135.03730608388844,0.3690265476168447,-0.41894986631791675,1,320.0,185.0,166.96059315490004,-0.41894986631791675
12.233814477920532,3.510000228881836,-151.18874790661656,-133.42630734448528,0.3645039164067646,-0.4137198247014315,1,320.0,185.0,168.81125209338344,-0.4137198247014315
12.243338584899902,3.510000228881836,-151.15595849220364,-133.38956647350844,0.36512677519396,-0.41443625719659705,1,320.0,185.0,168.84404150779636,-0.41443625719659705
12.255311965942383,3.510000228881836,-151.12316907779072,-133.3528256025316,0.3657494502768004,-0.4151525257446904,1,320.0,185.0,168.87683092220928,-0.4151525257446904
12.264026165008545,3.510000228881836,-151.0903796633778,-133.31608473155475,0.36637194165528597,-0.41586863034571186,1,320.0,186.0,168.9096203366222,-0.41586863034571186
12.273314476013184,3.510000228881836,-149.32465779482024,-131.66881224693714,0.3617406709838516,-0.41093171927150385,1,320.0,186.0,170.67534220517976,-0.41093171927150385
12.283977270126343,3.510000228881836,-149.27998615333763,-131.62102841678987,0.3623414355297588,-0.4116245132324914,1,320.0,186.0,170.72001384666237,-0.4116245132324914
12.294724702835083,3.508000135421753,-149.23531451185502,-131.56932136660163,0.3629372336763659,-0.41231708383527155,1,320.0,186.0,170.76468548814498,-0.41231708383527155
12.30343222618103,3.508000135421753,-149.19064287037241,-131.52153753645436,0.36353750076787145,-0.41300943107984434,1,320.0,188.0,170.80935712962759,-0.41300943107984434
12.312976360321045,3.507000207901001,-147.40389615492867,-129.9423256697112,0.35914597966171247,-0.40801882726659144,1,320.0,188.0,172.59610384507133,-0.40801882726659144
12.323372840881348,3.507000207901001,-147.34727942266107,-129.8840545779159,0.3597254746244477,-0.4086876235849836,1,320.0,188.0,172.65272057733893,-0.4086876235849836
12.333732604980469,3.502000093460083,-147.29066269039348,-129.81594925460345,0.36029282798274576,-0.40935613681971444,1,320.0,188.0,172.70933730960652,-0.40935613681971444
12.343566179275513,3.502000093460083,-147.23404595812588,-129.75767816280813,0.36087169106340544,-0.4100243669707839,1,320.0,189.0,172.76595404187412,-0.4100243669707839
12.353406429290771,3.497000217437744,-145.53311915786705,-128.3383082170148,0.3570305195713328,-0.4053284195366526,1,320.0,189.0,174.46688084213295,-0.4053284195366526
12.363983869552612,3.497000217437744,-145.46522742270074,-128.27077172822547,0.3575908296434267,-0.40597427559156657,1,320.0,189.0,174.53477257729926,-0.40597427559156657
12.37380599975586,3.489000082015991,-145.39733568753442,-128.1873917813757,0.35813171066611393,-0.40661979218780464,1,320.0,189.0,174.60266431246558,-0.40661979218780464
12.383615255355835,3.489000082015991,-145.3294439523681,-128.11985529258638,0.35869126615602964,-0.4072649693253669,1,320.0,189.0,174.6705560476319,-0.4072649693253669
12.393656730651855,3.4820001125335693,-143.81077543725658,-126.74970883662944,0.35502981330135897,-0.4031771464773065,1,320.0,189.0,176.18922456274342,-0.4031771464773065
12.4035804271698,3.4820001125335693,-143.73293545373323,-126.67333559566775,0.3555715320901833,-0.40380240317434724,1,320.0,189.0,176.26706454626677,-0.40380240317434724
12.415643453598022,3.4700002670288086,-143.6550954702099,-126.57295354309726,0.35608393839481417,-0.4044272706714702,1,320.0,189.0,176.3449045297901,-0.4044272706714702
12.423469543457031,3.4700002670288086,-143.57725548668654,-126.49658030213557,0.3566247734071708,-0.4050517489686756,1,320.0,189.0,176.42274451331346,-0.4050517489686756
12.43358564376831,3.4610002040863037,-142.22650161990146,-125.17311094197449,0.3531341969095724,-0.40152330496522687,1,320.0,189.0,177.77349838009854,-0.40152330496522687
12.44327163696289,3.4610002040863037,-142.1399327301401,-125.08831010494573,0.3536578774556627,-0.40213012196116393,1,320.0,189.0,177.8600672698599,-0.40213012196116393
12.454022645950317,3.446000099182129,-142.05336384037872,-124.97308614067998,0.3541444741292471,-0.4027365061126521,1,320.0,189.0,177.94663615962128,-0.4027365061126521
12.463732481002808,3.446000099182129,-141.96679495061736,-124.88828530365123,0.3546671545513309,-0.4033424574196916,1,320.0,189.0,178.03320504938264,-0.4033424574196916
12.473846435546875,3.43500018119812,-140.77064666481996,-123.71021299610916,0.3516690935291466,-0.4003281943877296,1,320.0,189.0,179.22935333518004,-0.4003281943877296
12.483472347259521,3.43500018119812,-140.6764686473175,-123.6180690746867,0.3521766111688131,-0.4009185631099632,1,320.0,189.0,179.3235313526825,-0.4009185631099632
12.494494676589966,3.4180002212524414,-140.58229062981505,-123.49087352952525,0.35264143088226696,-0.40150846094210935,1,320.0,189.0,179.41770937018495,-0.40150846094210935
12.503361463546753,3.4180002212524414,-140.4881126123126,-123.39872960810278,0.35314785182460057,-0.40209788788416795,1,320.0,189.0,179.5118873876874,-0.40209788788416795
12.513934850692749,3.4060001373291016,-139.43421524236388,-122.35596735391579,0.3506038969626655,-0.39955587837285006,1,320.0,189.0,180.56578475763612,-0.39955587837285006
12.523789882659912,3.4060001373291016,-139.3334555457161,-122.25747536584774,0.35109699395381305,-0.40013163401460133,1,320.0,189.0,180.6665444542839,-0.40013163401460133
12.53398871421814,3.386000156402588,-139.23269584906834,-122.11696499391192,0.3515389663324596,-0.4007068858578694,1,320.0,189.0,180.76730415093166,-0.4007068858578694
12.54391074180603,3.386000156402588,-139.13193615242056,-122.01847300584387,0.3520308683118072,-0.40128163390265414,1,320.0,190.0,180.86806384757944,-0.40128163390265414
12.553981065750122,3.373000144958496,-138.107690361389,-120.99862089353775,0.3495731559594303,-0.3988430501609488,1,320.0,190.0,181.892309638611,-0.3988430501609488
12.56426215171814,3.373000144958496,-138.00059724059363,-120.89399929572943,0.350052080038539,-0.3994045414021973,1,320.0,190.0,181.99940275940637,-0.3994045414021973
12.572970867156982,3.3530001640319824,-137.89350411979828,-120.74648902816155,0.35047880016259836,-0.39996549717784186,1,320.0,190.0,182.10649588020172,-0.39996549717784186
12.583541631698608,3.3530001640319824,-137.78641099900292,-120.64186743035323,0.35095646358238014,-0.40052591748788247,1,320.0,191.0,182.21358900099708,-0.40052591748788247
12.593271017074585,3.3390002250671387,-136.79094178095946,-119.74536377339993,0.3489125021344558,-0.3981874550401168,1,320.0,191.0,183.20905821904054,-0.3981874550401168
12.604052066802979,3.3390002250671387,-136.6777558131807,-119.63551922933011,0.34937886627771864,-0.39873502065784827,1,320.0,191.0,183.3222441868193,-0.39873502065784827
12.613398551940918,3.317000150680542,-136.56456984540196,-119.4774486378455,0.34978656881112635,-0.3992820203457408,1,320.0,191.0,183.43543015459804,-0.3992820203457408
12.623774766921997,3.317000150680542,-136.45138387762321,-119.36760409377568,0.3502515933787114,-0.3998284541037944,1,320.0,190.0,183.54861612237679,-0.3998284541037944
12.633329629898071,3.3030002117156982,-135.68601607119402,-118.68726851181218,0.34891865867905625,-0.39824651941441147,1,320.0,190.0,184.31398392880598,-0.39824651941441147
12.644170045852661,3.3030002117156982,-135.56835702540852,-118.57372407326284,0.34937527397316337,-0.398783170344596,1,320.0,190.0,184.43164297459148,-0.398783170344596
12.654295206069946,3.2810001373291016,-135.45069797962302,-118.41083855690141,0.3497718655463142,-0.39931923297955146,1,320.0,190.0,184.54930202037698,-0.39931923297955146
12.664273262023926,3.2810001373291016,-135.3330389338375,-118.29729411835207,0.3502270986906467,-0.3998547073192781,1,320.0,191.0,184.6669610661625,-0.3998547073192781
12.6739182472229,3.266000270843506,-134.57524841888298,-117.71039033180615,0.34920740289351637,-0.39830106577359586,1,320.0,191.0,185.42475158111702,-0.39830106577359586
12.683518886566162,3.266000270843506,-134.45319880919806,-117.5938326825737,0.3496555028778503,-0.3988268722360199,1,320.0,191.0,185.54680119080194,-0.3988268722360199
12.694914817810059,3.244000196456909,-134.33114919951313,-117.42674716883106,0.3500421339972033,-0.39935206845039556,1,320.0,191.0,185.66885080048687,-0.39935206845039556
12.703747987747192,3.244000196456909,-134.2090995898282,-117.31018951959861,0.3504888157657224,-0.3998766544167228,1,320.0,190.0,185.7909004101718,-0.3998766544167228
12.713768482208252,3.2290000915527344,-133.66165089096606,-116.70964797917338,0.34942755944430987,-0.39901267539769913,1,320.0,190.0,186.33834910903394,-0.39901267539769913
12.72330355644226,3.2290000915527344,-133.53668345183164,-116.5900098142316,0.34986694369545085,-0.39953039788799705,1,320.0,190.0,186.46331654816836,-0.39953039788799705
12.734648942947388,3.207000255584717,-133.4117160126972,-116.41861421594541,0.35024336204858714,-0.4000474955410992,1,320.0,190.0,186.5882839873028,-0.4000474955410992
12.743831634521484,3.207000255584717,-133.2867485735628,-116.29897605100363,0.350681291130912,-0.4005639683570057,1,320.0,190.0,186.7132514264372,-0.4005639683570057
12.75302267074585,3.192000150680542,-132.82963291911724,-115.88903614444745,0.3502449398500689,-0.3999960949958135,1,320.0,190.0,187.17036708088276,-0.3999960949958135
12.763388872146606,3.192000150680542,-132.70238720418132,-115.76765175092667,0.35067811683659855,-0.4005069120739113,1,320.0,190.0,187.29761279581868,-0.4005069120739113
12.773004293441772,3.1690001487731934,-132.5751414892454,-115.5908048978412,0.3510438546373852,-0.40101709292343435,1,320.0,190.0,187.4248585107546,-0.40101709292343435
12.783709287643433,3.1690001487731934,-132.44789577430947,-115.46942050432042,0.3514755404676819,-0.40152663754438284,1,320.0,189.0,187.55210422569053,-0.40152663754438284
12.793139934539795,3.1550002098083496,-132.1743422873558,-115.23495878207258,0.35160799857272623,-0.4015581713647399,1,320.0,189.0,187.8256577126442,-0.4015581713647399
12.803715705871582,3.1550002098083496,-132.04609299339745,-115.11303317981125,0.3520372530159117,-0.4020645026769569,1,320.0,189.0,187.95390700660255,-0.4020645026769569
12.813322067260742,3.132000207901001,-131.9178436994391,-114.93426092969149,0.35239739762041644,-0.4025701927427041,1,320.0,189.0,188.0821563005609,-0.4025701927427041
12.824209451675415,3.132000207901001,-131.78959440548073,-114.81233532743016,0.35282514857434,-0.4030752415619815,1,320.0,189.0,188.21040559451927,-0.4030752415619815
12.83321762084961,3.117000102996826,-131.58156321160538,-114.6311596937297,0.35313623939210625,-0.40331933264767617,1,320.0,189.0,188.41843678839462,-0.40331933264767617
12.843682765960693,3.117000102996826,-131.4527666533213,-114.50908524406749,0.35356229547873197,-0.40382204061100185,1,320.0,189.0,188.5472333466787,-0.40382204061100185
12.853860855102539,3.0950000286102295,-131.32397009503723,-114.33124249766264,0.35392054039553444,-0.40432410459153617,1,320.0,189.0,188.67602990496277,-0.40432410459153617
12.86354923248291,3.0950000286102295,-131.19517353675315,-114.20916804800044,0.35434509689617977,-0.404825524589279,1,320.0,189.0,188.80482646324685,-0.404825524589279
12.873708248138428,3.0810000896453857,-131.04665746683816,-114.08098232327374,0.3548230343053796,-0.40526195807589116,1,320.0,189.0,188.95334253316184,-0.40526195807589116
12.883158206939697,3.0810000896453857,-130.91772564016466,-113.95911239150239,0.35524658594921144,-0.40576182851208387,1,320.0,189.0,189.08227435983534,-0.40576182851208387
12.894091606140137,3.059000253677368,-130.78879381349117,-113.78008639757141,0.35560065518848216,-0.40626105428914316,1,320.0,189.0,189.21120618650883,-0.40626105428914316
12.903892755508423,3.059000253677368,-130.65986198681767,-113.65821646580005,0.3560227023526855,-0.40675963540706905,1,320.0,188.0,189.34013801318233,-0.40675963540706905
12.913745641708374,3.0440001487731934,-130.66632546972212,-113.5729482107932,0.35664479550296474,-0.40769935541029373,1,320.0,188.0,189.33367453027788,-0.40769935541029373
12.923160314559937,3.0440001487731934,-130.5383224170366,-113.45160011340596,0.3570664357866671,-0.4081984433591563,1,320.0,188.0,189.4616775829634,-0.4081984433591563
12.933756351470947,3.0220000743865967,-130.41031936435107,-113.27161364312668,0.3574168100905476,-0.4086968912927554,1,320.0,188.0,189.58968063564893,-0.4086968912927554
12.94401478767395,3.0220000743865967,-130.28231631166554,-113.15026554573944,0.35783694370141156,-0.40919469921109103,1,320.0,187.0,189.71768368833446,-0.40919469921109103
12.953708171844482,3.008000135421753,-130.42887195489854,-113.20963158777978,0.35892389292230137,-0.4105877358629551,1,320.0,187.0,189.57112804510146,-0.4105877358629551
12.963224172592163,3.008000135421753,-130.3027523206137,-113.08978236310088,0.35934552276450216,-0.41108790606341633,1,320.0,187.0,189.6972476793863,-0.41108790606341633
12.973756790161133,2.9860000610351562,-130.17663268632887,-112.9097971217592,0.3596901376348304,-0.4115828895034256,1,320.0,187.0,189.82336731367113,-0.4115828895034256
12.983412742614746,2.9860000610351562,-130.05051305204404,-112.7899478970803,0.36010632067373505,-0.4120772467594313,1,320.0,186.0,189.94948694795596,-0.4120772467594313
12.993842601776123,2.9720001220703125,-130.32338338879205,-112.97736521270431,0.3616003047240898,-0.41386829108082457,1,320.0,186.0,189.67661661120795,-0.41386829108082457
13.003259897232056,2.9720001220703125,-130.2000007731653,-112.85988967078084,0.3620157333643007,-0.414362117985618,1,320.0,186.0,189.7999992268347,-0.414362117985618
13.013105154037476,2.950000047683716,-130.07661815753855,-112.6807223512705,0.36235005111578333,-0.4148481823758903,1,320.0,186.0,189.92338184246145,-0.4148481823758903
13.023674249649048,2.950000047683716,-129.9532355419118,-112.56324680934704,0.3627578263070893,-0.41533364527589656,1,320.0,186.0,190.0467644580882,-0.41533364527589656
13.033993005752563,2.936000108718872,-130.23865827606443,-112.8657927550585,0.36461338594392945,-0.4171478192323991,1,320.0,186.0,189.76134172393557,-0.4171478192323991
13.043539762496948,2.936000108718872,-130.11808003221788,-112.75147132658296,0.365021917381625,-0.4176328968825048,1,320.0,186.0,189.88191996778212,-0.4176328968825048
13.0530846118927,2.9150002002716064,-129.99750178837132,-112.57674127059732,0.36535120251964004,-0.4181105660947878,1,320.0,186.0,190.00249821162868,-0.4181105660947878
13.063529253005981,2.9150002002716064,-129.87692354452477,-112.46241984212178,0.3657524306967711,-0.41858765803866804,1,320.0,185.0,190.12307645547523,-0.41858765803866804
13.07312297821045,2.9000000953674316,-130.2738672697863,-112.86524294375585,0.3679261730071586,-0.42074784496545253,1,320.0,185.0,189.7261327302137,-0.42074784496545253
13.083581447601318,2.9000000953674316,-130.15683920445935,-112.75476899747207,0.36832918945123894,-0.4212256563043132,1,320.0,185.0,189.84316079554065,-0.4212256563043132
13.0939199924469,2.879000186920166,-130.03981113913238,-112.58228240457885,0.3686510608639723,-0.4216960846995146,1,320.0,185.0,189.96018886086762,-0.4216960846995146
13.103662967681885,2.879000186920166,-129.92278307380542,-112.47180845829507,0.3690468285012227,-0.42216596335532436,1,320.0,183.0,190.07721692619458,-0.42216596335532436
13.113861560821533,2.8650002479553223,-130.52066507071166,-112.86867841198246,0.3711796158065304,-0.42496325558961706,1,320.0,183.0,189.47933492928834,-0.42496325558961706
13.1232430934906,2.8650002479553223,-130.40854127590538,-112.76197210929142,0.37157732100816065,-0.42543673694038725,1,320.0,183.0,189.59145872409462,-0.42543673694038725
13.134127378463745,2.8440001010894775,-130.2964174810991,-112.59163093447556,0.3718919590454441,-0.42590285490413654,1,320.0,183.0,189.7035825189009,-0.42590285490413654
13.143831968307495,2.8440001010894775,-130.18429368629282,-112.48492463178452,0.37228246701319495,-0.4263684559771635,1,320.0,183.0,189.81570631370718,-0.4263684559771635
13.153702020645142,2.830000162124634,-130.76065109112142,-112.97348118828745,0.37469908948127856,-0.42907520855241327,1,320.0,183.0,189.23934890887858,-0.42907520855241327
13.163338661193848,2.830000162124634,-130.6532502751742,-112.87115322185662,0.37509268149329955,-0.42954406624624086,1,320.0,183.0,189.3467497248258,-0.42954406624624086
13.173915386199951,2.809000015258789,-130.545849459227,-112.70350441492286,0.37540120452799486,-0.43000557887626345,1,320.0,183.0,189.454150540773,-0.43000557887626345
13.183728694915771,2.809000015258789,-130.43844864327977,-112.60117644849201,0.37578764979306156,-0.43046660578609186,1,320.0,183.0,189.56155135672023,-0.43046660578609186
13.193969249725342,2.7950000762939453,-130.99384584360303,-113.17128534137795,0.3784543215406867,-0.43308495591950735,1,320.0,183.0,189.00615415639697,-0.43308495591950735
13.203397512435913,2.7950000762939453,-130.89099182293853,-113.07387299131912,0.37884484574723176,-0.43354890444548083,1,320.0,183.0,189.10900817706147,-0.43354890444548083
13.213611602783203,2.7740001678466797,-130.78813780227404,-112.90938669803559,0.37914821537267596,-0.4340055250667174,1,320.0,183.0,189.21186219772596,-0.4340055250667174
13.223239660263062,2.7740001678466797,-130.68528378160954,-112.81197434797676,0.3795316417061764,-0.43446168953032915,1,320.0,181.0,189.31471621839046,-0.43446168953032915
13.233077049255371,2.761000156402588,-131.42230831632102,-113.5585467198972,0.382750959574688,-0.4376531750834137,1,320.0,181.0,188.57769168367898,-0.4376531750834137
13.24368143081665,2.761000156402588,-131.3252158601488,-113.46721266809126,0.38314089816065855,-0.4381148234501804,1,320.0,181.0,188.6747841398512,-0.4381148234501804
13.25304913520813,2.7400002479553223,-131.22812340397658,-113.30703241913724,0.3834415675231747,-0.43856915492092774,1,320.0,181.0,188.77187659602342,-0.43856915492092774
13.263511896133423,2.7400002479553223,-131.13103094780436,-113.21569836733131,0.3838244550190866,-0.4390230640394307,1,320.0,180.0,188.86896905219564,-0.4390230640394307
13.273061513900757,2.7260000705718994,-131.92979277770613,-114.01290653906942,0.38719743332086204,-0.4423945194948805,1,320.0,180.0,188.07020722229387,-0.4423945194948805
13.283298254013062,2.7260000705718994,-131.83884586880208,-113.92798702987635,0.38758712919396454,-0.4428542678473798,1,320.0,180.0,188.16115413119792,-0.4428542678473798
13.29325795173645,2.7060000896453857,-131.74789895989804,-113.77571758524903,0.3878896593214115,-0.4433070363752854,1,320.0,180.0,188.25210104010196,-0.4433070363752854
13.304234981536865,2.7060000896453857,-131.656952050994,-113.69079807605596,0.3882726471896538,-0.4437594170146041,1,320.0,179.0,188.343047949006,-0.4437594170146041
13.313580989837646,2.692000150680542,-132.50973704316993,-114.43366656455127,0.39145004967910796,-0.44728546613756426,1,320.0,179.0,187.49026295683007,-0.44728546613756426
13.323398351669312,2.692000150680542,-132.42526410391503,-114.35475340819349,0.3918390745414729,-0.4477442575275027,1,320.0,179.0,187.57473589608497,-0.4477442575275027
13.333791494369507,2.6720001697540283,-132.34079116466012,-114.20666211346155,0.3921387488838964,-0.44819607456362853,1,320.0,179.0,187.65920883533988,-0.44819607456362853
13.344061851501465,2.6720001697540283,-132.2563182254052,-114.12774895710376,0.3925211071353419,-0.44864753850283245,1,320.0,179.0,187.7436817745948,-0.44864753850283245
13.35367465019226,2.6580002307891846,-133.05502840073763,-114.81936157071348,0.3955137107055869,-0.4519750796102975,1,320.0,179.0,186.94497159926237,-0.4519750796102975
13.363329887390137,2.6580002307891846,-132.9766140472413,-114.74607088806889,0.39590138441644984,-0.4524321705280516,1,320.0,179.0,187.0233859527587,-0.4524321705280516
13.373899221420288,2.638000011444092,-132.89819969374497,-114.60169754706062,0.39619743036197386,-0.45288229143540415,1,320.0,179.0,187.10180030625503,-0.45288229143540415
13.383985042572021,2.638000011444092,-132.81978534024864,-114.52840686441603,0.3965784753721868,-0.45333209123597684,1,320.0,178.0,187.18021465975136,-0.45333209123597684
13.393854141235352,2.624000072479248,-133.6686406415749,-115.27267615777367,0.399725934788849,-0.45680170937076936,1,320.0,178.0,186.3313593584251,-0.45680170937076936
13.40341591835022,2.624000072479248,-133.59658727830518,-115.20533990572422,0.4001128649872818,-0.45725764750340303,1,320.0,178.0,186.40341272169482,-0.45725764750340303
13.413135766983032,2.6040000915527344,-133.52453391503545,-115.06493849560175,0.4004057937248385,-0.45770661687903996,1,320.0,178.0,186.47546608496455,-0.45770661687903996
13.424168586730957,2.6040000915527344,-133.45248055176572,-114.9976022435523,0.4007861306336966,-0.4581552973206737,1,320.0,176.0,186.54751944823428,-0.4581552973206737
13.433510541915894,2.5910000801086426,-134.44579778678371,-115.79126646520142,0.4040700603421241,-0.4620745309857114,1,320.0,176.0,185.55420221321629,-0.4620745309857114
13.444093942642212,2.5910000801086426,-134.38105273949864,-115.73016678934161,0.40445705749267435,-0.46253133759315335,1,320.0,176.0,185.61894726050136,-0.46253133759315335
13.453796148300171,2.571000099182129,-134.31630769221357,-115.59399648341446,0.4047476485754126,-0.4629811708681769,1,320.0,176.0,185.68369230778643,-0.4629811708681769
13.46335744857788,2.571000099182129,-134.2515626449285,-115.53289680755464,0.40512808444523946,-0.46343074985701116,1,320.0,175.0,185.7484373550715,-0.46343074985701116
13.473917484283447,2.557000160217285,-135.27247591361382,-116.4631343050234,0.4088475060926801,-0.46741662844082577,1,320.0,175.0,184.72752408638618,-0.46741662844082577
13.483745574951172,2.557000160217285,-135.21517831464445,-116.40920064200876,0.40923590855718844,-0.4678741964578118,1,320.0,175.0,184.78482168535555,-0.4678741964578118
13.493707418441772,2.5370001792907715,-135.15788071567508,-116.27804250038972,0.40952531721767227,-0.46832478355627993,1,320.0,175.0,184.84211928432492,-0.46832478355627993
13.503620386123657,2.5370001792907715,-135.1005831167057,-116.22410883737507,0.40990718801235715,-0.46877515048869833,1,320.0,174.0,184.8994168832943,-0.46877515048869833
13.51378870010376,2.5240001678466797,-136.1441878893187,-117.08090530495495,0.413360394436745,-0.47281177897661913,1,320.0,174.0,183.8558121106813,-0.47281177897661913
13.523154973983765,2.5240001678466797,-136.09444226817533,-117.03356821649014,0.4137494878746013,-0.47327060411339633,1,320.0,174.0,183.90555773182467,-0.47327060411339633
13.534128189086914,2.504000186920166,-136.04469664703197,-116.90682626200756,0.4140369672505979,-0.47372243749099086,1,320.0,174.0,183.95530335296803,-0.47372243749099086
13.544172048568726,2.504000186920166,-135.9949510258886,-116.85948917354274,0.4144195544783411,-0.4741740838250267,1,320.0,173.0,184.0050489741114,-0.4741740838250267
13.553836584091187,2.491000175476074,-137.0567718752433,-117.74509769157267,0.41794883651640574,-0.47824667398829757,1,320.0,173.0,182.9432281247567,-0.47824667398829757
13.563273906707764,2.491000175476074,-137.01465134065577,-117.70451945948496,0.41833888628582155,-0.4787068515197719,1,320.0,173.0,182.98534865934423,-0.4787068515197719
13.573151111602783,2.4710001945495605,-136.97253080606825,-117.58226230976673,0.4186245865329928,-0.479160023426926,1,320.0,173.0,183.02746919393175,-0.479160023426926
13.583690881729126,2.4710001945495605,-136.93041027148072,-117.54168407767902,0.41900815225485244,-0.47961304043579367,1,320.0,172.0,183.06958972851928,-0.47961304043579367
13.593334913253784,2.4710001945495605,-138.00637022742623,-118.50495392414585,0.42266571455587654,-0.4837126282080007,1,320.0,172.0,181.99362977257377,-0.4837126282080007
13.603718519210815,2.4580001831054688,-137.97191941727684,-118.4174080109485,0.42299229096644686,-0.48417419494525593,1,320.0,172.0,182.02808058272316,-0.48417419494525593
13.61332631111145,2.4580001831054688,-137.93746860712744,-118.3837159003927,0.4233833691324286,-0.4846356361092924,1,320.0,172.0,182.06253139287256,-0.4846356361092924
13.623960018157959,2.438000202178955,-137.90301779697805,-118.26597171373439,0.42366724233652664,-0.48509005655579596,1,320.0,171.0,182.09698220302195,-0.48509005655579596
13.633444786071777,2.438000202178955,-138.98940967396723,-119.2500426318292,0.4273712906190731,-0.48919998112676943,1,320.0,171.0,181.01059032603277,-0.48919998112676943
13.643905639648438,2.4250001907348633,-138.9626474882197,-119.16790211126454,0.42769725770249056,-0.48966292100181175,1,320.0,171.0,181.0373525117803,-0.48966292100181175
13.653417110443115,2.4250001907348633,-138.93588530247214,-119.14119153143304,0.42808964555833445,-0.4901257655365545,1,320.0,171.0,181.06411469752786,-0.4901257655365545
13.66420316696167,2.4050002098083496,-138.9091231167246,-119.02795076635581,0.42837184237974124,-0.4905815692814657,1,320.0,171.0,181.0908768832754,-0.4905815692814657
13.673538208007812,2.392000198364258,-138.88236093097706,-118.94416388801469,0.4286852238750479,-0.4910327653434816,1,320.0,170.0,181.11763906902294,-0.4910327653434816
13.683168649673462,2.392000198364258,-140.00466786157557,-119.86824183728243,0.43216704426755925,-0.49523040122940054,1,320.0,170.0,179.99533213842443,-0.49523040122940054
13.693621397018433,2.372000217437744,-139.98578451334674,-119.75893101579042,0.4324466444802534,-0.4956878925285022,1,320.0,170.0,180.01421548665326,-0.4956878925285022
13.703314065933228,2.372000217437744,-139.96690116511792,-119.73873972033344,0.432833118868035,-0.4961453190577092,1,320.0,169.0,180.03309883488208,-0.4961453190577092
13.7135751247406,2.3590002059936523,-141.05859653687278,-120.5974396489506,0.4362018303605867,-0.5002187251828423,1,320.0,169.0,178.94140346312722,-0.5002187251828423
13.722984790802002,2.3590002059936523,-141.04732693872612,-120.58367682587661,0.4365949980770125,-0.5006844100309777,1,320.0,169.0,178.95267306127388,-0.5006844100309777
13.733491897583008,2.3390002250671387,-141.03605734057945,-120.47808714635494,0.436871590926098,-0.5011430047945058,1,320.0,169.0,178.96394265942055,-0.5011430047945058
13.744141578674316,2.3390002250671387,-141.02478774243278,-120.46432432328095,0.43725832993186287,-0.5016015618330477,1,320.0,168.0,178.97521225756722,-0.5016015618330477
13.753681898117065,2.327000141143799,-142.11878582481674,-121.34524395044092,0.4406733514232558,-0.5056593580485156,1,320.0,168.0,177.88121417518326,-0.5056593580485156
13.763104677200317,2.327000141143799,-142.1150946246517,-121.33799897753086,0.441067196310187,-0.5061263954848816,1,320.0,168.0,177.8849053753483,-0.5061263954848816
13.773641586303711,2.327000141143799,-142.11140342448667,-121.3307540046208,0.44146101716191793,-0.5065934206756896,1,320.0,168.0,177.88859657551333,-0.5065934206756896
13.783325433731079,2.309000015258789,-142.10771222432163,-121.23847302353414,0.44174703289220835,-0.5070540387291667,1,320.0,168.0,177.89228777567837,-0.5070540387291667
13.79375958442688,2.2990000247955322,-142.1040210241566,-121.18336779008578,0.4420744496064807,-0.5075110921060534,1,320.0,167.0,177.8959789758434,-0.5075110921060534
13.803257703781128,2.2990000247955322,-143.22365779455362,-122.05567839107974,0.44532631198210626,-0.5116297812777252,1,320.0,167.0,176.77634220544638,-0.5116297812777252
13.813605308532715,2.2870001792907715,-143.22766661508734,-121.99643681357237,0.44564774567922716,-0.5120954269438982,1,320.0,167.0,176.77233338491266,-0.5120954269438982
13.823210716247559,2.2870001792907715,-143.23167543562107,-121.9952208867666,0.44603880624494496,-0.512561085508453,1,320.0,167.0,176.76832456437893,-0.512561085508453
13.833770036697388,2.2800002098083496,-144.21679928183474,-122.6289309040778,0.44856744646967295,-0.5162221224994384,1,320.0,167.0,175.78320071816526,-0.5162221224994384
13.843465566635132,2.2800002098083496,-144.2275327508424,-122.63230089580784,0.4489639138869388,-0.5166965308427007,1,320.0,167.0,175.7724672491576,-0.5166965308427007
13.85384726524353,2.2720000743865967,-144.2382662198501,-122.59636205131423,0.4493106437276684,-0.5171680887189125,1,320.0,167.0,175.7617337801499,-0.5171680887189125
13.863652229309082,2.2720000743865967,-144.24899968885777,-122.59973204304427,0.44970455488844074,-0.5176396807275578,1,320.0,167.0,175.75100031114223,-0.5176396807275578
13.873374223709106,2.2720000743865967,-144.25973315786544,-122.60310203477431,0.4500984767657875,-0.5181113068686365,1,320.0,168.0,175.74026684213456,-0.5181113068686365
13.883863925933838,2.2680001258850098,-145.0666530125454,-123.20185035444166,0.45247219968130087,-0.5211763521257763,1,320.0,168.0,174.9333469874546,-0.5211763521257763
13.893582344055176,2.2680001258850098,-145.08284274853912,-123.20943592959676,0.45287187632215936,-0.5216556924661411,1,320.0,168.0,174.91715725146088,-0.5216556924661411
13.904124975204468,2.263000011444092,-145.09903248453284,-123.19220773673355,0.4532401818901768,-0.5221332703485547,1,320.0,168.0,174.90096751546716,-0.5221332703485547
13.913668394088745,2.263000011444092,-145.80698231466758,-123.53525457923963,0.4547315623248013,-0.5248653581236864,1,320.0,168.0,174.19301768533242,-0.5248653581236864
13.92314624786377,2.261000156402588,-145.82791259208844,-123.53518139993855,0.45512091921730635,-0.5253501970080576,1,320.0,168.0,174.17208740791156,-0.5253501970080576
13.933587074279785,2.261000156402588,-145.8488428695093,-123.54506584727281,0.4555222564224979,-0.5258351018751366,1,320.0,168.0,174.1511571304907,-0.5258351018751366
13.943702459335327,2.259000062942505,-145.86977314693016,-123.54497250288269,0.45591100222962316,-0.5263193433419752,1,320.0,169.0,174.13022685306984,-0.5263193433419752
13.953899383544922,2.259000062942505,-146.4055037485857,-123.75292552349502,0.45695737714674833,-0.5284816946740987,1,320.0,169.0,173.5944962514143,-0.5284816946740987
13.96336841583252,2.258000135421753,-146.4299629035534,-123.75917226647425,0.45735409587700065,-0.5289715679429661,1,320.0,169.0,173.5700370964466,-0.5289715679429661
13.973886013031006,2.258000135421753,-146.4544220585211,-123.77041444360796,0.45775684448488924,-0.5294615181358842,1,320.0,169.0,173.5455779414789,-0.5294615181358842
13.983528137207031,2.258000135421753,-146.4788812134888,-123.78165662074167,0.45815962844942876,-0.5299515452528529,1,320.0,169.0,173.5211187865112,-0.5299515452528529
13.99429202079773,2.258000135421753,-146.5033403684565,-123.79289879787538,0.45856244777061916,-0.5304416492938723,1,320.0,170.0,173.4966596315435,-0.5304416492938723
14.003764152526855,2.259000062942505,-146.88720118570188,-123.78045184017593,0.4588781303081415,-0.5321035976054597,1,320.0,170.0,173.11279881429812,-0.5321035976054597
14.013108015060425,2.259000062942505,-146.9141236334764,-123.79149741696001,0.45928101875788163,-0.5325983167700433,1,320.0,170.0,173.0858763665236,-0.5325983167700433
14.023720502853394,2.259999990463257,-146.94104608125093,-123.80753367068704,0.459690255990465,-0.5330934879990253,1,320.0,171.0,173.05895391874907,-0.5330934879990253
14.03331732749939,2.259999990463257,-147.17422439344531,-123.58980700369517,0.45934790557841576,-0.5342609903932645,1,320.0,171.0,172.82577560655469,-0.5342609903932645
14.043872594833374,2.261000156402588,-147.20256047327408,-123.60427174092479,0.45975492577808463,-0.5347590498185082,1,320.0,171.0,172.79743952672592,-0.5347590498185082
14.053317546844482,2.261000156402588,-147.23089655310284,-123.61374936337296,0.46015599131822427,-0.5352571985732546,1,320.0,171.0,172.76910344689716,-0.5352571985732546
14.06443190574646,2.26200008392334,-147.2592326329316,-123.6282081675747,0.46056338890597326,-0.5357558047789022,1,320.0,171.0,172.7407673670684,-0.5357558047789022
14.074115514755249,2.26200008392334,-147.28756871276036,-123.63768579002287,0.46096483897751883,-0.5362545003848875,1,320.0,173.0,172.71243128723964,-0.5362545003848875
14.083759307861328,2.264000177383423,-147.28639004178882,-123.33854169006972,0.4603406366024149,-0.5366578289704469,1,320.0,173.0,172.71360995821118,-0.5366578289704469
14.094130992889404,2.264000177383423,-147.31452384806053,-123.34583604817925,0.46073916272875737,-0.5371571034986606,1,320.0,173.0,172.68547615193947,-0.5371571034986606
14.103780031204224,2.2660000324249268,-147.34265765433224,-123.36305967016243,0.4611502751689934,-0.5376572035896066,1,320.0,175.0,172.65734234566776,-0.5376572035896066
14.11319899559021,2.2660000324249268,-147.13641076847307,-122.88917775843653,0.45998124579217403,-0.5373934991291975,1,320.0,175.0,172.86358923152693,-0.5373934991291975
14.12369418144226,2.267000198364258,-147.1629382582468,-122.8981331439251,0.4603812721524402,-0.5378914707968387,1,320.0,175.0,172.8370617417532,-0.5378914707968387
14.133186101913452,2.267000198364258,-147.18946574802055,-122.90212978423355,0.4607753606778504,-0.5383895264903168,1,320.0,175.0,172.81053425197945,-0.5383895264903168
14.144068241119385,2.2690000534057617,-147.2159932377943,-122.91602744666201,0.4611819889862502,-0.5388884022362477,1,320.0,175.0,172.7840067622057,-0.5388884022362477
14.153648614883423,2.2690000534057617,-147.24252072756803,-122.92002408697047,0.4615767487474478,-0.5393873621406434,1,320.0,177.0,172.75747927243197,-0.5393873621406434
14.163017272949219,2.2710001468658447,-146.83407766767888,-122.28270666514805,0.4598616675244909,-0.538469501966288,1,320.0,177.0,173.16592233232112,-0.538469501966288
14.17343282699585,2.2710001468658447,-146.857624177992,-122.28224045991621,0.4602496599421718,-0.5389643979334101,1,320.0,177.0,173.142375822008,-0.5389643979334101
14.18414306640625,2.2730000019073486,-146.8811706883051,-122.29163780892259,0.4606501298988895,-0.5394601030722017,1,320.0,179.0,173.1188293116949,-0.5394601030722017
14.193710565567017,2.2730000019073486,-146.3168535102016,-121.52116602406508,0.4585291157076354,-0.538039884059074,1,320.0,179.0,173.6831464897984,-0.538039884059074
14.203251361846924,2.2750000953674316,-146.33637104789338,-121.52526859532205,0.45892140061576525,-0.5385297523219085,1,320.0,179.0,173.66362895210662,-0.5385297523219085
14.213649272918701,2.2750000953674316,-146.35588858558515,-121.51952509288728,0.4593018519280496,-0.5390196827968992,1,320.0,179.0,173.64411141441485,-0.5390196827968992
14.224154233932495,2.2770001888275146,-146.37540612327692,-121.52360905945285,0.4596947168672181,-0.5395104073952771,1,320.0,179.0,173.62459387672308,-0.5395104073952771
14.233917951583862,2.2770001888275146,-146.3949236609687,-121.51786555701808,0.46007577050745196,-0.5400011943034033,1,320.0,181.0,173.6050763390313,-0.5400011943034033
14.243531465530396,2.2790000438690186,-145.65685331353768,-120.5066871315519,0.45716025405558225,-0.5380235846505307,1,320.0,181.0,174.34314668646232,-0.5380235846505307
14.253018856048584,2.2790000438690186,-145.6711786410948,-120.4939855541617,0.45753029169473824,-0.5385065586532802,1,320.0,181.0,174.3288213589052,-0.5385065586532802
14.263885259628296,2.2810001373291016,-145.68550396865191,-120.49107439643869,0.4579126710125926,-0.5389903069228256,1,320.0,181.0,174.31449603134809,-0.5389903069228256
14.273541927337646,2.2810001373291016,-145.69982929620903,-120.47837281904849,0.45828326115004026,-0.5394741010692372,1,320.0,183.0,174.30017070379097,-0.5394741010692372
14.283206701278687,2.2829999923706055,-144.82476244074607,-119.46838110873384,0.455384428821178,-0.5370603800193405,1,320.0,183.0,175.17523755925393,-0.5370603800193405
14.293617010116577,2.2829999923706055,-144.83299388081616,-119.44877940765491,0.45574403873755504,-0.5375348095725349,1,320.0,183.0,175.16700611918384,-0.5375348095725349
14.304553985595703,2.2850000858306885,-144.84122532088625,-119.43893128602852,0.4561159185839886,-0.5380099897680418,1,320.0,183.0,175.15877467911375,-0.5380099897680418
14.313254833221436,2.2850000858306885,-144.84945676095634,-119.4193295849496,0.4564760311646101,-0.5384851964070518,1,320.0,185.0,175.15054323904366,-0.5384851964070518
14.324201107025146,2.2870001792907715,-143.85259490889362,-118.20815524669977,0.4529341122357638,-0.5356862100387667,1,320.0,185.0,176.14740509110638,-0.5356862100387667
14.333647727966309,2.2870001792907715,-143.8539410225157,-118.18032406390275,0.45328096006205454,-0.5361506754948324,1,320.0,185.0,176.1460589774843,-0.5361506754948324
14.34386396408081,2.2890000343322754,-143.85528713613778,-118.16220866850598,0.4536399993151547,-0.5366158645063224,1,320.0,185.0,176.14471286386222,-0.5366158645063224
14.353825807571411,2.2890000343322754,-143.85663324975985,-118.13437748570895,0.45398728993738546,-0.5370810578556635,1,320.0,187.0,176.14336675024015,-0.5370810578556635
14.363088369369507,2.2900002002716064,-142.7518347338395,-116.841090852162,0.4502018373893768,-0.5339426874203985,1,320.0,187.0,177.2481652661605,-0.5339426874203985
14.373499870300293,2.2900002002716064,-142.7456042242794,-116.80455859881747,0.45053469344532615,-0.5343955654540194,1,320.0,187.0,177.2543957757206,-0.5343955654540194
14.38376498222351,2.2920000553131104,-142.73937371471928,-116.777714796361,0.450879672917319,-0.5348491370393842,1,320.0,187.0,177.26062628528072,-0.5348491370393842
14.39390754699707,2.2920000553131104,-142.73314320515917,-116.74118254301646,0.4512129082490628,-0.5353026885002024,1,320.0,190.0,177.26685679484083,-0.5353026885002024
14.403379440307617,2.2940001487731934,-141.43131181344904,-115.38544968882772,0.4472288345447729,-0.5315359180049393,1,320.0,190.0,178.56868818655096,-0.5315359180049393
14.413845539093018,2.2940001487731934,-141.4162076266505,-115.3398158813101,0.44754719832302653,-0.5319752744650507,1,320.0,190.0,178.5837923733495,-0.5319752744650507
14.423754215240479,2.2960000038146973,-141.40110343985197,-115.30383425581935,0.44787760479652605,-0.532415289017386,1,320.0,190.0,178.59889656014803,-0.532415289017386
14.433574199676514,2.2960000038146973,-141.38599925305343,-115.25820044830174,0.4481962807980567,-0.532855254632156,1,320.0,192.0,178.61400074694657,-0.532855254632156
14.443268060684204,2.2970001697540283,-140.01042654379782,-113.73782151526814,0.4437006124374852,-0.5288632470042522,1,320.0,192.0,179.98957345620218,-0.5288632470042522
14.453760862350464,2.2970001697540283,-139.986004676185,-113.68205434583231,0.44400230594362355,-0.5292878454426874,1,320.0,192.0,180.013995323815,-0.5292878454426874
14.463075637817383,2.2990000247955322,-139.96158280857216,-113.6359122897258,0.44431596810850077,-0.5297130644503988,1,320.0,192.0,180.03841719142784,-0.5297130644503988
14.473886489868164,2.2990000247955322,-139.93716094095933,-113.58014512028997,0.4446178990334966,-0.5301382041480938,1,320.0,194.0,180.06283905904067,-0.5301382041480938
14.483255863189697,2.3010001182556152,-138.49764264674275,-111.92311549129762,0.43968368696122195,-0.5259536907783109,1,320.0,194.0,181.50235735325725,-0.5259536907783109
14.493683576583862,2.3010001182556152,-138.46352892899534,-111.85631563358278,0.4399673398316315,-0.5263631069857908,1,320.0,194.0,181.53647107100466,-0.5263631069857908
14.50346326828003,2.302000045776367,-138.42941521124794,-111.7943126136876,0.44025682670810873,-0.5267727582868486,1,320.0,194.0,181.57058478875206,-0.5267727582868486
14.514058113098145,2.302000045776367,-138.39530149350054,-111.72751275597275,0.4405403399456577,-0.5271822985477511,1,320.0,197.0,181.60469850649946,-0.5271822985477511
14.523409366607666,2.3010001182556152,-136.79934958759026,-110.03290553389729,0.4355298481663188,-0.5225029435314029,1,320.0,197.0,183.20065041240974,-0.5225029435314029
14.534160614013672,2.3010001182556152,-136.75453869432874,-109.95498952561368,0.43579397759231747,-0.5228939646370224,1,320.0,197.0,183.24546130567126,-0.5228939646370224
14.544708728790283,2.2990000247955322,-136.70972780106723,-109.86746524088899,0.4360457430508282,-0.5232841564146171,1,320.0,197.0,183.29027219893277,-0.5232841564146171
14.553250074386597,2.2990000247955322,-136.66491690780572,-109.78954923260538,0.43630878540882645,-0.5236742026688331,1,320.0,199.0,183.33508309219428,-0.5236742026688331
14.563161849975586,2.2960000038146973,-135.03205073221932,-107.9662104625325,0.4309137317123858,-0.5188890891107443,1,320.0,199.0,184.96794926778068,-0.5188890891107443
14.573538541793823,2.2960000038146973,-134.976362578981,-107.87643826193128,0.4311555247326618,-0.5192595867429014,1,320.0,199.0,185.023637421019,-0.5192595867429014
14.583391427993774,2.2900002002716064,-134.92067442574267,-107.75765398459028,0.43136050208790483,-0.5196278802015905,1,320.0,199.0,185.07932557425733,-0.5196278802015905
14.594019889831543,2.2900002002716064,-134.86498627250435,-107.66788178398906,0.43160000441984375,-0.5199959940659573,1,320.0,201.0,185.13501372749565,-0.5199959940659573
14.603523969650269,2.2840001583099365,-133.20193852234226,-105.92824658500747,0.42652203716013004,-0.5151248651515277,1,320.0,201.0,186.79806147765774,-0.5151248651515277
14.613899946212769,2.2840001583099365,-133.13524020280522,-105.8273729352916,0.4267406946894771,-0.5154721913418259,1,320.0,201.0,186.86475979719478,-0.5154721913418259
14.623660802841187,2.2740001678466797,-133.06854188326818,-105.67750305109047,0.4268974337199975,-0.5158159767201174,1,320.0,201.0,186.93145811673182,-0.5158159767201174
14.633520603179932,2.2740001678466797,-133.00184356373114,-105.5766294013746,0.4271126469492836,-0.5161595496642333,1,320.0,202.0,186.99815643626886,-0.5161595496642333
14.643471240997314,2.2660000324249268,-131.41602024827182,-103.71643649451477,0.4216743417846771,-0.5115505370763931,1,320.0,202.0,188.58397975172818,-0.5115505370763931
14.653957843780518,2.2660000324249268,-131.3389154076547,-103.60378172411127,0.4218670620377481,-0.5118736989455643,1,320.0,202.0,188.6610845923453,-0.5118736989455643
14.663776397705078,2.253000020980835,-131.26181056703757,-103.42624277538359,0.4219779980101937,-0.51219235076531,1,320.0,202.0,188.73818943296243,-0.51219235076531
14.673544883728027,2.253000020980835,-131.18470572642045,-103.31358800498009,0.42216644210555415,-0.5125107610541384,1,320.0,203.0,188.81529427357955,-0.5125107610541384
14.683481216430664,2.243000030517578,-129.67185077659224,-101.54871224866517,0.41707211824058604,-0.5081474468237721,1,320.0,203.0,190.32814922340776,-0.5081474468237721
14.694005012512207,2.243000030517578,-129.58490979071928,-101.42508402630017,0.4172389428300979,-0.5084458027577857,1,320.0,203.0,190.41509020928072,-0.5084458027577857
14.703952312469482,2.2269999980926514,-129.49796880484632,-101.2197009040473,0.41730297451543497,-0.5087387085934296,1,320.0,203.0,190.50203119515368,-0.5087387085934296
14.713783264160156,2.2269999980926514,-129.41102781897337,-101.0960726816823,0.417464732851066,-0.5090313477375996,1,320.0,205.0,190.58897218102663,-0.5090313477375996
14.723904371261597,2.2160000801086426,-127.86596969539839,-99.32296582231356,0.4123656013421766,-0.5045689312119248,1,320.0,205.0,192.1340303046016,-0.5045689312119248
14.733541011810303,2.2160000801086426,-127.7690385116892,-99.18842644956977,0.4125056869311554,-0.5048410316941377,1,320.0,205.0,192.2309614883108,-0.5048410316941377
14.743905782699585,2.198000192642212,-127.67210732798002,-98.95937982754855,0.4125272143749728,-0.5051070922966217,1,320.0,205.0,192.32789267201997,-0.5051070922966217
14.754135608673096,2.198000192642212,-127.57517614427083,-98.82484045480476,0.412661747572437,-0.5053728625901637,1,320.0,206.0,192.4248238557292,-0.5053728625901637
14.763896226882935,2.186000108718872,-126.1051298340893,-97.0464421630723,0.40756772417126463,-0.501160129816061,1,320.0,206.0,193.8948701659107,-0.501160129816061
14.773398160934448,2.186000108718872,-125.99879005389305,-96.9010771630669,0.4076805978913841,-0.5014061085265813,1,320.0,206.0,194.00120994610694,-0.5014061085265813
14.78481125831604,2.1660001277923584,-125.8924502736968,-96.64744871826709,0.407657971101515,-0.5016454773231138,1,320.0,206.0,194.1075497263032,-0.5016454773231138
14.793771505355835,2.1660001277923584,-125.78611049350054,-96.50208371826169,0.40776483670637786,-0.5018845361391532,1,320.0,207.0,194.21388950649947,-0.5018845361391532
14.803741693496704,2.1530001163482666,-124.38680973870365,-94.82202512651327,0.40301417175467896,-0.4979058855769662,1,320.0,207.0,195.61319026129635,-0.4979058855769662
14.813321352005005,2.1530001163482666,-124.27160984293512,-94.66663372931917,0.40310057867730653,-0.49812585865356324,1,320.0,207.0,195.7283901570649,-0.49812585865356324
14.82421875,2.133000135421753,-124.1564099471666,-94.39934549184188,0.40304721897039875,-0.49833929185185,1,320.0,207.0,195.8435900528334,-0.49833929185185
14.833935976028442,2.133000135421753,-124.04121005139807,-94.24395409464779,0.40312769532564563,-0.4985523987463931,1,320.0,208.0,195.95878994860192,-0.4985523987463931
14.84315538406372,2.119000196456909,-122.7086448626554,-92.55359450472943,0.398366210653385,-0.4947937671928714,1,320.0,208.0,197.2913551373446,-0.4947937671928714
14.853779315948486,2.119000196456909,-122.58510219748254,-92.38822986790052,0.39842622920762155,-0.4949884478782682,1,320.0,208.0,197.41489780251746,-0.4949884478782682
14.86441421508789,2.0990002155303955,-122.46155953230968,-92.10703019842322,0.3983418537193486,-0.49517665988086124,1,320.0,208.0,197.53844046769032,-0.49517665988086124
14.8741295337677,2.0990002155303955,-122.33801686713682,-91.9416655615943,0.39839602593082496,-0.4953645324499152,1,320.0,209.0,197.66198313286318,-0.4953645324499152
14.883999824523926,2.0850000381469727,-121.0684142585804,-90.24956386341856,0.39364084298007956,-0.4918129906732084,1,320.0,209.0,198.9315857414196,-0.4918129906732084
14.893990755081177,2.0850000381469727,-120.93701687096866,-90.07430101704458,0.3936748541145296,-0.4919833554778703,1,320.0,209.0,199.06298312903135,-0.4919833554778703
14.903332948684692,2.063000202178955,-120.80561948335692,-89.76691695938169,0.3935445488725262,-0.4921467196075741,1,320.0,209.0,199.1943805166431,-0.4921467196075741
14.913387060165405,2.063000202178955,-120.67422209574518,-89.5916541130077,0.3935723233229666,-0.4923097345486539,1,320.0,209.0,199.32577790425483,-0.4923097345486539
14.923327207565308,2.0490000247955322,-119.56509448173057,-88.00146143123908,0.3891615986903307,-0.4892818759683739,1,320.0,209.0,200.43490551826943,-0.4892818759683739
14.934133291244507,2.0490000247955322,-119.42699554441499,-87.81708766068988,0.38917065048350546,-0.48942935454681363,1,320.0,209.0,200.57300445558502,-0.48942935454681363
14.944001197814941,2.0270001888275146,-119.28889660709942,-87.49547860214649,0.3890093642958683,-0.4895699101203862,1,320.0,209.0,200.71110339290058,-0.4895699101203862
14.953323602676392,2.0270001888275146,-119.15079766978384,-87.31110483159728,0.38901228707408125,-0.48971011112487206,1,320.0,210.0,200.84920233021614,-0.48971011112487206
14.963519096374512,2.013000011444092,-118.08798780308919,-85.71444756587101,0.3845922265327568,-0.48683221792694664,1,320.0,210.0,201.9120121969108,-0.48683221792694664
14.973023891448975,2.013000011444092,-117.94355026847234,-85.52100331644391,0.38457667537678997,-0.4869575849298357,1,320.0,210.0,202.05644973152766,-0.4869575849298357
14.983947992324829,1.9920001029968262,-117.79911273385548,-85.19146500822256,0.38439250426208094,-0.48707640171820776,1,320.0,210.0,202.20088726614452,-0.48707640171820776
14.993471145629883,1.9920001029968262,-117.65467519923862,-84.99802075879546,0.38437116627613654,-0.4871948603014568,1,320.0,211.0,202.34532480076138,-0.4871948603014568
15.003769636154175,1.977000117301941,-116.63575453908342,-83.49225727635968,0.3802732188318749,-0.48445862735257117,1,320.0,211.0,203.36424546091658,-0.48445862735257117
15.01310920715332,1.977000117301941,-116.48532230106201,-83.2904964898385,0.3802345429501513,-0.48456262410082573,1,320.0,211.0,203.514677698938,-0.48456262410082573
15.023926973342896,1.9550000429153442,-116.3348900630406,-82.94033792078764,0.38001237273297467,-0.48465985497770686,1,320.0,211.0,203.6651099369594,-0.48465985497770686
15.03342056274414,1.9550000429153442,-116.1844578250192,-82.73857713426648,0.37996779815093423,-0.4847567266976036,1,320.0,212.0,203.8155421749808,-0.4847567266976036
15.043936252593994,1.9410001039505005,-115.20712692630404,-81.22860063594365,0.37585449425735845,-0.48215429656701925,1,320.0,212.0,204.79287307369594,-0.48215429656701925
15.053500652313232,1.9410001039505005,-115.05102582878877,-81.01853177475684,0.3757930077409891,-0.48223763281816223,1,320.0,212.0,204.94897417121123,-0.48223763281816223
15.064646005630493,1.9190001487731934,-114.89492473127349,-80.65396783277572,0.3755408335317054,-0.4823142826334472,1,320.0,212.0,205.10507526872652,-0.4823142826334472
15.073278427124023,1.9190001487731934,-114.73882363375822,-80.44389897158891,0.3754735707860883,-0.48239057380640255,1,320.0,212.0,205.26117636624178,-0.48239057380640255
15.083689212799072,1.90500009059906,-113.90192966315529,-79.0271557337006,0.37167678928891756,-0.48024375669586955,1,320.0,212.0,206.09807033684473,-0.48024375669586955
15.0933358669281,1.90500009059906,-113.74116107401511,-78.80950191061561,0.37159391121713853,-0.4803081737915934,1,320.0,212.0,206.2588389259849,-0.4803081737915934
15.103068828582764,1.883000135421753,-113.58039248487493,-78.43087113132168,0.37131269045656135,-0.4803659802394887,1,320.0,212.0,206.41960751512505,-0.4803659802394887
15.113856792449951,1.883000135421753,-113.41962389573476,-78.2132173082367,0.37122416157254673,-0.480423431790669,1,320.0,213.0,206.58037610426524,-0.480423431790669
15.123088121414185,1.8690000772476196,-112.61034815516942,-76.88262450182192,0.36772042309128156,-0.4783630332355495,1,320.0,213.0,207.38965184483058,-0.4783630332355495
15.133544921875,1.8690000772476196,-112.44513318713074,-76.65805716330311,0.3676174819290504,-0.4784090623474675,1,320.0,213.0,207.55486681286925,-0.4784090623474675
15.14394998550415,1.8470001220703125,-112.27991821909205,-76.26561433975598,0.3673080430024327,-0.47844855714691503,1,320.0,213.0,207.72008178090795,-0.47844855714691503
15.153725147247314,1.8470001220703125,-112.11470325105337,-76.04104700123717,0.3671995791364411,-0.4784877021036174,1,320.0,214.0,207.88529674894664,-0.4784877021036174
15.163547277450562,1.8330000638961792,-111.33181380871673,-74.78994083818377,0.363966891064891,-0.4765095273105608,1,320.0,214.0,208.66818619128327,-0.4765095273105608
15.172940254211426,1.8330000638961792,-111.16236365407039,-74.55908313053287,0.36384513111823935,-0.4765376827650519,1,320.0,214.0,208.8376363459296,-0.4765376827650519
15.183776617050171,1.812000036239624,-110.99291349942405,-74.16106381592385,0.3635180549069738,-0.476559658203936,1,320.0,214.0,209.00708650057595,-0.476559658203936
15.193814039230347,1.812000036239624,-110.82346334477771,-73.93020610827296,0.3633911039828905,-0.4765812896589908,1,320.0,215.0,209.1765366552223,-0.4765812896589908
15.204039096832275,1.7970000505447388,-110.06578109301032,-72.64323568935833,0.36006998138164964,-0.47468133022654496,1,320.0,215.0,209.93421890698968,-0.47468133022654496
15.213443040847778,1.7970000505447388,-109.89229744898711,-72.40597298252467,0.3599295350437663,-0.47469211027027036,1,320.0,215.0,210.1077025510129,-0.47469211027027036
15.22356367111206,1.7760001420974731,-109.7188138049639,-71.99406775354275,0.35957491728600527,-0.47469678443520114,1,320.0,215.0,210.2811861950361,-0.47469678443520114
15.233231544494629,1.7760001420974731,-109.5453301609407,-71.75680504670908,0.3594294102650866,-0.47470112204180076,1,320.0,215.0,210.4546698390593,-0.47470112204180076
15.243908882141113,1.7620000839233398,-108.91273387014427,-70.65607648057498,0.3567115848828937,-0.4732050108642635,1,320.0,215.0,211.08726612985572,-0.4732050108642635
15.25337553024292,1.7620000839233398,-108.73610197808955,-70.41370860393013,0.3565548815605838,-0.47320019489087983,1,320.0,215.0,211.26389802191045,-0.47320019489087983
15.263048648834229,1.7410000562667847,-108.55947008603484,-69.98893094389496,0.3561748028729602,-0.47318934305401933,1,320.0,215.0,211.44052991396518,-0.47318934305401933
15.27359652519226,1.7410000562667847,-108.38283819398012,-69.74656306725011,0.3560131669388795,-0.4731781640065539,1,320.0,216.0,211.61716180601988,-0.4731781640065539
15.2831871509552,1.727000117301941,-107.76351755456231,-68.60599218238917,0.35317710790979284,-0.47172011882374854,1,320.0,216.0,212.23648244543767,-0.47172011882374854
15.29364824295044,1.727000117301941,-107.58384992704005,-68.35831742115042,0.3530041394582657,-0.4717000513495137,1,320.0,216.0,212.41615007295997,-0.4717000513495137
15.303831338882446,1.7060000896453857,-107.40418229951779,-67.91993681504424,0.3525979614346386,-0.47167401860231634,1,320.0,216.0,212.5958177004822,-0.47167401860231634
15.313467264175415,1.7060000896453857,-107.22451467199552,-67.6722620538055,0.35242019327884333,-0.47164766874171615,1,320.0,217.0,212.7754853280045,-0.47164766874171615
15.323649883270264,1.6920000314712524,-106.61815810780605,-66.69837119210136,0.35011033424346744,-0.4697389008059468,1,320.0,217.0,213.38184189219396,-0.4697389008059468
15.333208560943604,1.6920000314712524,-106.43556436823805,-66.44660803871518,0.34992518519384275,-0.4697053825973665,1,320.0,217.0,213.56443563176197,-0.4697053825973665
15.343816041946411,1.6710001230239868,-106.25297062867004,-65.99526498184755,0.349433747603461,-0.46839328054300466,1,320.0,217.0,213.74702937132997,-0.46839328054300466
15.353728532791138,1.6710001230239868,-106.07037688910204,-65.74350182846138,0.3492492176644102,-0.46835739634136164,1,320.0,217.0,213.92962311089798,-0.46835739634136164
15.363531827926636,1.6570000648498535,-105.57767038388101,-64.7189209331783,0.346867942919294,-0.4664996796021891,1,320.0,217.0,214.422329616119,-0.4664996796021891
15.373083114624023,1.6570000648498535,-105.39294991696998,-64.46279167020396,0.34667748149119204,-0.4664590659473193,1,320.0,217.0,214.60705008303,-0.4664590659473193
15.383952379226685,1.6370000839233398,-105.20822945005895,-64.0076638520865,0.3462533238315888,-0.4652323273540228,1,320.0,217.0,214.79177054994105,-0.4652323273540228
15.393988847732544,1.6370000839233398,-105.02350898314792,-63.75153458911215,0.34606362917030054,-0.4651895501277331,1,320.0,218.0,214.9764910168521,-0.4651895501277331
15.40375280380249,1.6230000257492065,-104.5334130438191,-62.782560598932655,0.3439791102284216,-0.4633901994017596,1,320.0,218.0,215.4665869561809,-0.4633901994017596
15.413155555725098,1.6230000257492065,-104.34659828361221,-62.52252011282224,0.34378446358492426,-0.4633429262547808,1,320.0,218.0,215.6534017163878,-0.4633429262547808
15.42396092414856,1.602000117301941,-104.15978352340532,-62.043486515959344,0.3434021833723545,-0.46208332107636324,1,320.0,218.0,215.84021647659466,-0.46208332107636324
15.433467149734497,1.602000117301941,-103.97296876319844,-61.78344602984893,0.34320860283055077,-0.4620339305371808,1,320.0,218.0,216.02703123680158,-0.4620339305371808
15.44397521018982,1.5890001058578491,-103.58688521556488,-60.87557151254401,0.34140272813367034,-0.4606522981863409,1,320.0,218.0,216.41311478443512,-0.4606522981863409
15.453421592712402,1.5890001058578491,-103.39870382050177,-60.61203989940071,0.3412066602389095,-0.4606024666829275,1,320.0,218.0,216.60129617949823,-0.4606024666829275
15.463096380233765,1.5690001249313354,-103.21052242543865,-60.129979340936096,0.3408869495778925,-0.45942905050549393,1,320.0,218.0,216.78947757456135,-0.45942905050549393
15.473584413528442,1.5690001249313354,-103.02234103037554,-59.866447727792796,0.34069503392211065,-0.45938241808220726,1,320.0,219.0,216.97765896962446,-0.45938241808220726
15.483515739440918,1.5550000667572021,-102.62990559935983,-59.09470483630733,0.3394178683060263,-0.45796918742648585,1,320.0,219.0,217.37009440064017,-0.45796918742648585
15.493391513824463,1.5550000667572021,-102.44032335145613,-58.828762419149314,0.3392255421817998,-0.45792283862731864,1,320.0,219.0,217.55967664854387,-0.45792283862731864
15.50375485420227,1.5350000858306885,-102.25074110355243,-58.33342956504819,0.3389535094710024,-0.45677910291850654,1,320.0,219.0,217.74925889644757,-0.45677910291850654
15.514058589935303,1.5350000858306885,-102.06115885564873,-58.067487147890176,0.33876536027713966,-0.45673597701393776,1,320.0,219.0,217.93884114435127,-0.45673597701393776
15.523679494857788,1.5220000743865967,-101.76440132361024,-57.23801866714129,0.3373930551417947,-0.45568687562043675,1,320.0,219.0,218.23559867638977,-0.45568687562043675
15.533241987228394,1.5220000743865967,-101.57408401356578,-56.96925871228815,0.3372038363360111,-0.45564473244143466,1,320.0,219.0,218.42591598643423,-0.45564473244143466
15.543684482574463,1.502000093460083,-101.38376670352132,-56.45977298721578,0.33698243565642777,-0.45452621602885757,1,320.0,219.0,218.6162332964787,-0.45452621602885757
15.553531885147095,1.502000093460083,-101.19344939347685,-56.19101303236264,0.3367974246760951,-0.4544873082404961,1,320.0,220.0,218.80655060652316,-0.4544873082404961
15.5636305809021,1.4880000352859497,-100.88259605702662,-55.48840514855799,0.3358982711153361,-0.4533767110025115,1,320.0,220.0,219.1174039429734,-0.4533767110025115
15.573413372039795,1.4880000352859497,-100.69145203770245,-55.217854927153894,0.3357137942694329,-0.453338897882731,1,320.0,220.0,219.30854796229755,-0.453338897882731
15.583706855773926,1.4690001010894775,-100.50030801837828,-54.70684793466127,0.3355366622047455,-0.45229922975514936,1,320.0,220.0,219.4996919816217,-0.45229922975514936
15.593979120254517,1.4690001010894775,-100.3091639990541,-54.436297713257176,0.33535615345942504,-0.4522644749271002,1,320.0,221.0,219.6908360009459,-0.4522644749271002
15.603955745697021,1.4550000429153442,-99.98579727618073,-53.75751242873469,0.33460240571689215,-0.45115379461094707,1,320.0,221.0,220.01420272381927,-0.45115379461094707
15.61419153213501,1.4550000429153442,-99.79374638152976,-53.48540843814293,0.3344227745068568,-0.4511200766178858,1,320.0,221.0,220.20625361847024,-0.4511200766178858
15.623255968093872,1.436000108718872,-99.60169548687878,-52.96034303165476,0.3342870239820109,-0.4501058834785603,1,320.0,221.0,220.39830451312122,-0.4501058834785603
15.63453483581543,1.436000108718872,-99.4096445922278,-52.688239041063,0.33411136697579574,-0.45007523828717577,1,320.0,221.0,220.5903554077722,-0.45007523828717577
15.643646001815796,1.4230000972747803,-99.17622053669577,-51.9427856495812,0.3332323334796882,-0.44927491191519214,1,320.0,221.0,220.82377946330422,-0.44927491191519214
15.653235673904419,1.4230000972747803,-98.98388587298888,-51.668652254396605,0.33305681130764814,-0.4492458628306908,1,320.0,221.0,221.01611412701112,-0.4492458628306908
15.663603067398071,1.4030001163482666,-98.79155120928199,-51.11424815224119,0.3329701493202927,-0.44820236850571893,1,320.0,221.0,221.20844879071802,-0.44820236850571893
15.673194169998169,1.4030001163482666,-98.5992165455751,-50.8401147570566,0.3327988670046816,-0.44817658910683217,1,320.0,222.0,221.4007834544249,-0.44817658910683217
15.68392539024353,1.3900001049041748,-98.34636242018985,-50.22345899095146,0.3323181470425164,-0.4473500075103346,1,320.0,222.0,221.65363757981015,-0.4473500075103346
15.693933010101318,1.3900001049041748,-98.15361266347185,-49.94825933207629,0.33214814170624607,-0.44732569062563055,1,320.0,222.0,221.84638733652815,-0.44732569062563055
15.703092098236084,1.3700001239776611,-97.96086290675385,-49.37742069062105,0.3321026108966122,-0.44630561709109906,1,320.0,222.0,222.03913709324615,-0.44630561709109906
15.713870286941528,1.3700001239776611,-97.76811315003584,-49.102221031745884,0.3319368404908199,-0.44628457694858276,1,320.0,222.0,222.23188684996416,-0.44628457694858276
15.723308801651001,1.3570001125335693,-97.5987834194325,-48.49987313196911,0.33155887438098997,-0.4456757263229276,1,320.0,222.0,222.4012165805675,-0.4456757263229276
15.734019756317139,1.3570001125335693,-97.40619429805592,-48.22378397988524,0.3313946016225547,-0.44565678671568226,1,320.0,222.0,222.59380570194406,-0.44565678671568226
15.743542909622192,1.3380000591278076,-97.21360517667935,-47.65125401251448,0.3313814710446048,-0.44470529543251214,1,320.0,222.0,222.78639482332065,-0.44470529543251214
15.753143787384033,1.3380000591278076,-97.02101605530278,-47.37516486043061,0.33122117106612464,-0.4446894372614942,1,320.0,222.0,222.97898394469723,-0.4446894372614942
15.763474225997925,1.3250000476837158,-96.92730204097252,-46.784539938379694,0.3309353479280128,-0.4442620291670859,1,320.0,222.0,223.0726979590275,-0.4442620291670859
15.773929595947266,1.3250000476837158,-96.73539109721679,-46.507722799874955,0.3307767353597465,-0.4442488057159822,1,320.0,222.0,223.2646089027832,-0.4442488057159822
15.783445358276367,1.3250000476837158,-96.54348015346106,-46.230905661370215,0.33061770756577247,-0.4442352943984629,1,320.0,222.0,223.45651984653892,-0.4442352943984629
15.794073343276978,1.3060001134872437,-96.35156920970533,-45.64100214380515,0.3306471994554864,-0.4433023955655522,1,320.0,223.0,223.64843079029467,-0.4433023955655522
15.803669214248657,1.3060001134872437,-96.225148307965,-45.380525638981354,0.33052791024813327,-0.44343535063895306,1,320.0,223.0,223.77485169203499,-0.44343535063895306
15.813068389892578,1.2930001020431519,-96.03368655825068,-44.88355237881871,0.3305104806102623,-0.4427988951868646,1,320.0,223.0,223.96631344174932,-0.4427988951868646
15.823474884033203,1.2930001020431519,-95.84222480853636,-44.60684732018225,0.3303579637415079,-0.44279082933701663,1,320.0,223.0,224.15777519146366,-0.44279082933701663
15.834007501602173,1.2750000953674316,-95.65076305882204,-44.01667622445241,0.33040885577649026,-0.4419223401141983,1,320.0,223.0,224.34923694117796,-0.4419223401141983
15.84369969367981,1.2750000953674316,-95.5955712813022,-43.76546137201228,0.33031368714427484,-0.44220405314912087,1,320.0,223.0,224.4044287186978,-0.44220405314912087
15.853074073791504,1.2620000839233398,-95.40504420662559,-43.25617032798983,0.33032026409363857,-0.4415784490856774,1,320.0,223.0,224.59495579337442,-0.4415784490856774
15.863591194152832,1.2620000839233398,-95.21451713194898,-42.97964010654643,0.33017401750185116,-0.4415760892144821,1,320.0,223.0,224.78548286805102,-0.4415760892144821
15.873109340667725,1.2430000305175781,-95.02399005727237,-42.352868544909896,0.3302687623017932,-0.44067298881528283,1,320.0,224.0,224.97600994272761,-0.44067298881528283
15.883677959442139,1.2310000658035278,-94.93203792225631,-41.882383223513614,0.3303511979230513,-0.44030302710921915,1,320.0,224.0,225.0679620777437,-0.44030302710921915
15.893129348754883,1.2310000658035278,-94.74218697467714,-41.60608381764713,0.3302116321649079,-0.4403063593345079,1,320.0,224.0,225.25781302532286,-0.4403063593345079
15.903736591339111,1.2130000591278076,-94.55233602709797,-40.97864671680482,0.33032017544603887,-0.43946179368463684,1,320.0,224.0,225.44766397290203,-0.43946179368463684
15.913580894470215,1.2130000591278076,-94.36248507951879,-40.70234731093833,0.3301842274742855,-0.4394679736754067,1,320.0,224.0,225.6375149204812,-0.4394679736754067
15.923534631729126,1.2130000591278076,-94.17263413193962,-40.42604790507184,0.3300478650534233,-0.43947386888975515,1,320.0,224.0,225.82736586806038,-0.43947386888975515
15.933115005493164,1.2000000476837158,-94.17164035687517,-40.06234750964151,0.3304342813355522,-0.4392337963255008,1,320.0,224.0,225.82835964312483,-0.4392337963255008
15.94375491142273,1.2000000476837158,-93.98308423673029,-39.78723940815587,0.3303013865105063,-0.43924278165876346,1,320.0,224.0,226.0169157632697,-0.43924278165876346
15.953320503234863,1.1820000410079956,-93.79452811658541,-39.13955856767829,0.3304401938294583,-0.43841168488094023,1,320.0,225.0,226.2054718834146,-0.43841168488094023
15.963923215866089,1.1700000762939453,-93.72730679404489,-38.642312405840045,0.330559255073075,-0.43808669353325963,1,320.0,225.0,226.2726932059551,-0.43808669353325963
15.973350286483765,1.1700000762939453,-93.5395824368742,-38.36743477707752,0.3304326381929982,-0.4381012275732884,1,320.0,225.0,226.46041756312582,-0.4381012275732884
15.9836745262146,1.152000069618225,-93.3518580797035,-37.87473372074252,0.33071454487661317,-0.4372799058787228,1,320.0,225.0,226.6481419202965,-0.4372799058787228
15.993699312210083,1.152000069618225,-93.16413372253281,-37.59985609197999,0.33059172442766144,-0.4372972557853622,1,320.0,225.0,226.83586627746718,-0.4372972557853622
16.00339937210083,1.152000069618225,-93.1612824930707,-37.365273258495925,0.33053985562890076,-0.43764174305935744,1,320.0,225.0,226.8387175069293,-0.43764174305935744
16.01400113105774,1.1400001049041748,-92.97482564712702,-37.09067189544079,0.3307951664417219,-0.4371033096872358,1,320.0,225.0,227.02517435287297,-0.4371033096872358
16.023436307907104,1.1400001049041748,-92.78836880118334,-36.81607053238566,0.33067464564635835,-0.4371231598394736,1,320.0,225.0,227.21163119881666,-0.4371231598394736
16.033950805664062,1.1220000982284546,-92.60191195523966,-36.541469169330526,0.33113167285200024,-0.4363149513909936,1,320.0,226.0,227.39808804476036,-0.4363149513909936
16.04374361038208,1.1220000982284546,-92.55630126567269,-36.413803088517895,0.33126355558011317,-0.4365755937727337,1,320.0,226.0,227.4436987343273,-0.4365755937727337
16.053157329559326,1.1110000610351562,-92.3708101931021,-36.14020925159488,0.3315024324501112,-0.43609279434929005,1,320.0,226.0,227.6291898068979,-0.43609279434929005
16.063626766204834,1.1110000610351562,-92.18531912053152,-35.86661541467187,0.3313890665221744,-0.4361177372713087,1,320.0,226.0,227.81468087946848,-0.4361177372713087
16.073240041732788,1.093000054359436,-91.99982804796093,-35.59302157774886,0.3318657883002362,-0.43532111457382944,1,320.0,226.0,228.00017195203907,-0.43532111457382944
16.083946228027344,1.0820000171661377,-92.01590988023834,-35.46121991391501,0.33234461025330597,-0.4351677244990891,1,320.0,226.0,227.98409011976167,-0.4351677244990891
16.093409538269043,1.0820000171661377,-91.83180111546037,-35.18859843201134,0.33223872744380617,-0.435198320896501,1,320.0,226.0,228.16819888453963,-0.435198320896501
16.10406994819641,1.0640000104904175,-91.64769235068239,-34.91597695010767,0.332730745007445,-0.4344074718054048,1,320.0,226.0,228.3523076493176,-0.4344074718054048
16.11413335800171,1.0640000104904175,-91.46358358590442,-34.643355468204,0.3326289515219937,-0.43444082983551746,1,320.0,226.0,228.53641641409558,-0.43444082983551746
16.123756408691406,1.0640000104904175,-91.27947482112644,-34.37073398630033,0.33252674910431956,-0.43447391170248295,1,320.0,226.0,228.72052517887357,-0.43447391170248295
16.133272886276245,1.0530000925064087,-91.37601141208825,-34.26618517784966,0.33305125229730953,-0.434432571207047,1,320.0,226.0,228.62398858791175,-0.434432571207047
16.143967628479004,1.0530000925064087,-91.1938265685233,-33.99471589239312,0.33295212183117795,-0.4344686137115551,1,320.0,226.0,228.80617343147668,-0.4344686137115551
16.153669357299805,1.0360000133514404,-91.01164172495837,-33.72324660693658,0.33343303613466374,-0.4337314670158099,1,320.0,226.0,228.98835827504163,-0.4337314670158099
16.163139820098877,1.0360000133514404,-90.82945688139343,-33.45177732148004,0.33333770626001674,-0.4337700601225487,1,320.0,227.0,229.1705431186066,-0.4337700601225487
16.173463582992554,1.0250000953674316,-90.87048670106955,-33.44236257074948,0.3339971702517904,-0.4336305394631532,1,320.0,227.0,229.12951329893045,-0.4336305394631532
16.18322443962097,1.0250000953674316,-90.68983134250868,-33.17268890425137,0.3339053505845172,-0.43367173012969396,1,320.0,227.0,229.31016865749132,-0.43367173012969396
16.19427800178528,1.0080000162124634,-90.50917598394781,-32.903015237753266,0.33439989096238487,-0.4329417755060446,1,320.0,227.0,229.4908240160522,-0.4329417755060446
16.203949451446533,1.0080000162124634,-90.57815010893101,-32.743280988046784,0.33446353113794114,-0.4333299113782936,1,320.0,227.0,229.42184989106897,-0.4333299113782936
16.2134006023407,0.9970000386238098,-90.39920522110671,-32.474360630623174,0.3347579433700114,-0.432872314387663,1,320.0,227.0,229.6007947788933,-0.432872314387663
16.224388122558594,0.9970000386238098,-90.22026033328241,-32.205440273199564,0.33467259810239497,-0.43291870916200265,1,320.0,227.0,229.7797396667176,-0.43291870916200265
16.234051942825317,0.9810000658035278,-90.04131544545811,-31.936519915775953,0.3351515456060151,-0.4322399552545602,1,320.0,227.0,229.9586845545419,-0.4322399552545602
16.24364995956421,0.9810000658035278,-89.86237055763381,-31.667599558352343,0.335069696295736,-0.43228867630757795,1,320.0,228.0,230.13762944236618,-0.43228867630757795
16.253035306930542,0.9700000286102295,-89.90290127869073,-31.535479991752673,0.33520162447880725,-0.43257830899663635,1,320.0,228.0,230.09709872130927,-0.43257830899663635
16.263468742370605,0.9700000286102295,-89.72546016344222,-31.267496947038367,0.3351198938627649,-0.4326277254515622,1,320.0,228.0,230.27453983655778,-0.4326277254515622
16.274046421051025,0.9540000557899475,-89.54801904819371,-30.99951390232406,0.33503776127215557,-0.4326768757448152,1,320.0,229.0,230.4519809518063,-0.4326768757448152
16.283585786819458,0.9540000557899475,-89.51589134522025,-30.831658926511885,0.33508576615754937,-0.4329152085815074,1,320.0,229.0,230.48410865477973,-0.4329152085815074
16.293111562728882,0.9430000185966492,-89.33944589911425,-30.56436194667586,0.33500331015014806,-0.43296452393622514,1,320.0,229.0,230.66055410088575,-0.43296452393622514
16.303564310073853,0.9430000185966492,-89.16300045300825,-30.297064966839834,0.3349204531972771,-0.4330135746227738,1,320.0,229.0,230.83699954699176,-0.4330135746227738
16.313565492630005,0.9270000457763672,-88.98655500690225,-30.029767987003808,0.33483719529893624,-0.4330623606411533,1,320.0,229.0,231.01344499309775,-0.4330623606411533
16.32354998588562,0.9270000457763672,-88.81010956079625,-29.762471007167782,0.33475353645512573,-0.4331108819913636,1,320.0,230.0,231.18989043920374,-0.4331108819913636
16.333127975463867,0.9160000681877136,-88.75568892114006,-29.622084229188197,0.3348349319705792,-0.43331822479288845,1,320.0,230.0,231.24431107885994,-0.43331822479288845
16.343677043914795,0.9160000681877136,-88.58007956816054,-29.35565681637334,0.3347510802976526,-0.43336680242281056,1,320.0,230.0,231.41992043183944,-0.43336680242281056
16.35398507118225,0.9000000357627869,-88.40447021518102,-29.089229403558484,0.3346668289836068,-0.4334151166387031,1,320.0,230.0,231.59552978481898,-0.4334151166387031
16.36357808113098,0.9000000357627869,-88.2288608622015,-28.822801990743628,0.3345821780284418,-0.43346316744056623,1,320.0,231.0,231.7711391377985,-0.43346316744056623
16.373222827911377,0.89000004529953,-88.13215339543834,-28.67682384425136,0.3346541324070757,-0.43361380301539687,1,320.0,231.0,231.86784660456166,-0.43361380301539687
16.38373041152954,0.89000004529953,-87.95708451686535,-28.411221503546365,0.33456926011579263,-0.43366170558045714,1,320.0,231.0,232.04291548313466,-0.43366170558045714
16.394686460494995,0.8740000128746033,-87.78201563829236,-28.14561916284137,0.33448398942099855,-0.43370934554219953,1,320.0,231.0,232.21798436170764,-0.43370934554219953
16.403412580490112,0.8740000128746033,-87.60694675971938,-27.880016822136376,0.3343983203226933,-0.43375672290062406,1,320.0,232.0,232.3930532402806,-0.43375672290062406
16.413951873779297,0.8640000224113464,-87.47201608828905,-27.626667044578518,0.3343282220790008,-0.43385615139472467,1,320.0,232.0,232.52798391171095,-0.43385615139472467
16.423372745513916,0.8640000224113464,-87.29722210298485,-27.36114861761493,0.3342418149569847,-0.43390319611493317,1,320.0,232.0,232.70277789701515,-0.43390319611493317
16.434479475021362,0.8480000495910645,-87.12242811768064,-27.09563019065134,0.3341550095573282,-0.4339499786441637,1,320.0,232.0,232.87757188231936,-0.4339499786441637
16.4434757232666,0.8480000495910645,-86.94763413237644,-26.830111763687754,0.3340678058800312,-0.4339964989824162,1,320.0,233.0,233.05236586762356,-0.4339964989824162
16.453927993774414,0.8380000591278076,-86.77817873938196,-26.581913092378905,0.334002775771554,-0.43404971461155895,1,320.0,233.0,233.22182126061804,-0.43404971461155895
16.4633526802063,0.8380000591278076,-86.60342131199168,-26.316513268616255,0.33391485862605086,-0.4340957361783796,1,320.0,233.0,233.39657868800833,-0.4340957361783796
16.474670886993408,0.8230000138282776,-86.4286638846014,-26.051113444853605,0.3338265433808121,-0.4341414956090592,1,320.0,233.0,233.5713361153986,-0.4341414956090592
16.48347759246826,0.8230000138282776,-86.25390645721113,-25.785713621090956,0.3337378300358376,-0.43418699290359763,1,320.0,233.0,233.74609354278886,-0.43418699290359763
16.4938907623291,0.8130000233650208,-86.15510245668762,-25.440326987853076,0.3335444804927018,-0.43433120989209245,1,320.0,233.0,233.84489754331238,-0.43433120989209245
16.503359079360962,0.8130000233650208,-85.98086511475618,-25.174379460343232,0.33345458724868754,-0.4343765472656375,1,320.0,233.0,234.01913488524383,-0.4343765472656375
16.51400876045227,0.7980000376701355,-85.80662777282475,-24.908431932833388,0.33332693243548284,-0.43429291334151043,1,320.0,233.0,234.19337222717525,-0.43429291334151043
16.523720741271973,0.7980000376701355,-85.63239043089332,-24.642484405323543,0.3331992776222781,-0.43420927941738335,1,320.0,234.0,234.36760956910666,-0.43420927941738335
16.533308506011963,0.7880000472068787,-85.49553024648372,-24.311211481411597,0.3329865903284486,-0.4341742984306716,1,320.0,234.0,234.50446975351628,-0.4341742984306716
16.54417586326599,0.7880000472068787,-85.32154883706734,-24.04481665148215,0.33285872081008244,-0.43409078735415174,1,320.0,234.0,234.67845116293267,-0.43409078735415174
16.554638385772705,0.7730000615119934,-85.14756742765096,-23.778421821552705,0.3327308512917163,-0.43400727627763186,1,320.0,234.0,234.85243257234904,-0.43400727627763186
16.563323736190796,0.7730000615119934,-84.97358601823457,-23.51202699162326,0.3326029817733502,-0.43392376520111203,1,320.0,235.0,235.02641398176542,-0.43392376520111203
16.573734045028687,0.7640000581741333,-84.80228745780109,-23.092056676080574,0.3322752047948871,-0.4338437463585503,1,320.0,235.0,235.19771254219893,-0.4338437463585503
16.583259344100952,0.7640000581741333,-84.62832441893842,-22.824610252592777,0.332146830511613,-0.4337602440998962,1,320.0,235.0,235.3716755810616,-0.4337602440998962
16.59534978866577,0.7490000128746033,-84.45436138007575,-22.55716382910498,0.3320184562283388,-0.43367674184124216,1,320.0,235.0,235.54563861992426,-0.43367674184124216
16.603824377059937,0.7490000128746033,-84.28039834121309,-22.289717405617182,0.3318900819450647,-0.43359323958258805,1,320.0,237.0,235.71960165878693,-0.43359323958258805
16.61331081390381,0.7400000095367432,-83.97650296592936,-21.789914907711214,0.33145924436145874,-0.4333406013829342,1,320.0,237.0,236.02349703407066,-0.4333406013829342
16.62378454208374,0.7400000095367432,-83.80165019023737,-21.520877381018323,0.3313301063486461,-0.43325667205060203,1,320.0,237.0,236.19834980976265,-0.43325667205060203
16.635111331939697,0.7260000109672546,-83.62679741454538,-21.251839854325432,0.33120096833583357,-0.4331727427182699,1,320.0,237.0,236.37320258545464,-0.4331727427182699
16.64381432533264,0.7260000109672546,-83.45194463885339,-20.98280232763254,0.33107183032302095,-0.43308881338593774,1,320.0,238.0,236.54805536114662,-0.43308881338593774
16.653059005737305,0.7160000205039978,-83.12986411470247,-20.309907103088726,0.3304169608249891,-0.43281322678602174,1,320.0,238.0,236.87013588529754,-0.43281322678602174
16.663498640060425,0.7160000205039978,-82.95400310610779,-20.03810391147708,0.33028649529301557,-0.4327288135018963,1,320.0,238.0,237.0459968938922,-0.4327288135018963
16.675249576568604,0.7020000219345093,-82.77814209751311,-19.766300719865434,0.33015602976104197,-0.43264440021777084,1,320.0,238.0,237.22185790248687,-0.43264440021777084
16.68399405479431,0.7020000219345093,-82.60228108891843,-19.49449752825379,0.33002556422906837,-0.4325599869336454,1,320.0,240.0,237.39771891108157,-0.4325599869336454
16.693671226501465,0.6930000185966492,-82.16271958101703,-18.76724728775089,0.32930218103611425,-0.432132278674552,1,320.0,240.0,237.83728041898297,-0.432132278674552
16.703114986419678,0.6930000185966492,-81.98505258296152,-18.492324903826635,0.32917021829183063,-0.4320469985154854,1,320.0,240.0,238.01494741703848,-0.4320469985154854
16.71484875679016,0.6790000200271606,-81.807385584906,-18.21740251990238,0.32903825554754695,-0.4319617183564187,1,320.0,240.0,238.192614415094,-0.4319617183564187
16.723471879959106,0.6790000200271606,-81.62971858685049,-17.942480135978123,0.32890629280326333,-0.4318764381973521,1,320.0,241.0,238.3702814131495,-0.4318764381973521
16.73313546180725,0.6700000166893005,-81.18571804342437,-17.065713200768684,0.32799078428122347,-0.4314444164677182,1,320.0,241.0,238.81428195657563,-0.4314444164677182
16.7436945438385,0.6700000166893005,-81.00622686646227,-16.786668646901603,0.32785684289536726,-0.4313582607027764,1,320.0,241.0,238.99377313353773,-0.4313582607027764
16.753742218017578,0.6570000052452087,-80.82673568950017,-16.507624093034522,0.32772290150951106,-0.4312721049378346,1,320.0,241.0,239.17326431049983,-0.4312721049378346
16.763344526290894,0.6570000052452087,-80.64724451253807,-16.22857953916744,0.32758896012365485,-0.43118594917289277,1,320.0,244.0,239.35275548746193,-0.43118594917289277
16.77296757698059,0.6480000019073486,-79.99730855627928,-15.217779318741961,0.3265022854084174,-0.43048728237270695,1,320.0,244.0,240.00269144372072,-0.43048728237270695
16.783668756484985,0.6480000019073486,-79.81459489980733,-14.933722343129602,0.3263659380601235,-0.4303995798176004,1,320.0,244.0,240.18540510019267,-0.4303995798176004
16.793824672698975,0.6350000500679016,-79.63188124333539,-14.649665367517244,0.32622959071182955,-0.43031187726249387,1,320.0,244.0,240.36811875666461,-0.43031187726249387
16.80399203300476,0.6350000500679016,-79.44916758686344,-14.365608391904885,0.3260932433635356,-0.43022417470738733,1,320.0,246.0,240.55083241313656,-0.43022417470738733
16.813538312911987,0.6260000467300415,-78.71504817178244,-13.13383778520081,0.324722914977503,-0.42941850817255023,1,320.0,246.0,241.28495182821757,-0.42941850817255023
16.824097633361816,0.6260000467300415,-78.52855710518051,-12.84328848879833,0.3245834513152298,-0.4293289924605813,1,320.0,246.0,241.4714428948195,-0.4293289924605813
16.83402991294861,0.6130000352859497,-78.34206603857858,-12.552739192395848,0.3244439876529566,-0.4292394767486124,1,320.0,246.0,241.6579339614214,-0.4292394767486124
16.843825101852417,0.6130000352859497,-78.15557497197665,-12.262189895993366,0.32430452399068344,-0.4291499610366435,1,320.0,249.0,241.84442502802335,-0.4291499610366435
16.85359835624695,0.6040000319480896,-77.24524717032658,-10.933547915515788,0.32281331829561644,-0.4281179085409609,1,320.0,249.0,242.7547528296734,-0.4281179085409609
16.86337924003601,0.6040000319480896,-77.05379697746723,-10.635886472909661,0.3226704408031655,-0.4280260124483884,1,320.0,249.0,242.94620302253276,-0.4280260124483884
16.87399935722351,0.5910000205039978,-76.86234678460788,-10.338225030303533,0.3225275633107145,-0.4279341163558159,1,320.0,249.0,243.1376532153921,-0.4279341163558159
16.883678436279297,0.5910000205039978,-76.67089659174853,-10.040563587697406,0.32238468581826357,-0.4278422202632434,1,320.0,251.0,243.32910340825146,-0.4278422202632434
16.893229961395264,0.5830000042915344,-75.70369922115707,-8.525256579186035,0.3206561681378248,-0.4267401320957582,1,320.0,251.0,244.29630077884292,-0.4267401320957582
16.90377187728882,0.5830000042915344,-75.5069337497177,-8.219252050610294,0.3205092859641085,-0.4266456846694673,1,320.0,251.0,244.4930662502823,-0.4266456846694673
16.913850784301758,0.5700000524520874,-75.31016827827834,-7.913247522034553,0.3203624037903921,-0.4265512372431764,1,320.0,251.0,244.68983172172165,-0.4265512372431764
16.923612356185913,0.5700000524520874,-75.11340280683898,-7.6072429934588115,0.32021552161667577,-0.4264567898168855,1,320.0,254.0,244.88659719316104,-0.4264567898168855
16.933603763580322,0.5610000491142273,-73.99522864965117,-5.824376215481461,0.3181453300218143,-0.4251623970289043,1,320.0,254.0,246.00477135034885,-0.4251623970289043
16.94350290298462,0.5610000491142273,-73.79214926827404,-5.508251557393784,0.31799359018593215,-0.42506491892584325,1,320.0,254.0,246.20785073172596,-0.42506491892584325
16.954241037368774,0.5490000247955322,-73.58906988689692,-5.192126899306107,0.3178418503500501,-0.42496744082278226,1,320.0,254.0,246.41093011310306,-0.42496744082278226
16.963892221450806,0.5490000247955322,-73.3859905055198,-4.87600224121843,0.317690110514168,-0.4248699627197212,1,320.0,258.0,246.6140094944802,-0.4248699627197212
16.97372007369995,0.5400000214576721,-72.03195976845952,-2.955053980520077,0.31544830009254454,-0.4232735226309197,1,320.0,258.0,247.9680402315405,-0.4232735226309197
16.983458518981934,0.5400000214576721,-71.82099284262395,-2.6279313619616644,0.3152912812356365,-0.42317225850651863,1,320.0,258.0,248.17900715737605,-0.42317225850651863
16.993301153182983,0.527999997138977,-71.61002591678839,-2.300808743403252,0.31513426237872844,-0.42307099438211754,1,320.0,258.0,248.3899740832116,-0.42307099438211754
17.010528802871704,0.527999997138977,-71.39905899095282,-1.9736861248448392,0.31497724352182044,-0.4229697302577165,1,320.0,258.0,248.60094100904718,-0.4229697302577165
17.01446032524109,0.5200000405311584,-71.18809206511726,-1.6465635062864266,0.3148202246649124,-0.4228684661333154,1,320.0,258.0,248.81190793488275,-0.4228684661333154
17.027491092681885,0.5200000405311584,-70.9771251392817,-1.319440887728014,0.31466320580800433,-0.4227672020089143,1,320.0,262.0,249.0228748607183,-0.4227672020089143
17.03455948829651,0.5070000290870667,-69.39330980622303,0.945693037187219,0.3119835795565468,-0.42087897331299756,1,320.0,262.0,250.60669019377696,-0.42087897331299756
17.04331660270691,0.5070000290870667,-69.17294290258707,1.2860853388081175,0.3118201912517688,-0.4207731971992523,1,320.0,266.0,250.82705709741293,-0.4207731971992523
17.053948879241943,0.49900001287460327,-67.42982520154962,3.8056778837384364,0.3088205259445574,-0.41868552746174903,1,320.0,266.0,252.57017479845038,-0.41868552746174903
17.063901901245117,0.49900001287460327,-67.19903352090527,4.1609890260730396,0.3086499765962368,-0.41857474745503975,1,320.0,266.0,252.8009664790947,-0.41857474745503975
17.074260473251343,0.4870000183582306,-66.96824184026093,4.516300168407643,0.30847942724791616,-0.4184639674483305,1,320.0,266.0,253.03175815973907,-0.4184639674483305
17.083577632904053,0.4870000183582306,-66.73745015961659,4.871611310742246,0.30830887789959555,-0.4183531874416212,1,320.0,271.0,253.26254984038343,-0.4183531874416212
17.097940683364868,0.4790000319480896,-64.72504951533665,7.650458709981228,0.30498329703921034,-0.4159230559474178,1,320.0,271.0,255.27495048466335,-0.4159230559474178
17.103505849838257,0.4790000319480896,-64.4820563414844,8.022367636555419,0.3048047807544547,-0.4158064192239687,1,320.0,271.0,255.5179436585156,-0.4158064192239687
17.113898277282715,0.46700000762939453,-64.23906316763214,8.39427656312961,0.30462626446969915,-0.41568978250051963,1,320.0,271.0,255.76093683236786,-0.41568978250051963
17.124170780181885,0.46700000762939453,-63.99606999377989,8.766185489703801,0.3044477481849435,-0.41557314577707055,1,320.0,277.0,256.0039300062201,-0.41557314577707055
17.13341522216797,0.45900002121925354,-61.642620315429866,11.875548663314111,0.3007048218866459,-0.41270850612136367,1,320.0,277.0,258.3573796845701,-0.41270850612136367
17.143370866775513,0.45900002121925354,-61.385168943160124,12.266211189679677,0.3005173038739904,-0.4125849294626742,1,320.0,277.0,258.6148310568399,-0.4125849294626742
17.15513277053833,0.4480000138282776,-61.12771757089038,12.656873716045242,0.3003297858613349,-0.4124613528039847,1,320.0,277.0,258.87228242910965,-0.4124613528039847
17.163729190826416,0.4480000138282776,-60.87026619862064,13.047536242410807,0.3001422678486794,-0.41233777614529527,1,320.0,283.0,259.12973380137936,-0.41233777614529527
17.173543214797974,0.4400000274181366,-58.2119197255606,16.450847345621764,0.29603135487026233,-0.40908749568711184,1,320.0,283.0,261.7880802744394,-0.40908749568711184
17.183167457580566,0.4400000274181366,-57.93801606869824,16.86215423572796,0.29583392756301136,-0.4089560219318179,1,320.0,283.0,262.06198393130177,-0.4089560219318179
17.194137573242188,0.4280000329017639,-57.66411241183588,17.273461125834157,0.2956365002557604,-0.40882454817652397,1,320.0,283.0,262.3358875881641,-0.40882454817652397
17.203794479370117,0.4280000329017639,-57.39020875497352,17.684768015940353,0.2954390729485094,-0.40869307442123004,1,320.0,290.0,262.6097912450265,-0.40869307442123004
17.21385097503662,0.42100003361701965,-54.35983137387472,21.44882633639944,0.29087472006432846,-0.4049713209036107,1,320.0,290.0,265.6401686261253,-0.4049713209036107
17.223265409469604,0.42100003361701965,-54.06703461388992,21.88311326725864,0.290666262337516,-0.404830778458818,1,320.0,290.0,265.9329653861101,-0.404830778458818
17.233842611312866,0.4090000092983246,-53.77423785390513,22.31740019811784,0.29045780461070364,-0.4046902360140253,1,320.0,290.0,266.2257621460949,-0.4046902360140253
17.243363857269287,0.4090000092983246,-53.48144109392033,22.751687128977043,0.2902493468838912,-0.4045496935692326,1,320.0,299.0,266.51855890607965,-0.4045496935692326
17.253945112228394,0.4020000100135803,-49.918208406680094,27.13774122824495,0.28489315087494277,-0.4001489436009321,1,320.0,299.0,270.0817915933199,-0.4001489436009321
17.263452768325806,0.4020000100135803,-49.602991661041756,27.599118909448315,0.2846716895879652,-0.3999976395630257,1,320.0,299.0,270.39700833895824,-0.3999976395630257
17.273948192596436,0.39000001549720764,-49.28777491540342,28.06049659065168,0.28445022830098754,-0.3998463355251193,1,320.0,299.0,270.7122250845966,-0.3998463355251193
17.28367567062378,0.39000001549720764,-48.97255816976508,28.521874271855047,0.28422876701400995,-0.3996950314872129,1,320.0,309.0,271.0274418302349,-0.3996950314872129
17.29389262199402,0.3830000162124634,-44.83239805862208,33.463495584613625,0.2781705881107498,-0.394560713988725,1,320.0,309.0,275.16760194137794,-0.394560713988725
17.303413152694702,0.3830000162124634,-44.49095597427425,33.955591604759796,0.2779343820210796,-0.39439682178823804,1,320.0,309.0,275.50904402572576,-0.39439682178823804
17.313897848129272,0.3720000088214874,-44.14951388992642,34.44768762490597,0.27769817593140944,-0.3942329295877511,1,320.0,309.0,275.8504861100736,-0.3942329295877511
17.32392907142639,0.3720000088214874,-43.808071805578585,34.93978364505213,0.2774619698417393,-0.3940690373872641,1,320.0,320.0,276.1919281944214,-0.3940690373872641
17.33382487297058,0.36400002241134644,-39.05224354540312,40.4762725802063,0.27065356878491875,-0.38815376794542156,1,320.0,320.0,280.94775645459686,-0.38815376794542156
17.343814849853516,0.36400002241134644,-38.68053086208064,41.00295932008535,0.2704007591497768,-0.38797534585742677,1,320.0,320.0,281.3194691379194,-0.38797534585742677
17.353861093521118,0.3530000150203705,-38.30881817875815,41.529646059964406,0.2701479495146349,-0.387796923769432,1,320.0,320.0,281.69118182124186,-0.387796923769432
17.3635151386261,0.3530000150203705,-37.93710549543567,42.05633279984346,0.26989513987949293,-0.3876185016814372,1,320.0,334.0,282.0628945045643,-0.3876185016814372
17.37366557121277,0.3450000286102295,-32.33018300193867,48.32288590905206,0.2621635385691685,-0.38061883306488603,1,320.0,334.0,287.6698169980613,-0.38061883306488603
17.383161067962646,0.3450000286102295,-31.92256743678558,48.888936447413656,0.26189183431075497,-0.38042317759361255,1,320.0,334.0,288.0774325632144,-0.38042317759361255
17.393239498138428,0.33400002121925354,-31.51495187163249,49.45498698577525,0.2616201300523414,-0.38022752212233907,1,320.0,334.0,288.4850481283675,-0.38022752212233907
17.404065370559692,0.33400002121925354,-31.1073363064794,50.02103752413684,0.2613484257939278,-0.3800318666510656,1,320.0,350.0,288.8926636935206,-0.3800318666510656
17.41324281692505,0.3270000219345093,-24.538432041945658,57.138742436566844,0.2525397594297862,-0.3718079048702819,1,320.0,350.0,295.46156795805433,-0.3718079048702819
17.42360210418701,0.3270000219345093,-24.08855907901084,57.74972770831323,0.25224648649934794,-0.3715919658480732,1,320.0,350.0,295.91144092098915,-0.3715919658480732
17.43332290649414,0.3160000145435333,-23.63868611607602,58.36071298005962,0.25195321356890965,-0.3713760268258645,1,320.0,350.0,296.36131388392397,-0.3713760268258645
17.44398283958435,0.3160000145435333,-23.1888131531412,58.971698251806004,0.2516599406384714,-0.3711600878036558,1,320.0,368.0,296.8111868468588,-0.3711600878036558
17.45348620414734,0.30900001525878906,-15.559414280508948,67.04857720699846,0.2416380235029987,-0.36158866421418856,1,320.0,368.0,304.440585719491,-0.36158866421418856
17.46392035484314,0.30900001525878906,-15.060297049819098,67.710770939053,0.24132017051161253,-0.36134908794345744,1,320.0,368.0,304.9397029501809,-0.36134908794345744
17.473730325698853,0.2980000078678131,-14.561179819129249,68.37296467110755,0.24100231752022633,-0.3611095116727263,1,320.0,368.0,305.4388201808708,-0.3611095116727263
17.483465433120728,0.2980000078678131,-14.0620625884394,69.03515840316211,0.24068446452884015,-0.3608699354019952,1,320.0,390.0,305.9379374115606,-0.3608699354019952
17.493926286697388,0.29100000858306885,-5.0833366918169895,78.36890019535568,0.2290665336758172,-0.3495804015577473,1,320.0,390.0,314.916663308183,-0.3495804015577473
17.503487586975098,0.29100000858306885,-4.526054916011564,79.09057505068333,0.2287201297452599,-0.34931290630536066,1,320.0,390.0,315.47394508398844,-0.34931290630536066
17.513750553131104,0.2800000011920929,-3.968773140206138,79.81224990601095,0.22837372581470267,-0.34904541105297404,1,320.0,390.0,316.0312268597939,-0.34904541105297404
17.523412704467773,0.2800000011920929,-3.411491364400712,80.5339247613386,0.22802732188414537,-0.3487779158005875,1,320.0,,316.5885086355993,-0.3487779158005875
17.53294539451599,0.27300000190734863,-2.8542095885952863,81.25559961666622,0.22768091795358814,-0.34851042054820086,1,320.0,,317.14579041140473,-0.34851042054820086
17.543599843978882,0.27300000190734863,-2.2969278127898605,81.97727447199387,0.22733451402303084,-0.34824292529581424,1,320.0,,317.7030721872101,-0.34824292529581424
17.553885221481323,0.26200002431869507,-1.7396460369844347,82.69894932732149,0.2269881100924736,-0.3479754300434277,1,320.0,,318.2603539630156,-0.3479754300434277
17.563233852386475,0.26200002431869507,-1.1823642611790088,83.42062418264914,0.2266417061619163,-0.34770793479104106,1,320.0,,318.81763573882097,-0.34770793479104106
17.57300877571106,0.2550000250339508,-0.6250824853735831,84.14229903797676,0.22629530223135907,-0.34744043953865444,1,320.0,,319.3749175146264,-0.34744043953865444
17.583326816558838,0.2550000250339508,-0.06780070956815742,84.8639738933044,0.22594889830080178,-0.3471729442862678,1,320.0,,319.93219929043187,-0.3471729442862678
17.593385696411133,0.24500000476837158,0.4894810662372683,85.58564874863202,0.22560249437024454,-0.3469054490338812,1,320.0,,320.48948106623726,-0.3469054490338812
17.603320837020874,0.24500000476837158,1.046762842042694,86.30732360395967,0.22525609043968728,-0.34663795378149465,1,320.0,,321.0467628420427,-0.34663795378149465
17.613260984420776,0.2370000183582306,1.6040446178481198,87.02899845928731,0.22490968650913,-0.346370458529108,1,320.0,,321.6040446178481,-0.346370458529108
17.623711109161377,0.2370000183582306,2.1613263936535456,87.75067331461494,0.22456328257857275,-0.3461029632767214,1,320.0,,322.16132639365355,-0.3461029632767214
17.633771181106567,0.22700001299381256,2.7186081694589714,88.47234816994258,0.22421687864801548,-0.34583546802433485,1,320.0,,322.71860816945895,-0.34583546802433485
17.643875122070312,0.22700001299381256,3.2758899452643973,89.19402302527021,0.22387047471745822,-0.34556797277194823,1,320.0,,323.2758899452644,-0.34556797277194823
17.65387487411499,0.2200000137090683,3.833171721069823,89.91569788059785,0.22352407078690095,-0.3453004775195616,1,320.0,,323.83317172106985,-0.3453004775195616
17.66353988647461,0.2200000137090683,4.390453496875248,90.63737273592548,0.2231776668563437,-0.345032982267175,1,320.0,,324.39045349687524,-0.345032982267175
17.673600435256958,0.20900000631809235,4.947735272680674,91.35904759125312,0.22283126292578642,-0.3447654870147884,1,320.0,,324.9477352726807,-0.3447654870147884
17.683438539505005,0.20900000631809235,5.5050170484861,92.08072244658075,0.22248485899522916,-0.3444979917624018,1,320.0,,325.5050170484861,-0.3444979917624018
17.693848609924316,0.20200000703334808,6.062298824291526,92.80239730190839,0.2221384550646719,-0.3442304965100152,1,320.0,,326.06229882429153,-0.3442304965100152
17.703437566757202,0.20200000703334808,6.619580600096952,93.52407215723602,0.22179205113411463,-0.3439630012576286,1,320.0,,326.6195806000969,-0.3439630012576286
17.713951349258423,0.19100001454353333,7.1768623759023775,94.24574701256365,0.22144564720355736,-0.343695506005242,1,320.0,,327.1768623759024,-0.343695506005242
