time,alt,pos_x_est,pos_y_est,vel_x_cmd,vel_y_cmd,target_visible,setpoint_x,raw_x,filtered_x,cmd_y
9.033924341201782,4.51200008392334,-102.75591544298697,-95.87080787969141,0.16473204555908347,-0.17701581009026285,1,320.0,227.0,217.24408455701303,-0.17701581009026285
9.043953657150269,4.535000324249268,-102.93323188292518,-96.06140952536242,0.16544107458151552,-0.1777432559776033,1,320.0,227.0,217.06676811707482,-0.1777432559776033
9.053576946258545,4.535000324249268,-103.1105483228634,-96.22543526557594,0.16611903264609962,-0.17847158844714348,1,320.0,227.0,216.8894516771366,-0.17847158844714348
9.063304424285889,4.551000118255615,-102.26528080920791,-95.47183092831216,0.16376824289722924,-0.1758667028488161,1,320.0,227.0,217.73471919079208,-0.1758667028488161
9.073874235153198,4.551000118255615,-102.4355909458595,-95.62944392286302,0.1644355257103046,-0.17658325296752728,1,320.0,227.0,217.5644090541405,-0.17658325296752728
9.08414077758789,4.573000431060791,-102.6059010825111,-95.81203471362204,0.1651336948327835,-0.17730065463692177,1,320.0,227.0,217.39409891748892,-0.17730065463692177
9.093709707260132,4.573000431060791,-102.77621121916269,-95.9696477081729,0.16580267866478546,-0.1780189078569995,1,320.0,,217.2237887808373,-0.1780189078569995
9.103440284729004,4.586000442504883,-102.94652135581428,-96.14190339692234,0.16649009500826936,-0.17873801262776046,1,320.0,,217.0534786441857,-0.17873801262776046
9.11434555053711,4.586000442504883,-103.11683149246588,-96.2995163914732,0.16716072818368777,-0.17945796894920474,1,320.0,,216.88316850753412,-0.17945796894920474
9.12386155128479,4.6020002365112305,-103.28714162911747,-96.47503326121605,0.16785372359368528,-0.1801787768213322,1,320.0,,216.71285837088254,-0.1801787768213322
9.1333646774292,4.6020002365112305,-103.45745176576906,-96.63264625576691,0.16852602241842513,-0.18090043624414298,1,320.0,227.0,216.54254823423094,-0.18090043624414298
9.1430504322052,4.611000061035156,-102.4707956283356,-95.7397905507869,0.16575867084825735,-0.17785633082618954,1,320.0,227.0,217.5292043716644,-0.17785633082618954
9.153510808944702,4.611000061035156,-102.63319752488327,-95.89015479974796,0.16641855872100936,-0.17856437908967115,1,320.0,227.0,217.36680247511674,-0.17856437908967115
9.163363695144653,4.62000036239624,-102.79559942143095,-96.05049345921282,0.16709121757966322,-0.17927323936263556,1,320.0,227.0,217.20440057856905,-0.17927323936263556
9.174155950546265,4.62000036239624,-102.95800131797863,-96.20085770817387,0.16775265896695737,-0.17998291164508265,1,320.0,,217.04199868202136,-0.17998291164508265
9.183613538742065,4.624000072479248,-103.1204032145263,-96.35564165016736,0.16842017790560038,-0.1806933959370125,1,320.0,,216.8795967854737,-0.1806933959370125
9.193483352661133,4.624000072479248,-103.28280511107398,-96.50600589912841,0.1690831450338493,-0.18140469223842506,1,320.0,,216.71719488892603,-0.18140469223842506
9.203657865524292,4.625,-103.44520700762166,-96.65747383412118,0.16974819392501123,-0.18211680054932042,1,320.0,,216.55479299237834,-0.18211680054932042
9.213905811309814,4.625,-103.60760890416934,-96.80783808308223,0.1704126702141799,-0.18282972086969845,1,320.0,225.0,216.39239109583065,-0.18282972086969845
9.223074913024902,4.624000072479248,-102.74650278195647,-96.03734433194968,0.16809322162795926,-0.18022356735638673,1,320.0,225.0,217.25349721804355,-0.18022356735638673
9.233814477920532,4.624000072479248,-102.90194948290225,-96.18145843822232,0.16874706584767754,-0.18092461314493619,1,320.0,225.0,217.09805051709776,-0.18092461314493619
9.243292570114136,4.619000434875488,-103.05739618384804,-96.32004668931334,0.16939497198243333,-0.18162643616699037,1,320.0,225.0,216.94260381615197,-0.18162643616699037
9.253356456756592,4.619000434875488,-103.21284288479383,-96.46416079558598,0.1700502297139384,-0.18232903642254927,1,320.0,224.0,216.78715711520618,-0.18232903642254927
9.26337456703186,4.61400032043457,-102.53160187590163,-96.09256914125906,0.16904782719026226,-0.18032357018431988,1,320.0,224.0,217.46839812409837,-0.18032357018431988
9.274038791656494,4.61400032043457,-102.68137979339096,-96.2332267295844,0.16969778242990058,-0.18101671058427407,1,320.0,224.0,217.31862020660904,-0.18101671058427407
9.283487796783447,4.603000164031982,-102.83115771088029,-96.3616552046367,0.17033370487598654,-0.18171059987381566,1,320.0,224.0,217.1688422891197,-0.18171059987381566
9.293410301208496,4.603000164031982,-102.98093562836962,-96.50231279296204,0.17098500554594173,-0.1824052380529447,1,320.0,,217.01906437163038,-0.1824052380529447
9.303612470626831,4.595000267028809,-103.13071354585895,-96.63403862021939,0.17162624673175164,-0.1831006251216612,1,320.0,,216.86928645414105,-0.1831006251216612
9.31334924697876,4.595000267028809,-103.28049146334828,-96.77469620854473,0.17227890931878478,-0.18379676107996515,1,320.0,,216.71950853665172,-0.18379676107996515
9.323986291885376,4.578999996185303,-103.43026938083761,-96.89739272033259,0.17291063209653187,-0.18449364592785653,1,320.0,,216.56973061916239,-0.18449364592785653
9.333642482757568,4.578999996185303,-103.58004729832695,-97.03805030865793,0.1735646114540656,-0.18519127966533536,1,320.0,,216.41995270167305,-0.18519127966533536
9.343907356262207,4.568000316619873,-103.72982521581628,-97.16628459344689,0.17420432401877955,-0.18588966229240161,1,320.0,,216.27017478418372,-0.18588966229240161
9.35336947441101,4.568000316619873,-103.87960313330561,-97.30694218177223,0.1748596478356788,-0.18658879380905535,1,320.0,,216.1203968666944,-0.18658879380905535
9.364118099212646,4.550000190734863,-104.02938105079494,-97.42713569753637,0.17549101573308348,-0.18728867421529655,1,320.0,,215.97061894920506,-0.18728867421529655
9.373847723007202,4.550000190734863,-104.17915896828427,-97.56779328586171,0.1761476438055032,-0.18798930351112514,1,320.0,,215.82084103171573,-0.18798930351112514
9.383853673934937,4.5360002517700195,-104.3289368857736,-97.69241816387004,0.17678565574993255,-0.1886906816965412,1,320.0,,215.6710631142264,-0.1886906816965412
9.393146753311157,4.5360002517700195,-104.47871480326293,-97.83307575219538,0.17744361023468394,-0.18939280877154474,1,320.0,,215.52128519673707,-0.18939280877154474
9.403834819793701,4.515000343322754,-104.62849272075226,-97.94949099983151,0.17807305598684645,-0.19009568473613567,1,320.0,,215.37150727924774,-0.19009568473613567
9.414108753204346,4.515000343322754,-104.7782706382416,-98.09014858815685,0.17873229583577763,-0.1907993095903141,1,320.0,,215.2217293617584,-0.1907993095903141
9.423813819885254,4.5,-104.92804855573092,-98.21334610743264,0.17937119958944575,-0.19150368333407994,1,320.0,,215.07195144426908,-0.19150368333407994
9.433078527450562,4.5,-105.07782647322026,-98.35400369575798,0.1800317587139149,-0.19220880596743325,1,320.0,,214.92217352677974,-0.19220880596743325
9.44402003288269,4.4770002365112305,-105.22760439070959,-98.46765441439166,0.18066047784834732,-0.19291467749037397,1,320.0,,214.7723956092904,-0.19291467749037397
9.453172206878662,4.4770002365112305,-105.37738230819892,-98.608312002717,0.1813223085143513,-0.1936212979029022,1,320.0,213.0,214.62261769180108,-0.1936212979029022
9.463935852050781,4.461000442504883,-105.77810831986534,-99.08503426769593,0.18309225115004998,-0.19512758801996685,1,320.0,213.0,214.22189168013466,-0.19512758801996685
9.473350763320923,4.461000442504883,-105.92954133189288,-99.22803335850922,0.18375999022581846,-0.19583895534105936,1,320.0,213.0,214.0704586681071,-0.19583895534105936
9.484283447265625,4.437000274658203,-106.08097434392042,-99.34232938961372,0.18439385711009193,-0.19655107982721198,1,320.0,213.0,213.91902565607958,-0.19655107982721198
9.494523286819458,4.437000274658203,-106.23240735594796,-99.48532848042701,0.18506288266147003,-0.1972639614784248,1,320.0,210.0,213.76759264405206,-0.1972639614784248
9.503693342208862,4.421000003814697,-106.92785645804193,-99.95135208348047,0.18679528407548168,-0.19970327354744538,1,320.0,210.0,213.07214354195807,-0.19970327354744538
9.513145685195923,4.421000003814697,-107.0828565829502,-100.09659589539353,0.18747005962925434,-0.20042468798025007,1,320.0,210.0,212.9171434170498,-0.20042468798025007
9.523115634918213,4.396000385284424,-107.23785670785847,-100.21136857891406,0.18810884369237355,-0.20114687741367926,1,320.0,210.0,212.76214329214153,-0.20114687741367926
9.533243179321289,4.396000385284424,-107.39285683276674,-100.35661239082714,0.1887849193286234,-0.20186984184773304,1,320.0,,212.60714316723326,-0.20186984184773304
9.542974710464478,4.379000186920166,-107.54785695767501,-100.48092900229136,0.18943650390739192,-0.20259358128241134,1,320.0,,212.452143042325,-0.20259358128241134
9.553375244140625,4.379000186920166,-107.70285708258328,-100.62617281420442,0.1901139273457586,-0.2033180957177142,1,320.0,,212.29714291741672,-0.2033180957177142
9.564119338989258,4.354000091552734,-107.85785720749155,-100.74033338008763,0.1907546216917189,-0.20404338515364157,1,320.0,,212.14214279250845,-0.20404338515364157
9.57394027709961,4.354000091552734,-108.01285733239982,-100.8855771920007,0.19143334215197455,-0.2047694495901935,1,320.0,,211.98714266760018,-0.2047694495901935
9.583275079727173,4.337000370025635,-108.16785745730809,-101.00947229878538,0.1920870636416101,-0.20549628902736994,1,320.0,,211.8321425426919,-0.20549628902736994
9.593623161315918,4.337000370025635,-108.32285758221636,-101.15471611069844,0.1927671297964593,-0.20622390346517097,1,320.0,,211.67714241778364,-0.20622390346517097
9.603646755218506,4.312000274658203,-108.47785770712463,-101.26824654790921,0.19340970755385176,-0.2069522929035965,1,320.0,,211.52214229287537,-0.2069522929035965
9.613569259643555,4.312000274658203,-108.6328578320329,-101.41349035982228,0.1940910675799465,-0.20768145734264662,1,320.0,205.0,211.3671421679671,-0.20768145734264662
9.62363576889038,4.295000076293945,-109.7892829194635,-102.52590511766867,0.19785331241527207,-0.21155697408154464,1,320.0,205.0,210.21071708053648,-0.21155697408154464
9.633050680160522,4.295000076293945,-109.95074591176972,-102.6775313215828,0.19854865151657694,-0.21230048340187094,1,320.0,205.0,210.04925408823027,-0.21230048340187094
9.643823623657227,4.269000053405762,-110.11220890407593,-102.7954920508214,0.19920418185191735,-0.21304480003715875,1,320.0,205.0,209.88779109592406,-0.21304480003715875
9.65348482131958,4.269000053405762,-110.27367189638214,-102.94711825473553,0.19990086888788797,-0.21378992398740812,1,320.0,203.0,209.72632810361785,-0.21378992398740812
9.663828611373901,4.253000259399414,-111.41906507544266,-103.91143510466578,0.20318462682750438,-0.21761827349827367,1,320.0,203.0,208.58093492455734,-0.21761827349827367
9.673249959945679,4.253000259399414,-111.58685067565092,-104.06841804372718,0.20389334844459667,-0.21837755047190183,1,320.0,203.0,208.4131493243491,-0.21837755047190183
9.683894395828247,4.228000164031982,-111.75463627585918,-104.19236846996486,0.20456305079843173,-0.21913766637353102,1,320.0,203.0,208.24536372414082,-0.21913766637353102
9.69376516342163,4.228000164031982,-111.92242187606745,-104.34935140902626,0.20527317708235052,-0.21989862120316128,1,320.0,201.0,208.07757812393254,-0.21989862120316128
9.703786611557007,4.210999965667725,-113.06489718962042,-105.34333780999171,0.20864600775566838,-0.22370939158112993,1,320.0,201.0,206.9351028103796,-0.22370939158112993
9.713420867919922,4.210999965667725,-113.23893104154789,-105.50583185006346,0.2093685297630048,-0.22448442685865064,1,320.0,201.0,206.7610689584521,-0.22448442685865064
9.723853588104248,4.186000347137451,-113.41296489347535,-105.63460337058383,0.21005122860448217,-0.22526033230543097,1,320.0,201.0,206.58703510652464,-0.22526033230543097
9.733517169952393,4.186000347137451,-113.58699874540281,-105.79709741065558,0.21077520693962154,-0.22603710792147094,1,320.0,199.0,206.4130012545972,-0.22603710792147094
9.743655681610107,4.170000076293945,-114.73165193218306,-106.68914644178716,0.21382296815372603,-0.2298495510605622,1,320.0,199.0,205.26834806781693,-0.2298495510605622
9.753259420394897,4.170000076293945,-114.9119031209615,-106.85645333734071,0.214558018695077,-0.23064041200270113,1,320.0,199.0,205.08809687903852,-0.23064041200270113
9.764177799224854,4.146000385284424,-115.09215430973994,-106.99072733964267,0.21525410113453755,-0.231432174200784,1,320.0,199.0,204.90784569026005,-0.231432174200784
9.773854732513428,4.146000385284424,-115.27240549851838,-107.15803423519623,0.21599065958037783,-0.23222483765481072,1,320.0,196.0,204.72759450148163,-0.23222483765481072
9.783990383148193,4.129000186920166,-116.54796145534578,-108.09518691298206,0.21918137817532748,-0.23644421912523875,1,320.0,196.0,203.45203854465422,-0.23644421912523875
9.793495416641235,4.129000186920166,-116.73523255917408,-108.26757934002575,0.21992958698448,-0.23725262061262856,1,320.0,196.0,203.26476744082592,-0.23725262061262856
9.803821325302124,4.105000019073486,-116.92250366300237,-108.4062501159585,0.22063802316617911,-0.23806195845553754,1,320.0,196.0,203.07749633699763,-0.23806195845553754
9.813836812973022,4.105000019073486,-117.10977476683067,-108.57864254300219,0.22138778729134653,-0.23887223265396565,1,320.0,196.0,202.89022523316933,-0.23887223265396565
9.82395887374878,4.089000225067139,-118.13144455188993,-109.67830732383025,0.22508529890016277,-0.24229582008905273,1,320.0,196.0,201.86855544811007,-0.24229582008905273
9.833375930786133,4.089000225067139,-118.32407207728575,-109.85679815865795,0.2258487718927493,-0.24311859347991416,1,320.0,196.0,201.67592792271427,-0.24311859347991416
9.843225240707397,4.065999984741211,-118.51669960268157,-110.00231733720616,0.2265734064936932,-0.24394233000840257,1,320.0,196.0,201.48330039731843,-0.24394233000840257
9.853681564331055,4.065999984741211,-118.70932712807739,-110.18080817203386,0.2273384995363466,-0.24476702967451788,1,320.0,194.0,201.2906728719226,-0.24476702967451788
9.863510131835938,4.050000190734863,-119.7586851267279,-111.18066078927855,0.23072464772842116,-0.24827903218544473,1,320.0,194.0,200.2413148732721,-0.24827903218544473
9.873111724853516,4.050000190734863,-119.9568259170801,-111.36458636326437,0.23150218134902045,-0.24911658526345276,1,320.0,194.0,200.0431740829199,-0.24911658526345276
9.884021520614624,4.027000427246094,-120.1549667074323,-111.51487455362523,0.2322401015502216,-0.24995512904541253,1,320.0,194.0,199.8450332925677,-0.24995512904541253
9.893846273422241,4.027000427246094,-120.35310749778449,-111.69880012761105,0.23301930623964265,-0.2507946635313241,1,320.0,192.0,199.6468925022155,-0.2507946635313241
9.904074430465698,4.011000156402588,-121.4273345458526,-112.73118096795383,0.23651062718708565,-0.2543874140178371,1,320.0,192.0,198.5726654541474,-0.2543874140178371
9.913894176483154,4.011000156402588,-121.63113047405847,-112.92073590205362,0.23730269678751564,-0.25524012478405445,1,320.0,192.0,198.36886952594153,-0.25524012478405445
9.923888683319092,3.9880001544952393,-121.83492640226433,-113.07596626894893,0.23805435305913478,-0.2560938545299128,1,320.0,192.0,198.16507359773567,-0.2560938545299128
9.933359146118164,3.9880001544952393,-122.0387223304702,-113.26552120304872,0.23884814658606976,-0.2569486032554122,1,320.0,190.0,197.9612776695298,-0.2569486032554122
9.944295167922974,3.9730002880096436,-123.135329644327,-114.21605896498637,0.24208262211973192,-0.26061520556362655,1,320.0,190.0,196.864670355673,-0.26061520556362655
9.95383358001709,3.9730002880096436,-123.34490889547742,-114.41068973216787,0.24288823248901056,-0.26148342520948437,1,320.0,190.0,196.65509110452257,-0.26148342520948437
9.964206457138062,3.950000286102295,-123.55448814662783,-114.57030627807023,0.24365262387548375,-0.262352692751598,1,320.0,190.0,196.44551185337218,-0.262352692751598
9.974120140075684,3.950000286102295,-123.76406739777825,-114.76493704525173,0.2444600054813278,-0.2632230081899674,1,320.0,188.0,196.23593260222174,-0.2632230081899674
9.98311185836792,3.93500018119812,-124.88077607444751,-115.86504158519006,0.24817072962193248,-0.2669569726395668,1,320.0,188.0,195.1192239255525,-0.2669569726395668
9.993443250656128,3.93500018119812,-125.09625369278868,-116.06570993065405,0.24899186018614253,-0.26784102705004015,1,320.0,188.0,194.90374630721132,-0.26784102705004015
10.003206014633179,3.9130001068115234,-125.31173131112985,-116.23221564775727,0.2497728281249052,-0.2687261588486052,1,320.0,188.0,194.68826868887015,-0.2687261588486052
10.014280796051025,3.9130001068115234,-125.52720892947102,-116.43288399322127,0.2505957945594281,-0.269612368035262,1,320.0,186.0,194.47279107052898,-0.269612368035262
10.023459196090698,3.8980002403259277,-126.66187489515032,-117.55442447266482,0.25437890031011967,-0.2734073971964471,1,320.0,186.0,193.33812510484967,-0.2734073971964471
10.033955812454224,3.8980002403259277,-126.88335291558447,-117.76125776830547,0.25521590655373,-0.274307587585546,1,320.0,186.0,193.11664708441555,-0.274307587585546
10.043605089187622,3.875000238418579,-127.10483093601862,-117.93165324429923,0.25601003939114403,-0.275208885364747,1,320.0,186.0,192.89516906398137,-0.275208885364747
10.053409099578857,3.875000238418579,-127.32630895645276,-118.13848653993988,0.25684893177861245,-0.27611129053405026,1,320.0,184.0,192.67369104354725,-0.27611129053405026
10.064170598983765,3.8610002994537354,-128.47687716779146,-119.17337343092329,0.26035885198898434,-0.2799611611077507,1,320.0,184.0,191.52312283220854,-0.2799611611077507
10.073609590530396,3.8610002994537354,-128.70444453600646,-119.38578069014407,0.2612106696035,-0.2808777641722887,1,320.0,184.0,191.29555546399354,-0.2808777641722887
10.08315134048462,3.8380002975463867,-128.93201190422147,-119.56101562889906,0.2620187566081505,-0.28179550507366785,1,320.0,184.0,191.06798809577853,-0.28179550507366785
10.093796014785767,3.8380002975463867,-129.15957927243647,-119.77342288811984,0.262872512433656,-0.282714383811888,1,320.0,182.0,190.84042072756353,-0.282714383811888
10.103074312210083,3.824000120162964,-130.32405712638032,-120.83678933923427,0.26647769470504185,-0.28661289089071107,1,320.0,182.0,189.67594287361968,-0.28661289089071107
10.11390233039856,3.824000120162964,-130.55778953915686,-121.05494646039956,0.26734475798274215,-0.28754615873373873,1,320.0,182.0,189.44221046084314,-0.28754615873373873
10.123715877532959,3.8020002841949463,-130.7915219519334,-121.23683365561183,0.26816920678527495,-0.2884805952388302,1,320.0,182.0,189.2084780480666,-0.2884805952388302
10.133512735366821,3.8020002841949463,-131.02525436470992,-121.45499077677712,0.2690382702845572,-0.2894162004059856,1,320.0,179.0,188.97474563529008,-0.2894162004059856
10.14394736289978,3.7870001792907715,-132.30673827692425,-122.5414686728584,0.27272503853841357,-0.29369187803806374,1,320.0,179.0,187.69326172307575,-0.29369187803806374
10.153432130813599,3.7870001792907715,-132.5473919005209,-122.765526752141,0.2736077358673134,-0.29464339934588235,1,320.0,179.0,187.4526080994791,-0.29464339934588235
10.164109945297241,3.765000104904175,-132.78804552411754,-122.9525684491668,0.27444694874599024,-0.2955961239218189,1,320.0,179.0,187.21195447588246,-0.2955961239218189
10.173850536346436,3.765000104904175,-133.02869914771418,-123.1766265284494,0.27533170157377157,-0.29655005176587346,1,320.0,178.0,186.97130085228582,-0.29655005176587346
10.1832275390625,3.751000165939331,-134.20473241390926,-124.2861478778843,0.2790932138683965,-0.3004929372072884,1,320.0,178.0,185.79526758609074,-0.3004929372072884
10.193731784820557,3.751000165939331,-134.45158811037228,-124.51623481028662,0.2799918993613307,-0.3014614219835959,1,320.0,178.0,185.54841188962772,-0.3014614219835959
10.203403949737549,3.7290000915527344,-134.69844380683531,-124.70855714644975,0.28084622895045863,-0.3024311410383857,1,320.0,178.0,185.30155619316469,-0.3024311410383857
10.214239835739136,3.7290000915527344,-134.94529950329834,-124.93864407885206,0.2817470264897357,-0.3034020943716578,1,320.0,177.0,185.05470049670166,-0.3034020943716578
10.22361707687378,3.7150001525878906,-136.02680479413692,-126.06640377991715,0.2855711285566012,-0.30704622191706354,1,320.0,177.0,183.97319520586308,-0.30704622191706354
10.233030557632446,3.7150001525878906,-136.27921444784135,-126.3026255736751,0.28648610783697914,-0.3080305095737481,1,320.0,177.0,183.72078555215865,-0.3080305095737481
10.243804693222046,3.693000078201294,-136.5316241015458,-126.50031164019363,0.28735583267500237,-0.3090160592787011,1,320.0,177.0,183.4683758984542,-0.3090160592787011
10.253427982330322,3.693000078201294,-136.78403375525022,-126.73653343395158,0.28827298149468167,-0.3100028710319227,1,320.0,174.0,183.21596624474978,-0.3100028710319227
10.264087915420532,3.67900013923645,-137.9865669486075,-127.87959951560217,0.2921500964853505,-0.31403894873090477,1,320.0,174.0,182.0134330513925,-0.31403894873090477
10.273472309112549,3.67900013923645,-138.24532028575265,-128.12204143501046,0.2930816369958156,-0.3150406793369077,1,320.0,174.0,181.75467971424735,-0.3150406793369077
10.283755779266357,3.6580002307891846,-138.5040736228978,-128.32695141865435,0.2939691637332815,-0.31604370370959634,1,320.0,174.0,181.4959263771022,-0.31604370370959634
10.293375492095947,3.6580002307891846,-138.76282696004296,-128.56939333806264,0.29490294100326175,-0.3170480218489708,1,320.0,172.0,181.23717303995704,-0.3170480218489708
10.303097248077393,3.644000291824341,-139.96989585397571,-129.82769840294566,0.29915403815061437,-0.3211018394447396,1,320.0,172.0,180.03010414602429,-0.3211018394447396
10.314083337783813,3.644000291824341,-140.23500080926678,-130.07711363094555,0.30010372199236895,-0.32212114039513523,1,320.0,172.0,179.76499919073322,-0.32212114039513523
10.323027610778809,3.622000217437744,-140.50010576455784,-130.28640140947388,0.30100629933365036,-0.32314176687030727,1,320.0,172.0,179.49989423544216,-0.32314176687030727
10.333707571029663,3.622000217437744,-140.7652107198489,-130.53581663747377,0.3019582766904376,-0.32416371887025586,1,320.0,170.0,179.2347892801511,-0.32416371887025586
10.343009948730469,3.6080002784729004,-141.97512480784738,-131.69141811115696,0.3058816335063188,-0.32822950636339443,1,320.0,170.0,178.02487519215262,-0.32822950636339443
10.353383541107178,3.6080002784729004,-142.24657647968345,-131.94709393234655,0.30684817996140806,-0.32926648125199615,1,320.0,170.0,177.75342352031655,-0.32926648125199615
10.363547801971436,3.5870001316070557,-142.51802815151953,-132.163670938138,0.30776889072304847,-0.330304813398957,1,320.0,170.0,177.48197184848047,-0.330304813398957
10.373049259185791,3.5870001316070557,-142.7894798233556,-132.4193467593276,0.30873779844227267,-0.3313445028042771,1,320.0,168.0,177.2105201766444,-0.3313445028042771
10.383499145507812,3.573000192642212,-144.00061314230456,-133.4813010595194,0.31236200899839783,-0.33541668181417605,1,320.0,168.0,175.99938685769544,-0.33541668181417605
10.393857479095459,3.573000192642212,-144.2783942006788,-133.742585077011,0.3133442627447728,-0.33647141105522854,1,320.0,168.0,175.7216057993212,-0.33647141105522854
10.403775691986084,3.573000192642212,-144.55617525905305,-134.0038690945026,0.31432782291123523,-0.3375275292015729,1,320.0,168.0,175.44382474094695,-0.3375275292015729
10.413632869720459,3.5520002841949463,-144.8339563174273,-134.22524622148958,0.3152646016947271,-0.3385850362532092,1,320.0,166.0,175.1660436825727,-0.3385850362532092
10.423763036727905,3.5520002841949463,-146.04475404113185,-135.3302624987988,0.3189764447268154,-0.34265825541197414,1,320.0,166.0,173.95524595886815,-0.34265825541197414
10.433167457580566,3.5390002727508545,-146.32883522657315,-135.57229078322558,0.3199447401220436,-0.3437307970106366,1,320.0,166.0,173.67116477342685,-0.3437307970106366
10.443562030792236,3.5390002727508545,-146.61291641201444,-135.8392720413399,0.32094431399198753,-0.3448047590152262,1,320.0,166.0,173.38708358798556,-0.3448047590152262
10.453237771987915,3.5180001258850098,-146.89699759745574,-136.06553627077253,0.32189615874866057,-0.34588014142574297,1,320.0,166.0,173.10300240254426,-0.34588014142574297
10.464011669158936,3.5180001258850098,-147.18107878289703,-136.33251752888685,0.3228981988460422,-0.34695694424218704,1,320.0,163.0,172.81892121710297,-0.34695694424218704
10.473494052886963,3.504000186920166,-148.48578045527609,-137.51962241739082,0.32693431193580536,-0.35133736839889795,1,320.0,163.0,171.51421954472391,-0.35133736839889795
10.483736753463745,3.4830002784729004,-148.77676948487598,-137.7514409047986,0.32790125132521875,-0.3524304390818422,1,320.0,163.0,171.22323051512402,-0.3524304390818422
10.493217945098877,3.4830002784729004,-149.06775851447588,-138.02483545995116,0.3289194489687015,-0.35352496470993444,1,320.0,161.0,170.93224148552412,-0.35352496470993444
10.503778457641602,3.4830002784729004,-150.36299970447374,-139.24408085061978,0.33300192025389475,-0.35787297036353183,1,320.0,161.0,169.63700029552626,-0.35787297036353183
10.513500213623047,3.4690001010894775,-150.6607950714972,-139.49587489828625,0.33400155248558594,-0.35898362877931744,1,320.0,161.0,169.3392049285028,-0.35898362877931744
10.523689031600952,3.449000120162964,-150.95859043852067,-139.73525110577128,0.3349874801900969,-0.3600957761719382,1,320.0,161.0,169.04140956147933,-0.3600957761719382
10.533768892288208,3.449000120162964,-151.25638580554414,-140.01505618229763,0.33602332156284,-0.3612094125413941,1,320.0,161.0,168.74361419445586,-0.3612094125413941
10.54343318939209,3.449000120162964,-151.5541811725676,-140.29486125882397,0.3370605619609657,-0.36232453788768515,1,320.0,160.0,168.4458188274324,-0.36232453788768515
10.553889989852905,3.43500018119812,-152.7251088023788,-141.47816842264058,0.3410869637598477,-0.36627218686165874,1,320.0,160.0,167.2748911976212,-0.36627218686165874
10.563669681549072,3.43500018119812,-153.02883387031625,-141.76430364036756,0.3421391475393219,-0.3674018011125353,1,320.0,160.0,166.97116612968375,-0.3674018011125353
10.573217153549194,3.4150002002716064,-153.3325589382537,-142.00916358890518,0.3431430252955116,-0.36853293398875153,1,320.0,158.0,166.6674410617463,-0.36853293398875153
10.583678483963013,3.4020001888275146,-154.50863599342526,-143.09672332030803,0.3468535871434778,-0.37249617009833436,1,320.0,158.0,165.49136400657474,-0.37249617009833436
10.592990159988403,3.4020001888275146,-154.81829239624074,-143.38849189321394,0.3479206518904309,-0.37364184924369415,1,320.0,158.0,165.18170760375926,-0.37364184924369415
10.603527069091797,3.4020001888275146,-155.1279487990562,-143.68026046611985,0.34898917548024866,-0.374789076671068,1,320.0,158.0,164.8720512009438,-0.374789076671068
10.613470315933228,3.386000156402588,-155.4376052018717,-143.93837275812746,0.3500186020944484,-0.37593785238045596,1,320.0,157.0,164.5623947981283,-0.37593785238045596
10.624020099639893,3.372000217437744,-156.50848940147836,-145.03005751823727,0.3537490136953062,-0.3795609052702464,1,320.0,157.0,163.49151059852164,-0.3795609052702464
10.633427858352661,3.372000217437744,-156.82333063563803,-145.32747688981365,0.354832554325647,-0.3807228314044162,1,320.0,157.0,163.17666936436197,-0.3807228314044162
10.643922328948975,3.372000217437744,-157.1381718697977,-145.62489626139003,0.35591758205284557,-0.3818863317447568,1,320.0,157.0,162.8618281302023,-0.3818863317447568
10.65383791923523,3.364000082015991,-157.45301310395737,-145.9052134347822,0.35698348872809005,-0.38305140629126816,1,320.0,157.0,162.54698689604263,-0.38305140629126816
10.663718461990356,3.364000082015991,-157.76785433811705,-146.2026328063586,0.35807140513801355,-0.3842180550439504,1,320.0,155.0,162.23214566188295,-0.3842180550439504
10.67312479019165,3.3580002784729004,-158.8277551225626,-147.20120026859308,0.36146680937208037,-0.3878086871716548,1,320.0,155.0,161.1722448774374,-0.3878086871716548
10.684237241744995,3.3580002784729004,-159.14767839809144,-147.50349003109625,0.36256707453723963,-0.38898833349427986,1,320.0,155.0,160.85232160190856,-0.38898833349427986
10.6938636302948,3.3500001430511475,-159.4676016736203,-147.7885273419241,0.3636480619469427,-0.39016957943328257,1,320.0,155.0,160.5323983263797,-0.39016957943328257
10.703528881072998,3.3500001430511475,-160.34274938932992,-148.72457454653434,0.3668128787006492,-0.393158571839487,1,320.0,155.0,159.65725061067008,-0.393158571839487
10.713979005813599,3.3460001945495605,-160.66646300286013,-149.02253230797876,0.36791554067592236,-0.3943503604907375,1,320.0,155.0,159.33353699713987,-0.3943503604907375
10.72335696220398,3.3460001945495605,-160.99017661639033,-149.3291485279334,0.3690301258825076,-0.3955437677100557,1,320.0,155.0,159.00982338360967,-0.3955437677100557
10.734270095825195,3.3410000801086426,-161.31389022992053,-149.6249106646639,0.3701331649999075,-0.39673879349744157,1,320.0,155.0,158.68610977007947,-0.39673879349744157
10.743865966796875,3.3410000801086426,-161.63760384345073,-149.93152688461853,0.3712507620982762,-0.3979354378528951,1,320.0,155.0,158.36239615654927,-0.3979354378528951
10.753532648086548,3.3390002250671387,-162.3068846215122,-150.66055234858362,0.3737539318338495,-0.4002586663323257,1,320.0,155.0,157.6931153784878,-0.4002586663323257
10.763182640075684,3.3390002250671387,-162.6329600921179,-150.97008535659518,0.37488022187024633,-0.40146312169751314,1,320.0,155.0,157.3670399078821,-0.40146312169751314
10.77380108833313,3.3360002040863037,-162.9590355627236,-151.2730814036285,0.3760001825337045,-0.4026692074400536,1,320.0,154.0,157.0409644372764,-0.4026692074400536
10.783233165740967,3.3360002040863037,-163.58968697416438,-151.8630525984707,0.3780428698345161,-0.4048688703203564,1,320.0,154.0,156.41031302583562,-0.4048688703203564
10.793600797653198,3.3360002040863037,-163.9178455539424,-152.17450362849561,0.3791774835886886,-0.40608224984385977,1,320.0,154.0,156.0821544460576,-0.40608224984385977
10.803191423416138,3.3360002040863037,-164.24600413372045,-152.48595465852054,0.3803136545980111,-0.407297270160262,1,320.0,154.0,155.75399586627955,-0.407297270160262
10.814118385314941,3.3350002765655518,-164.57416271349848,-152.79522412979512,0.38144875408418955,-0.40851393126956315,1,320.0,154.0,155.42583728650152,-0.40851393126956315
10.82377815246582,3.3350002765655518,-164.90232129327651,-153.10667515982004,0.3825880286960185,-0.4097322331717632,1,320.0,154.0,155.09767870672349,-0.4097322331717632
10.833159685134888,3.3350002765655518,-165.34311395918792,-153.5170630075348,0.3840512689820774,-0.41131921999151333,1,320.0,154.0,154.65688604081208,-0.41131921999151333
10.843520641326904,3.3350002765655518,-165.67204360580217,-153.82919133607226,0.3851949689330027,-0.4125422957854794,1,320.0,154.0,154.32795639419783,-0.4125422957854794
10.853739976882935,3.3350002765655518,-166.00097325241643,-154.1413196646097,0.3863402295255707,-0.41376701622767864,1,320.0,154.0,153.99902674758357,-0.41376701622767864
10.86398720741272,3.3350002765655518,-166.32990289903069,-154.45344799314717,0.3874870507597814,-0.41499338131811087,1,320.0,154.0,153.67009710096931,-0.41499338131811087
10.873446941375732,3.3350002765655518,-166.62506128880878,-154.8287797894808,0.3888414421600931,-0.4161113148093207,1,320.0,154.0,153.37493871119122,-0.4161113148093207
10.883902549743652,3.3350002765655518,-166.9537596624798,-155.1413409491708,0.38999222225646696,-0.4173405216560383,1,320.0,154.0,153.0462403375202,-0.4173405216560383
10.894274950027466,3.3360002040863037,-167.2824580361508,-155.45608366761115,0.39114719393693353,-0.4185713719946243,1,320.0,154.0,152.7175419638492,-0.4185713719946243
10.904036045074463,3.3360002040863037,-167.61115640982183,-155.76864482730116,0.392301110552698,-0.4198038658250786,1,320.0,154.0,152.38884359017817,-0.4198038658250786
10.913748502731323,3.3370001316070557,-167.7752573797183,-156.01232331286167,0.39322753838410474,-0.4205013836674173,1,320.0,154.0,152.2247426202817,-0.4205013836674173
10.923224210739136,3.3370001316070557,-168.10282815469455,-156.32439764599224,0.3943836495720914,-0.4217349827381623,1,320.0,154.0,151.89717184530545,-0.4217349827381623
10.934579849243164,3.3380000591278076,-168.4303989296708,-156.6386507926783,0.39554394660207803,-0.42297021966278214,1,320.0,154.0,151.5696010703292,-0.42297021966278214
10.943042993545532,3.3380000591278076,-168.75796970464702,-156.95072512580887,0.39670318942746374,-0.4242070944412768,1,320.0,154.0,151.24203029535298,-0.4242070944412768
10.953553915023804,3.3390002250671387,-168.8042639467325,-156.97193690134145,0.396911041381616,-0.4245283925648783,1,320.0,154.0,151.1957360532675,-0.4245283925648783
10.963481426239014,3.3390002250671387,-169.12990713408664,-157.28200302826872,0.39806953074907003,-0.4257648139253737,1,320.0,154.0,150.87009286591336,-0.4257648139253737
10.974801540374756,3.3400001525878906,-169.45555032144077,-157.5942452284087,0.39923219261538007,-0.42700286350180583,1,320.0,154.0,150.54444967855923,-0.42700286350180583
10.983353853225708,3.3400001525878906,-169.7811935087949,-157.90431135533598,0.40039379352446947,-0.4282425412941747,1,320.0,154.0,150.2188064912051,-0.4282425412941747
10.993728399276733,3.3410000801086426,-169.72176083750344,-157.72542482659492,0.39995771917079703,-0.42822789555424357,1,320.0,154.0,150.27823916249656,-0.42822789555424357
11.003234624862671,3.3410000801086426,-170.04476424039566,-158.0321241613778,0.4011159189933433,-0.4294657234589162,1,320.0,154.0,149.95523575960434,-0.4294657234589162
11.015216588973999,3.3420002460479736,-170.3677676432879,-158.3409973525619,0.40227827180952713,-0.43070516638060335,1,320.0,154.0,149.6322323567121,-0.43070516638060335
11.023650646209717,3.3420002460479736,-170.69077104618012,-158.6476966873448,0.4034395494947033,-0.43194622431930496,1,320.0,154.0,149.30922895381988,-0.43194622431930496
11.033968210220337,3.3430001735687256,-170.53664902092328,-158.3908668655672,0.40275954991932816,-0.4316324205919274,1,320.0,154.0,149.46335097907672,-0.4316324205919274
11.043359756469727,3.3430001735687256,-170.85638062200826,-158.69368700660485,0.4039164025236064,-0.43287038041633946,1,320.0,154.0,149.14361937799174,-0.43287038041633946
11.054655313491821,3.3440001010894775,-171.17611222309324,-158.99867775598173,0.40507738481163846,-0.43410993889875693,1,320.0,154.0,148.82388777690676,-0.43410993889875693
11.063579320907593,3.3440001010894775,-171.49584382417822,-159.30149789701937,0.4062372764703688,-0.43535109603917976,1,320.0,155.0,148.50415617582178,-0.43535109603917976
11.074061870574951,3.3450002670288086,-171.15552406138528,-158.97537518312927,0.40534211962870204,-0.43444025411406373,1,320.0,155.0,148.84447593861472,-0.43444025411406373
11.083482503890991,3.3450002670288086,-171.47072820970334,-159.2738663692972,0.40649667838395,-0.43567585273309395,1,320.0,155.0,148.52927179029666,-0.43567585273309395
11.095237970352173,3.3460001945495605,-171.7859323580214,-159.57452543892197,0.4076553418946943,-0.43691302737286575,1,320.0,155.0,148.2140676419786,-0.43691302737286575
11.104063987731934,3.3460001945495605,-172.10113650633946,-159.8730166250899,0.40881289640122126,-0.4381517780333791,1,320.0,155.0,147.89886349366054,-0.4381517780333791
11.113372325897217,3.3470001220703125,-171.69540887134548,-159.4855254848232,0.40772891990591664,-0.43703949014509813,1,320.0,155.0,148.30459112865452,-0.43703949014509813
11.123864650726318,3.3470001220703125,-172.0056667137614,-159.77929528847642,0.4088803401467429,-0.43827182788956603,1,320.0,155.0,147.9943332862386,-0.43827182788956603
11.1333327293396,3.3480000495910645,-172.31592455617732,-160.07523025615583,0.41003583825923895,-0.439505716923246,1,320.0,155.0,147.68407544382268,-0.439505716923246
11.144152402877808,3.3480000495910645,-172.62618239859324,-160.36900005980905,0.41119020702392184,-0.4407411572461381,1,320.0,156.0,147.37381760140676,-0.4407411572461381
11.15390396118164,3.3480000495910645,-172.0613181222429,-159.82379463221582,0.4096078249721686,-0.4391219541744971,1,320.0,156.0,147.9386818777571,-0.4391219541744971
11.163661241531372,3.3480000495910645,-172.36557038955672,-160.1118069208297,0.41075399875310936,-0.44034888474722145,1,320.0,156.0,147.63442961044328,-0.44034888474722145
11.174274682998657,3.3490002155303955,-172.66982265687054,-160.40198353144012,0.41190422060349907,-0.4415773365812824,1,320.0,156.0,147.33017734312946,-0.4415773365812824
11.183830261230469,3.3490002155303955,-172.97407492418435,-160.689995820054,0.41305328532893604,-0.4428073096766799,1,320.0,156.0,147.02592507581565,-0.4428073096766799
11.193258285522461,3.3500001430511475,-172.368468844085,-160.00799597505807,0.4110330403793822,-0.44106886012568736,1,320.0,156.0,147.631531155915,-0.44106886012568736
11.203821897506714,3.3500001430511475,-172.66647589606848,-160.28933531328718,0.41217209426182355,-0.4422898009675479,1,320.0,156.0,147.33352410393152,-0.4422898009675479
11.214010953903198,3.3500001430511475,-172.96448294805197,-160.5706746515163,0.41331255484095614,-0.44351223184466837,1,320.0,156.0,147.03551705194803,-0.44351223184466837
11.223791122436523,3.3500001430511475,-173.26249000003546,-160.85201398974542,0.4144544221167798,-0.4447361527570487,1,320.0,156.0,146.73750999996454,-0.4447361527570487
11.233160495758057,3.3510000705718994,-172.62188006138476,-160.1476408456752,0.41237534204931414,-0.4428974059078137,1,320.0,156.0,147.37811993861524,-0.4428974059078137
11.243667125701904,3.3510000705718994,-172.9134433656244,-160.42219828224162,0.41350692196460515,-0.44411184908972934,1,320.0,156.0,147.0865566343756,-0.44411184908972934
11.25359034538269,3.3510000705718994,-173.20500666986405,-160.69675571880805,0.41463987466707886,-0.4453277500881663,1,320.0,156.0,146.79499333013595,-0.4453277500881663
11.263328790664673,3.3510000705718994,-173.4965699741037,-160.97131315537447,0.41577420015673544,-0.4465451089031244,1,320.0,158.0,146.5034300258963,-0.4465451089031244
11.273860931396484,3.3520002365112305,-172.62362840471698,-160.14742739024356,0.41331918863126543,-0.4439619836360138,1,320.0,158.0,147.37637159528302,-0.4439619836360138
11.283260822296143,3.3520002365112305,-172.9071959972037,-160.4144278743291,0.4144416613515397,-0.44516680072698395,1,320.0,158.0,147.0928040027963,-0.44516680072698395
11.293169736862183,3.3520002365112305,-173.19076358969042,-160.68142835841465,0.4155654690742344,-0.44637303565591646,1,320.0,158.0,146.80923641030958,-0.44637303565591646
11.304160118103027,3.3520002365112305,-173.47433118217714,-160.9484288425002,0.41669061179934963,-0.4475806884228114,1,320.0,159.0,146.52566881782286,-0.4475806884228114
11.313738346099854,3.3520002365112305,-172.49481326889605,-160.01650615969612,0.41390246143009013,-0.4446656331903469,1,320.0,159.0,147.50518673110395,-0.4446656331903469
11.323304891586304,3.3520002365112305,-172.76970716870653,-160.27527355817935,0.41501435867606085,-0.445859354405963,1,320.0,159.0,147.23029283129347,-0.445859354405963
11.333820343017578,3.3520002365112305,-173.044601068517,-160.53404095666258,0.41612754975902416,-0.44705445009107814,1,320.0,159.0,146.955398931483,-0.44705445009107814
11.343711853027344,3.3520002365112305,-173.3194949683275,-160.7928083551458,0.41724203467897975,-0.44825092024569235,1,320.0,160.0,146.6805050316725,-0.44825092024569235
11.35387110710144,3.3520002365112305,-172.2461372664446,-159.7675463359072,0.4141650239073478,-0.44504626822957993,1,320.0,160.0,147.7538627335554,-0.44504626822957993
11.363704442977905,3.3520002365112305,-172.51177165472114,-160.01749528745634,0.41526505012564396,-0.4462275883537854,1,320.0,160.0,147.48822834527886,-0.4462275883537854
11.374256372451782,3.3520002365112305,-172.77740604299768,-160.26744423900547,0.416366326088698,-0.4474102366499323,1,320.0,160.0,147.22259395700232,-0.4474102366499323
11.383843898773193,3.3520002365112305,-173.04304043127422,-160.5173931905546,0.4174688517965097,-0.4485942131180205,1,320.0,161.0,146.95695956872578,-0.4485942131180205
11.393014430999756,3.3520002365112305,-171.88754689183304,-159.41031478018832,0.4141412369948906,-0.44513880628414537,1,320.0,161.0,148.11245310816696,-0.44513880628414537
11.403782606124878,3.3520002365112305,-172.14342043903957,-159.65094315746052,0.41522824576340456,-0.4463065716429885,1,320.0,161.0,147.85657956096043,-0.4463065716429885
11.414103746414185,3.3520002365112305,-172.3992939862461,-159.89157153473272,0.4163164576738049,-0.44747561636956756,1,320.0,161.0,147.6007060137539,-0.44747561636956756
11.42355728149414,3.3520002365112305,-172.65516753345264,-160.13219991200492,0.4174058727260916,-0.4486459404638826,1,320.0,162.0,147.34483246654736,-0.4486459404638826
11.433027744293213,3.3520002365112305,-171.42828637081567,-158.9538892321196,0.4138627337756999,-0.44497538724857943,1,320.0,162.0,148.57171362918433,-0.44497538724857943
11.443576097488403,3.3520002365112305,-171.67397512718222,-159.18477115745617,0.41493571594189105,-0.4461285836318552,1,320.0,162.0,148.32602487281778,-0.4461285836318552
11.453477144241333,3.3520002365112305,-171.91966388354876,-159.41565308279274,0.41600985251770894,-0.4472830084589128,1,320.0,162.0,148.08033611645124,-0.4472830084589128
11.463561773300171,3.3520002365112305,-172.1653526399153,-159.64653500812932,0.4170851435031535,-0.4484386617297522,1,320.0,163.0,147.8346473600847,-0.4484386617297522
11.47397518157959,3.3510000705718994,-170.87694641227975,-158.40454596684924,0.4133560122071757,-0.4445855726697918,1,320.0,163.0,149.12305358772025,-0.4445855726697918
11.483874559402466,3.3510000705718994,-171.1120972142501,-158.62532533493155,0.41441407407554914,-0.44572331411822746,1,320.0,163.0,148.8879027857499,-0.44572331411822746
11.493372440338135,3.3510000705718994,-171.34724801622045,-158.84610470301385,0.41547323984076295,-0.446862231320673,1,320.0,163.0,148.65275198377955,-0.446862231320673
11.504280090332031,3.3510000705718994,-171.5823988181908,-159.06688407109615,0.4165335095028172,-0.4480023242771284,1,320.0,164.0,148.4176011818092,-0.4480023242771284
11.513366460800171,3.3510000705718994,-170.24150865950335,-157.7744444835943,0.4126529839794035,-0.44399652861306066,1,320.0,164.0,149.75849134049665,-0.44399652861306066
11.52306056022644,3.3510000705718994,-170.46583301141723,-157.98482895087383,0.4136953694848933,-0.44511804700041446,1,320.0,164.0,149.53416698858277,-0.44511804700041446
11.534011840820312,3.3500001430511475,-170.6901573633311,-158.1930523240119,0.41473620279427903,-0.44624068700952774,1,320.0,164.0,149.3098426366689,-0.44624068700952774
11.54422402381897,3.3500001430511475,-170.914481715245,-158.40343679129143,0.41578068133897095,-0.44736444864040065,1,320.0,165.0,149.085518284755,-0.44736444864040065
11.553534507751465,3.3500001430511475,-169.5293864711772,-156.96541568038998,0.411442751489961,-0.4432331943007406,1,320.0,165.0,150.4706135288228,-0.4432331943007406
11.563307523727417,3.3500001430511475,-169.74265486649395,-157.16447637568842,0.4124674467061976,-0.44433782964945323,1,320.0,165.0,150.25734513350605,-0.44433782964945323
11.574026584625244,3.3500001430511475,-169.9559232618107,-157.36353707098687,0.41349313722591063,-0.44544353134014236,1,320.0,165.0,150.0440767381893,-0.44544353134014236
11.583844900131226,3.3500001430511475,-170.16919165712747,-157.5625977662853,0.41451982304910023,-0.44655029937280816,1,320.0,166.0,149.83080834287253,-0.44655029937280816
11.593868970870972,3.3500001430511475,-168.74746253275822,-156.09734099550488,0.4101120534516803,-0.4423184382666394,1,320.0,166.0,151.25253746724178,-0.4423184382666394
11.603450775146484,3.3500001430511475,-168.94949918317636,-156.28496853021178,0.41111863133597965,-0.4434056297430571,1,320.0,166.0,151.05050081682364,-0.4434056297430571
11.614404678344727,3.3490002155303955,-169.1515358335945,-156.4704336155327,0.4121235416064424,-0.4444938314027268,1,320.0,166.0,150.8484641664055,-0.4444938314027268
11.623340606689453,3.3490002155303955,-169.35357248401263,-156.6580611502396,0.41313198495384185,-0.44558304324564857,1,320.0,167.0,150.64642751598737,-0.44558304324564857
11.633999347686768,3.3490002155303955,-167.90212369767795,-155.0705492265073,0.40834399885667183,-0.441273203421375,1,320.0,167.0,152.09787630232205,-0.441273203421375
11.643516778945923,3.3490002155303955,-168.09280164176556,-155.24598234609815,0.40933074851191137,-0.44234248096248896,1,320.0,167.0,151.90719835823444,-0.44234248096248896
11.654122114181519,3.3490002155303955,-168.28347958585317,-155.421415465689,0.41031837533274884,-0.4434127118933233,1,320.0,167.0,151.71652041414683,-0.4434127118933233
11.663556814193726,3.3490002155303955,-168.47415752994078,-155.59684858527984,0.41130687931918425,-0.4444838962138781,1,320.0,170.0,151.52584247005922,-0.4444838962138781
11.673038244247437,3.3490002155303955,-166.79709280045236,-154.10457556662288,0.4068498012869484,-0.4394562876888619,1,320.0,170.0,153.20290719954764,-0.4394562876888619
11.683311939239502,3.3490002155303955,-166.97494035682786,-154.26855244192146,0.4078179162995163,-0.44050457945829663,1,320.0,170.0,153.02505964317214,-0.44050457945829663
11.693176507949829,3.3490002155303955,-167.15278791320335,-154.43252931722003,0.40878685119646074,-0.44155376046551326,1,320.0,170.0,152.84721208679665,-0.44155376046551326
11.703962802886963,3.3490002155303955,-167.33063546957885,-154.5965061925186,0.4097566059777816,-0.44260383071051174,1,320.0,170.0,152.66936453042115,-0.44260383071051174
11.713574647903442,3.3480000495910645,-165.7564743319713,-152.98967167592969,0.40494853484514504,-0.4379330899187125,1,320.0,170.0,154.2435256680287,-0.4379330899187125
11.722942352294922,3.3480000495910645,-165.92228678901904,-153.14149915765788,0.4058964353190072,-0.4389616763011149,1,320.0,170.0,154.07771321098096,-0.4389616763011149
11.733680248260498,3.3480000495910645,-166.08809924606678,-153.29332663938607,0.4068450949302779,-0.43999109174580253,1,320.0,170.0,153.91190075393322,-0.43999109174580253
11.743369817733765,3.3480000495910645,-166.2539117031145,-153.44515412111426,0.4077945136789573,-0.44102133625277534,1,320.0,173.0,153.7460882968855,-0.44102133625277534
11.753447532653809,3.3480000495910645,-164.47340534899098,-151.84352446127085,0.4030183637305216,-0.4356962467205631,1,320.0,173.0,155.52659465100902,-0.4356962467205631
11.763964414596558,3.3480000495910645,-164.62584830959202,-151.98330723640262,0.40394601959686177,-0.4367023075148323,1,320.0,173.0,155.37415169040798,-0.4367023075148323
11.7737877368927,3.3480000495910645,-164.77829127019305,-152.1230900115344,0.4048743743770776,-0.43770913052390453,1,320.0,173.0,155.22170872980695,-0.43770913052390453
11.783373594284058,3.3480000495910645,-164.9307342307941,-152.26287278666618,0.40580342807116904,-0.4387167157477797,1,320.0,173.0,155.0692657692059,-0.4387167157477797
11.793753862380981,3.3480000495910645,-163.27071280358274,-150.56663750677754,0.40073736057410203,-0.43380616147065587,1,320.0,173.0,156.72928719641726,-0.43380616147065587
11.803292036056519,3.3480000495910645,-163.4107061570888,-150.69380888741352,0.4016434352753023,-0.43479120702564866,1,320.0,173.0,156.5892938429112,-0.43479120702564866
11.813977003097534,3.3470001220703125,-163.55069951059488,-150.81881510402332,0.40254753681075417,-0.4357769525474089,1,320.0,173.0,156.44930048940512,-0.4357769525474089
11.823575735092163,3.3470001220703125,-163.69069286410095,-150.9459864846593,0.4034548723999406,-0.43676339803593667,1,320.0,175.0,156.30930713589905,-0.43676339803593667
11.833168029785156,3.3470001220703125,-161.94149546187342,-149.26903950498843,0.3984713431764343,-0.4315812317391439,1,320.0,175.0,158.05850453812658,-0.4315812317391439
11.843620777130127,3.3470001220703125,-162.06851269240806,-149.38381909213967,0.39935599777647646,-0.43254399497924756,1,320.0,175.0,157.93148730759194,-0.43254399497924756
11.853805303573608,3.3470001220703125,-162.1955299229427,-149.49859867929092,0.40024122627445446,-0.4335073933055038,1,320.0,175.0,157.8044700770573,-0.4335073933055038
11.864053010940552,3.3470001220703125,-162.32254715347736,-149.61337826644217,0.4011270286703682,-0.43447142671791283,1,320.0,176.0,157.67745284652264,-0.43447142671791283
11.873579025268555,3.3470001220703125,-160.59766498556473,-147.7555909856188,0.3955719968780711,-0.42938872620021573,1,320.0,176.0,159.40233501443527,-0.42938872620021573
11.882998704910278,3.3470001220703125,-160.71196278196228,-147.85682235606924,0.396432758634392,-0.4303294433698026,1,320.0,176.0,159.28803721803772,-0.4303294433698026
11.893335580825806,3.3470001220703125,-160.82626057835984,-147.9580537265197,0.39729402654756507,-0.43127073202837146,1,320.0,176.0,159.17373942164016,-0.43127073202837146
11.903834819793701,3.3470001220703125,-160.9405583747574,-148.05928509697014,0.3981558006175905,-0.43221259217592234,1,320.0,178.0,159.0594416252426,-0.43221259217592234
11.91355299949646,3.3470001220703125,-159.14056851070026,-146.34509672005817,0.3930900090821044,-0.4269041087601815,1,320.0,178.0,160.85943148929974,-0.4269041087601815
11.923070907592773,3.3470001220703125,-159.2417189790264,-146.43385978728597,0.39392869406171416,-0.4278216979170679,1,320.0,178.0,160.7582810209736,-0.4278216979170679
11.934048891067505,3.3460001945495605,-159.3428694473525,-146.52045633141228,0.3947652121963228,-0.42873979282629604,1,320.0,178.0,160.6571305526475,-0.42873979282629604
11.943827390670776,3.3460001945495605,-159.44401991567864,-146.60921939864008,0.3956047739739894,-0.42965839348786583,1,320.0,180.0,160.55598008432136,-0.42965839348786583
11.954119205474854,3.3460001945495605,-157.58006974974992,-144.8268304683337,0.39033490735213816,-0.42416085722365815,1,320.0,180.0,162.41993025025008,-0.42416085722365815
11.963853597640991,3.3460001945495605,-157.66772456336324,-144.9027430887021,0.3911505162120238,-0.4250543816228109,1,320.0,180.0,162.33227543663676,-0.4250543816228109
11.974327802658081,3.3460001945495605,-157.75537937697655,-144.9786557090705,0.39196650463501115,-0.4259483442960318,1,320.0,180.0,162.24462062302345,-0.4259483442960318
11.983794212341309,3.3460001945495605,-157.84303419058986,-145.0545683294389,0.3927828726211004,-0.42684274524332066,1,320.0,181.0,162.15696580941014,-0.42684274524332066
11.993051528930664,3.3460001945495605,-156.02639027056745,-143.315445083392,0.3876731724266551,-0.4215196759693186,1,320.0,181.0,163.97360972943255,-0.4215196759693186
12.003502607345581,3.3460001945495605,-156.10096765577634,-143.3788932720117,0.3884662047193589,-0.42238967366984814,1,320.0,181.0,163.89903234422366,-0.42238967366984814
12.014108180999756,3.3450002670288086,-156.17554504098524,-143.44017357717456,0.3892569419534402,-0.4232600442573038,1,320.0,181.0,163.82445495901476,-0.4232600442573038
12.023951292037964,3.3450002670288086,-156.25012242619414,-143.50362176579426,0.39005059788861274,-0.42413078773168544,1,320.0,182.0,163.74987757380586,-0.42413078773168544
12.033226490020752,3.3450002670288086,-154.48037879699748,-141.70649102114248,0.384769613890657,-0.41898003048290483,1,320.0,182.0,165.51962120300252,-0.41898003048290483
12.043560028076172,3.3450002670288086,-154.54229129291394,-141.75716267789724,0.3855392056921522,-0.41982703693446916,1,320.0,182.0,165.45770870708606,-0.41982703693446916
12.05371880531311,3.3450002670288086,-154.6042037888304,-141.807834334652,0.3863090508519312,-0.4206743529485131,1,320.0,182.0,165.3957962111696,-0.4206743529485131
12.0640549659729,3.3450002670288086,-154.66611628474686,-141.85850599140676,0.3870791493699939,-0.42152197852503653,1,320.0,183.0,165.33388371525314,-0.42152197852503653
12.073407411575317,3.3450002670288086,-152.94277840400872,-140.11384526486108,0.38198777294127384,-0.4165411029313832,1,320.0,183.0,167.05722159599128,-0.4165411029313832
12.083812952041626,3.3450002670288086,-152.9924322864959,-140.1521890790052,0.3827345464636418,-0.41736564975180035,1,320.0,183.0,167.0075677135041,-0.41736564975180035
12.093626976013184,3.3450002670288086,-153.04208616898308,-140.19053289314934,0.3834815117050805,-0.4181904448416298,1,320.0,183.0,166.95791383101692,-0.4181904448416298
12.103972434997559,3.3450002670288086,-153.09174005147025,-140.22887670729347,0.3842286686655899,-0.41901548820087176,1,320.0,185.0,166.90825994852975,-0.41901548820087176
12.114029169082642,3.3440001010894775,-151.31318257598403,-138.5333933862915,0.3793197591145898,-0.4138718995367362,1,320.0,185.0,168.68681742401597,-0.4138718995367362
12.123426675796509,3.3440001010894775,-151.35028350644976,-138.5598472119932,0.38004430294149183,-0.4146731720708273,1,320.0,185.0,168.64971649355024,-0.4146731720708273
12.133980989456177,3.3440001010894775,-151.38738443691548,-138.5863010376949,0.3807689790375224,-0.41547463010957075,1,320.0,185.0,168.61261556308452,-0.41547463010957075
12.143702030181885,3.3440001010894775,-151.4244853673812,-138.61275486339662,0.38149378740268136,-0.4162762736529665,1,320.0,186.0,168.5755146326188,-0.4162762736529665
12.153965711593628,3.3440001010894775,-149.70084869932194,-136.8685867184931,0.3764380602095279,-0.4113297050433937,1,320.0,186.0,170.29915130067806,-0.4113297050433937
12.16394829750061,3.3440001010894775,-149.725860600283,-136.88288364968528,0.37713963094520697,-0.4121083486275484,1,320.0,186.0,170.274139399717,-0.4121083486275484
12.174051761627197,3.3440001010894775,-149.75087250124406,-136.89718058087746,0.37784127316554195,-0.4128871172712079,1,320.0,186.0,170.24912749875594,-0.4128871172712079
12.183812618255615,3.3440001010894775,-149.77588440220512,-136.91147751206964,0.3785429868705329,-0.41366601097437217,1,320.0,187.0,170.22411559779488,-0.41366601097437217
12.193008184432983,3.3430001735687256,-148.10574199001627,-135.22388819252006,0.37369316216866144,-0.40891092661944517,1,320.0,187.0,171.89425800998373,-0.40891092661944517
12.204105377197266,3.3430001735687256,-148.11911575040983,-135.226515667181,0.3743724477165905,-0.4096675707106695,1,320.0,187.0,171.88088424959017,-0.4096675707106695
12.213271617889404,3.3420002460479736,-148.1324895108034,-135.22697116929726,0.3750491291749765,-0.41042428167069583,1,320.0,187.0,171.8675104891966,-0.41042428167069583
12.224157571792603,3.3420002460479736,-148.14586327119696,-135.22959864395818,0.3757284301377894,-0.4111810594995241,1,320.0,189.0,171.85413672880304,-0.4111810594995241
12.233450174331665,3.3400001525878906,-146.42673892848245,-133.5966640576772,0.3710773170422444,-0.4062820677969281,1,320.0,189.0,173.57326107151755,-0.4062820677969281
12.244042158126831,3.3400001525878906,-146.42821876825607,-133.58809294929713,0.3717349721769348,-0.4070159846984977,1,320.0,189.0,173.57178123174393,-0.4070159846984977
12.253844261169434,3.3340001106262207,-146.4296986080297,-133.56644379402843,0.3723768254095825,-0.4077499089992662,1,320.0,189.0,173.5703013919703,-0.4077499089992662
12.263778448104858,3.3340001106262207,-146.43117844780332,-133.55787268564836,0.37303432944295467,-0.40848384069923355,1,320.0,189.0,173.56882155219668,-0.40848384069923355
12.27295708656311,3.330000162124634,-144.8734558027856,-131.9754915023954,0.3685721736601706,-0.40412783659554036,1,320.0,189.0,175.1265441972144,-0.40412783659554036
12.283347606658936,3.330000162124634,-144.8642319618636,-131.95617647461404,0.36920877650920597,-0.4048410891462433,1,320.0,189.0,175.1357680381364,-0.4048410891462433
12.294171571731567,3.321000099182129,-144.8550081209416,-131.91710156088075,0.3698214721205304,-0.4055542955777416,1,320.0,189.0,175.1449918790584,-0.4055542955777416
12.303846836090088,3.321000099182129,-144.8457842800196,-131.89778653309938,0.3704577830198583,-0.4062674558900353,1,320.0,190.0,175.1542157199804,-0.4062674558900353
12.313036918640137,3.314000129699707,-143.3365407342173,-130.3618104239726,0.36617489032827505,-0.40208397641355076,1,320.0,190.0,176.6634592657827,-0.40208397641355076
12.323549509048462,3.314000129699707,-143.31701999354465,-130.33219029481538,0.3667910071247604,-0.40277713662471126,1,320.0,190.0,176.68298000645535,-0.40277713662471126
12.33309268951416,3.314000129699707,-143.297499252872,-130.30257016565815,0.3674069758206001,-0.4034701992321685,1,320.0,190.0,176.702500747128,-0.4034701992321685
12.343701839447021,3.3010001182556152,-143.27797851219935,-130.24408070311335,0.3679880088690619,-0.40416316423592225,1,320.0,190.0,176.72202148780065,-0.40416316423592225
12.353115797042847,3.2920000553131104,-141.91687791601916,-128.85576055840355,0.36420983936898,-0.40047677197947706,1,320.0,190.0,178.08312208398084,-0.40047677197947706
12.363776445388794,3.2920000553131104,-141.8881483222445,-128.81695221548225,0.3648073541185518,-0.4011517372085587,1,320.0,190.0,178.1118516777555,-0.4011517372085587
12.373215913772583,3.2770001888275146,-141.85941872846982,-128.7443411652815,0.3653639425641373,-0.40182655878967144,1,320.0,190.0,178.14058127153018,-0.40182655878967144
12.38384461402893,3.2770001888275146,-141.83068913469515,-128.7055328223602,0.3659609002167436,-0.4025012367228153,1,320.0,190.0,178.16931086530485,-0.4025012367228153
12.3932204246521,3.2770001888275146,-140.6066353916064,-127.37714274888859,0.3623482606988242,-0.3992740398537199,1,320.0,190.0,179.3933646083936,-0.3992740398537199
12.403644323348999,3.266000270843506,-140.5697012459839,-127.30448669256599,0.3628975958646999,-0.3999325673852029,1,320.0,190.0,179.4302987540161,-0.3999325673852029
12.413565635681152,3.266000270843506,-140.5327671003614,-127.25682682583304,0.36347668815874956,-0.40059091024595767,1,320.0,190.0,179.4672328996386,-0.40059091024595767
12.42322850227356,3.249000072479248,-140.49583295473892,-127.17018557441133,0.36400856958491556,-0.4012490684359844,1,320.0,190.0,179.50416704526108,-0.4012490684359844
12.43445634841919,3.249000072479248,-139.39846402299463,-125.98162769447552,0.3608630184989984,-0.39844570774974664,1,320.0,190.0,180.60153597700537,-0.39844570774974664
12.443978548049927,3.2360000610351562,-139.3542515097446,-125.89603749586367,0.36138979044814346,-0.39908942399139535,1,320.0,190.0,180.6457484902554,-0.39908942399139535
12.45366382598877,3.2360000610351562,-139.3100389964946,-125.84054699656916,0.36195240458397293,-0.3997329191704778,1,320.0,190.0,180.6899610035054,-0.3997329191704778
12.463823795318604,3.2170002460479736,-139.26582648324458,-125.74060460641502,0.36246117673882006,-0.40037619328699403,1,320.0,190.0,180.73417351675542,-0.40037619328699403
12.473365783691406,3.2170002460479736,-139.22161396999456,-125.68511410712051,0.3630230137102022,-0.40101924634094394,1,320.0,189.0,180.77838603000544,-0.40101924634094394
12.48378300666809,3.204000234603882,-138.3274141920403,-124.47388904220156,0.35987656421227776,-0.39888849528070736,1,320.0,189.0,181.6725858079597,-0.39888849528070736
12.493212699890137,3.204000234603882,-138.27737051746476,-124.41068071335627,0.36042276762123016,-0.39951982972380407,1,320.0,189.0,181.72262948253524,-0.39951982972380407
12.503767013549805,3.184000253677368,-138.22732684288923,-124.299672619951,0.3609110562722436,-0.40015091394852786,1,320.0,189.0,181.77267315711077,-0.40015091394852786
12.513614892959595,3.184000253677368,-138.1772831683137,-124.2364642911057,0.3614563885990848,-0.40078174795487875,1,320.0,190.0,181.8227168316863,-0.40078174795487875
12.523087501525879,3.1700000762939453,-137.28470140563294,-123.26243404514987,0.35909999318464725,-0.39866405331026916,1,320.0,190.0,182.71529859436706,-0.39866405331026916
12.534111022949219,3.1700000762939453,-137.2288809976027,-123.1932128120062,0.3596328937689348,-0.3992832132256208,1,320.0,190.0,182.7711190023973,-0.3992832132256208
12.543716669082642,3.1490001678466797,-137.17306058957243,-123.07264072893702,0.3601035704728965,-0.3999020940389324,1,320.0,189.0,182.82693941042757,-0.3999020940389324
12.55351710319519,3.1490001678466797,-136.49754332213791,-122.25724459168927,0.3582016802000844,-0.3984993946215471,1,320.0,189.0,183.50245667786209,-0.3984993946215471
12.564007997512817,3.135000228881836,-136.4374743593974,-122.14827103818106,0.3586816532910655,-0.3991094992380555,1,320.0,189.0,183.5625256406026,-0.3991094992380555
12.573510885238647,3.135000228881836,-136.3774053966569,-122.07393413460048,0.35920281867744175,-0.39971930350975016,1,320.0,189.0,183.6225946033431,-0.39971930350975016
12.584737777709961,3.1130001544952393,-136.3173364339164,-121.94450423925292,0.35965722532422095,-0.40032880743663113,1,320.0,189.0,183.6826635660836,-0.40032880743663113
12.593299627304077,3.1130001544952393,-136.2572674711759,-121.87016733567233,0.3601773718766026,-0.4009380110186984,1,320.0,189.0,183.7427325288241,-0.4009380110186984
12.603912830352783,3.0990002155303955,-135.6566439360271,-121.21331494085291,0.3588702785766992,-0.3997839195574546,1,320.0,189.0,184.3433560639729,-0.3997839195574546
12.613724708557129,3.0990002155303955,-135.59286955182412,-121.1352282472696,0.35938225068563556,-0.40038535464417024,1,320.0,189.0,184.40713044817588,-0.40038535464417024
12.623586416244507,3.077000141143799,-135.52909516762114,-121.0006854682018,0.3598258027780952,-0.40098647085896477,1,320.0,189.0,184.47090483237886,-0.40098647085896477
12.633209943771362,3.077000141143799,-135.0114775012218,-120.46739417794919,0.35885209725265027,-0.4001070935363921,1,320.0,189.0,184.9885224987782,-0.4001070935363921
12.64354157447815,3.062000036239624,-134.94459213865082,-120.34720346940186,0.35930960441974047,-0.4007015540620002,1,320.0,189.0,185.05540786134918,-0.4007015540620002
12.653262853622437,3.062000036239624,-134.87770677607983,-120.26599646599176,0.35981348599797836,-0.4012956801607954,1,320.0,189.0,185.12229322392017,-0.4012956801607954
12.664214372634888,3.0400002002716064,-134.81082141350885,-120.12687964564557,0.36024718021179114,-0.4018894718327778,1,320.0,188.0,185.18917858649115,-0.4018894718327778
12.674134969711304,3.0400002002716064,-134.46196004008166,-119.6678982897678,0.359517653394863,-0.4015631182263342,1,320.0,188.0,185.53803995991834,-0.4015631182263342
12.683557510375977,3.0250000953674316,-134.39314124498225,-119.54410653249764,0.3599668238188013,-0.40215250137843983,1,320.0,188.0,185.60685875501775,-0.40215250137843983
12.693094968795776,3.0250000953674316,-134.32432244988283,-119.46030923348313,0.3604635686061513,-0.40274154043656996,1,320.0,188.0,185.67567755011717,-0.40274154043656996
12.703980684280396,3.004000186920166,-134.2555036547834,-119.31981157388012,0.3608915704724971,-0.4033302354007246,1,320.0,188.0,185.7444963452166,-0.4033302354007246
12.71357274055481,3.004000186920166,-134.186684859684,-119.23601427486561,0.361387193785054,-0.4039185862709037,1,320.0,187.0,185.813315140316,-0.4039185862709037
12.72308874130249,2.989000082015991,-133.99592067063716,-118.7030739703938,0.36049851414987044,-0.40410515658581336,1,320.0,187.0,186.00407932936284,-0.40410515658581336
12.733537197113037,2.989000082015991,-133.9262658508669,-118.61647866361437,0.360984420246211,-0.40468751918649276,1,320.0,187.0,186.0737341491331,-0.40468751918649276
12.743407487869263,2.9670002460479736,-133.85661103109666,-118.46893433882802,0.3613899381139512,-0.4052621733698517,1,320.0,186.0,186.14338896890334,-0.4052621733698517
12.753281831741333,2.9670002460479736,-133.80131758388944,-118.25148598223944,0.3614413785407663,-0.4058833260918209,1,320.0,186.0,186.19868241611056,-0.4058833260918209
12.764196634292603,2.953000068664551,-133.73176122010952,-118.12470714461607,0.3618659878385293,-0.4064528038023988,1,320.0,186.0,186.26823877989048,-0.4064528038023988
12.773670673370361,2.953000068664551,-133.6622048563296,-118.03721476016887,0.3623373136985216,-0.4070219419040185,1,320.0,186.0,186.3377951436704,-0.4070219419040185
12.783620357513428,2.931000232696533,-133.59264849254967,-117.88718572544596,0.3627263793145235,-0.4075833928557968,1,320.0,186.0,186.40735150745033,-0.4075833928557968
12.793527126312256,2.931000232696533,-133.52309212876975,-117.79969334099876,0.36319006654131947,-0.4081445080241884,1,320.0,185.0,186.47690787123025,-0.4081445080241884
12.803236246109009,2.9160001277923584,-133.60509795879196,-117.5931454948895,0.36334950583444037,-0.4091945746612258,1,320.0,185.0,186.39490204120804,-0.4091945746612258
12.8138108253479,2.9160001277923584,-133.53658056560906,-117.5051331954555,0.36380674070066643,-0.40975199405297796,1,320.0,185.0,186.46341943439094,-0.40975199405297796
12.82370114326477,2.8950002193450928,-133.46806317242616,-117.355828939716,0.3641835488977345,-0.4103020782036268,1,320.0,185.0,186.53193682757384,-0.4103020782036268
12.833419561386108,2.8950002193450928,-133.39954577924325,-117.267816640282,0.36463349048405236,-0.41085183775308787,1,320.0,185.0,186.60045422075675,-0.41085183775308787
12.84395718574524,2.88100004196167,-133.49488378076765,-117.20888612411082,0.36525882375608065,-0.4119308665645311,1,320.0,185.0,186.50511621923235,-0.4119308665645311
12.853729486465454,2.88100004196167,-133.4274892659335,-117.12135674165062,0.3657045516894925,-0.4124774359290003,1,320.0,185.0,186.5725107340665,-0.4124774359290003
12.864805936813354,2.8590002059936523,-133.36009475109935,-116.96792352873382,0.3660640403188288,-0.41301635362023337,1,320.0,185.0,186.63990524890065,-0.41301635362023337
12.873234510421753,2.8590002059936523,-133.2927002362652,-116.8803941462736,0.36650220675186296,-0.41355495809542403,1,320.0,184.0,186.7072997637348,-0.41355495809542403
12.883677005767822,2.8450000286102295,-133.50192101666772,-116.84931199847071,0.36720725393930026,-0.41499035047549415,1,320.0,184.0,186.49807898333228,-0.41499035047549415
12.893097877502441,2.8450000286102295,-133.43642166791142,-116.76246054369335,0.3676415990511767,-0.41552722676147397,1,320.0,184.0,186.56357833208858,-0.41552722676147397
12.904696941375732,2.824000120162964,-133.3709223191551,-116.61101964471229,0.36799161625701016,-0.4160567989888073,1,320.0,184.0,186.6290776808449,-0.4160567989888073
12.913827419281006,2.824000120162964,-133.3054229703988,-116.52416818993493,0.36841874475322817,-0.41658607253909075,1,320.0,183.0,186.6945770296012,-0.41658607253909075
12.92328405380249,2.81000018119812,-133.61675778108557,-116.61987331500812,0.36952611858780465,-0.4183387055521486,1,320.0,183.0,186.38324221891443,-0.4183387055521486
12.933656454086304,2.81000018119812,-133.55383981683175,-116.53457126924712,0.3699510751206744,-0.4188675351807144,1,320.0,183.0,186.44616018316825,-0.4188675351807144
12.94430685043335,2.7890000343322754,-133.49092185257794,-116.38295472074456,0.3702896580374491,-0.4193890717830531,1,320.0,183.0,186.50907814742206,-0.4193890717830531
12.95311188697815,2.7890000343322754,-133.42800388832413,-116.29765267498357,0.3707074368441067,-0.4199103269847913,1,320.0,182.0,186.57199611167587,-0.4199103269847913
12.964056253433228,2.7750000953674316,-133.830719055841,-116.50711459018204,0.3721735478433444,-0.42194426739093593,1,320.0,182.0,186.169280944159,-0.42194426739093593
12.973422527313232,2.7750000953674316,-133.77099045277853,-116.42413839892846,0.37259060855574294,-0.4224662018692887,1,320.0,182.0,186.22900954722147,-0.4224662018692887
12.984286308288574,2.755000114440918,-133.71126184971607,-116.2763221829277,0.3729233914933866,-0.42298118574523447,1,320.0,182.0,186.28873815028393,-0.42298118574523447
12.994034767150879,2.755000114440918,-133.6515332466536,-116.19334599167412,0.37333361840266394,-0.42349590756191724,1,320.0,181.0,186.3484667533464,-0.42349590756191724
13.00368857383728,2.741000175476074,-134.13582130280577,-116.40297254633678,0.37478752951363326,-0.4257786985086942,1,320.0,181.0,185.86417869719423,-0.4257786985086942
13.013219356536865,2.741000175476074,-134.07981876327105,-116.32231540593754,0.37519703387398795,-0.4262950779312392,1,320.0,181.0,185.92018123672895,-0.4262950779312392
13.024898290634155,2.7210001945495605,-134.02381622373633,-116.17509193506066,0.3755202090984908,-0.4268045124182859,1,320.0,181.0,185.97618377626367,-0.4268045124182859
13.03360104560852,2.7210001945495605,-133.96781368420162,-116.09443479466142,0.3759229168921811,-0.427313705954379,1,320.0,180.0,186.03218631579838,-0.427313705954379
13.042891263961792,2.7070000171661377,-134.52470093741414,-116.40499404776448,0.37769321125036703,-0.4298153756128207,1,320.0,180.0,185.47529906258586,-0.4298153756128207
13.053374528884888,2.7070000171661377,-134.47289613383796,-116.3273397904898,0.37809645306918555,-0.43032707293855144,1,320.0,180.0,185.52710386616204,-0.43032707293855144
13.065679550170898,2.687000036239624,-134.4210913302618,-116.18132301276923,0.3784112276762532,-0.4308318281391238,1,320.0,180.0,185.5789086697382,-0.4308318281391238
13.07333493232727,2.687000036239624,-134.3692865266856,-116.10366875549455,0.37880770980101874,-0.4313363648529324,1,320.0,179.0,185.6307134733144,-0.4313363648529324
13.084179878234863,2.6730000972747803,-134.99055387150008,-116.50437742239734,0.38085841963846245,-0.43402948650079565,1,320.0,179.0,185.00944612849992,-0.43402948650079565
13.093844890594482,2.6730000972747803,-134.94335907728956,-116.43033176462353,0.3812565347400537,-0.43453725337990023,1,320.0,179.0,185.05664092271044,-0.43453725337990023
13.104370594024658,2.6530001163482666,-134.89616428307903,-116.28605371515549,0.38156395323149417,-0.43503807806498485,1,320.0,179.0,185.10383571692097,-0.43503807806498485
13.113996028900146,2.6530001163482666,-134.8489694888685,-116.21200805738168,0.38195534459926533,-0.4355387077175686,1,320.0,178.0,185.1510305111315,-0.4355387077175686
13.123368501663208,2.639000177383423,-135.52708393957656,-116.79439217180455,0.3845840374784315,-0.4383981639585087,1,320.0,178.0,184.47291606042344,-0.4383981639585087
13.133736371994019,2.639000177383423,-135.48485713407786,-116.72518407025787,0.38497926925006615,-0.43890264105409915,1,320.0,178.0,184.51514286592214,-0.43890264105409915
13.14437747001648,2.619000196456909,-135.44263032857916,-116.58379592494929,0.3852814764469613,-0.43940017300027717,1,320.0,178.0,184.55736967142084,-0.43940017300027717
13.154189586639404,2.619000196456909,-135.40040352308046,-116.51458782340261,0.38567001957654573,-0.4398975340334393,1,320.0,177.0,184.59959647691954,-0.4398975340334393
13.163792133331299,2.6060001850128174,-136.12845849111002,-117.06057943591439,0.3881571311689834,-0.4429006529298021,1,320.0,177.0,183.87154150888998,-0.4429006529298021
13.173262357711792,2.6060001850128174,-136.0915080093144,-116.99591107895719,0.38854926777773113,-0.4434027198192514,1,320.0,177.0,183.9084919906856,-0.4434027198192514
13.183207988739014,2.5860002040863037,-136.05455752751877,-116.8570937825522,0.3888460254585153,-0.4438978356311104,1,320.0,177.0,183.94544247248123,-0.4438978356311104
13.194253921508789,2.5860002040863037,-136.01760704572314,-116.792425425595,0.3892315054565685,-0.44439280493429034,1,320.0,175.0,183.98239295427686,-0.44439280493429034
13.203874349594116,2.573000192642212,-136.8905693977847,-117.40209408294166,0.3919110245917533,-0.4478486424896503,1,320.0,175.0,183.1094306022153,-0.4478486424896503
13.213274002075195,2.573000192642212,-136.85985211766507,-117.34237983583395,0.39230081646044124,-0.4483499831878719,1,320.0,175.0,183.14014788233493,-0.4483499831878719
13.223565340042114,2.5530002117156982,-136.82913483754544,-117.20646608046857,0.3925927741205963,-0.4488443616401573,1,320.0,175.0,183.17086516245456,-0.4488443616401573
13.23314642906189,2.5530002117156982,-136.7984175574258,-117.14675183336087,0.3929759393500646,-0.4493386208325864,1,320.0,175.0,183.2015824425742,-0.4493386208325864
13.2430100440979,2.5390000343322754,-137.59810918404625,-117.80848515518105,0.395817241000776,-0.4525343614886758,1,320.0,175.0,182.40189081595375,-0.4525343614886758
13.253445148468018,2.5390000343322754,-137.57308091048412,-117.75408408643261,0.3962050185669073,-0.4530336400010123,1,320.0,175.0,182.42691908951588,-0.4530336400010123
13.266122341156006,2.5190000534057617,-137.548052636922,-117.62128052632275,0.3964923211232783,-0.4535259448209911,1,320.0,175.0,182.451947363078,-0.4535259448209911
13.273938417434692,2.5190000534057617,-137.52302436335987,-117.56687945757432,0.39687350008121725,-0.45401815459609773,1,320.0,173.0,182.47697563664013,-0.45401815459609773
13.283453702926636,2.50600004196167,-138.45713894697528,-118.28130428446208,0.39986262131004247,-0.4576318258595442,1,320.0,173.0,181.54286105302472,-0.4576318258595442
13.294189929962158,2.50600004196167,-138.43868214881465,-118.23252482342538,0.4002492314251618,-0.4581308993545645,1,320.0,173.0,181.56131785118535,-0.4581308993545645
13.304221630096436,2.4860000610351562,-138.42022535065402,-118.10311204551785,0.400532689170943,-0.4586229823550707,1,320.0,173.0,181.57977464934598,-0.4586229823550707
13.31392216682434,2.4860000610351562,-138.4017685524934,-118.05433258448114,0.4009127256812639,-0.4591149967885689,1,320.0,172.0,181.5982314475066,-0.4591149967885689
13.323639631271362,2.4730000495910645,-139.35438475128245,-118.81107845794762,0.40402344864614287,-0.46276743908891116,1,320.0,172.0,180.64561524871755,-0.46276743908891116
13.333434343338013,2.4730000495910645,-139.34258172086405,-118.76818268392947,0.40440933756477926,-0.4632664045268715,1,320.0,172.0,180.65741827913595,-0.4632664045268715
13.344372034072876,2.453000068664551,-139.33077869044564,-118.64232618228208,0.4046892780330259,-0.4637583599678802,1,320.0,172.0,180.66922130955436,-0.4637583599678802
13.354212999343872,2.453000068664551,-139.31897566002723,-118.59943040826393,0.40506861555552104,-0.4642502725343789,1,320.0,171.0,180.68102433997277,-0.4642502725343789
13.364168167114258,2.440000057220459,-140.28633116869878,-119.39250175100445,0.4082811263295312,-0.46792904921113343,1,320.0,171.0,179.71366883130122,-0.46792904921113343
13.373748302459717,2.440000057220459,-140.2812378691273,-119.3557093507841,0.4086666560200036,-0.4684279497280439,1,320.0,171.0,179.7187621308727,-0.4684279497280439
13.3839590549469,2.4200000762939453,-140.2761445695558,-119.23352656970536,0.4089433157247736,-0.4689198181085356,1,320.0,171.0,179.7238554304442,-0.4689198181085356
13.39376711845398,2.4200000762939453,-140.27105126998433,-119.19673416948501,0.4093223132735458,-0.46941166840781284,1,320.0,169.0,179.72894873001567,-0.46941166840781284
13.404011249542236,2.4070000648498535,-141.35083461631115,-120.02062578052673,0.41261845333225866,-0.4734350446725174,1,320.0,169.0,178.64916538368885,-0.4734350446725174
13.413818597793579,2.4070000648498535,-141.3531760989578,-119.99011770548913,0.41300390890069594,-0.4739350642715383,1,320.0,169.0,178.6468239010422,-0.4739350642715383
13.42407512664795,2.38700008392334,-141.35551758160443,-119.87168127632542,0.41327744026567526,-0.474428024337586,1,320.0,169.0,178.64448241839557,-0.474428024337586
13.433877229690552,2.38700008392334,-141.35785906425107,-119.84117320128782,0.4136563798688493,-0.47492099252272535,1,320.0,168.0,178.64214093574893,-0.47492099252272535
13.443049192428589,2.374000072479248,-142.43607383733556,-120.69083331086388,0.417019522411776,-0.47891621969746284,1,320.0,168.0,177.56392616266444,-0.47891621969746284
13.453761100769043,2.374000072479248,-142.44578899167416,-120.66675516041674,0.41740511895708,-0.47941717919366644,1,320.0,168.0,177.55421100832584,-0.47941717919366644
13.46436882019043,2.3560001850128174,-142.45550414601277,-120.5612286267848,0.41768718973752994,-0.479911761603818,1,320.0,168.0,177.54449585398723,-0.479911761603818
13.473435163497925,2.3560001850128174,-142.46521930035138,-120.53715047633766,0.4180669169528604,-0.4804063769483472,1,320.0,167.0,177.53478069964862,-0.4804063769483472
13.483230113983154,2.3460001945495605,-143.53976721738658,-121.4218866435877,0.42150017648469007,-0.484368415174641,1,320.0,167.0,176.46023278261342,-0.484368415174641
13.494279623031616,2.3460001945495605,-143.5567809361897,-121.40435179788562,0.4218876603726954,-0.48487190027487737,1,320.0,167.0,176.4432190638103,-0.48487190027487737
13.50325322151184,2.3330001831054688,-143.57379465499284,-121.32660863952303,0.42219868956149037,-0.4853707764738517,1,320.0,167.0,176.42620534500716,-0.4853707764738517
13.513886213302612,2.3330001831054688,-143.59080837379597,-121.30907379382096,0.42258191029059666,-0.4858697093710518,1,320.0,166.0,176.40919162620403,-0.4858697093710518
13.523166179656982,2.325000047683716,-144.6598065508471,-122.22096484854143,0.426069246844571,-0.48979500060163533,1,320.0,166.0,175.3401934491529,-0.48979500060163533
13.53416132926941,2.325000047683716,-144.68403129562247,-122.21005737059829,0.4264609787006479,-0.49030333616628025,1,320.0,166.0,175.31596870437753,-0.49030333616628025
13.543708086013794,2.317000150680542,-144.70825604039786,-122.16146224849561,0.4268048812145962,-0.4908088578475355,1,320.0,166.0,175.29174395960214,-0.4908088578475355
13.554099082946777,2.317000150680542,-144.73248078517324,-122.15055477055247,0.4271939729886608,-0.49131445928877204,1,320.0,167.0,175.26751921482676,-0.49131445928877204
13.563834190368652,2.312000036239624,-145.59214436642085,-122.88899704467605,0.43007298916937053,-0.49454171778500483,1,320.0,167.0,174.40785563357915,-0.49454171778500483
13.573371410369873,2.312000036239624,-145.62209617770299,-122.88338893183396,0.4304693169607896,-0.4950553004471995,1,320.0,167.0,174.37790382229701,-0.4950553004471995
13.584350109100342,2.307000160217285,-145.65204798898512,-122.85397366038406,0.4308354440431933,-0.495567160745882,1,320.0,167.0,174.34795201101488,-0.495567160745882
13.593268632888794,2.307000160217285,-145.68199980026725,-122.84836554754197,0.4312301213914155,-0.49607911891211987,1,320.0,166.0,174.31800019973275,-0.49607911891211987
13.60387659072876,2.305000066757202,-146.55240681051208,-123.42982486047131,0.433557622892842,-0.4993302817847544,1,320.0,166.0,173.44759318948792,-0.4993302817847544
13.61353850364685,2.305000066757202,-146.58812044582308,-123.4283069493016,0.4339584862714598,-0.4998513819145467,1,320.0,166.0,173.41187955417692,-0.4998513819145467
13.624276161193848,2.3030002117156982,-146.62383408113408,-123.417217721709,0.4343472108504005,-0.5003718654940456,1,320.0,166.0,173.37616591886592,-0.5003718654940456
13.634294509887695,2.3030002117156982,-146.65954771644508,-123.41569981053928,0.43474741606445233,-0.5008924654107304,1,320.0,167.0,173.34045228355492,-0.5008924654107304
13.64407205581665,2.3030002117156982,-147.33585072586396,-123.8504708422698,0.4365699442860045,-0.5035015411965965,1,320.0,167.0,172.66414927413604,-0.5035015411965965
13.65356183052063,2.3030002117156982,-147.37595624638442,-123.85194413113058,0.4369751600061981,-0.5040297450766982,1,320.0,167.0,172.62404375361558,-0.5040297450766982
13.664380550384521,2.3030002117156982,-147.41606176690487,-123.85341741999136,0.43738038052563094,-0.5045580796005541,1,320.0,167.0,172.58393823309513,-0.5045580796005541
13.674310684204102,2.3030002117156982,-147.45616728742533,-123.85489070885214,0.43778560584430304,-0.5050865447681644,1,320.0,168.0,172.54383271257467,-0.5050865447681644
13.683414936065674,2.3030002117156982,-147.95531449160364,-124.14722853111684,0.43913910444636106,-0.5071116955442345,1,320.0,168.0,172.04468550839636,-0.5071116955442345
13.693856000900269,2.3030002117156982,-147.99856737751008,-124.1506960984866,0.4395476864854573,-0.5076457044188886,1,320.0,168.0,172.00143262248992,-0.5076457044188886
13.703301191329956,2.305000066757202,-148.04182026341653,-124.16373498227927,0.4399684173521101,-0.5081805943452928,1,320.0,168.0,171.95817973658347,-0.5081805943452928
13.714241027832031,2.305000066757202,-148.08507314932297,-124.16720254964903,0.4403776739519948,-0.5087156253842446,1,320.0,169.0,171.91492685067703,-0.5087156253842446
13.72328782081604,2.305999994277954,-148.42279068357715,-124.43571463665693,0.44164154196547023,-0.5102112058933641,1,320.0,169.0,171.57720931642285,-0.5102112058933641
13.733732461929321,2.305999994277954,-148.4680626330121,-124.44096677370187,0.44205414428466017,-0.510750280455059,1,320.0,169.0,171.5319373669879,-0.510750280455059
13.743701934814453,2.308000087738037,-148.51333458244704,-124.45576463663974,0.4424788720978462,-0.5112902454310412,1,320.0,169.0,171.48666541755296,-0.5112902454310412
13.753262996673584,2.308000087738037,-148.558606531882,-124.46101677368469,0.44289216221444994,-0.511830358446308,1,320.0,170.0,171.441393468118,-0.511830358446308
13.76427412033081,2.309000015258789,-148.74948080255672,-124.40001071186859,0.44307995001868006,-0.5128457105082413,1,320.0,170.0,171.25051919744328,-0.5128457105082413
13.77397084236145,2.309000015258789,-148.79575115284342,-124.4047758357089,0.4434927828009565,-0.5133881690299092,1,320.0,170.0,171.20424884715658,-0.5133881690299092
13.784554958343506,2.312000036239624,-148.84202150313013,-124.42381241545209,0.44392373681264363,-0.5139318952942685,1,320.0,170.0,171.15797849686987,-0.5139318952942685
13.793809175491333,2.312000036239624,-148.88829185341683,-124.4285775392924,0.44433758070685403,-0.5144757733253809,1,320.0,172.0,171.11170814658317,-0.5144757733253809
13.80361557006836,2.314000129699707,-148.8448347264441,-124.37701372766351,0.4445488748204889,-0.5147279930240894,1,320.0,172.0,171.1551652735559,-0.5147279930240894
13.813241004943848,2.314000129699707,-148.8904897864666,-124.38132749202772,0.44496264403886787,-0.5152718844033426,1,320.0,172.0,171.1095102135334,-0.5152718844033426
13.82378101348877,2.31600022315979,-148.93614484648907,-124.39511623949232,0.4453884505376532,-0.515816670475006,1,320.0,172.0,171.06385515351093,-0.515816670475006
13.833246231079102,2.31600022315979,-148.98179990651155,-124.39943000385654,0.44580290124900535,-0.5163616067518422,1,320.0,173.0,171.01820009348845,-0.5163616067518422
13.84393310546875,2.318000078201294,-148.82727677735588,-124.15022395001544,0.44537191526422637,-0.5162547436596049,1,320.0,173.0,171.17272322264412,-0.5162547436596049
13.853394985198975,2.318000078201294,-148.8715590999006,-124.1527343352718,0.4457840110104409,-0.5167984142629977,1,320.0,173.0,171.1284409000994,-0.5167984142629977
13.863404035568237,2.321000099182129,-148.9158414224453,-124.16939746709785,0.44621407623455567,-0.5173433476532734,1,320.0,173.0,171.0841585775547,-0.5173433476532734
13.874342203140259,2.321000099182129,-148.96012374499003,-124.17190785235421,0.44662716645333483,-0.5178884272859303,1,320.0,175.0,171.03987625500997,-0.5178884272859303
13.883477449417114,2.322000026702881,-148.6044102150007,-123.84051662903751,0.44594215322188324,-0.517129780459854,1,320.0,175.0,171.3955897849993,-0.517129780459854
13.89409613609314,2.322000026702881,-148.6459494436262,-123.84070489202985,0.4463516726754094,-0.517670902407039,1,320.0,175.0,171.3540505563738,-0.517670902407039
13.904065370559692,2.325000047683716,-148.68748867225167,-123.85499361783664,0.4467790888275013,-0.5182132768053412,1,320.0,175.0,171.31251132774833,-0.5182132768053412
13.914012908935547,2.325000047683716,-148.72902790087716,-123.85518188082898,0.44718958504783707,-0.5187557888023434,1,320.0,176.0,171.27097209912284,-0.5187557888023434
13.924046993255615,2.327000141143799,-148.2929163034338,-123.25702365853327,0.445630364351573,-0.5177416965780339,1,320.0,176.0,171.7070836965662,-0.5177416965780339
13.933414459228516,2.327000141143799,-148.3311797983608,-123.25304413469566,0.4460344809403757,-0.5182797015132675,1,320.0,176.0,171.6688202016392,-0.5182797015132675
13.943742275238037,2.3289999961853027,-148.36944329328782,-123.25842518973373,0.4464504643229388,-0.5188185751811069,1,320.0,176.0,171.63055670671218,-0.5188185751811069
13.953289031982422,2.3289999961853027,-148.40770678821482,-123.25444566589611,0.44685520178888316,-0.5193575759794078,1,320.0,177.0,171.59229321178518,-0.5193575759794078
13.96448540687561,2.3310000896453857,-147.89977810216365,-122.61366003075916,0.44516482923839673,-0.5181164313595026,1,320.0,177.0,172.10022189783635,-0.5181164313595026
13.974053144454956,2.3310000896453857,-147.93429570795257,-122.60524908435637,0.4455627050965191,-0.5186501038885716,1,320.0,177.0,172.06570429204743,-0.5186501038885716
13.984070539474487,2.3330001831054688,-147.9688133137415,-122.60616538256106,0.44597238975662673,-0.5191846311536211,1,320.0,177.0,172.0311866862585,-0.5191846311536211
13.993569374084473,2.3330001831054688,-148.0033309195304,-122.59775443615827,0.44637085369372265,-0.5197192734486077,1,320.0,179.0,171.9966690804696,-0.5197192734486077
14.004112720489502,2.3350000381469727,-147.3305021812428,-121.81871894925955,0.4442378646689358,-0.5179482265179464,1,320.0,179.0,172.6694978187572,-0.5179482265179464
14.013877630233765,2.3350000381469727,-147.3601685603324,-121.80495894810137,0.4446278767296515,-0.5184756407494774,1,320.0,179.0,172.6398314396676,-0.5184756407494774
14.024314165115356,2.3370001316070557,-147.389834939422,-121.80049193216276,0.445029634494883,-0.5190038909761638,1,320.0,179.0,172.610165060578,-0.5190038909761638
14.033852577209473,2.3370001316070557,-147.4195013185116,-121.78673193100458,0.44542019468504257,-0.519532240362732,1,320.0,181.0,172.5804986814884,-0.519532240362732
14.043138027191162,2.3390002250671387,-146.59879340985051,-120.8841124280826,0.4428937563406157,-0.5172884465613107,1,320.0,181.0,173.40120659014949,-0.5172884465613107
14.053622007369995,2.3390002250671387,-146.62262750942529,-120.86419257834012,0.4432744454735871,-0.517807866808888,1,320.0,181.0,173.37737249057471,-0.517807866808888
14.063318252563477,2.3410000801086426,-146.64646160900006,-120.85353053812767,0.44366681251066475,-0.5183281000202911,1,320.0,181.0,173.35353839099994,-0.5183281000202911
14.074313879013062,2.3410000801086426,-146.67029570857483,-120.83361068838519,0.44404800339500616,-0.5188484131355177,1,320.0,183.0,173.32970429142517,-0.5188484131355177
14.08324933052063,2.3420000076293945,-145.7174308441319,-119.7153210406175,0.44083820401975293,-0.5161842194992686,1,320.0,183.0,174.2825691558681,-0.5161842194992686
14.093595743179321,2.3420000076293945,-145.73456615109941,-119.68783620186731,0.4412067749059929,-0.5166937213398463,1,320.0,183.0,174.26543384890059,-0.5166937213398463
14.103980779647827,2.3440001010894775,-145.75170145806692,-119.66958484643118,0.44158696311479684,-0.5172040094619412,1,320.0,183.0,174.24829854193308,-0.5172040094619412
14.114043712615967,2.3440001010894775,-145.76883676503442,-119.642100007681,0.44195597879455883,-0.517714355158672,1,320.0,185.0,174.23116323496558,-0.517714355158672
14.1239652633667,2.3450000286102295,-144.6983256535276,-118.53697976563531,0.4388015736799721,-0.5146783350295772,1,320.0,185.0,175.3016743464724,-0.5146783350295772
14.133487224578857,2.3450000286102295,-144.70800111074294,-118.50207212212821,0.4391581477337501,-0.5151765262423207,1,320.0,185.0,175.29199888925706,-0.5151765262423207
14.143904447555542,2.3470001220703125,-144.71767656795828,-118.47637263563999,0.43952627757097085,-0.5156754736109861,1,320.0,185.0,175.28232343204172,-0.5156754736109861
14.153814554214478,2.3470001220703125,-144.72735202517362,-118.4414649921329,0.43988324006826884,-0.5161744535617565,1,320.0,187.0,175.27264797482638,-0.5161744535617565
14.163318395614624,2.3480000495910645,-143.55257550183572,-117.14857427229002,0.4361286274481916,-0.5128113193304459,1,320.0,187.0,176.44742449816428,-0.5128113193304459
14.173948764801025,2.3480000495910645,-143.5541270437159,-117.1050068472293,0.4364709904257123,-0.5132969586066369,1,320.0,187.0,176.4458729562841,-0.5132969586066369
14.183482646942139,2.3490002155303955,-143.5556785855961,-117.06603353449523,0.43681902771160475,-0.5137829620602746,1,320.0,187.0,176.4443214144039,-0.5137829620602746
14.194322347640991,2.3490002155303955,-143.5572301274763,-117.02246610943453,0.4371614051315407,-0.5142689707464881,1,320.0,190.0,176.4427698725237,-0.5142689707464881
14.20338749885559,2.3500001430511475,-142.18951675417244,-115.76415680214838,0.43353316834738487,-0.5102901208496814,1,320.0,190.0,177.81048324582756,-0.5102901208496814
14.214107751846313,2.3500001430511475,-142.18167668432352,-115.71222614480094,0.4338613803631885,-0.5107605759755204,1,320.0,190.0,177.81832331567648,-0.5107605759755204
14.223613500595093,2.3519999980926514,-142.1738366144746,-115.6694605726278,0.43420102445276465,-0.5112317154587807,1,320.0,190.0,177.8261633855254,-0.5112317154587807
14.233183860778809,2.3519999980926514,-142.16599654462567,-115.61752991528036,0.4345294949145101,-0.511702828442605,1,320.0,192.0,177.83400345537433,-0.511702828442605
14.244518518447876,2.3530001640319824,-140.7274089220828,-114.19113741327001,0.43036645402286133,-0.5075085131297592,1,320.0,192.0,179.2725910779172,-0.5075085131297592
14.254081726074219,2.3530001640319824,-140.70975544995326,-114.12974801772802,0.4306788306676832,-0.5079632797687155,1,320.0,192.0,179.29024455004674,-0.5079632797687155
14.264053106307983,2.3540000915527344,-140.69210197782374,-114.07293072404097,0.4309967868118688,-0.5084183383995569,1,320.0,192.0,179.30789802217626,-0.5084183383995569
14.273646354675293,2.3540000915527344,-140.67444850569422,-114.01154132849898,0.4313090486307106,-0.5088733372733911,1,320.0,194.0,179.32555149430578,-0.5088733372733911
14.28383493423462,2.3550000190734863,-139.1746957341788,-112.53681129236605,0.4270029670604293,-0.5044953792998245,1,320.0,194.0,180.8253042658212,-0.5044953792998245
14.29313588142395,2.3550000190734863,-139.14687656559533,-112.46569648355559,0.42729860684205756,-0.5049333563485253,1,320.0,194.0,180.85312343440467,-0.5049333563485253
14.303063154220581,2.3540000915527344,-139.11905739701186,-112.39001373851245,0.4275882277702347,-0.5053708913873558,1,320.0,194.0,180.88094260298814,-0.5053708913873558
14.31396222114563,2.3540000915527344,-139.09123822842838,-112.31889892970199,0.42788308949824694,-0.5058083322582944,1,320.0,197.0,180.90876177157162,-0.5058083322582944
14.322962999343872,2.3530001640319824,-137.43822657353564,-110.794261317675,0.4234467687610319,-0.5009454317880917,1,320.0,197.0,182.56177342646436,-0.5009454317880917
14.333313941955566,2.3530001640319824,-137.39926016714523,-110.7132081180741,0.4237239923933715,-0.5013634251542832,1,320.0,197.0,182.60073983285477,-0.5013634251542832
14.343058347702026,2.3490002155303955,-137.36029376075481,-110.61382364602088,0.42397777620675536,-0.5017799131313362,1,320.0,197.0,182.63970623924519,-0.5017799131313362
14.353625535964966,2.3490002155303955,-137.3213273543644,-110.53277044641999,0.4242532841951228,-0.5021962696941626,1,320.0,198.0,182.6786726456356,-0.5021962696941626
14.363336086273193,2.3490002155303955,-135.73492850188666,-108.97885272982546,0.41972537481432337,-0.4975661780840234,1,320.0,198.0,184.26507149811334,-0.4975661780840234
14.373783349990845,2.3450000286102295,-135.68534816514065,-108.86929757867152,0.4199599816538339,-0.49796292367283845,1,320.0,198.0,184.31465183485935,-0.49796292367283845
14.383356809616089,2.3450000286102295,-135.63576782839465,-108.77814191453585,0.42021636136683915,-0.4983595025477676,1,320.0,198.0,184.36423217160535,-0.4983595025477676
14.394092798233032,2.3360002040863037,-135.58618749164864,-108.64534283473947,0.4204198779715841,-0.4987528640790727,1,320.0,201.0,184.41381250835136,-0.4987528640790727
14.403558731079102,2.330000162124634,-133.86142539447962,-107.13693223415532,0.416107217926617,-0.4936811751146257,1,320.0,201.0,186.13857460552038,-0.4936811751146257
14.413053274154663,2.330000162124634,-133.80035484526184,-107.03624724446176,0.41634229150445556,-0.49405277668965564,1,320.0,201.0,186.19964515473816,-0.49405277668965564
14.423677206039429,2.318000078201294,-133.73928429604405,-106.87918606222293,0.41650598502473923,-0.4944201629984963,1,320.0,201.0,186.26071570395595,-0.4944201629984963
14.433593034744263,2.318000078201294,-133.67821374682626,-106.77850107252937,0.41673699821901644,-0.49478734807986524,1,320.0,201.0,186.32178625317374,-0.49478734807986524
14.443508386611938,2.318000078201294,-133.61714319760847,-106.6778160828358,0.416967679656233,-0.4951543319337626,1,320.0,202.0,186.38285680239153,-0.4951543319337626
14.4531409740448,2.309000015258789,-131.9420395214092,-105.10071782985338,0.41247015055329245,-0.49025615191849325,1,320.0,202.0,188.0579604785908,-0.49025615191849325
14.464033126831055,2.2940001487731934,-131.8699028524141,-104.91824497490532,0.4125905936888712,-0.4905961871004735,1,320.0,202.0,188.1300971475859,-0.4905961871004735
14.473570585250854,2.2940001487731934,-131.797766183419,-104.80773014087018,0.41279702893401615,-0.49093598892030266,1,320.0,204.0,188.202233816581,-0.49093598892030266
14.483371257781982,2.2940001487731934,-130.1355214741965,-103.37693626985731,0.4086992758866054,-0.48609214104654097,1,320.0,204.0,189.8644785258035,-0.48609214104654097
14.493868827819824,2.2829999923706055,-130.05248432959118,-103.20395398042969,0.4088227238197159,-0.4864096398140212,1,320.0,204.0,189.94751567040882,-0.4864096398140212
14.50351357460022,2.2829999923706055,-129.96944718498585,-103.08438839696296,0.4090098882933729,-0.48672687223986166,1,320.0,204.0,190.03055281501415,-0.48672687223986166
14.514155149459839,2.2660000324249268,-129.88641004038053,-102.88117353241415,0.40909164937848425,-0.48703831816464194,1,320.0,205.0,190.11358995961947,-0.48703831816464194
14.52358603477478,2.2660000324249268,-128.30429142747485,-101.52021042855989,0.4052264287777519,-0.48246246371166046,1,320.0,205.0,191.69570857252515,-0.48246246371166046
14.533078670501709,2.253000020980835,-128.2109762988353,-101.32724941226783,0.40531228317230017,-0.482752106447274,1,320.0,205.0,191.7890237011647,-0.482752106447274
14.543540477752686,2.253000020980835,-128.11766117019576,-101.19917257429996,0.40547559738013583,-0.4830414568732423,1,320.0,205.0,191.88233882980424,-0.4830414568732423
14.553300380706787,2.2340002059936523,-128.0243460415562,-100.97480288985257,0.4055178610777146,-0.48332443389234353,1,320.0,205.0,191.9756539584438,-0.48332443389234353
14.563945531845093,2.2210001945495605,-127.93103091291668,-100.77981781474553,0.4055915094304824,-0.48360296527206004,1,320.0,206.0,192.0689690870833,-0.48360296527206004
14.573348045349121,2.2210001945495605,-126.40154605487554,-99.47090644413983,0.4018963206508036,-0.479200252641132,1,320.0,206.0,193.59845394512445,-0.479200252641132
14.583734512329102,2.200000047683716,-126.29838702096238,-99.2248512464575,0.4018987289791527,-0.47945535697655506,1,320.0,206.0,193.70161297903763,-0.47945535697655506
14.59322452545166,2.200000047683716,-126.19522798704922,-99.08868064140546,0.40203259030682675,-0.47971015183486404,1,320.0,208.0,193.80477201295076,-0.47971015183486404
14.603747129440308,2.200000047683716,-124.66637621538774,-97.86048469084857,0.3986069976777818,-0.47531812853841776,1,320.0,208.0,195.33362378461226,-0.47531812853841776
14.614081621170044,2.186000108718872,-124.55344584709471,-97.64230853559557,0.3986346957628252,-0.47555191309725603,1,320.0,208.0,195.4465541529053,-0.47555191309725603
14.623563528060913,2.186000108718872,-124.44051547880167,-97.49865346736316,0.3987513932149769,-0.47578536281752165,1,320.0,208.0,195.55948452119833,-0.47578536281752165
14.633620977401733,2.1650002002716064,-124.32758511050864,-97.24126547701819,0.39872574286095136,-0.47601195052945255,1,320.0,208.0,195.67241488949136,-0.47601195052945255
14.643323183059692,2.1650002002716064,-124.2146547422156,-97.09761040878577,0.3988361536180028,-0.47623820933162925,1,320.0,209.0,195.7853452577844,-0.47623820933162925
14.653692960739136,2.1510000228881836,-122.74247332012004,-95.84098704543463,0.3954745533662619,-0.47203041897263165,1,320.0,209.0,197.25752667987996,-0.47203041897263165
14.663589477539062,2.1510000228881836,-122.62022840473873,-95.69023386166411,0.3955689981991497,-0.47223656478842513,1,320.0,209.0,197.37977159526127,-0.47223656478842513
14.673208236694336,2.129000186920166,-122.49798348935741,-95.4160210109194,0.39550925454214725,-0.4724356215056097,1,320.0,209.0,197.5020165106426,-0.4724356215056097
14.684017419815063,2.129000186920166,-121.2232050589571,-94.30406629495816,0.3924650639999525,-0.4688786854698026,1,320.0,209.0,198.7767949410429,-0.4688786854698026
14.693374872207642,2.114000082015991,-121.09306229533495,-94.06095416572046,0.39243528922150517,-0.4690597583567775,1,320.0,209.0,198.90693770466504,-0.4690597583567775
14.704030990600586,2.114000082015991,-120.96291953171279,-93.9036142547692,0.3925080029133171,-0.46924046879612896,1,320.0,209.0,199.03708046828723,-0.46924046879612896
14.714011430740356,2.0920000076293945,-120.83277676809062,-93.61806634284984,0.39242092274191553,-0.4694141709626639,1,320.0,210.0,199.16722323190936,-0.4694141709626639
14.72365927696228,2.0920000076293945,-119.61563394358326,-92.55710904786758,0.3895422725689572,-0.4660448631315283,1,320.0,210.0,200.38436605641675,-0.4660448631315283
14.733031988143921,2.077000141143799,-119.47804022287886,-92.3044745595068,0.38948764101324623,-0.4662014453321421,1,320.0,210.0,200.52195977712114,-0.4662014453321421
14.743833780288696,2.077000141143799,-119.34044650217446,-92.14094070746071,0.38953948990615855,-0.46635765706161436,1,320.0,210.0,200.65955349782553,-0.46635765706161436
14.753939867019653,2.055000066757202,-119.20285278147006,-91.84417273607994,0.3894256073614212,-0.4665069421408743,1,320.0,210.0,200.79714721852994,-0.4665069421408743
14.763751745223999,2.055000066757202,-119.06525906076565,-91.68063888403385,0.3894711744393234,-0.46665586431667294,1,320.0,212.0,200.93474093923436,-0.46665586431667294
14.773184299468994,2.0400002002716064,-117.7903603806016,-90.57240338303627,0.38662483249433105,-0.46309382910537117,1,320.0,212.0,202.2096396193984,-0.46309382910537117
14.783630609512329,2.0400002002716064,-117.64497195392696,-90.40302970553039,0.3866566320038213,-0.4632252399793442,1,320.0,212.0,202.35502804607304,-0.4632252399793442
14.793530225753784,2.017000198364258,-117.49958352725231,-90.0887185476432,0.38650850922594,-0.46334951661672197,1,320.0,212.0,202.5004164727477,-0.46334951661672197
14.803232669830322,2.017000198364258,-117.35419510057767,-89.91934487013731,0.3865338807918572,-0.46347342360395277,1,320.0,213.0,202.64580489942233,-0.46347342360395277
14.814026594161987,2.003000020980835,-116.14733520893449,-88.86379431829397,0.38385360113240097,-0.46013471876403045,1,320.0,213.0,203.8526647910655,-0.46013471876403045
14.82353949546814,2.003000020980835,-115.99467440752959,-88.68896582423423,0.38386619452598547,-0.46024238245450555,1,320.0,213.0,204.0053255924704,-0.46024238245450555
14.834389448165894,1.9800001382827759,-115.84201360612468,-88.36328516750623,0.38369186781712006,-0.4603430024662021,1,320.0,213.0,204.15798639387532,-0.4603430024662021
14.844090223312378,1.9800001382827759,-115.68935280471977,-88.18845667344648,0.3836981353735857,-0.46044324845888235,1,320.0,214.0,204.31064719528024,-0.46044324845888235
14.853493452072144,1.9650001525878906,-114.54558572557882,-87.27117647554546,0.3814887362752114,-0.45731050299248743,1,320.0,214.0,205.4544142744212,-0.45731050299248743
14.863978385925293,1.9650001525878906,-114.3861363700383,-87.09195063279428,0.3814837746280345,-0.4573951203634664,1,320.0,214.0,205.6138636299617,-0.4573951203634664
14.874000787734985,1.943000078201294,-114.22668701449778,-86.76233504436519,0.381292778143749,-0.45747307057378617,1,320.0,214.0,205.77331298550223,-0.45747307057378617
14.883586406707764,1.943000078201294,-114.06723765895727,-86.58310920161401,0.38128182682931766,-0.4575506448822191,1,320.0,214.0,205.93276234104275,-0.4575506448822191
14.893127918243408,1.9290001392364502,-113.08418195146838,-85.70165471096055,0.3791810234688995,-0.4549415276836293,1,320.0,214.0,206.9158180485316,-0.4549415276836293
14.90358018875122,1.9290001392364502,-112.91909230125603,-85.51828853456092,0.3791596003121096,-0.4550056747345502,1,320.0,214.0,207.08090769874397,-0.4550056747345502
14.914612054824829,1.9070000648498535,-112.75400265104368,-85.17830999532421,0.37894476789674947,-0.45506323687358685,1,320.0,214.0,207.24599734895634,-0.45506323687358685
14.92319631576538,1.9070000648498535,-112.58891300083133,-84.99494381892458,0.37891745453395903,-0.45512042467181485,1,320.0,215.0,207.41108699916867,-0.45512042467181485
14.933814287185669,1.8920000791549683,-111.65032131186538,-84.23488675729342,0.37723259364237915,-0.45265411309970566,1,320.0,215.0,208.34967868813462,-0.45265411309970566
14.943219184875488,1.8920000791549683,-111.47993505570648,-84.04831846012127,0.3771961394525708,-0.45269824986954965,1,320.0,215.0,208.52006494429352,-0.45269824986954965
14.954506158828735,1.871000051498413,-111.30954879954757,-83.70585070062457,0.37696744764185214,-0.45273616291900065,1,320.0,215.0,208.69045120045243,-0.45273616291900065
14.963369131088257,1.871000051498413,-111.13916254338866,-83.51928240345241,0.37692542893343184,-0.4527737049523569,1,320.0,216.0,208.86083745661134,-0.4527737049523569
14.973795890808105,1.8560000658035278,-110.24213842263985,-82.77346787382514,0.37529240387568213,-0.4504405619475631,1,320.0,216.0,209.75786157736013,-0.4504405619475631
14.983285903930664,1.8560000658035278,-110.06677672563342,-82.58384896712943,0.37524159063802276,-0.45046567083145517,1,320.0,216.0,209.93322327436658,-0.45046567083145517
14.994680643081665,1.8350000381469727,-109.89141502862698,-82.23159961126545,0.37499054988301667,-0.45048463513439974,1,320.0,216.0,210.10858497137303,-0.45048463513439974
15.003363847732544,1.8350000381469727,-109.71605333162054,-82.04198070456974,0.37493426983752676,-0.45050323336978515,1,320.0,217.0,210.28394666837946,-0.45050323336978515
15.013965368270874,1.821000099182129,-108.85794153280864,-81.41875582131772,0.37369022595060275,-0.44829446435336884,1,320.0,217.0,211.14205846719136,-0.44829446435336884
15.023403882980347,1.821000099182129,-108.67790494976944,-81.22692596114356,0.3736267484040697,-0.4483014818805784,1,320.0,217.0,211.32209505023056,-0.4483014818805784
15.034345149993896,1.8000000715255737,-108.49786836673024,-80.86549486137389,0.3733547620885287,-0.44830243373706574,1,320.0,217.0,211.50213163326976,-0.44830243373706574
15.043119192123413,1.8000000715255737,-108.31783178369105,-80.67366500119974,0.37328591360074764,-0.44830302552035484,1,320.0,218.0,211.68216821630895,-0.44830302552035484
15.053874015808105,1.78600013256073,-107.49618893558682,-80.05270290160163,0.37205380391547344,-0.4462103032783793,1,320.0,218.0,212.50381106441318,-0.4462103032783793
15.06350827217102,1.78600013256073,-107.31175908297718,-79.8587255122492,0.3719779534703474,-0.4461998550974091,1,320.0,218.0,212.68824091702282,-0.4461998550974091
15.074950218200684,1.7650001049041748,-107.12732923036754,-79.48771810807432,0.3716847648670657,-0.4461834203195259,1,320.0,218.0,212.87267076963246,-0.4461834203195259
15.083520650863647,1.7650001049041748,-106.9428993777579,-79.29374071872188,0.371603641299763,-0.44616663281950114,1,320.0,218.0,213.0571006222421,-0.44616663281950114
15.094074010848999,1.7510000467300415,-106.25693504465205,-78.77612356668106,0.37071333488074626,-0.44451267657901444,1,320.0,218.0,213.74306495534796,-0.44451267657901444
15.103870630264282,1.7510000467300415,-106.06907087054668,-78.58075595060274,0.3706264291199297,-0.444486384263039,1,320.0,218.0,213.93092912945332,-0.444486384263039
15.113810300827026,1.7310000658035278,-105.88120669644131,-78.20935056116852,0.37032367025362534,-0.4444544451767687,1,320.0,218.0,214.11879330355868,-0.4444544451767687
15.123477935791016,1.7310000658035278,-105.69334252233594,-78.01398294509019,0.3702317996809975,-0.4444221627686893,1,320.0,219.0,214.30665747766406,-0.4444221627686893
15.133034229278564,1.717000126838684,-105.02962153263472,-77.58950379793274,0.3696494982083813,-0.44283635086146755,1,320.0,219.0,214.97037846736526,-0.44283635086146755
15.143455266952515,1.717000126838684,-104.83849865069774,-77.3934294961671,0.3695529367931756,-0.44279492644521856,1,320.0,219.0,215.16150134930226,-0.44279492644521856
15.15337610244751,1.6970000267028809,-104.64737576876077,-77.0134930470863,0.36914722506578235,-0.44257732859880716,1,320.0,219.0,215.35262423123925,-0.44257732859880716
15.164372205734253,1.6970000267028809,-104.45625288682379,-76.81741874532067,0.369046378478625,-0.4425305695316536,1,320.0,219.0,215.5437471131762,-0.4425305695316536
15.173718214035034,1.683000087738037,-103.9149242853209,-76.47649367420871,0.368357576767778,-0.4405648226764012,1,320.0,219.0,216.0850757146791,-0.4405648226764012
15.183110475540161,1.683000087738037,-103.72140297301655,-76.28032845497904,0.3682557619737868,-0.4405129912652932,1,320.0,219.0,216.27859702698345,-0.4405129912652932
15.194823980331421,1.6630001068115234,-103.52788166071221,-75.89194555958204,0.36738508359157857,-0.43935270300751905,1,320.0,219.0,216.4721183392878,-0.43935270300751905
15.203518629074097,1.6630001068115234,-103.33436034840787,-75.69578034035237,0.36728240919678884,-0.4392989144305095,1,320.0,220.0,216.66563965159213,-0.4392989144305095
15.213289976119995,1.6490000486373901,-102.80316647290425,-75.32824922200774,0.3665427893648872,-0.4374216589960255,1,320.0,220.0,217.19683352709575,-0.4374216589960255
15.2236487865448,1.6490000486373901,-102.60733235948953,-75.13185290637529,0.3664390314291495,-0.4373631259994168,1,320.0,220.0,217.39266764051047,-0.4373631259994168
15.233278751373291,1.6290000677108765,-102.41149824607481,-74.73429932000636,0.3655870581181223,-0.4362300963135929,1,320.0,220.0,217.5885017539252,-0.4362300963135929
15.243102073669434,1.6290000677108765,-102.2156641326601,-74.5379030043739,0.365482537529567,-0.43616973373543894,1,320.0,221.0,217.7843358673399,-0.43616973373543894
15.253035306930542,1.6160000562667847,-101.69432674229003,-74.25697798732332,0.36504667862794765,-0.43443011158797196,1,320.0,221.0,218.30567325770997,-0.43443011158797196
15.263941049575806,1.6160000562667847,-101.4962629677212,-74.0609185988461,0.36494193016443555,-0.43436537666365616,1,320.0,221.0,218.50373703227882,-0.43436537666365616
15.274038314819336,1.596000075340271,-101.29819919315236,-73.6544152782893,0.3641059631655218,-0.4332606406555319,1,320.0,221.0,218.70180080684764,-0.4332606406555319
15.283515930175781,1.596000075340271,-101.10013541858352,-73.45835588981208,0.3640012695948143,-0.4331952129468101,1,320.0,221.0,218.89986458141647,-0.4331952129468101
15.293118000030518,1.5820000171661377,-100.68956905529586,-73.235041319287,0.36375628550104994,-0.43178604965473505,1,320.0,221.0,219.31043094470414,-0.43178604965473505
15.30345606803894,1.5820000171661377,-100.49004952049948,-73.03982851215738,0.3636546249831528,-0.43172090458894113,1,320.0,221.0,219.5099504795005,-0.43172090458894113
15.31364893913269,1.562000036239624,-100.2905299857031,-72.62391453485981,0.3628371281236744,-0.43064724827961964,1,320.0,221.0,219.7094700142969,-0.43064724827961964
15.32342529296875,1.562000036239624,-100.09101045090672,-72.4287017277302,0.36273845516801995,-0.43058549504211174,1,320.0,222.0,219.9089895490933,-0.43058549504211174
15.33318018913269,1.5490000247955322,-99.67998051020575,-72.27673321492726,0.3627218977485453,-0.42927107175610596,1,320.0,222.0,220.32001948979425,-0.42927107175610596
15.3437340259552,1.5490000247955322,-99.47901187109133,-72.0828228833591,0.3626266100402472,-0.42920947416649835,1,320.0,222.0,220.52098812890867,-0.42920947416649835
15.354742527008057,1.5290000438690186,-99.27804323197691,-71.65752150714393,0.3618243568381328,-0.42816685839015006,1,320.0,222.0,220.7219567680231,-0.42816685839015006
15.363717555999756,1.5290000438690186,-99.07707459286249,-71.46361117557576,0.36173201851520587,-0.42810867726357427,1,320.0,222.0,220.9229254071375,-0.42810867726357427
15.37368130683899,1.5160000324249268,-98.76718725054725,-71.36503610434276,0.3618741451897843,-0.4271175684357001,1,320.0,222.0,221.23281274945276,-0.4271175684357001
15.383203983306885,1.5160000324249268,-98.5654723137895,-71.17283463109302,0.36178562773867706,-0.4270604742618843,1,320.0,222.0,221.43452768621052,-0.4270604742618843
15.394301414489746,1.496000051498413,-98.36375737703175,-70.73775632693574,0.36099594747447383,-0.42604437796619954,1,320.0,222.0,221.63624262296827,-0.42604437796619954
15.404114246368408,1.496000051498413,-98.16204244027399,-70.54555485368599,0.36091033312949955,-0.4259907129424612,1,320.0,223.0,221.83795755972602,-0.4259907129424612
15.414071321487427,1.4830000400543213,-97.8428434174736,-70.49357355612557,0.36118115556305963,-0.42500532707478844,1,320.0,223.0,222.1571565825264,-0.42500532707478844
15.423539638519287,1.4830000400543213,-97.64032341899046,-70.30344173639591,0.3610997111392543,-0.42495271039329624,1,320.0,223.0,222.35967658100952,-0.42495271039329624
15.434095859527588,1.4630000591278076,-97.43780342050732,-69.85807036708576,0.36032019628805845,-0.42396363474859977,1,320.0,223.0,222.56219657949268,-0.42396363474859977
15.443775177001953,1.4630000591278076,-97.23528342202418,-69.66793854735607,0.36024160124223775,-0.423914460903219,1,320.0,223.0,222.76471657797583,-0.423914460903219
15.453907489776611,1.4500000476837158,-97.00898050615247,-69.65618213226054,0.36061442858124704,-0.4232004078462834,1,320.0,223.0,222.99101949384755,-0.4232004078462834
15.463572978973389,1.4500000476837158,-96.8062975202078,-69.46843880378373,0.3605402750684475,-0.42315306844625156,1,320.0,223.0,223.1937024797922,-0.42315306844625156
15.473225355148315,1.4300000667572021,-96.60361453426314,-69.01212467570325,0.3597687693819678,-0.4221867685368788,1,320.0,223.0,223.39638546573684,-0.4221867685368788
15.483318090438843,1.4300000667572021,-96.40093154831848,-68.82438134722642,0.3596974046459719,-0.4221428747437423,1,320.0,224.0,223.59906845168152,-0.4221428747437423
15.493231534957886,1.4170000553131104,-96.15772807196778,-68.84686866999532,0.3601485517868331,-0.4214059344253528,1,320.0,224.0,223.84227192803223,-0.4214059344253528
15.503947496414185,1.4170000553131104,-95.95476737009622,-68.66179407571778,0.3600818310647571,-0.4213637516015653,1,320.0,224.0,224.04523262990378,-0.4213637516015653
15.513753652572632,1.3970000743865967,-95.75180666822466,-68.19374502148001,0.35931641916281015,-0.42042103257124713,1,320.0,224.0,224.24819333177533,-0.42042103257124713
15.52337646484375,1.3970000743865967,-95.5488459663531,-68.00867042720247,0.3592524202436169,-0.4203823000755203,1,320.0,224.0,224.4511540336469,-0.4203823000755203
15.53351640701294,1.3840000629425049,-95.39147549315437,-68.05976687013782,0.3597609422729618,-0.41987281831375234,1,320.0,224.0,224.60852450684564,-0.41987281831375234
15.543105125427246,1.3840000629425049,-95.18882727887359,-67.87760577634612,0.35970172826324887,-0.41983646052049123,1,320.0,224.0,224.8111727211264,-0.41983646052049123
15.55404543876648,1.3640000820159912,-94.9861790645928,-67.3968759629648,0.3589407267584867,-0.41891331709043633,1,320.0,224.0,225.01382093540718,-0.41891331709043633
15.564039468765259,1.3640000820159912,-94.78353085031202,-67.2147148691731,0.35888416163081427,-0.4188804043129528,1,320.0,224.0,225.21646914968798,-0.4188804043129528
15.572967529296875,1.3510000705718994,-94.70379638786576,-67.28909232630104,0.3594316117506085,-0.41856027815858465,1,320.0,224.0,225.29620361213424,-0.41856027815858465
15.583303689956665,1.3510000705718994,-94.50199072060695,-67.11005691613525,0.3593799176892967,-0.41853029450758655,1,320.0,224.0,225.49800927939305,-0.41853029450758655
15.594104766845703,1.3320000171661377,-94.30018505334814,-66.63156200450659,0.35865708318081235,-0.4176668792097763,1,320.0,224.0,225.69981494665186,-0.4176668792097763
15.603318214416504,1.3320000171661377,-94.09837938608933,-66.45252659434081,0.35860780450637264,-0.41764012446023185,1,320.0,224.0,225.90162061391067,-0.41764012446023185
15.61396861076355,1.319000005722046,-94.08869882935858,-66.54548581893309,0.359179045208879,-0.4174755877724944,1,320.0,224.0,225.91130117064142,-0.4174755877724944
15.623424530029297,1.319000005722046,-93.88821022999272,-66.36975837885045,0.3591346790720141,-0.41745221992381154,1,320.0,224.0,226.11178977000728,-0.41745221992381154
15.634019374847412,1.3000000715255737,-93.68772163062687,-65.87766737366121,0.35841350414141326,-0.41660080834500385,1,320.0,224.0,226.31227836937313,-0.41660080834500385
15.644136428833008,1.3000000715255737,-93.48723303126101,-65.70193993357857,0.3583714750866785,-0.41658064830071795,1,320.0,225.0,226.512766968739,-0.41658064830071795
15.654220342636108,1.287000060081482,-93.43957149201164,-65.70768690642966,0.35873659657147083,-0.4163256937401771,1,320.0,225.0,226.56042850798838,-0.4163256937401771
15.66373610496521,1.287000060081482,-93.24013062976637,-65.53472972470966,0.35869878135365274,-0.416308593965552,1,320.0,225.0,226.75986937023362,-0.416308593965552
15.67324686050415,1.2680000066757202,-93.0406897675211,-65.02702777306261,0.357982792350754,-0.41547076371362957,1,320.0,225.0,226.9593102324789,-0.41547076371362957
15.684050559997559,1.2680000066757202,-92.84124890527583,-64.85407059134262,0.3579472423399254,-0.4154568550034517,1,320.0,226.0,227.15875109472415,-0.4154568550034517
15.693076133728027,1.25600004196167,-92.75886367356341,-64.89712134993945,0.3583793653433718,-0.41516962044677985,1,320.0,226.0,227.2411363264366,-0.41516962044677985
15.703496932983398,1.25600004196167,-92.56022535767546,-64.72713563623101,0.35834794684012966,-0.4151582902096699,1,320.0,226.0,227.43977464232455,-0.4151582902096699
15.71384072303772,1.2370001077651978,-92.36158704178752,-64.2030315495637,0.35763560464498567,-0.4143353266717027,1,320.0,226.0,227.63841295821248,-0.4143353266717027
15.723737955093384,1.2370001077651978,-92.16294872589957,-64.03304583585526,0.35760637472441775,-0.4143271746345758,1,320.0,226.0,227.83705127410042,-0.4143271746345758
15.733611106872559,1.224000096321106,-92.1498780888374,-64.0720678172102,0.3580198759691684,-0.41413368584470295,1,320.0,226.0,227.8501219111626,-0.41413368584470295
15.743060111999512,1.224000096321106,-91.9525121143752,-63.90522639864999,0.3579949406056584,-0.41412872162835335,1,320.0,226.0,228.0474878856248,-0.41412872162835335
15.753512144088745,1.2060000896453857,-91.755146139913,-63.38257186004188,0.3573215124725161,-0.41336001533446187,1,320.0,226.0,228.244853860087,-0.41336001533446187
15.763458967208862,1.2060000896453857,-91.5577801654508,-63.21573044148167,0.35729854601171823,-0.41335801160904684,1,320.0,227.0,228.4422198345492,-0.41335801160904684
15.773855209350586,1.194000005722046,-91.50609273062119,-63.284772033018,0.3577543286634606,-0.4131261083448874,1,320.0,227.0,228.4939072693788,-0.4131261083448874
15.783315658569336,1.194000005722046,-91.30972564755331,-63.12122172073147,0.357735506578379,-0.41312679417658604,1,320.0,227.0,228.6902743524467,-0.41312679417658604
15.793742418289185,1.1759999990463257,-91.11335856448542,-62.58072370797153,0.35706379527372134,-0.4123707965967804,1,320.0,227.0,228.88664143551458,-0.4123707965967804
15.803367614746094,1.1759999990463257,-90.91699148141754,-62.417173395685,0.3570468610228651,-0.41237442793603596,1,320.0,227.0,229.08300851858246,-0.41237442793603596
15.813883543014526,1.1640000343322754,-90.93102242709519,-62.492707701852446,0.3574991413183986,-0.41225773226717666,1,320.0,227.0,229.06897757290483,-0.41225773226717666
15.82329511642456,1.1640000343322754,-90.73609806938535,-62.33257149081282,0.35748630972600665,-0.4122644066340692,1,320.0,227.0,229.26390193061465,-0.4122644066340692
15.834107875823975,1.1460000276565552,-90.54117371167551,-62.08478512807913,0.35701799342050494,-0.41151820681819695,1,320.0,227.0,229.45882628832447,-0.41151820681819695
15.844120740890503,1.1460000276565552,-90.34624935396567,-61.924648917039505,0.35700743239712013,-0.41152780505175635,1,320.0,228.0,229.65375064603433,-0.41152780505175635
15.853755712509155,1.1340000629425049,-90.31836096608346,-62.27714512273752,0.35761882334586864,-0.4113277719146664,1,320.0,228.0,229.68163903391655,-0.4113277719146664
15.863636255264282,1.1340000629425049,-90.12458204051114,-62.12052423624429,0.35761270648032817,-0.41134010293671736,1,320.0,228.0,229.87541795948886,-0.41134010293671736
15.873564958572388,1.1160000562667847,-89.93080311493883,-61.963903349751064,0.35719579826011766,-0.41060539372243715,1,320.0,228.0,230.06919688506116,-0.41060539372243715
15.884104251861572,1.1160000562667847,-89.73702418936651,-61.807282463257835,0.3571920307089202,-0.4106206314296653,1,320.0,228.0,230.2629758106335,-0.4106206314296653
15.892976522445679,1.1050000190734863,-89.77181124305547,-62.17513849040884,0.3578026700154334,-0.410559191441819,1,320.0,228.0,230.22818875694452,-0.410559191441819
15.903524398803711,1.1050000190734863,-89.5795997414582,-62.0221142795515,0.3578031235363653,-0.4105772728792987,1,320.0,228.0,230.4204002585418,-0.4105772728792987
15.913812160491943,1.0870000123977661,-89.38738823986093,-61.86909006869416,0.3573783126909685,-0.40985104449245857,1,320.0,228.0,230.6126117601391,-0.40985104449245857
15.923604249954224,1.0870000123977661,-89.19517673826365,-61.716065857836824,0.35738106157608485,-0.4098720091037453,1,320.0,229.0,230.80482326173635,-0.4098720091037453
15.934191703796387,1.0760000944137573,-89.18525403266823,-62.096723815947826,0.35796243581809173,-0.40972752563121256,1,320.0,229.0,230.81474596733176,-0.40972752563121256
15.94366192817688,1.0760000944137573,-88.99429264243673,-61.947359523636095,0.35796932301090356,-0.4097510232913735,1,320.0,229.0,231.00570735756327,-0.4097510232913735
15.953947067260742,1.059000015258789,-88.80333125220524,-61.797995231324364,0.3575602165447824,-0.4090761605363062,1,320.0,229.0,231.19666874779477,-0.4090761605363062
15.96385908126831,1.059000015258789,-88.61236986197375,-61.648630939012634,0.35756919484950955,-0.4091023316710459,1,320.0,229.0,231.38763013802625,-0.4091023316710459
15.97378134727478,1.0480000972747803,-88.6625586177238,-62.03975380579037,0.3581170254306546,-0.4090398135770387,1,320.0,229.0,231.3374413822762,-0.4090398135770387
15.983386993408203,1.0480000972747803,-88.47325104849962,-61.89409620423861,0.3581300461951418,-0.40906878288726173,1,320.0,229.0,231.5267489515004,-0.40906878288726173
15.994083404541016,1.031000018119812,-88.28394347927544,-61.748438602686846,0.35771216781826093,-0.40840119512423195,1,320.0,229.0,231.71605652072458,-0.40840119512423195
16.003512859344482,1.031000018119812,-88.09463591005125,-61.602781001135085,0.3577272278006994,-0.4084328147554088,1,320.0,230.0,231.90536408994876,-0.4084328147554088
16.013959169387817,1.0200001001358032,-88.09776813920074,-62.00223692481413,0.35823688474232546,-0.4082897217836396,1,320.0,230.0,231.90223186079925,-0.4082897217836396
16.023366451263428,1.0200001001358032,-87.90978036551154,-61.86031783474877,0.3582558772780324,-0.4083238327930452,1,320.0,230.0,232.09021963448845,-0.4083238327930452
16.03403329849243,1.003000020980835,-87.72179259182234,-61.71839874468341,0.3578285982123048,-0.4076653361613342,1,320.0,230.0,232.27820740817765,-0.4076653361613342
16.043524980545044,1.003000020980835,-87.53380481813313,-61.576479654618055,0.35784957762650627,-0.40770207901445166,1,320.0,231.0,232.46619518186685,-0.40770207901445166
16.054099321365356,0.9920000433921814,-87.49390036848557,-61.88132891082151,0.35818220718518545,-0.407492702460923,1,320.0,231.0,232.50609963151442,-0.407492702460923
16.063670873641968,0.9920000433921814,-87.30692820571285,-61.74247392545901,0.3582065042372501,-0.4075316725410343,1,320.0,231.0,232.69307179428716,-0.4075316725410343
16.074054479599,0.9760000705718994,-87.11995604294013,-61.60361894009651,0.3579079133688328,-0.4070858374266618,1,320.0,231.0,232.88004395705985,-0.4070858374266618
16.08358097076416,0.9760000705718994,-86.93298388016741,-61.46476395473401,0.35793346012179095,-0.4071264902643511,1,320.0,232.0,233.0670161198326,-0.4071264902643511
16.09309983253479,0.9650000333786011,-86.85377817217939,-61.78395857248971,0.3585563337033975,-0.40730744619653186,1,320.0,232.0,233.14622182782063,-0.40730744619653186
16.103435516357422,0.9650000333786011,-86.66754512611298,-61.64824512235408,0.3585836636150159,-0.4073480556521092,1,320.0,232.0,233.332454873887,-0.4073480556521092
16.11324167251587,0.9490000605583191,-86.48131208004658,-61.51253167221846,0.3586107899564592,-0.40738838575811737,1,320.0,232.0,233.51868791995344,-0.40738838575811737
16.123871088027954,0.9490000605583191,-86.29507903398017,-61.37681822208283,0.3586377127277272,-0.40742843651455646,1,320.0,232.0,233.7049209660198,-0.40742843651455646
16.13361668586731,0.9390000700950623,-86.28103908704212,-61.708035506004464,0.3592735589400115,-0.4076928396712118,1,320.0,232.0,233.71896091295787,-0.4076928396712118
16.14329743385315,0.9390000700950623,-86.09598704741367,-61.575524554725035,0.3593023169702295,-0.4077331586727613,1,320.0,232.0,233.90401295258633,-0.4077331586727613
16.15375852584839,0.9230000376701355,-85.91093500778523,-61.44301360344561,0.35933087623402055,-0.4077732000962513,1,320.0,232.0,234.0890649922148,-0.4077732000962513
16.16384243965149,0.9230000376701355,-85.72588296815678,-61.31050265216618,0.35935923673138465,-0.40781296394168187,1,320.0,233.0,234.27411703184322,-0.40781296394168187
16.173973083496094,0.9120000600814819,-85.66951363057325,-61.55062190363974,0.35987351152432656,-0.4080203226516407,1,320.0,233.0,234.33048636942675,-0.4080203226516407
16.183738470077515,0.9120000600814819,-85.48534418862441,-61.420666715855134,0.3599032640342638,-0.40806014933578827,1,320.0,233.0,234.51465581137558,-0.40806014933578827
16.193913221359253,0.8970000147819519,-85.30117474667557,-61.29071152807053,0.3599328216114193,-0.4080996997657728,1,320.0,233.0,234.69882525332443,-0.4080996997657728
16.20383596420288,0.8970000147819519,-85.11700530472673,-61.16075634028593,0.35996218425579307,-0.40813897394159443,1,320.0,234.0,234.88299469527328,-0.40813897394159443
16.213974475860596,0.8860000371932983,-85.02201610971309,-61.41855512141025,0.36049719847252215,-0.40829431242932485,1,320.0,234.0,234.9779838902869,-0.40829431242932485
16.223506927490234,0.8860000371932983,-84.83845833674069,-61.2912594583682,0.36052803344344947,-0.4083334623858032,1,320.0,234.0,235.1615416632593,-0.4083334623858032
16.233938932418823,0.8710000514984131,-84.65490056376828,-61.163963795326154,0.3605586774708823,-0.40837233700562214,1,320.0,234.0,235.34509943623172,-0.40837233700562214
16.243717432022095,0.8710000514984131,-84.47134279079587,-61.036668132284106,0.3605891305548206,-0.40841093628878156,1,320.0,235.0,235.52865720920414,-0.40841093628878156
16.253912210464478,0.8600000143051147,-84.34117806803472,-61.208661544375985,0.36100983432071404,-0.4085189148636801,1,320.0,235.0,235.6588219319653,-0.4085189148636801
16.26364231109619,0.8600000143051147,-84.15798651068499,-61.083418664132054,0.36104134286619316,-0.40855721989591826,1,320.0,235.0,235.842013489315,-0.40855721989591826
16.273877382278442,0.8450000286102295,-83.97479495333526,-60.95817578388812,0.3610726635473519,-0.4085952501408204,1,320.0,235.0,236.02520504666472,-0.4085952501408204
16.284092664718628,0.8450000286102295,-83.79160339598553,-60.83293290364419,0.3611037963641903,-0.40863300559838645,1,320.0,237.0,236.20839660401447,-0.40863300559838645
16.293087005615234,0.8350000381469727,-83.52846184901223,-60.92655845264886,0.3614202705974021,-0.4085661858763349,1,320.0,237.0,236.47153815098778,-0.4085661858763349
16.30366277694702,0.8350000381469727,-83.34472192106018,-60.802816773505015,0.3614520788165734,-0.40860300779379954,1,320.0,237.0,236.65527807893983,-0.40860300779379954
16.313369035720825,0.8190000653266907,-83.16098199310814,-60.67907509436117,0.3614837014232259,-0.4086395541013722,1,320.0,237.0,236.83901800689188,-0.4086395541013722
16.32450294494629,0.8190000653266907,-82.97724206515609,-60.55533341521732,0.36151513841735966,-0.40867582479905296,1,320.0,238.0,237.02275793484392,-0.40867582479905296
16.333114862442017,0.8090000152587891,-82.69480302692523,-60.67849721164556,0.36186849676743166,-0.40858305939205064,1,320.0,238.0,237.30519697307477,-0.40858305939205064
16.344426155090332,0.8090000152587891,-82.51038612502992,-60.55644904901813,0.361900748322944,-0.4086183048583284,1,320.0,238.0,237.48961387497008,-0.4086183048583284
16.35392165184021,0.7940000295639038,-82.32596922313462,-60.43440088639069,0.3618421652048828,-0.4085297847454187,1,320.0,238.0,237.67403077686538,-0.4085297847454187
16.36400270462036,0.7940000295639038,-82.14155232123932,-60.312352723763254,0.36178358208682165,-0.4084412646325089,1,320.0,239.0,237.85844767876068,-0.4084412646325089
16.3739116191864,0.784000039100647,-81.84184125905385,-60.36075305653938,0.36194710708904027,-0.4082025069410236,1,320.0,239.0,238.15815874094613,-0.4082025069410236
16.38331151008606,0.784000039100647,-81.65663355397824,-60.23987400093266,0.361889085142349,-0.4081136072425873,1,320.0,239.0,238.34336644602178,-0.4081136072425873
16.39384913444519,0.7690000534057617,-81.47142584890263,-60.11899494532594,0.3618310631956578,-0.408024707544151,1,320.0,239.0,238.52857415109736,-0.408024707544151
16.403417110443115,0.7690000534057617,-81.28621814382701,-59.998115889719216,0.3617730412489666,-0.4079358078457147,1,320.0,241.0,238.713781856173,-0.4079358078457147
16.412991285324097,0.7590000629425049,-80.87010742360047,-60.07942273587986,0.36197848453556697,-0.4075460221002163,1,320.0,241.0,239.12989257639953,-0.4075460221002163
16.423376321792603,0.7590000629425049,-80.68331594685995,-59.959930480276824,0.3619211282528775,-0.4074563621913808,1,320.0,241.0,239.31668405314005,-0.4074563621913808
16.433791637420654,0.7440000176429749,-80.49652447011943,-59.84043822467379,0.36186377197018804,-0.4073667022825454,1,320.0,241.0,239.50347552988057,-0.4073667022825454
16.44339895248413,0.7440000176429749,-80.3097329933789,-59.720945969070755,0.3618064156874986,-0.40727704237370993,1,320.0,242.0,239.6902670066211,-0.40727704237370993
16.452982187271118,0.734000027179718,-79.88966330536346,-59.73063550084943,0.361917394484564,-0.4068834007109759,1,320.0,242.0,240.11033669463654,-0.4068834007109759
16.46357274055481,0.734000027179718,-79.70127176018555,-59.61202931042817,0.3618604635131618,-0.4067929727692905,1,320.0,242.0,240.29872823981447,-0.4067929727692905
16.47296690940857,0.7190000414848328,-79.51288021500764,-59.49342312000691,0.3618035325417596,-0.4067025448276051,1,320.0,242.0,240.48711978499236,-0.4067025448276051
16.48372220993042,0.7190000414848328,-79.32448866982973,-59.37481692958565,0.36174660157035743,-0.4066121168859197,1,320.0,244.0,240.67551133017025,-0.4066121168859197
16.493165254592896,0.7090000510215759,-78.80033035815956,-59.2183549721661,0.3616403411759377,-0.40608415505777845,1,320.0,244.0,241.19966964184044,-0.40608415505777845
16.503581762313843,0.7090000510215759,-78.60963576432715,-59.09948912628768,0.36158328556991604,-0.40599262165273886,1,320.0,244.0,241.39036423567285,-0.40599262165273886
16.513519525527954,0.7090000510215759,-78.41894117049475,-58.98062328040926,0.3615262299638944,-0.4059010882476993,1,320.0,244.0,241.58105882950525,-0.4059010882476993
16.524137020111084,0.6950000524520874,-78.22824657666234,-58.861757434530844,0.36146917435787274,-0.4058095548426598,1,320.0,247.0,241.77175342333766,-0.4058095548426598
16.533548593521118,0.6850000619888306,-77.5095089217558,-58.75685382749688,0.3614303128058044,-0.40502993379996594,1,320.0,247.0,242.4904910782442,-0.40502993379996594
16.544063091278076,0.6850000619888306,-77.31519243652056,-58.63808374977937,0.36137330316849997,-0.404936661887053,1,320.0,247.0,242.68480756347944,-0.404936661887053
16.553646326065063,0.6700000166893005,-77.12087595128533,-58.519313672061855,0.3613162935311956,-0.4048433899741401,1,320.0,247.0,242.8791240487147,-0.4048433899741401
16.563730478286743,0.6700000166893005,-76.9265594660501,-58.40054359434434,0.36125928389389117,-0.4047501180612272,1,320.0,248.0,243.0734405339499,-0.4047501180612272
16.573301792144775,0.6700000166893005,-76.23466930359491,-58.24131933140929,0.36114955878257765,-0.4040084624988088,1,320.0,248.0,243.7653306964051,-0.4040084624988088
16.58360767364502,0.6610000133514404,-76.03693991598935,-58.1222717748159,0.3610924159554128,-0.4039135523927581,1,320.0,248.0,243.96306008401064,-0.4039135523927581
16.59347105026245,0.6610000133514404,-75.83921052838379,-58.00322421822251,0.36103527312824796,-0.40381864228670744,1,320.0,248.0,244.16078947161623,-0.40381864228670744
16.60407328605652,0.6460000276565552,-75.64148114077823,-57.88417666162913,0.36097813030108317,-0.40372373218065677,1,320.0,251.0,244.35851885922176,-0.40372373218065677
16.613911151885986,0.6460000276565552,-74.77297352866502,-57.57483048806213,0.36067301106246036,-0.40275473702005915,1,320.0,251.0,245.22702647133497,-0.40275473702005915
16.623329401016235,0.6370000243186951,-74.57064321183627,-57.454477655841146,0.36061524170299425,-0.40265761846798137,1,320.0,251.0,245.42935678816372,-0.40265761846798137
16.63368010520935,0.6230000257492065,-74.36831289500752,-57.33412482362016,0.3605574723435282,-0.4025604999159036,1,320.0,251.0,245.63168710499247,-0.4025604999159036
16.643137454986572,0.6230000257492065,-74.16598257817877,-57.21377199139917,0.3604997029840621,-0.40246338136382576,1,320.0,254.0,245.83401742182122,-0.40246338136382576
16.653802156448364,0.6230000257492065,-73.13890144397241,-56.76883347075723,0.3600189689954788,-0.4012915375973269,1,320.0,254.0,246.86109855602757,-0.4012915375973269
16.663350582122803,0.6130000352859497,-72.93091408695966,-56.64625427604729,0.35996013098201807,-0.40119170366596074,1,320.0,254.0,247.06908591304034,-0.40119170366596074
16.673842668533325,0.5990000367164612,-72.7229267299469,-56.523675081337345,0.3599012929685573,-0.40109186973459465,1,320.0,254.0,247.2770732700531,-0.40109186973459465
16.684046030044556,0.5990000367164612,-72.51493937293415,-56.4010958866274,0.3598424549550965,-0.4009920358032285,1,320.0,254.0,247.48506062706585,-0.4009920358032285
16.69374680519104,0.5990000367164612,-72.3069520159214,-56.27851669191746,0.35978361694163574,-0.40089220187186236,1,320.0,257.0,247.6930479840786,-0.40089220187186236
16.7031512260437,0.5900000333786011,-71.13709242428804,-55.71375337459939,0.35914872781176227,-0.3995392981302746,1,320.0,257.0,248.86290757571197,-0.3995392981302746
16.71404242515564,0.5900000333786011,-70.92251030779525,-55.58814249040978,0.35908843458735124,-0.3994362987143581,1,320.0,257.0,249.07748969220475,-0.3994362987143581
16.723537921905518,0.5770000219345093,-70.70792819130246,-55.46253160622017,0.35902814136294026,-0.3993332992984416,1,320.0,260.0,249.29207180869753,-0.3993332992984416
16.734448194503784,0.5770000219345093,-69.4155526872723,-54.68644252424127,0.3581205240011879,-0.39782634759722013,1,320.0,260.0,250.58444731272772,-0.39782634759722013
16.74386501312256,0.5670000314712524,-69.19358214195212,-54.55637251836497,0.3580580903983673,-0.39771980173546645,1,320.0,260.0,250.8064178580479,-0.39771980173546645
16.7540123462677,0.5670000314712524,-68.97161159663194,-54.42630251248866,0.3579956567955467,-0.39761325587371277,1,320.0,260.0,251.02838840336807,-0.39761325587371277
16.76393747329712,0.5540000200271606,-68.74964105131177,-54.296232506612355,0.357933223192726,-0.3975067100119591,1,320.0,263.0,251.25035894868824,-0.3975067100119591
16.77337384223938,0.5540000200271606,-67.34446834702253,-53.43142362518546,0.3569136185426476,-0.3958587636781405,1,320.0,263.0,252.65553165297746,-0.3958587636781405
16.783786058425903,0.5450000166893005,-67.11438560640435,-53.29631614941755,0.35684876695427903,-0.39574832396264376,1,320.0,263.0,252.88561439359563,-0.39574832396264376
16.79314398765564,0.5450000166893005,-66.88430286578618,-53.16120867364964,0.3567839153659104,-0.3956378842471471,1,320.0,263.0,253.1156971342138,-0.3956378842471471
16.804114818572998,0.5320000052452087,-66.65422012516801,-53.02610119788173,0.3567190637775418,-0.39552744453165034,1,320.0,263.0,253.34577987483198,-0.39552744453165034
16.81382989883423,0.5320000052452087,-66.42413738454984,-52.89099372211382,0.3566542121891732,-0.3954170048161536,1,320.0,268.0,253.57586261545015,-0.3954170048161536
16.823196172714233,0.5230000019073486,-64.70705330471215,-51.839303214771576,0.35539550648397494,-0.39336973820183335,1,320.0,268.0,255.29294669528787,-0.39336973820183335
16.83382248878479,0.5230000019073486,-64.46677834529399,-51.69791328682305,0.35532763931855965,-0.39325440622131264,1,320.0,268.0,255.533221654706,-0.39325440622131264
16.843573808670044,0.5100000500679016,-64.22650338587583,-51.55652335887453,0.35525977215314436,-0.3931390742407919,1,320.0,268.0,255.77349661412416,-0.3931390742407919
16.85334801673889,0.5100000500679016,-63.98622842645767,-51.415133430926005,0.35519190498772907,-0.3930237422602712,1,320.0,272.0,256.01377157354233,-0.3930237422602712
16.863967657089233,0.5010000467300415,-62.10288818624415,-50.10049557259262,0.35359630515062723,-0.3907689097989258,1,320.0,272.0,257.8971118137558,-0.3907689097989258
16.873432159423828,0.5010000467300415,-61.85135631727563,-49.95106753076824,0.3535245796905515,-0.39064817450182093,1,320.0,272.0,258.14864368272436,-0.39064817450182093
16.8845374584198,0.4880000352859497,-61.59982444830711,-49.80163948894386,0.35345285423047584,-0.39052743920471605,1,320.0,272.0,258.4001755516929,-0.39052743920471605
16.893126726150513,0.4880000352859497,-61.34829257933859,-49.652211447119484,0.3533811287704001,-0.3904067039076112,1,320.0,278.0,258.6517074206614,-0.3904067039076112
16.903582096099854,0.4790000319480896,-59.11330906862205,-48.20576717176293,0.35162085185724773,-0.3877037648838342,1,320.0,278.0,260.8866909313779,-0.3877037648838342
16.913192987442017,0.4790000319480896,-58.848192641831595,-48.04745593276371,0.35154486246252814,-0.3875765089989748,1,320.0,278.0,261.1518073581684,-0.3875765089989748
16.92480707168579,0.46700000762939453,-58.58307621504114,-47.88914469376449,0.3514688730678085,-0.3874492531141154,1,320.0,278.0,261.41692378495884,-0.3874492531141154
16.933370113372803,0.46700000762939453,-58.31795978825068,-47.730833454765275,0.35139288367308885,-0.3873219972292559,1,320.0,284.0,261.6820402117493,-0.3873219972292559
16.943904399871826,0.4580000340938568,-55.77007367645992,-45.86122603198882,0.3490893180768431,-0.3842232841109397,1,320.0,284.0,264.2299263235401,-0.3842232841109397
16.95347285270691,0.4580000340938568,-55.48932618479732,-45.69119684271199,0.34900770406599024,-0.38408852531494164,1,320.0,284.0,264.51067381520267,-0.38408852531494164
16.96411442756653,0.44600000977516174,-55.20857869313472,-45.52116765343516,0.3489260900551374,-0.3839537665189436,1,320.0,291.0,264.7914213068653,-0.3839537665189436
16.97360634803772,0.44600000977516174,-52.31355452818333,-43.40392362930338,0.34630956230349974,-0.38041570278570347,1,320.0,291.0,267.6864454718167,-0.38041570278570347
16.983115196228027,0.43700000643730164,-52.01490326873687,-43.22055901819276,0.34622154729016663,-0.3802723501811691,1,320.0,291.0,267.9850967312631,-0.3802723501811691
16.993478536605835,0.43700000643730164,-51.716252009290415,-43.03719440708214,0.3461335322768335,-0.3801289975766348,1,320.0,291.0,268.28374799070957,-0.3801289975766348
17.004022359848022,0.42500001192092896,-51.417600749843956,-42.85382979597152,0.3460455172635004,-0.3799856449721005,1,320.0,299.0,268.5823992501561,-0.3799856449721005
17.013718366622925,0.42500001192092896,-48.079557682268785,-40.38686156873414,0.3429837687211545,-0.3758843632139203,1,320.0,299.0,271.9204423177312,-0.3758843632139203
17.023244380950928,0.41700002551078796,-47.76008124710779,-40.187850259346256,0.3428882432926483,-0.37573101452504304,1,320.0,299.0,272.2399187528922,-0.37573101452504304
17.0337016582489,0.41700002551078796,-47.4406048119468,-39.98883894995837,0.3427927178641421,-0.37557766583616575,1,320.0,299.0,272.5593951880532,-0.37557766583616575
17.044297456741333,0.4050000309944153,-47.121128376785805,-39.789827640570486,0.3426971924356359,-0.37542431714728847,1,320.0,299.0,272.8788716232142,-0.37542431714728847
17.054110050201416,0.4050000309944153,-46.80165194162481,-39.5908163311826,0.34260166700712974,-0.3752709684584112,1,320.0,309.0,273.1983480583752,-0.3752709684584112
17.063985347747803,0.3970000147819519,-42.815533378385155,-36.668494724859535,0.3389597112828449,-0.37034273578314775,1,320.0,309.0,277.18446662161483,-0.37034273578314775
17.073540449142456,0.3970000147819519,-42.47093281184992,-36.45082307086123,0.3388552288889257,-0.3701773275112108,1,320.0,309.0,277.52906718815007,-0.3701773275112108
17.084325313568115,0.3850000202655792,-42.126332245314686,-36.23315141686293,0.3387507464950065,-0.3700119192392739,1,320.0,309.0,277.8736677546853,-0.3700119192392739
17.093263626098633,0.3850000202655792,-41.78173167877945,-36.01547976286463,0.33864626410108734,-0.369846510967337,1,320.0,320.0,278.21826832122053,-0.369846510967337
17.10375738143921,0.37700000405311584,-37.166911775104566,-32.62793227767108,0.3344144417308415,-0.3641210593636037,1,320.0,320.0,282.83308822489545,-0.3641210593636037
17.113335847854614,0.37700000405311584,-36.793058391486255,-32.38854562719484,0.3342995361386129,-0.36394160973946693,1,320.0,320.0,283.2069416085137,-0.36394160973946693
17.124794721603394,0.36500000953674316,-36.419205007867944,-32.149158976718596,0.3341846305463843,-0.36376216011533014,1,320.0,320.0,283.58079499213204,-0.36376216011533014
17.133605241775513,0.36500000953674316,-36.04535162424963,-31.909772326242354,0.3340697249541557,-0.36358271049119334,1,320.0,332.0,283.95464837575037,-0.36358271049119334
17.14303994178772,0.3570000231266022,-30.769873148006678,-27.904821264617986,0.32905237147473787,-0.3570217576034317,1,320.0,332.0,289.2301268519933,-0.3570217576034317
17.153520584106445,0.3570000231266022,-30.362447070895325,-27.639643139393094,0.32892508597462994,-0.3568261930864182,1,320.0,332.0,289.6375529291047,-0.3568261930864182
17.165239810943604,0.3460000157356262,-29.95502099378397,-27.3744650141682,0.328797800474522,-0.3566306285694048,1,320.0,332.0,290.044979006216,-0.3566306285694048
17.17381477355957,0.3460000157356262,-29.54759491667262,-27.10928688894331,0.328670514974414,-0.35643506405239134,1,320.0,348.0,290.4524050833274,-0.35643506405239134
17.18315863609314,0.33800002932548523,-23.27810474128705,-22.452797478862912,0.3228264794052461,-0.34860807621674017,1,320.0,348.0,296.72189525871295,-0.34860807621674017
17.193593740463257,0.33800002932548523,-22.83053172624681,-22.15754501486861,0.32268475822252884,-0.34839324116952086,1,320.0,348.0,297.1694682737532,-0.34839324116952086
17.203481435775757,0.3270000219345093,-22.382958711206573,-21.862292550874308,0.3225430370398116,-0.34817840612230155,1,320.0,348.0,297.6170412887934,-0.34817840612230155
17.21411681175232,0.3270000219345093,-21.935385696166335,-21.567040086880006,0.3224013158570943,-0.34796357107508225,1,320.0,366.0,298.06461430383365,-0.34796357107508225
17.223590850830078,0.3190000057220459,-14.576683191624676,-15.924094116808483,0.3152980228074011,-0.33875189943495326,1,320.0,366.0,305.4233168083753,-0.33875189943495326
17.233117818832397,0.3190000057220459,-14.081781056268198,-15.59221932794702,0.3151387229087476,-0.3385143464099822,1,320.0,366.0,305.9182189437318,-0.3385143464099822
17.245332717895508,0.30800002813339233,-13.58687892091172,-15.260344539085558,0.3149794230100941,-0.33827679338501104,1,320.0,366.0,306.4131210790883,-0.33827679338501104
17.25389313697815,0.30800002813339233,-13.091976785555243,-14.928469750224096,0.3148201231114406,-0.33803924036003996,1,320.0,389.0,306.90802321444477,-0.33803924036003996
17.263686895370483,0.30100002884864807,-4.255167100581147,-8.303634436180584,0.306468775011523,-0.3269423615116354,1,320.0,389.0,315.74483289941884,-0.3269423615116354
17.27316403388977,0.30100002884864807,-3.7031382135611945,-7.928664421075986,0.30628878940427273,-0.32667738764586585,1,320.0,389.0,316.2968617864388,-0.32667738764586585
17.28374719619751,0.2900000214576721,-3.151109326541242,-7.553694405971388,0.30610880379702254,-0.3264124137800962,1,320.0,389.0,316.84889067345875,-0.3264124137800962
17.29343342781067,0.2900000214576721,-2.5990804395212894,-7.17872439086679,0.30592881818977236,-0.32614743991432665,1,320.0,417.0,317.4009195604787,-0.32614743991432665
17.30309820175171,0.28300002217292786,8.064145052990074,0.8283127026852242,0.29581344480146404,-0.31271975951394526,1,320.0,417.0,328.06414505299006,-0.31271975951394526
17.313785791397095,0.28300002217292786,8.685418374709826,1.2555493476515167,0.2956083712118802,-0.3124215483195198,1,320.0,417.0,328.6854183747098,-0.3124215483195198
17.32381319999695,0.2720000147819519,9.306691696429578,1.6827859926178093,0.2954032976222964,-0.3121233371250943,1,320.0,417.0,329.3066916964296,-0.3121233371250943
17.333375930786133,0.2720000147819519,9.92796501814933,2.110022637584102,0.29519822403271256,-0.31182512593066886,1,320.0,453.0,329.92796501814934,-0.31182512593066886
17.342961072921753,0.2639999985694885,23.033140294947465,12.061057862217819,0.2825947842680076,-0.29527499734859347,1,320.0,453.0,343.0331402949475,-0.29527499734859347
17.353408098220825,0.2639999985694885,23.739910653743987,12.553519030991453,0.28235840290699626,-0.29493574757637114,1,320.0,453.0,343.739910653744,-0.29493574757637114
17.3636577129364,0.25300002098083496,24.44668101254051,13.045980199765086,0.2821220215459849,-0.2945964978041488,1,320.0,453.0,344.4466810125405,-0.2945964978041488
17.373274087905884,0.25300002098083496,25.15345137133703,13.53844136853872,0.2818856401849736,-0.29425724803192643,1,320.0,,345.15345137133704,-0.29425724803192643
17.383103132247925,0.2460000067949295,25.860221730133553,14.030902537312354,0.28164925882396225,-0.2939179982597041,1,320.0,,345.86022173013356,-0.2939179982597041
17.39395523071289,0.2460000067949295,26.566992088930075,14.523363706085988,0.2814128774629509,-0.2935787484874818,1,320.0,,346.5669920889301,-0.2935787484874818
17.404977798461914,0.23500001430511475,27.273762447726597,15.015824874859621,0.28117649610193957,-0.29323949871525945,1,320.0,,347.2737624477266,-0.29323949871525945
17.41384243965149,0.23500001430511475,27.98053280652312,15.508286043633255,0.2809401147409282,-0.2929002489430371,1,320.0,,347.9805328065231,-0.2929002489430371
17.423304557800293,0.22800001502037048,28.68730316531964,16.00074721240689,0.2807037333799169,-0.2925609991708148,1,320.0,,348.68730316531963,-0.2925609991708148
17.433591842651367,0.22800001502037048,29.394073524116163,16.493208381180523,0.2804673520189055,-0.29222174939859247,1,320.0,,349.39407352411615,-0.29222174939859247
17.443338871002197,0.21700000762939453,30.100843882912685,16.985669549954157,0.28023097065789415,-0.29188249962637014,1,320.0,,350.10084388291267,-0.29188249962637014
17.454068422317505,0.21700000762939453,30.807614241709206,17.47813071872779,0.2799945892968828,-0.2915432498541478,1,320.0,,350.8076142417092,-0.2915432498541478
17.464171171188354,0.21000000834465027,31.51438460050573,17.970591887501424,0.2797582079358715,-0.2912040000819255,1,320.0,,351.5143846005057,-0.2912040000819255
17.47363805770874,0.21000000834465027,32.22115495930225,18.463053056275058,0.27952182657486013,-0.29086475030970316,1,320.0,,352.2211549593022,-0.29086475030970316
17.483513832092285,0.1990000158548355,32.927925318098765,18.95551422504869,0.2792854452138488,-0.29052550053748083,1,320.0,,352.92792531809874,-0.29052550053748083
