time,alt,pos_x_est,pos_y_est,vel_x_cmd,vel_y_cmd,target_visible,setpoint_x,raw_x,filtered_x,cmd_y
9.03374981880188,4.504000186920166,-105.71187932965913,-101.72980184999143,0.14803043536622268,-0.16307457003885867,1,320.0,221.0,214.28812067034087,-0.16307457003885867
9.042917490005493,4.519000053405762,-105.15293951800511,-100.94381286629545,0.14576414456654135,-0.16153459131940195,1,320.0,221.0,214.8470604819949,-0.16153459131940195
9.05338740348816,4.519000053405762,-105.26726198401697,-101.02254020314012,0.14636373007177067,-0.16219811458853625,1,320.0,221.0,214.73273801598305,-0.16219811458853625
9.063206195831299,4.5420002937316895,-105.38158445002883,-101.12775838294152,0.14699563067944707,-0.1628622094700006,1,320.0,221.0,214.6184155499712,-0.1628622094700006
9.073859214782715,4.5420002937316895,-105.49590691604068,-101.2064857197862,0.14759613591225962,-0.16352687596379503,1,320.0,222.0,214.50409308395933,-0.16352687596379503
9.083893299102783,4.5420002937316895,-104.8531306668857,-100.3532687227841,0.14515627961630562,-0.16172184653859922,1,320.0,222.0,215.1468693331143,-0.16172184653859922
9.093368768692017,4.557000160217285,-104.96225992096575,-100.44273051458732,0.14576584741904242,-0.16237761294310007,1,320.0,222.0,215.03774007903425,-0.16237761294310007
9.103746175765991,4.575000286102295,-105.0713891750458,-100.53546441056264,0.1463798054162656,-0.16303392499387137,1,320.0,222.0,214.9286108249542,-0.16303392499387137
9.113326787948608,4.575000286102295,-105.18051842912584,-100.60779920659677,0.14696964616753955,-0.16369078269091303,1,320.0,,214.81948157087416,-0.16369078269091303
9.123540163040161,4.585000038146973,-105.28964768320589,-100.69139476768225,0.14757341781468056,-0.16434818603422513,1,320.0,,214.71035231679411,-0.16434818603422513
9.13405179977417,4.585000038146973,-105.39877693728593,-100.76372956371638,0.1481640382177401,-0.1650061350238076,1,320.0,,214.60122306271407,-0.1650061350238076
9.143495082855225,4.585000038146973,-105.50790619136598,-100.83606435975051,0.1487550202947798,-0.1656646296596605,1,320.0,,214.49209380863402,-0.1656646296596605
9.154211282730103,4.5960001945495605,-105.61703544544602,-100.92072783934223,0.14936122010948658,-0.16632366994178377,1,320.0,221.0,214.38296455455398,-0.16632366994178377
9.163646936416626,4.5960001945495605,-104.99482552779166,-100.12211932460404,0.1471158580190116,-0.1646008922151558,1,320.0,221.0,215.00517447220835,-0.1646008922151558
9.173021793365479,4.6020002365112305,-105.09895111536143,-100.19519426392354,0.14770452391751465,-0.16525133767581635,1,320.0,221.0,214.90104888463856,-0.16525133767581635
9.183649778366089,4.6020002365112305,-105.2030767029312,-100.2615702517263,0.14828548295413657,-0.16590230376441473,1,320.0,221.0,214.79692329706882,-0.16590230376441473
9.193328619003296,4.6060004234313965,-105.30720229050097,-100.33240233912758,0.14887214347071376,-0.16655379048095095,1,320.0,220.0,214.69279770949902,-0.16655379048095095
9.203919172286987,4.6060004234313965,-104.83255814262165,-99.71384839580357,0.14722534851215963,-0.1653227531646101,1,320.0,220.0,215.16744185737835,-0.1653227531646101
9.213465690612793,4.6060004234313965,-104.93273163975942,-99.77554738537785,0.14779826503657567,-0.1659676250193742,1,320.0,220.0,215.06726836024058,-0.1659676250193742
9.223902940750122,4.603000164031982,-105.0329051368972,-99.83390491964393,0.1483674636022932,-0.16661299774162402,1,320.0,220.0,214.9670948631028,-0.16661299774162402
9.233596086502075,4.603000164031982,-105.13307863403497,-99.89560390921821,0.1489409804093284,-0.16725887133135953,1,320.0,218.0,214.86692136596503,-0.16725887133135953
9.243017196655273,4.603000164031982,-104.89548024838754,-99.43473310329159,0.14781615309841972,-0.16680729275686274,1,320.0,218.0,215.10451975161246,-0.16680729275686274
9.253522157669067,4.599000453948975,-104.99335061914879,-99.48840731599472,0.14837800419024347,-0.16744970395487196,1,320.0,218.0,215.00664938085123,-0.16744970395487196
9.263775110244751,4.599000453948975,-105.09122098991003,-99.54654311887128,0.1489454998692897,-0.168092604504735,1,320.0,218.0,214.90877901008997,-0.168092604504735
9.273229122161865,4.591000080108643,-105.18909136067127,-99.59573050886019,0.14950250338982068,-0.16873599440645184,1,320.0,216.0,214.81090863932872,-0.16873599440645184
9.284181356430054,4.591000080108643,-105.16002398175502,-99.38050145287693,0.1491825123784904,-0.168967517512132,1,320.0,216.0,214.83997601824498,-0.168967517512132
9.293658018112183,4.583000183105469,-105.25702969865115,-99.4277949449453,0.1497364035436972,-0.1696102095209006,1,320.0,216.0,214.74297030134886,-0.1696102095209006
9.303104400634766,4.583000183105469,-105.35403541554729,-99.48406868565048,0.15030135237597164,-0.1702533865582537,1,320.0,216.0,214.6459645844527,-0.1702533865582537
9.313787698745728,4.569000244140625,-105.45104113244342,-99.52454844056707,0.1508475508240744,-0.1708970486241913,1,320.0,214.0,214.54895886755656,-0.1708970486241913
9.323488235473633,4.569000244140625,-105.60615686013479,-99.420521616509,0.15089246830241715,-0.17172988587940538,1,320.0,214.0,214.39384313986523,-0.17172988587940538
9.335660219192505,4.559000015258789,-105.70355813568987,-99.46436090382332,0.15144239725171343,-0.17237528520074993,1,320.0,214.0,214.2964418643101,-0.17237528520074993
9.343239784240723,4.559000015258789,-105.80095941124496,-99.51954346805894,0.15200621404613648,-0.17302117152847227,1,320.0,214.0,214.19904058875505,-0.17302117152847227
9.353772640228271,4.5410003662109375,-105.89836068680005,-99.55417850976576,0.1525455469887335,-0.17366754486257235,1,320.0,214.0,214.10163931319994,-0.17366754486257235
9.363191366195679,4.5410003662109375,-105.99576196235513,-99.60936107400138,0.15310981287118625,-0.17431440520305025,1,320.0,,214.00423803764488,-0.17431440520305025
9.373741388320923,4.529000282287598,-106.09316323791022,-99.65075086481777,0.15365773437449,-0.17496175254990587,1,320.0,,213.90683676208977,-0.17496175254990587
9.383188486099243,4.529000282287598,-106.1905645134653,-99.70593342905339,0.154222483118718,-0.17560958690313933,1,320.0,,213.8094354865347,-0.17560958690313933
9.393763065338135,4.509000301361084,-106.28796578902039,-99.73795907560942,0.1547596036899633,-0.17625790826275053,1,320.0,210.0,213.7120342109796,-0.17625790826275053
9.403481006622314,4.509000301361084,-106.8111768667155,-99.93118523336805,0.15577213679701346,-0.17828660899113324,1,320.0,210.0,213.1888231332845,-0.17828660899113324
9.413809537887573,4.494000434875488,-106.91146744743996,-99.96979667917793,0.1563183195153812,-0.17894151502523975,1,320.0,210.0,213.08853255256003,-0.17894151502523975
9.423423767089844,4.494000434875488,-107.01175802816442,-100.02591592938546,0.15688579219527715,-0.17959692251224996,1,320.0,210.0,212.98824197183558,-0.17959692251224996
9.434500217437744,4.4720001220703125,-107.11204860888888,-100.05613613033978,0.15742233711707404,-0.18025283145216375,1,320.0,210.0,212.88795139111113,-0.18025283145216375
9.44406247138977,4.4720001220703125,-107.21233918961335,-100.11225538054731,0.1579902414942258,-0.18090924184498117,1,320.0,208.0,212.78766081038665,-0.18090924184498117
9.453518152236938,4.457000255584717,-107.8629344547558,-100.47075973180064,0.1595727516498068,-0.18334631185567868,1,320.0,208.0,212.13706554524418,-0.18334631185567868
9.463278532028198,4.457000255584717,-107.96694850554778,-100.52904548579289,0.16014533978202647,-0.1840109634591568,1,320.0,208.0,212.03305149445222,-0.1840109634591568
9.473733186721802,4.434000015258789,-108.07096255633975,-100.55977911124921,0.16068501902813032,-0.18467613513288886,1,320.0,206.0,211.92903744366026,-0.18467613513288886
9.483411073684692,4.434000015258789,-108.82883064463874,-100.98119671731172,0.16243191192888182,-0.18745547480224736,1,320.0,206.0,211.17116935536126,-0.18745547480224736
9.493802309036255,4.418000221252441,-108.93726387479798,-101.02259495794796,0.16298670279243505,-0.18813028099781245,1,320.0,206.0,211.06273612520204,-0.18813028099781245
9.503380537033081,4.418000221252441,-109.04569710495721,-101.08333499790652,0.16356500751537484,-0.18880562935952833,1,320.0,206.0,210.9543028950428,-0.18880562935952833
9.514331102371216,4.39300012588501,-109.15413033511645,-101.1135602478927,0.16410684561659775,-0.18948151988739498,1,320.0,203.0,210.84586966488354,-0.18948151988739498
9.523972749710083,4.39300012588501,-110.11610028536661,-101.68442698214967,0.16633396035581235,-0.19291595701049485,1,320.0,203.0,209.8838997146334,-0.19291595701049485
9.533400297164917,4.377000331878662,-110.23029849113043,-101.7288935183282,0.16689596466681822,-0.1936041463498671,1,320.0,203.0,209.76970150886956,-0.1936041463498671
9.543722152709961,4.377000331878662,-110.34449669689424,-101.79307906669742,0.16748195272019478,-0.19429290668026816,1,320.0,203.0,209.65550330310577,-0.19429290668026816
9.55363392829895,4.3520002365112305,-110.45869490265805,-101.8261517924806,0.168030770750097,-0.194982238001698,1,320.0,203.0,209.54130509734193,-0.194982238001698
9.563470363616943,4.3520002365112305,-110.57289310842187,-101.89033734084981,0.1686172450948443,-0.1956721403141567,1,320.0,201.0,209.42710689157815,-0.1956721403141567
9.574010848999023,4.336000442504883,-111.61337442636872,-102.57870241823633,0.17126076543866908,-0.19935437547404258,1,320.0,201.0,208.38662557363128,-0.19935437547404258
9.583506107330322,4.336000442504883,-111.73382460115326,-102.64723659573511,0.17185624263464627,-0.2000575848067898,1,320.0,201.0,208.26617539884674,-0.2000575848067898
9.595036506652832,4.311000347137451,-111.8542747759378,-102.68404216367298,0.17241382952699008,-0.20076139639041093,1,320.0,201.0,208.1457252240622,-0.20076139639041093
9.603630065917969,4.311000347137451,-111.97472495072233,-102.75257634117176,0.17300983342169446,-0.201465810224906,1,320.0,,208.02527504927767,-0.201465810224906
9.613588571548462,4.294000148773193,-112.09517512550687,-102.7993156923717,0.17357991722159627,-0.20217082631027497,1,320.0,,207.90482487449313,-0.20217082631027497
9.623227596282959,4.294000148773193,-112.2156253002914,-102.86784986987048,0.17417649748394418,-0.20287644464651788,1,320.0,,207.7843746997086,-0.20287644464651788
9.635473728179932,4.269000053405762,-112.33607547507594,-102.90400547385424,0.17473440423609393,-0.20358266523363472,1,320.0,,207.66392452492406,-0.20358266523363472
9.643840074539185,4.269000053405762,-112.45652564986048,-102.97253965135302,0.17533150794734922,-0.20428948807162545,1,320.0,,207.54347435013952,-0.20428948807162545
9.653784275054932,4.253000259399414,-112.57697582464502,-103.02014431440817,0.17590373426458747,-0.20499691316049012,1,320.0,,207.42302417535498,-0.20499691316049012
9.663570165634155,4.253000259399414,-112.69742599942956,-103.08867849190695,0.17650141867004554,-0.2057049405002287,1,320.0,,207.30257400057044,-0.2057049405002287
9.674763679504395,4.228000164031982,-112.81787617421409,-103.12418015658201,0.1770596415684385,-0.2064135700908412,1,320.0,,207.1821238257859,-0.2064135700908412
9.683650493621826,4.228000164031982,-112.93832634899863,-103.19271433408079,0.17765784615310745,-0.20712280193232763,1,320.0,195.0,207.06167365100137,-0.20712280193232763
9.693041801452637,4.212000370025635,-114.60431044139357,-104.4442724369412,0.18210183688637666,-0.21280037171796515,1,320.0,195.0,205.39568955860642,-0.21280037171796515
9.703459024429321,4.212000370025635,-114.73511184058663,-104.52087294659881,0.1827163618626988,-0.2135310089561997,1,320.0,195.0,205.26488815941337,-0.2135310089561997
9.715853691101074,4.188000202178955,-114.86591323977969,-104.56512317954657,0.18329228775813383,-0.21426230020143028,1,320.0,195.0,205.13408676022033,-0.21426230020143028
9.723412990570068,4.188000202178955,-114.99671463897275,-104.64172368920418,0.18390741698816898,-0.2149942454536568,1,320.0,,205.00328536102725,-0.2149942454536568
9.734353065490723,4.172000408172607,-115.12751603816581,-104.69654275727169,0.18449668258363633,-0.2157268447128793,1,320.0,,204.87248396183418,-0.2157268447128793
9.743904829025269,4.172000408172607,-115.25831743735887,-104.7731432669293,0.1851124689115601,-0.21646009797909777,1,320.0,,204.74168256264113,-0.21646009797909777
9.75341272354126,4.148000240325928,-115.38911883655193,-104.81674325413906,0.18568887261248251,-0.21719400525231222,1,320.0,,204.61088116344808,-0.21719400525231222
9.763131380081177,4.148000240325928,-115.51992023574499,-104.89334376379666,0.18630525994289066,-0.21792856653252263,1,320.0,191.0,204.480079764255,-0.21792856653252263
9.774108409881592,4.131999969482422,-117.45128499223983,-106.36226559267485,0.19141886640747302,-0.22442186105522482,1,320.0,191.0,202.54871500776017,-0.22442186105522482
9.783675193786621,4.131999969482422,-117.59404772606605,-106.44826306547235,0.19205430469015738,-0.22518114657444663,1,320.0,191.0,202.40595227393396,-0.22518114657444663
9.79361081123352,4.1080002784729,-117.73681045989227,-106.50059063102245,0.19264960072197262,-0.22594114590733755,1,320.0,191.0,202.26318954010773,-0.22594114590733755
9.803320407867432,4.1080002784729,-117.87957319371849,-106.58658810381996,0.19328573062984872,-0.22670185905389761,1,320.0,189.0,202.1204268062815,-0.22670185905389761
9.814090490341187,4.093000411987305,-119.69941529525614,-108.03704781100475,0.19831876521484162,-0.23281517104260818,1,320.0,189.0,200.30058470474387,-0.23281517104260818
9.823615074157715,4.093000411987305,-119.85328137705032,-108.13221960945997,0.19897363247103517,-0.23359907674764646,1,320.0,189.0,200.14671862294966,-0.23359907674764646
9.833472728729248,4.069000244140625,-120.0071474588445,-108.19304769300686,0.1995875914097565,-0.23438375178309367,1,320.0,189.0,199.99285254115551,-0.23438375178309367
9.843357801437378,4.069000244140625,-120.16101354063868,-108.28821949146207,0.20024323866536003,-0.2351691961489499,1,320.0,186.0,199.8389864593613,-0.2351691961489499
9.852991104125977,4.054000377655029,-122.01928663055446,-109.7267835675877,0.20522379967778748,-0.24138745240263632,1,320.0,186.0,197.98071336944554,-0.24138745240263632
9.863509178161621,4.054000377655029,-122.18441348605742,-109.83097420005372,0.20589798330774695,-0.24219652669667016,1,320.0,186.0,197.81558651394258,-0.24219652669667016
9.873308420181274,4.031000137329102,-122.34954034156038,-109.9015960277184,0.20653223748108318,-0.24300642662498154,1,320.0,186.0,197.65045965843962,-0.24300642662498154
9.88438892364502,4.031000137329102,-122.51466719706335,-110.00578666018441,0.20720729517334333,-0.24381715218757039,1,320.0,185.0,197.48533280293665,-0.24381715218757039
9.894064664840698,4.015000343322754,-124.16989464767586,-111.43632695868887,0.21215409776982527,-0.2493747799712018,1,320.0,185.0,195.83010535232415,-0.2493747799712018
9.903570890426636,4.015000343322754,-124.34485652107769,-111.54942749983316,0.2128475655566976,-0.2502064585018894,1,320.0,185.0,195.6551434789223,-0.2502064585018894
9.913594245910645,3.9930002689361572,-124.51981839447951,-111.62977259180178,0.21350212853001893,-0.25103901184194394,1,320.0,185.0,195.4801816055205,-0.25103901184194394
9.923266172409058,3.9930002689361572,-124.69478026788134,-111.74287313294607,0.2141965635450568,-0.2518724399913656,1,320.0,182.0,195.30521973211864,-0.2518724399913656
9.933194637298584,3.9770002365112305,-126.41596129754309,-113.05416828331337,0.21875524847646988,-0.257631194437387,1,320.0,182.0,193.5840387024569,-0.257631194437387
9.943561553955078,3.9770002365112305,-126.60112736229138,-113.17533502415617,0.219466525240602,-0.25848639935189643,1,320.0,182.0,193.39887263770862,-0.25848639935189643
9.953455448150635,3.955000162124634,-126.78629342703967,-113.26308896705302,0.22013814541691348,-0.2593425300967296,1,320.0,182.0,193.21370657296035,-0.2593425300967296
9.963742017745972,3.955000162124634,-126.97145949178795,-113.38425570789583,0.22085046678446432,-0.2601995866718864,1,320.0,181.0,193.02854050821205,-0.2601995866718864
9.973647117614746,3.940000295639038,-128.52327892122318,-114.8252236187014,0.22581384128460383,-0.2654117160351162,1,320.0,181.0,191.47672107877682,-0.2654117160351162
9.98400330543518,3.940000295639038,-128.71746941814914,-114.95525731584114,0.2265446580077507,-0.2662883319785181,1,320.0,181.0,191.28253058185086,-0.2662883319785181
9.99326753616333,3.9180002212524414,-128.9116599150751,-115.05121896842866,0.22723506808569788,-0.26716591887440466,1,320.0,181.0,191.0883400849249,-0.26716591887440466
10.003496646881104,3.9180002212524414,-129.10585041200105,-115.1812526655684,0.22796701478559342,-0.26804447672277576,1,320.0,178.0,190.89414958799895,-0.26804447672277576
10.013951539993286,3.9030001163482666,-130.73728003244545,-116.62144974658528,0.23292325293452368,-0.27350626646162574,1,320.0,178.0,189.26271996755455,-0.27350626646162574
10.02357029914856,3.9030001163482666,-130.94097182201858,-116.76029975840162,0.2336736744474953,-0.2744054014682236,1,320.0,178.0,189.05902817798142,-0.2744054014682236
10.035300016403198,3.881000280380249,-131.1446636115917,-116.86439914839737,0.23438291571123218,-0.2753055549337693,1,320.0,178.0,188.8553363884083,-0.2753055549337693
10.043853044509888,3.881000280380249,-131.34835540116484,-117.0032491602137,0.23513455197121283,-0.2762067268582629,1,320.0,176.0,188.65164459883516,-0.2762067268582629
10.053056001663208,3.867000102996826,-132.9395833189599,-118.55476322961822,0.24043948240268337,-0.2815369734201656,1,320.0,176.0,187.0604166810401,-0.2815369734201656
10.06346583366394,3.867000102996826,-133.15246202567957,-118.70311437387467,0.24121101934766048,-0.2824581901783576,1,320.0,176.0,186.84753797432043,-0.2824581901783576
10.074254035949707,3.8450002670288086,-133.36534073239923,-118.81603463301651,0.24194060383179578,-0.2833804713300832,1,320.0,176.0,186.63465926760077,-0.2833804713300832
10.083908557891846,3.8450002670288086,-133.5782194391189,-118.96438577727297,0.2427134471337899,-0.2843038168753424,1,320.0,173.0,186.4217805608811,-0.2843038168753424
10.094036102294922,3.8310000896453857,-135.24304168303374,-120.50336644636755,0.24797537340271592,-0.28986715618990194,1,320.0,173.0,184.75695831696626,-0.28986715618990194
10.10374402999878,3.8310000896453857,-135.4655515144649,-120.6610930327366,0.24876795077152247,-0.29081149574519166,1,320.0,173.0,184.5344484855351,-0.29081149574519166
10.114475965499878,3.809000253677368,-135.68806134589605,-120.78268829854369,0.2495177785319837,-0.2917569478496385,1,320.0,173.0,184.31193865410395,-0.2917569478496385
10.123461723327637,3.809000253677368,-135.9105711773272,-120.94041488491274,0.2503117525100511,-0.2927035125032425,1,320.0,172.0,184.0894288226728,-0.2927035125032425
10.133053064346313,3.7950000762939453,-137.4258149124017,-122.46828805608557,0.2555360022807632,-0.2977867251436489,1,320.0,172.0,182.5741850875983,-0.2977867251436489
10.143635272979736,3.7950000762939453,-137.6569173807787,-122.63527617753805,0.2563495644073938,-0.29875233269260515,1,320.0,172.0,182.3430826192213,-0.29875233269260515
10.153338432312012,3.7730002403259277,-137.8880198491557,-122.76541156530463,0.25711955393054026,-0.2997190957539033,1,320.0,172.0,182.1119801508443,-0.2997190957539033
10.16377329826355,3.7730002403259277,-138.1191223175327,-122.93239968675711,0.257934601674717,-0.3006870143275434,1,320.0,169.0,181.8808776824673,-0.3006870143275434
10.173860788345337,3.759000062942505,-139.71417410320623,-124.44998518364011,0.2631243240164074,-0.3060253639794779,1,320.0,169.0,180.28582589679377,-0.3060253639794779
10.183327198028564,3.759000062942505,-139.9543622937119,-124.62612787115762,0.2639588258807842,-0.3070133616195532,1,320.0,169.0,180.0456377062881,-0.3070133616195532
10.193672180175781,3.7380001544952393,-140.1945504842176,-124.76639341391432,0.2647509764991618,-0.30800256020058114,1,320.0,169.0,179.8054495157824,-0.30800256020058114
10.203688144683838,3.7380001544952393,-140.43473867472326,-124.94253610143183,0.26558706040468993,-0.3089929597225616,1,320.0,167.0,179.56526132527674,-0.3089929597225616
10.213503122329712,3.7240002155303955,-141.99453067612887,-126.45020571490717,0.27074376222488344,-0.31421767439123793,1,320.0,167.0,178.00546932387113,-0.31421767439123793
10.224164962768555,3.7240002155303955,-142.24352883867994,-126.63539922660952,0.2715991714350593,-0.31522768983049265,1,320.0,167.0,177.75647116132006,-0.31522768983049265
10.234036922454834,3.703000068664551,-142.492527001231,-126.78400495229513,0.27241141833064353,-0.3162389502605601,1,320.0,167.0,177.507472998769,-0.3162389502605601
10.24413537979126,3.703000068664551,-142.74152516378206,-126.96919846399749,0.2732684965370063,-0.31725145568144025,1,320.0,165.0,177.25847483621794,-0.31725145568144025
10.253865957260132,3.689000129699707,-144.26901700448727,-128.5712542898728,0.2787274219986912,-0.32237218908891063,1,320.0,165.0,175.73098299551273,-0.32237218908891063
10.263237476348877,3.689000129699707,-144.526569827417,-128.7660931422391,0.279605059087242,-0.3234038853255634,1,320.0,165.0,175.473430172583,-0.3234038853255634
10.274567604064941,3.6680002212524414,-144.78412265034675,-128.92361309790218,0.2804387010995272,-0.3244368693263308,1,320.0,165.0,175.21587734965325,-0.3244368693263308
10.283333539962769,3.6680002212524414,-145.04167547327648,-129.11845195026848,0.2813180999821181,-0.3254711410912129,1,320.0,162.0,174.95832452672352,-0.3254711410912129
10.29413390159607,3.6540002822875977,-146.64288157471162,-130.5957152007405,0.28637432784611605,-0.330828962945847,1,320.0,162.0,173.35711842528838,-0.330828962945847
10.303478002548218,3.6540002822875977,-146.90944493139148,-130.79932249773154,0.28727265321499396,-0.33188338619851987,1,320.0,162.0,173.09055506860852,-0.33188338619851987
10.315181493759155,3.633000135421753,-147.17600828807133,-130.9648567791159,0.2881261186365508,-0.33293914226797605,1,320.0,162.0,172.82399171192867,-0.33293914226797605
10.323030233383179,3.633000135421753,-147.44257164475118,-131.16846407610694,0.28902628971332056,-0.3339962311542156,1,320.0,160.0,172.55742835524882,-0.3339962311542156
10.33301305770874,3.619000196456909,-149.00490758671543,-132.73915304799095,0.29438270147531365,-0.3392284901105703,1,320.0,160.0,170.99509241328457,-0.3392284901105703
10.343531847000122,3.619000196456909,-149.28017904768885,-132.95211997575032,0.29530302238850364,-0.34030521675897685,1,320.0,160.0,170.71982095231115,-0.34030521675897685
10.354041576385498,3.5990002155303955,-149.55545050866226,-133.12809816904468,0.2961798367113021,-0.3413833197646883,1,320.0,160.0,170.44454949133774,-0.3413833197646883
10.36417269706726,3.5990002155303955,-149.83072196963568,-133.34106509680404,0.2971021023500973,-0.34246279912770455,1,320.0,158.0,170.16927803036432,-0.34246279912770455
10.374017238616943,3.5850002765655518,-151.35663784297049,-134.99356966826045,0.3027211625856362,-0.3475773241934915,1,320.0,158.0,168.64336215702951,-0.3475773241934915
10.383440256118774,3.5850002765655518,-151.6403314467058,-135.2164068856913,0.30366464928098164,-0.34867595817520747,1,320.0,158.0,168.3596685532942,-0.34867595817520747
10.393007516860962,3.564000129699707,-151.92402505044112,-135.39961677107493,0.30456149922729736,-0.349776010624942,1,320.0,158.0,168.07597494955888,-0.349776010624942
10.403759717941284,3.564000129699707,-152.20771865417643,-135.62245398850578,0.30550701615815695,-0.35087748154269527,1,320.0,156.0,167.79228134582357,-0.35087748154269527
10.413060426712036,3.5500001907348633,-153.69924190862957,-137.24380567337923,0.31102379540400826,-0.35588072659780645,1,320.0,156.0,166.30075809137043,-0.35588072659780645
10.423424005508423,3.5500001907348633,-153.9910852488323,-137.4762593514622,0.31199012111446517,-0.35700089403229396,1,320.0,156.0,166.0089147511677,-0.35700089403229396
10.433462142944336,3.5300002098083496,-154.282928589035,-137.67019867608514,0.3129111992973931,-0.3581225206834824,1,320.0,156.0,165.717071410965,-0.3581225206834824
10.443312406539917,3.5300002098083496,-154.57477192923773,-137.9026523541681,0.3138796569728635,-0.35924560655137183,1,320.0,153.0,165.42522807076227,-0.35924560655137183
10.453646421432495,3.5180001258850098,-156.13573665337498,-139.49774021330217,0.3193019242439148,-0.3644731659320415,1,320.0,153.0,163.86426334662502,-0.3644731659320415
10.463165521621704,3.5180001258850098,-156.43615907033916,-139.73956280184856,0.3202908091641797,-0.3656158536277502,1,320.0,153.0,163.56384092966084,-0.3656158536277502
10.473763465881348,3.501000165939331,-156.73658148730334,-139.94804939913,0.3212407333279131,-0.3667600434355437,1,320.0,153.0,163.26341851269666,-0.3667600434355437
10.483565330505371,3.501000165939331,-157.03700390426752,-140.1898719876764,0.3222318697941071,-0.36790573535542204,1,320.0,152.0,162.96299609573248,-0.36790573535542204
10.493180751800537,3.491000175476074,-158.45462887676896,-141.75966993456487,0.3275622965184496,-0.37266869696062904,1,320.0,152.0,161.54537112323104,-0.37266869696062904
10.503672122955322,3.491000175476074,-158.76261642204588,-142.01061875923926,0.32857348820185506,-0.37383209509707155,1,320.0,152.0,161.23738357795412,-0.37383209509707155
10.51348352432251,3.4800002574920654,-159.0706039673228,-142.23968496209065,0.3295595660700872,-0.3749970331712405,1,320.0,152.0,160.9293960326772,-0.3749970331712405
10.52320384979248,3.4800002574920654,-159.3785915125997,-142.49063378676504,0.3305731578286303,-0.3761635111831358,1,320.0,150.0,160.6214084874003,-0.3761635111831358
10.533341646194458,3.4730000495910645,-160.76693791253794,-143.93624886652285,0.33548684393770867,-0.38083155924138984,1,320.0,150.0,159.23306208746206,-0.38083155924138984
10.543799877166748,3.4730000495910645,-161.08225278344406,-144.19539524709404,0.3365187965706296,-0.38201534835039447,1,320.0,150.0,158.91774721655594,-0.38201534835039447
10.553149461746216,3.4650001525878906,-161.39756765435018,-144.43846799088848,0.3375326762031373,-0.38320071403375355,1,320.0,150.0,158.60243234564982,-0.38320071403375355
10.563744068145752,3.4650001525878906,-161.7128825252563,-144.69761437145968,0.3385671399316801,-0.3843876562914672,1,320.0,149.0,158.2871174747437,-0.3843876562914672
10.573310613632202,3.4610002040863037,-162.97139101789952,-146.029875762637,0.343099112748654,-0.38863465787445417,1,320.0,149.0,157.02860898210048,-0.38863465787445417
10.585603952407837,3.4610002040863037,-163.29311233692806,-146.29636584243735,0.34415038267362663,-0.389837189018973,1,320.0,149.0,156.70688766307194,-0.389837189018973
10.593697786331177,3.4560000896453857,-163.6148336559566,-146.55274548682357,0.3451908019743242,-0.39104132877008707,1,320.0,149.0,156.3851663440434,-0.39104132877008707
10.603182077407837,3.4560000896453857,-163.93655497498514,-146.81923556662392,0.3462446862479177,-0.3922470771277963,1,320.0,149.0,156.06344502501486,-0.3922470771277963
10.613974332809448,3.454000234603882,-164.97474419421053,-148.04589809955837,0.3504243518181508,-0.3957796862756924,1,320.0,149.0,155.02525580578947,-0.3957796862756924
10.623491525650024,3.454000234603882,-165.3013385411186,-148.31894631615944,0.3514936044096528,-0.39699810618468767,1,320.0,149.0,154.6986614588814,-0.39699810618468767
10.63451337814331,3.451000213623047,-165.6279328880267,-148.58590624127712,0.3525568858510005,-0.3982181590654175,1,320.0,149.0,154.3720671119733,-0.3982181590654175
10.643454790115356,3.451000213623047,-165.95452723493477,-148.85895445787818,0.35362883848321114,-0.3994398449178818,1,320.0,148.0,154.04547276506523,-0.3994398449178818
10.653621196746826,3.450000047683716,-166.89372031828592,-149.98684726690544,0.35748279882518286,-0.4026528525562094,1,320.0,148.0,153.10627968171408,-0.4026528525562094
10.663208961486816,3.450000047683716,-167.22448635631636,-150.26573066595586,0.35856878755737315,-0.40388589423362753,1,320.0,148.0,152.77551364368364,-0.40388589423362753
10.674501180648804,3.449000120162964,-167.5552523943468,-150.54258109295205,0.3596537209752334,-0.4051205897412358,1,320.0,148.0,152.4447476056532,-0.4051205897412358
10.683974981307983,3.449000120162964,-167.88601843237726,-150.82146449200246,0.36074248837655387,-0.40635693907903425,1,320.0,148.0,152.11398156762274,-0.40635693907903425
10.693908214569092,3.449000120162964,-168.6333290605877,-151.75742335198584,0.36396829425621907,-0.40894880650340826,1,320.0,148.0,151.3666709394123,-0.40894880650340826
10.703464269638062,3.449000120162964,-168.96693485870222,-152.04078631147266,0.3650685337391606,-0.41019396813543924,1,320.0,148.0,151.03306514129778,-0.41019396813543924
10.714060544967651,3.449000120162964,-169.30054065681674,-152.32414927095948,0.36617019003689955,-0.4114407977964607,1,320.0,148.0,150.69945934318326,-0.4114407977964607
10.723639011383057,3.449000120162964,-169.63414645493125,-152.6075122304463,0.367273263149436,-0.4126892954864728,1,320.0,148.0,150.36585354506875,-0.4126892954864728
10.734462976455688,3.449000120162964,-170.20714608442893,-153.46799825736915,0.3702547212854157,-0.414718037970477,1,320.0,148.0,149.79285391557107,-0.414718037970477
10.744009733200073,3.449000120162964,-170.54238557320406,-153.75529966656393,0.37136825947478225,-0.4159730372848732,1,320.0,148.0,149.45761442679594,-0.4159730372848732
10.753228902816772,3.450000047683716,-170.8776250619792,-154.04463404781293,0.3724856839025201,-0.4172297127967133,1,320.0,148.0,149.1223749380208,-0.4172297127967133
10.763871192932129,3.450000047683716,-171.21286455075432,-154.33193545700772,0.3736021052708389,-0.4184880645059972,1,320.0,148.0,148.78713544924568,-0.4184880645059972
10.773059844970703,3.451000213623047,-171.62771271021884,-155.0239098646356,0.3760326585543687,-0.42000714960339486,1,320.0,148.0,148.37228728978116,-0.42000714960339486
10.783939838409424,3.451000213623047,-171.96349596146894,-155.31396148864724,0.37715729031062584,-0.42126990698470235,1,320.0,148.0,148.03650403853106,-0.42126990698470235
10.79401183128357,3.452000141143799,-172.29927921271903,-155.6060436147762,0.37828581908005454,-0.422534343282266,1,320.0,148.0,147.70072078728097,-0.422534343282266
10.803532361984253,3.452000141143799,-172.63506246396912,-155.89609523878784,0.37941336150506244,-0.42380045849608594,1,320.0,148.0,147.36493753603088,-0.42380045849608594
10.813134908676147,3.453000068664551,-172.90664169352536,-156.53403874796112,0.3816708538673186,-0.4248592181182781,1,320.0,148.0,147.09335830647464,-0.4248592181182781
10.82379961013794,3.453000068664551,-173.24198604923632,-156.8264546718311,0.38280588524932174,-0.4261278412753774,1,320.0,148.0,146.75801395076368,-0.4261278412753774
10.833442211151123,3.454000234603882,-173.57733040494728,-157.12089911608362,0.38394482307800515,-0.42739814115425534,1,320.0,148.0,146.42266959505272,-0.42739814115425534
10.84413766860962,3.454000234603882,-173.91267476065823,-157.4133150399536,0.3850827887618489,-0.42867011775491176,1,320.0,149.0,146.08732523934177,-0.42867011775491176
10.853396892547607,3.455000162124634,-173.95363614814156,-157.90058604343062,0.3868527495978684,-0.4289848908156824,1,320.0,149.0,146.04636385185844,-0.4289848908156824
10.863688945770264,3.455000162124634,-174.28696667456933,-158.19432107630604,0.38799620324270045,-0.4302563222807686,1,320.0,149.0,145.71303332543067,-0.4302563222807686
10.8737952709198,3.4560000896453857,-174.6202972009971,-158.49008168520277,0.3891435663818025,-0.43152942039848696,1,320.0,149.0,145.3797027990029,-0.43152942039848696
10.883734464645386,3.4560000896453857,-174.95362772742487,-158.78381671807819,0.39028996750484346,-0.43280418516883734,1,320.0,148.0,145.04637227257513,-0.43280418516883734
10.893095016479492,3.457000255584717,-174.98849990640264,-159.13428664537014,0.39161855292166164,-0.4331080739552651,1,320.0,148.0,145.01150009359736,-0.4331080739552651
10.90424108505249,3.457000255584717,-175.3197874317375,-159.4283961784817,0.39276862634228793,-0.43438221792282566,1,320.0,148.0,144.6802125682625,-0.43438221792282566
10.913903713226318,3.4580001831054688,-175.65107495707235,-159.72452883114,0.39392260816963354,-0.4356580183280129,1,320.0,148.0,144.34892504292765,-0.4356580183280129
10.92415165901184,3.4580001831054688,-175.9823624824072,-160.01863836425156,0.3950756328011887,-0.43693547517082676,1,320.0,149.0,144.0176375175928,-0.43693547517082676
10.933995485305786,3.4590001106262207,-175.81026927628096,-160.24512326086807,0.39600553779469344,-0.4365737199120817,1,320.0,149.0,144.18973072371904,-0.4365737199120817
10.943907976150513,3.4590001106262207,-176.13810915242323,-160.5387557856505,0.3971605906033606,-0.4378478183092146,1,320.0,149.0,143.86189084757677,-0.4378478183092146
10.953088998794556,3.4600002765655518,-176.4659490285655,-160.83440945991654,0.39831954705977946,-0.43912355590572816,1,320.0,149.0,143.5340509714345,-0.43912355590572816
10.963970184326172,3.4600002765655518,-176.79378890470775,-161.12804198469897,0.3994775462994419,-0.4404009327016224,1,320.0,149.0,143.20621109529225,-0.4404009327016224
10.973375797271729,3.4610002040863037,-176.53632960307434,-161.24238925080545,0.4000482676551082,-0.4397714661409051,1,320.0,149.0,143.46367039692566,-0.4397714661409051
10.984139919281006,3.4610002040863037,-176.86015882239403,-161.53477941788816,0.40120680975269685,-0.4410443619982008,1,320.0,149.0,143.13984117760597,-0.4410443619982008
10.993560791015625,3.4620001316070557,-177.18398804171372,-161.8291878052466,0.4023692457565532,-0.4423188770015929,1,320.0,149.0,142.81601195828628,-0.4423188770015929
11.003435850143433,3.4620001316070557,-177.5078172610334,-162.1215779723293,0.4035307218469141,-0.44359501115108174,1,320.0,150.0,142.4921827389666,-0.44359501115108174
11.01370096206665,3.4630000591278076,-177.0732449742198,-162.13473876925715,0.40377878748364443,-0.4423991897825673,1,320.0,150.0,142.9267550257802,-0.4423991897825673
11.023262023925781,3.4630000591278076,-177.3918751907088,-162.42520093296176,0.40493946808475473,-0.4436685054183077,1,320.0,150.0,142.6081248092912,-0.4436685054183077
11.033987998962402,3.4640002250671387,-177.7105054071978,-162.71767935461116,0.4061040305875071,-0.4449394142051305,1,320.0,150.0,142.2894945928022,-0.4449394142051305
11.044235944747925,3.4640002250671387,-178.02913562368678,-163.00814151831577,0.40726762589154414,-0.4462119161430357,1,320.0,150.0,141.97086437631322,-0.4462119161430357
11.053725242614746,3.4640002250671387,-177.5367354090242,-162.9282232087945,0.40722437690456936,-0.4448401770566782,1,320.0,150.0,142.4632645909758,-0.4448401770566782
11.06319808959961,3.4640002250671387,-177.8498038171605,-163.21614541206046,0.40838596427554885,-0.4461051081655276,1,320.0,150.0,142.1501961828395,-0.4461051081655276
11.073827028274536,3.4650001525878906,-178.1628722252968,-163.5060821727457,0.40955141879923485,-0.4473716046164177,1,320.0,150.0,141.8371277747032,-0.4473716046164177
11.083874702453613,3.4650001525878906,-178.4759406334331,-163.79400437601166,0.41071589546503406,-0.44863966640934844,1,320.0,151.0,141.5240593665669,-0.44863966640934844
11.093133926391602,3.4660000801086426,-177.83185207875107,-163.53338081343924,0.4100877898115469,-0.44678613619300345,1,320.0,151.0,142.16814792124893,-0.44678613619300345
11.10361385345459,3.4660000801086426,-178.13835454285032,-163.817526269097,0.4112478519896818,-0.4480446309226368,1,320.0,151.0,141.86164545714968,-0.4480446309226368
11.113170862197876,3.4660000801086426,-178.44485700694958,-164.10167172475474,0.41240933489509485,-0.4493046581645907,1,320.0,151.0,141.55514299305042,-0.4493046581645907
11.123962640762329,3.4660000801086426,-178.75135947104883,-164.3858171804125,0.41357223852778624,-0.450566217918865,1,320.0,152.0,141.24864052895117,-0.450566217918865
11.133284091949463,3.4670002460479736,-177.97187687903426,-164.06184148708041,0.4127478196057509,-0.44828520334191374,1,320.0,152.0,142.02812312096574,-0.44828520334191374
11.143676519393921,3.4670002460479736,-178.2709276936304,-164.34180041841324,0.4139054793254423,-0.4495354189578973,1,320.0,152.0,141.7290723063696,-0.4495354189578973
11.15321159362793,3.4680001735687256,-178.56997850822654,-164.62377025427142,0.41506696197974347,-0.45078712982795377,1,320.0,152.0,141.43002149177346,-0.45078712982795377
11.163813352584839,3.4680001735687256,-178.86902932282268,-164.90372918560425,0.4162274313432709,-0.45204033595208326,1,320.0,153.0,141.13097067717732,-0.45204033595208326
11.173431873321533,3.4680001735687256,-177.96918700824477,-164.42062942731692,0.41489871467370454,-0.4493819094449397,1,320.0,153.0,142.03081299175523,-0.4493819094449397
11.183908939361572,3.4680001735687256,-178.26000961729196,-164.6953513582939,0.4160518577476684,-0.4506221966238828,1,320.0,153.0,141.73999038270804,-0.4506221966238828
11.1934494972229,3.4690001010894775,-178.55083222633914,-164.97208297846907,0.417208796106771,-0.4518639379158712,1,320.0,153.0,141.44916777366086,-0.4518639379158712
11.203983545303345,3.4690001010894775,-178.84165483538632,-165.24680490944604,0.41836469644849056,-0.4531071333209047,1,320.0,153.0,141.15834516461368,-0.4531071333209047
11.213663101196289,3.4690001010894775,-177.9363263755586,-164.7240016361074,0.41691858658505954,-0.4504471534731398,1,320.0,153.0,142.0636736244414,-0.4504471534731398
11.223104476928711,3.4690001010894775,-178.21893809351295,-164.99324901393902,0.4180666496835272,-0.4516773822251525,1,320.0,153.0,141.78106190648705,-0.4516773822251525
11.23413896560669,3.4700002670288086,-178.5015498114673,-165.26450534549093,0.4192184798081169,-0.4529090240357551,1,320.0,153.0,141.4984501885327,-0.4529090240357551
11.243777990341187,3.4700002670288086,-178.78416152942165,-165.53375272332255,0.4203692454251315,-0.4541420789049474,1,320.0,154.0,141.21583847057835,-0.4541420789049474
11.253427505493164,3.4700002670288086,-177.77538587306245,-164.87565770934387,0.4184939220592344,-0.4511606373111441,1,320.0,154.0,142.22461412693755,-0.4511606373111441
11.263921976089478,3.4710001945495605,-178.04913163189832,-165.14054572327439,0.4196374904045674,-0.4523793778799066,1,320.0,154.0,141.95086836810168,-0.4523793778799066
11.273582458496094,3.4710001945495605,-178.3228773907342,-165.4034264756471,0.4207799644397929,-0.45359948717746335,1,320.0,154.0,141.6771226092658,-0.45359948717746335
11.283142566680908,3.4710001945495605,-178.59662314957006,-165.66630722801983,0.42192375287878026,-0.4548209652038142,1,320.0,155.0,141.40337685042994,-0.4548209652038142
11.293716430664062,3.4710001945495605,-177.49687329291768,-164.88761516301764,0.41966824318089135,-0.45155951058643257,1,320.0,155.0,142.50312670708232,-0.45155951058643257
11.303267240524292,3.4720001220703125,-177.76118825456734,-165.1453502406026,0.4208032520251963,-0.45276549448168496,1,320.0,155.0,142.23881174543266,-0.45276549448168496
11.313677310943604,3.4720001220703125,-178.025503216217,-165.4010792686563,0.421937132255204,-0.45397279995174566,1,320.0,155.0,141.974496783783,-0.45397279995174566
11.323250770568848,3.4720001220703125,-178.28981817786666,-165.65680829671,0.42307229113035205,-0.45518142699661457,1,320.0,156.0,141.71018182213334,-0.45518142699661457
11.334442615509033,3.4720001220703125,-177.11057145955368,-164.77107664660184,0.42048177479403004,-0.4516780395607254,1,320.0,156.0,142.88942854044632,-0.4516780395607254
11.34314250946045,3.4720001220703125,-177.36497360709933,-165.0189673621908,0.4216043384895478,-0.4528701470058157,1,320.0,156.0,142.63502639290067,-0.4528701470058157
11.353825330734253,3.4720001220703125,-177.61937575464498,-165.26685807777977,0.4227281416386434,-0.45406352646164366,1,320.0,156.0,142.38062424535502,-0.45406352646164366
11.363457918167114,3.4730000495910645,-177.87377790219062,-165.51675363197086,0.42385560007183265,-0.45525817792820944,1,320.0,157.0,142.12622209780938,-0.45525817792820944
11.373890399932861,3.4730000495910645,-176.62558394938478,-164.53647941680245,0.4209716651070131,-0.4515477965853436,1,320.0,157.0,143.37441605061522,-0.4515477965853436
11.383199691772461,3.4730000495910645,-176.8696671751996,-164.77593583804574,0.4220828924916953,-0.4527250447921974,1,320.0,157.0,143.1303328248004,-0.4527250447921974
11.393901109695435,3.4730000495910645,-177.1137504010144,-165.01539225928903,0.4231953171584837,-0.4539035134151802,1,320.0,157.0,142.8862495989856,-0.4539035134151802
11.403911113739014,3.4740002155303955,-177.35783362682923,-165.25685278689417,0.4243113540555443,-0.4550832024542921,1,320.0,157.0,142.64216637317077,-0.4550832024542921
11.413746118545532,3.4740002155303955,-177.60191685264405,-165.49630920813746,0.42542618330707693,-0.45626411190953314,1,320.0,159.0,142.39808314735595,-0.45626411190953314
11.423177242279053,3.4740002155303955,-176.12970660801474,-164.2745195623733,0.4217720257296921,-0.451843464789802,1,320.0,159.0,143.87029339198526,-0.451843464789802
11.433997631072998,3.4740002155303955,-176.36200768929885,-164.50394470828235,0.42286985562832424,-0.45300403612578943,1,320.0,159.0,143.63799231070115,-0.45300403612578943
11.443544626235962,3.4740002155303955,-176.59430877058296,-164.73336985419138,0.4239688326526861,-0.45416576896718325,1,320.0,160.0,143.40569122941704,-0.45416576896718325
11.453320026397705,3.4740002155303955,-175.1558373454361,-163.51578505381556,0.4203456229737541,-0.44987492312340027,1,320.0,160.0,144.8441626545639,-0.44987492312340027
11.463748216629028,3.4740002155303955,-175.37667022898577,-163.73527791024543,0.4214276907910212,-0.45101680593480487,1,320.0,160.0,144.62332977101423,-0.45101680593480487
11.473236799240112,3.4740002155303955,-175.59750311253543,-163.9547707666753,0.4225108560725704,-0.4521597929106271,1,320.0,160.0,144.40249688746457,-0.4521597929106271
11.483731031417847,3.4750001430511475,-175.8183359960851,-164.17626604284794,0.42359753173419185,-0.4533038840508671,1,320.0,161.0,144.1816640039149,-0.4533038840508671
11.493099451065063,3.4750001430511475,-174.34500565277835,-162.90362291649495,0.4198117644527735,-0.44891841584574144,1,320.0,161.0,145.65499434722165,-0.44891841584574144
11.50363039970398,3.4750001430511475,-174.5542078802566,-163.11287206077688,0.42087842778621565,-0.4500422295581166,1,320.0,161.0,145.4457921197434,-0.4500422295581166
11.513047695159912,3.4750001430511475,-174.76341010773484,-163.3221212050588,0.42194613736537934,-0.4511670892816292,1,320.0,161.0,145.23658989226516,-0.4511670892816292
11.523719310760498,3.4750001430511475,-174.97261233521309,-163.53137034934073,0.4230148931902643,-0.45229299501627906,1,320.0,161.0,145.02738766478691,-0.45229299501627906
11.533286571502686,3.4750001430511475,-173.57215392901534,-162.21205772560478,0.4190942523976986,-0.44816473261924916,1,320.0,161.0,146.42784607098466,-0.44816473261924916
11.543729305267334,3.4750001430511475,-173.77030424622947,-162.41081178344436,0.4201448113260233,-0.4492713645211372,1,320.0,161.0,146.22969575377053,-0.4492713645211372
11.553178548812866,3.4750001430511475,-173.9684545634436,-162.60956584128394,0.4211963640246372,-0.45037898717461133,1,320.0,161.0,146.0315454365564,-0.45037898717461133
11.563799142837524,3.4760000705718994,-174.16660488065773,-162.81032111122184,0.42225132195411885,-0.45148760057967163,1,320.0,164.0,145.83339511934227,-0.45148760057967163
11.573493242263794,3.4760000705718994,-172.5333112775999,-161.35121083619592,0.41789197121014676,-0.44661756912245837,1,320.0,164.0,147.4666887224001,-0.44661756912245837
11.58397388458252,3.4760000705718994,-172.71888577584758,-161.53858097914176,0.41892450828657746,-0.44770385294923487,1,320.0,164.0,147.28111422415242,-0.44770385294923487
11.59339427947998,3.4760000705718994,-172.90446027409527,-161.7259511220876,0.41995798221372294,-0.44879106464850255,1,320.0,164.0,147.09553972590473,-0.44879106464850255
11.604526996612549,3.4760000705718994,-173.09003477234296,-161.91332126503343,0.4209923929915831,-0.44987920422026145,1,320.0,164.0,146.90996522765704,-0.44987920422026145
11.613147258758545,3.4760000705718994,-173.27560927059065,-162.10069140797927,0.4220277406201579,-0.45096827166451164,1,320.0,165.0,146.72439072940935,-0.45096827166451164
11.623555898666382,3.4760000705718994,-171.57517996819274,-160.56102565686297,0.417426526371284,-0.44590185525639714,1,320.0,165.0,148.42482003180726,-0.44590185525639714
11.633291959762573,3.4760000705718994,-171.7478085426235,-160.7365410648894,0.4184408275662402,-0.4469677485884272,1,320.0,165.0,148.2521914573765,-0.4469677485884272
11.644428491592407,3.4760000705718994,-171.92043711705423,-160.91205647291582,0.4194560063382365,-0.4480345050633293,1,320.0,165.0,148.07956288294577,-0.4480345050633293
11.654039859771729,3.4760000705718994,-172.09306569148498,-161.08757188094225,0.4204720626872729,-0.44910212468110366,1,320.0,166.0,147.90693430851502,-0.44910212468110366
11.663580656051636,3.4760000705718994,-170.40431201603016,-159.43987229559042,0.4155394251655801,-0.4440964874243495,1,320.0,166.0,149.59568798396984,-0.4440964874243495
11.673040628433228,3.4760000705718994,-170.5641700757733,-159.60287904568102,0.41653304766091725,-0.4451411379464201,1,320.0,166.0,149.4358299242267,-0.4451411379464201
11.684765338897705,3.4760000705718994,-170.72402813551642,-159.76588579577162,0.4175274851900048,-0.44618658775878944,1,320.0,166.0,149.27597186448358,-0.44618658775878944
11.693696022033691,3.4760000705718994,-170.88388619525955,-159.92889254586223,0.4185227377528428,-0.44723283686145754,1,320.0,168.0,149.11611380474045,-0.44723283686145754
11.703423738479614,3.4760000705718994,-169.1061885136614,-158.2898311056128,0.41363965240126155,-0.4419587112777612,1,320.0,168.0,150.8938114863386,-0.4419587112777612
11.713812351226807,3.4760000705718994,-169.2527585090434,-158.4404789864407,0.41461263225318723,-0.4429808590647648,1,320.0,168.0,150.7472414909566,-0.4429808590647648
11.7242751121521,3.4760000705718994,-169.39932850442537,-158.5911268672686,0.41558636534451704,-0.4440037397017453,1,320.0,168.0,150.60067149557463,-0.4440037397017453
11.733973741531372,3.4760000705718994,-169.54589849980735,-158.7417747480965,0.41656085167525103,-0.4450273531887027,1,320.0,169.0,150.45410150019265,-0.4450273531887027
11.743848323822021,3.4760000705718994,-167.7939629597752,-157.11364915071522,0.4117339668524771,-0.4398590249596801,1,320.0,169.0,152.2060370402248,-0.4398590249596801
11.753362894058228,3.4760000705718994,-167.92751637050455,-157.25210135703756,0.41268637000684916,-0.44085892663440784,1,320.0,169.0,152.07248362949545,-0.44085892663440784
11.764930725097656,3.4760000705718994,-168.0610697812339,-157.3905535633599,0.4136394654222527,-0.44185949607618924,1,320.0,169.0,151.9389302187661,-0.44185949607618924
11.773753881454468,3.4760000705718994,-168.19462319196325,-157.52900576968224,0.414593253098688,-0.4428607332850243,1,320.0,171.0,151.80537680803675,-0.4428607332850243
11.784020900726318,3.4760000705718994,-166.3671442380147,-155.9139362470595,0.40982870150898076,-0.4374668202141366,1,320.0,171.0,153.6328557619853,-0.4374668202141366
11.793602705001831,3.4760000705718994,-166.48725506858625,-156.04036832723585,0.4107606218468286,-0.43844338948616535,1,320.0,171.0,153.51274493141375,-0.43844338948616535
11.803144216537476,3.4760000705718994,-166.6073658991578,-156.1668004074122,0.41169317434507724,-0.439420559312347,1,320.0,171.0,153.3926341008422,-0.439420559312347
11.81377363204956,3.4760000705718994,-166.72747672972935,-156.29323248758857,0.41262635900372685,-0.44039832969268156,1,320.0,172.0,153.27252327027065,-0.44039832969268156
11.82324481010437,3.4760000705718994,-164.93752862401925,-154.5911734839071,0.4075971458684432,-0.43514766360744195,1,320.0,172.0,155.06247137598075,-0.43514766360744195
11.833814144134521,3.4760000705718994,-165.04454806791912,-154.70507323675585,0.40850735093804547,-0.4361013096804614,1,320.0,172.0,154.95545193208088,-0.4361013096804614
11.844108819961548,3.4760000705718994,-165.151567511819,-154.8189729896046,0.409418125506412,-0.43705549085070033,1,320.0,172.0,154.848432488181,-0.43705549085070033
11.85355830192566,3.4760000705718994,-165.25858695571887,-154.93287274245333,0.41032946957354277,-0.43801020711815875,1,320.0,173.0,154.74141304428113,-0.43801020711815875
11.863144159317017,3.4760000705718994,-163.5060825839653,-153.25764463517947,0.40540703129336075,-0.43290154519385665,1,320.0,173.0,156.4939174160347,-0.43290154519385665
11.873576164245605,3.4760000705718994,-163.6003580708948,-153.35928287877945,0.4062957936000746,-0.4338326775685265,1,320.0,173.0,156.3996419291052,-0.4338326775685265
11.883582830429077,3.4760000705718994,-163.6946335578243,-153.46092112237943,0.4071850640980065,-0.43476428132063105,1,320.0,173.0,156.3053664421757,-0.43476428132063105
11.893477439880371,3.4760000705718994,-163.78890904475378,-153.5625593659794,0.40807484278715633,-0.4356963564501702,1,320.0,175.0,156.21109095524622,-0.4356963564501702
11.903101444244385,3.4760000705718994,-161.9720391798852,-151.71153663998479,0.402597665994878,-0.4303968182326528,1,320.0,175.0,158.0279608201148,-0.4303968182326528
11.913697957992554,3.4760000705718994,-162.0532174848961,-151.79979319290382,0.4034625728243454,-0.43130449828609035,1,320.0,175.0,157.9467825151039,-0.43130449828609035
11.923512697219849,3.4760000705718994,-162.134395789907,-151.88804974582285,0.4043279209365773,-0.4322125842310529,1,320.0,175.0,157.865604210093,-0.4322125842310529
11.933714866638184,3.4760000705718994,-162.21557409491788,-151.9763062987419,0.4051937103315739,-0.4331210760675406,1,320.0,175.0,157.78442590508212,-0.4331210760675406
11.943325757980347,3.4760000705718994,-160.5475125891198,-150.07194839636188,0.39956223426273085,-0.4283258862386775,1,320.0,175.0,159.4524874108802,-0.4283258862386775
11.953945398330688,3.4760000705718994,-160.61670338218119,-150.14654959485435,0.40040248844889603,-0.4292119987072621,1,320.0,175.0,159.38329661781881,-0.4292119987072621
11.96367359161377,3.4760000705718994,-160.68589417524257,-150.22115079334682,0.40124311564105375,-0.43009845712981193,1,320.0,175.0,159.31410582475743,-0.43009845712981193
11.97319507598877,3.4760000705718994,-160.75508496830395,-150.2957519918393,0.4020841158392039,-0.4309852615063271,1,320.0,177.0,159.24491503169605,-0.4309852615063271
11.983165264129639,3.4750001430511475,-159.02186549290911,-148.44664451843406,0.39665653425697533,-0.42599488766915217,1,320.0,177.0,160.97813450709089,-0.42599488766915217
11.993611097335815,3.4750001430511475,-159.07870421998996,-148.50807609747073,0.3974727925323067,-0.4268584876627491,1,320.0,177.0,160.92129578001004,-0.4268584876627491
12.003453969955444,3.4750001430511475,-159.1355429470708,-148.5695076765074,0.3982893579655333,-0.42772237184998146,1,320.0,177.0,160.8644570529292,-0.42772237184998146
12.013220071792603,3.4750001430511475,-159.19238167415165,-148.6309392555441,0.39910623055665495,-0.42858654023084924,1,320.0,178.0,160.80761832584835,-0.42858654023084924
12.024043083190918,3.4750001430511475,-157.50529446583474,-146.83939534168033,0.3938808718599989,-0.42376406410531203,1,320.0,178.0,162.49470553416526,-0.42376406410531203
12.034006118774414,3.4750001430511475,-157.5501815330893,-146.8881279107946,0.39467379158249005,-0.42460567949368294,1,320.0,178.0,162.4498184669107,-0.42460567949368294
12.044509410858154,3.4750001430511475,-157.59506860034386,-146.93686047990886,0.3954669549678267,-0.42544751931739017,1,320.0,178.0,162.40493139965614,-0.42544751931739017
12.05306601524353,3.4750001430511475,-157.63995566759843,-146.98559304902312,0.39626036201600895,-0.42628958357643365,1,320.0,180.0,162.36004433240157,-0.42628958357643365
12.063285112380981,3.4750001430511475,-155.89670681357975,-145.14663185211265,0.39089807944334054,-0.4213006057636831,1,320.0,180.0,164.10329318642025,-0.4213006057636831
12.073776006698608,3.4750001430511475,-155.92933867176097,-145.18242688024145,0.3916669456114963,-0.4221194106868594,1,320.0,180.0,164.07066132823903,-0.4221194106868594
12.0837242603302,3.4740002155303955,-155.9619705299422,-145.21621948862747,0.3924335778390027,-0.42293837876932655,1,320.0,180.0,164.0380294700578,-0.42293837876932655
12.093190908432007,3.4740002155303955,-155.9946023881234,-145.25201451675628,0.393202791945341,-0.42375751001108464,1,320.0,181.0,164.0053976118766,-0.42375751001108464
12.103477478027344,3.4740002155303955,-154.30549240226543,-143.37399046705818,0.38773083753408083,-0.418961859266096,1,320.0,181.0,165.69450759773457,-0.418961859266096
12.113928079605103,3.4740002155303955,-154.3263234397001,-143.39666817684045,0.3884750341267038,-0.41975848812821615,1,320.0,181.0,165.6736765602999,-0.41975848812821615
12.124053239822388,3.4740002155303955,-154.34715447713478,-143.41934588662272,0.3892193441078756,-0.4205552211455234,1,320.0,181.0,165.65284552286522,-0.4205552211455234
12.133800506591797,3.4740002155303955,-154.36798551456945,-143.442023596405,0.3899637674775964,-0.42135205831801786,1,320.0,182.0,165.63201448543055,-0.42135205831801786
12.143736600875854,3.4730000495910645,-152.7313563132122,-141.73308340712515,0.385065055100847,-0.41674348170996967,1,320.0,182.0,167.2686436867878,-0.41674348170996967
12.15353775024414,3.4730000495910645,-152.74082642282022,-141.74390561835193,0.38578676128241085,-0.4175185499736134,1,320.0,182.0,167.25917357717978,-0.4175185499736134
12.164472818374634,3.4730000495910645,-152.75029653242825,-141.7547278295787,0.3865085215750309,-0.4182936655878051,1,320.0,182.0,167.24970346757175,-0.4182936655878051
12.173569917678833,3.4730000495910645,-152.75976664203628,-141.7655500408055,0.3872303359787071,-0.41906882855254496,1,320.0,184.0,167.24023335796372,-0.41906882855254496
12.18392825126648,3.4730000495910645,-151.07279740839022,-140.0145147873534,0.3822059807141127,-0.41431117353120994,1,320.0,184.0,168.92720259160978,-0.41431117353120994
12.193484783172607,3.4730000495910645,-151.07063866490492,-140.01325971346554,0.3829045409240146,-0.4150639362323521,1,320.0,184.0,168.92936133509508,-0.4150639362323521
12.20348596572876,3.4730000495910645,-151.06847992141962,-140.0120046395777,0.38360309485854704,-0.41581668813977685,1,320.0,184.0,168.93152007858038,-0.41581668813977685
12.213484287261963,3.4730000495910645,-151.06632117793433,-140.01074956568985,0.38430164251771015,-0.41656942925348417,1,320.0,185.0,168.93367882206567,-0.41656942925348417
12.223991870880127,3.4720001220703125,-149.43847751565272,-138.22143164596358,0.37917237574598145,-0.4120198388143129,1,320.0,185.0,170.56152248434728,-0.4120198388143129
12.234044790267944,3.4720001220703125,-149.4251742040607,-138.20793259732145,0.3798472165505975,-0.4127510007114228,1,320.0,185.0,170.5748257959393,-0.4127510007114228
12.24325180053711,3.4720001220703125,-149.4118708924687,-138.1944335486793,0.3805219898599703,-0.4134820960919747,1,320.0,185.0,170.5881291075313,-0.4134820960919747
12.253582000732422,3.4720001220703125,-149.3985675808767,-138.18093450003718,0.3811966956741,-0.41421312495596874,1,320.0,186.0,170.6014324191233,-0.41421312495596874
12.263235092163086,3.4720001220703125,-147.82760314412334,-136.4656389559904,0.3763205421795375,-0.4098634253999276,1,320.0,186.0,172.17239685587666,-0.4098634253999276
12.274035453796387,3.4720001220703125,-147.8036208983725,-136.44047281722666,0.3769725451771071,-0.4105736648095184,1,320.0,186.0,172.1963791016275,-0.4105736648095184
12.283464670181274,3.4710001945495605,-147.77963865262163,-136.41330062893167,0.37762200505429777,-0.4112837843078805,1,320.0,186.0,172.22036134737837,-0.4112837843078805
12.293423175811768,3.4710001945495605,-147.75565640687077,-136.38813449016791,0.37827374636023214,-0.41199378389501384,1,320.0,187.0,172.24434359312923,-0.41199378389501384
12.3035409450531,3.4700002670288086,-146.23941691136153,-134.73955970480952,0.3736341686028526,-0.40783613839387334,1,320.0,187.0,173.76058308863847,-0.40783613839387334
12.313138961791992,3.4700002670288086,-146.20520348164038,-134.7032769466675,0.3742641456778155,-0.40852610829561614,1,320.0,187.0,173.79479651835962,-0.40852610829561614
12.324080467224121,3.4660000801086426,-146.17099005191923,-134.65895204021948,0.37488425055027896,-0.4092159071302104,1,320.0,187.0,173.82900994808077,-0.4092159071302104
12.334247350692749,3.4660000801086426,-146.13677662219808,-134.62266928207745,0.37551382458691895,-0.40990553489765597,1,320.0,188.0,173.86322337780192,-0.40990553489765597
12.343783855438232,3.4620001316070557,-144.67319231002608,-133.03364247051258,0.3710947827389359,-0.4059324160193305,1,320.0,188.0,175.32680768997392,-0.4059324160193305
12.35332703590393,3.4620001316070557,-144.62917826808737,-132.98676845274906,0.3717034677598835,-0.40660274506034455,1,320.0,188.0,175.37082173191263,-0.40660274506034455
12.364103555679321,3.455000162124634,-144.58516422614866,-132.92574020327436,0.3722948625615302,-0.40727285403114877,1,320.0,188.0,175.41483577385134,-0.40727285403114877
12.37411117553711,3.455000162124634,-144.54115018420995,-132.87886618551082,0.3729030080711415,-0.4079427429317434,1,320.0,189.0,175.45884981579005,-0.4079427429317434
12.385573625564575,3.448000192642212,-143.12822953627452,-131.44740535762617,0.36902350746396356,-0.4041469097548934,1,320.0,189.0,176.87177046372548,-0.4041469097548934
12.393148422241211,3.448000192642212,-143.07482892917912,-131.39113472439428,0.36961293837770726,-0.40479820317102483,1,320.0,189.0,176.92517107082088,-0.40479820317102483
12.403244256973267,3.437000274658203,-143.02142832208372,-131.31240439815468,0.37017502400821056,-0.4054492295841208,1,320.0,189.0,176.97857167791628,-0.4054492295841208
12.413368463516235,3.437000274658203,-142.96802771498832,-131.2561337649228,0.3707637799171569,-0.4060999889941813,1,320.0,188.0,177.03197228501168,-0.4060999889941813
12.423211097717285,3.4280002117156982,-141.80600704416756,-129.8704413899906,0.3670534466278654,-0.403133938084869,1,320.0,188.0,178.19399295583244,-0.403133938084869
12.433727502822876,3.4280002117156982,-141.74500424994034,-129.80518124127096,0.3676241603556082,-0.403769459753046,1,320.0,188.0,178.25499575005966,-0.403769459753046
12.443353176116943,3.4140002727508545,-141.68400145571312,-129.71095771789516,0.36815964691614667,-0.4044046764072519,1,320.0,188.0,178.31599854428688,-0.4044046764072519
12.45408844947815,3.4140002727508545,-141.6229986614859,-129.64569756917552,0.36872956322552897,-0.4050395880474867,1,320.0,189.0,178.3770013385141,-0.4050395880474867
12.463349342346191,3.4030001163482666,-140.48838326113864,-128.30363180414219,0.3651810062650712,-0.4021717451465734,1,320.0,189.0,179.51161673886136,-0.4021717451465734
12.473811388015747,3.4030001163482666,-140.42001797912206,-128.22977300141775,0.365733524566809,-0.40279180689804905,1,320.0,189.0,179.57998202087794,-0.40279180689804905
12.48443341255188,3.386000156402588,-140.3516526971055,-128.12016558287976,0.3662425964924778,-0.40341152682311476,1,320.0,189.0,179.6483473028945,-0.40341152682311476
12.493463516235352,3.386000156402588,-140.28328741508892,-128.04630678015533,0.36679419746310926,-0.4040309049217703,1,320.0,190.0,179.71671258491108,-0.4040309049217703
12.50357723236084,3.374000072479248,-139.17574999708373,-126.84893826695921,0.36373248314445505,-0.40125975175328754,1,320.0,190.0,180.82425000291627,-0.40125975175328754
12.513162851333618,3.374000072479248,-139.1002580916776,-126.76754907492094,0.3642686538593837,-0.4018646627572586,1,320.0,190.0,180.8997419083224,-0.4018646627572586
12.524007081985474,3.3550002574920654,-139.02476618627148,-126.64545417861305,0.36475536725470736,-0.40246919630170264,1,320.0,190.0,180.97523381372852,-0.40246919630170264
12.5338773727417,3.3550002574920654,-138.94927428086535,-126.56406498657478,0.3652905205491943,-0.40307335238661957,1,320.0,189.0,181.05072571913465,-0.40307335238661957
12.543964862823486,3.3420002460479736,-138.07054215218253,-125.39863410018174,0.3623464856874266,-0.40105657799027195,1,320.0,189.0,181.92945784781747,-0.40105657799027195
12.553493022918701,3.3420002460479736,-137.98954141826744,-125.3100032049148,0.3628666786291308,-0.4016493248166651,1,320.0,189.0,182.01045858173256,-0.4016493248166651
12.563514232635498,3.32200026512146,-137.90854068435235,-125.1776412348414,0.363333732471217,-0.40224166663938876,1,320.0,189.0,182.09145931564765,-0.40224166663938876
12.573131084442139,3.32200026512146,-137.82753995043726,-125.08901033957447,0.36385282044859457,-0.4028336034584429,1,320.0,189.0,182.17246004956274,-0.4028336034584429
12.583235502243042,3.308000087738037,-137.0566951933293,-124.15641750661305,0.36168166230467785,-0.40117448355216223,1,320.0,189.0,182.9433048066707,-0.40117448355216223
12.593719482421875,3.308000087738037,-136.9709631605018,-124.0622105152398,0.36218892496760613,-0.40175645992857184,1,320.0,189.0,183.0290368394982,-0.40175645992857184
12.603678941726685,3.2860002517700195,-136.88523112767433,-123.91882014297278,0.36263645062160055,-0.4023380076448172,1,320.0,189.0,183.11476887232567,-0.4023380076448172
12.613519668579102,3.2860002517700195,-136.79949909484685,-123.82461315159952,0.3631425252977107,-0.40291912670089847,1,320.0,189.0,183.20050090515315,-0.40291912670089847
12.623179197311401,3.2720000743865967,-136.1278298477808,-123.0054243072507,0.36134793710259383,-0.4015881280616701,1,320.0,189.0,183.8721701522192,-0.4015881280616701
12.633830070495605,3.2720000743865967,-136.0380790326467,-122.90646202019934,0.3618437146682332,-0.4021606174786724,1,320.0,189.0,183.9619209673533,-0.4021606174786724
12.643282890319824,3.250000238418579,-135.9483282175126,-122.7571677535489,0.3622783473870204,-0.40273265814159903,1,320.0,189.0,184.0516717824874,-0.40273265814159903
12.653753519058228,3.250000238418579,-135.8585774023785,-122.65820546649753,0.36277288366989124,-0.40330425005045006,1,320.0,189.0,184.1414225976215,-0.40330425005045006
12.663222074508667,3.2350001335144043,-135.27797740612291,-121.83975459772506,0.3609909318301581,-0.4022739115943369,1,320.0,189.0,184.72202259387709,-0.4022739115943369
12.673800468444824,3.2350001335144043,-135.1848598964967,-121.7360956121064,0.36147522152547623,-0.40283809488226785,1,320.0,189.0,184.8151401035033,-0.40283809488226785
12.685692071914673,3.2130000591278076,-135.0917423868705,-121.58088114129349,0.36189686856620723,-0.4034018125826508,1,320.0,189.0,184.9082576131295,-0.4034018125826508
12.693764209747314,3.2130000591278076,-134.99862487724428,-121.47722215567482,0.3623798638942432,-0.40396506469548554,1,320.0,189.0,185.00137512275572,-0.40396506469548554
12.703498601913452,3.198000192642212,-134.50155361653287,-120.86486739263512,0.3612758181232011,-0.40320986082322596,1,320.0,189.0,185.49844638346713,-0.40320986082322596
12.714065551757812,3.198000192642212,-134.40566535314835,-120.75796325904192,0.3617513229791844,-0.4037668232339303,1,320.0,189.0,185.59433464685165,-0.4037668232339303
12.72416067123413,3.1760001182556152,-134.30977708976383,-120.59823556398709,0.36216264092293854,-0.40432330620331774,1,320.0,189.0,185.69022291023617,-0.40432330620331774
12.734150171279907,3.1760001182556152,-134.2138888263793,-120.49133143039388,0.3626368126197787,-0.4048793097313882,1,320.0,188.0,185.7861111736207,-0.4048793097313882
12.743924617767334,3.1610002517700195,-133.89435416578561,-119.86451147877439,0.36148910997389466,-0.404705127203454,1,320.0,188.0,186.10564583421439,-0.404705127203454
12.753402948379517,3.1610002517700195,-133.7969318600476,-119.7542912076434,0.3619556171045757,-0.4052572050958686,1,320.0,188.0,186.2030681399524,-0.4052572050958686
12.764113426208496,3.139000177383423,-133.6995095543096,-119.58993193159083,0.36235633563297054,-0.40580879587675456,1,320.0,188.0,186.3004904456904,-0.40580879587675456
12.77311897277832,3.139000177383423,-133.6020872485716,-119.47971166045984,0.3628214698659157,-0.40635989954611185,1,320.0,188.0,186.3979127514284,-0.40635989954611185
12.782941341400146,3.124000072479248,-133.3428271519873,-119.04273054829308,0.36229680390836516,-0.4063824707553637,1,320.0,188.0,186.6571728480127,-0.4063824707553637
12.793473482131958,3.124000072479248,-133.24429474354727,-118.93052526957646,0.36275681020025313,-0.40693045333895334,1,320.0,188.0,186.75570525645273,-0.40693045333895334
12.803187608718872,3.1020002365112305,-133.14576233510724,-118.7628163834935,0.363149373618871,-0.4074779432605008,1,320.0,188.0,186.85423766489276,-0.4074779432605008
12.813886165618896,3.1020002365112305,-133.0472299266672,-118.65061110477689,0.36360798033993497,-0.40802494052000615,1,320.0,187.0,186.9527700733328,-0.40802494052000615
12.82297396659851,3.0870001316070557,-132.943926612269,-118.28507254614225,0.3633183018757195,-0.4085558784289756,1,320.0,187.0,187.056073387731,-0.4085558784289756
12.833352088928223,3.0870001316070557,-132.84536147800625,-118.17139240890367,0.3637727426730777,-0.40910182707525033,1,320.0,187.0,187.15463852199375,-0.40910182707525033
12.843251705169678,3.065000057220459,-132.7467963437435,-118.00079056107818,0.3641580244084925,-0.4096472828958537,1,320.0,187.0,187.2532036562565,-0.4096472828958537
12.853777170181274,3.065000057220459,-132.64823120948077,-117.8871104238396,0.36461104379592546,-0.41019224589078584,1,320.0,187.0,187.35176879051923,-0.41019224589078584
12.86313533782959,3.0500001907348633,-132.58519912276876,-117.6876316159432,0.36486443321422735,-0.4108526555002026,1,320.0,187.0,187.41480087723124,-0.4108526555002026
12.873615503311157,3.0500001907348633,-132.48687772889886,-117.57363256480363,0.3653155025156839,-0.41139710421620324,1,320.0,187.0,187.51312227110114,-0.41139710421620324
12.883872270584106,3.0280001163482666,-132.38855633502897,-117.40123930276428,0.3656956367977505,-0.41194106132523445,1,320.0,187.0,187.61144366497103,-0.41194106132523445
12.893746852874756,3.0280001163482666,-132.29023494115907,-117.28724025162471,0.3661452741376411,-0.4124845268272964,1,320.0,186.0,187.70976505884093,-0.4124845268272964
12.903189659118652,3.013000249862671,-132.3646184261268,-117.13714441361161,0.36655955647713584,-0.41359101645168833,1,320.0,186.0,187.6353815738732,-0.41359101645168833
12.913604021072388,3.013000249862671,-132.26748172009124,-117.02317440121551,0.3670079083342666,-0.4141357898130461,1,320.0,186.0,187.73251827990876,-0.4141357898130461
12.923322677612305,2.992000102996826,-132.17034501405567,-116.85202362684714,0.3673844505127748,-0.41467743411800617,1,320.0,186.0,187.82965498594433,-0.41467743411800617
12.933940887451172,2.992000102996826,-132.0732083080201,-116.73805361445105,0.36782904203495853,-0.4152185946821453,1,320.0,185.0,187.9267916919799,-0.4152185946821453
12.94321322441101,2.9770002365112305,-132.2717054737734,-116.63257569827509,0.3683815253317513,-0.41671892868468335,1,320.0,185.0,187.7282945262266,-0.41671892868468335
12.953561305999756,2.9770002365112305,-132.17659671580824,-116.5189476866185,0.36882106668559966,-0.41725808108254614,1,320.0,185.0,187.82340328419176,-0.41725808108254614
12.963400602340698,2.9560000896453857,-132.08148795784308,-116.34666252624768,0.3691832596989828,-0.41778982907870305,1,320.0,185.0,187.91851204215692,-0.41778982907870305
12.974001169204712,2.9560000896453857,-131.98637919987792,-116.2330345145911,0.36961528564982066,-0.41832111199301225,1,320.0,185.0,188.01362080012208,-0.41832111199301225
12.984090805053711,2.94100022315979,-132.19567150565456,-116.26873963978875,0.370616977052577,-0.4198401722870367,1,320.0,185.0,187.80432849434544,-0.4198401722870367
12.993547916412354,2.94100022315979,-132.10265084754727,-116.15642713189399,0.37104585117056443,-0.42036957568424566,1,320.0,185.0,187.89734915245273,-0.42036957568424566
13.003851890563965,2.9200000762939453,-132.00963018943997,-115.98392316159071,0.37139556925949835,-0.420891597144605,1,320.0,185.0,187.99036981056003,-0.420891597144605
13.014099836349487,2.9200000762939453,-131.91660953133268,-115.87161065369595,0.3718169780032631,-0.42141317210578777,1,320.0,183.0,188.08339046866732,-0.42141317210578777
13.023042440414429,2.9060001373291016,-132.337049337136,-116.03757800634729,0.37322536602518447,-0.4236049454492954,1,320.0,183.0,187.662950662864,-0.4236049454492954
13.033596277236938,2.9060001373291016,-132.2475508773321,-115.92745319211821,0.3736456106023706,-0.42412770692286483,1,320.0,183.0,187.7524491226679,-0.42412770692286483
13.043261289596558,2.884000062942505,-132.15805241752818,-115.75262318112766,0.37398100946257945,-0.4246427732187825,1,320.0,183.0,187.84194758247182,-0.4246427732187825
13.053979873657227,2.884000062942505,-132.06855395772428,-115.64249836689858,0.37439353587100976,-0.4251574179769406,1,320.0,183.0,187.93144604227572,-0.4251574179769406
13.063159704208374,2.870000123977661,-132.47716456337673,-115.82206831577702,0.3758325195565423,-0.4272921514755033,1,320.0,183.0,187.52283543662327,-0.4272921514755033
13.073695182800293,2.870000123977661,-132.39108300352746,-115.71421694001995,0.37624406190569337,-0.42780778195775954,1,320.0,183.0,187.60891699647254,-0.42780778195775954
13.083451986312866,2.8490002155303955,-132.30500144367818,-115.54296692532608,0.37657265931493056,-0.42831606402640315,1,320.0,183.0,187.69499855632182,-0.42831606402640315
13.094182014465332,2.8490002155303955,-132.2189198838289,-115.43511554956902,0.3769768365478494,-0.4288239481829901,1,320.0,181.0,187.7810801161711,-0.4288239481829901
13.103070259094238,2.8350000381469727,-132.8177683060871,-115.62618898140663,0.37843984390778496,-0.4315614022176332,1,320.0,181.0,187.1822316939129,-0.4315614022176332
13.113867282867432,2.8350000381469727,-132.73638519424836,-115.5206818859454,0.3788431865324002,-0.43207267066316407,1,320.0,181.0,187.26361480575164,-0.43207267066316407
13.123355627059937,2.815000057220459,-132.65500208240962,-115.35322156315772,0.37916564940439923,-0.432576933019883,1,320.0,181.0,187.34499791759038,-0.432576933019883
13.134184837341309,2.815000057220459,-132.5736189705709,-115.24771446769648,0.3795619774107292,-0.43308082610072024,1,320.0,181.0,187.4263810294291,-0.43308082610072024
13.143681764602661,2.8010001182556152,-133.1413354468254,-115.54937572256344,0.3813725488860596,-0.43569735266337234,1,320.0,181.0,186.8586645531746,-0.43569735266337234
13.153238534927368,2.8010001182556152,-133.06440499461644,-115.44696301667267,0.38176945362410386,-0.4362041586435489,1,320.0,181.0,186.93559500538356,-0.4362041586435489
13.163808345794678,2.7800002098083496,-132.98747454240748,-115.2777820082137,0.3820794226043553,-0.43670363643236654,1,320.0,181.0,187.01252545759252,-0.43670363643236654
13.173559427261353,2.7800002098083496,-132.91054409019853,-115.17536930232293,0.3824690578110936,-0.4372027718806315,1,320.0,179.0,187.08945590980147,-0.4372027718806315
13.183043479919434,2.767000198364258,-133.65068891085528,-115.57930772086056,0.3845925560065114,-0.4403628247579138,1,320.0,179.0,186.34931108914472,-0.4403628247579138
13.193489789962769,2.767000198364258,-133.5793633823395,-115.48065568311644,0.38498430941496664,-0.4408673210276798,1,320.0,179.0,186.4206366176605,-0.4408673210276798
13.202929496765137,2.746000051498413,-133.5080378538237,-115.31347448364214,0.3852870353065647,-0.44136449299588143,1,320.0,179.0,186.4919621461763,-0.44136449299588143
13.21351432800293,2.746000051498413,-133.43671232530792,-115.21482244589802,0.38567156557608157,-0.4418613536281419,1,320.0,178.0,186.56328767469208,-0.4418613536281419
13.223049402236938,2.7330000400543213,-134.23031776859995,-115.60627213558651,0.38773921411826323,-0.44517518970653247,1,320.0,178.0,185.76968223140005,-0.44517518970653247
13.233499526977539,2.7330000400543213,-134.1649254290217,-115.51127691360557,0.3881256724706811,-0.44567798845189455,1,320.0,178.0,185.8350745709783,-0.44567798845189455
13.242997169494629,2.7120001316070557,-134.09953308944347,-115.34592270159091,0.3884209280033772,-0.4461734636901446,1,320.0,178.0,185.90046691055653,-0.4461734636901446
13.253522157669067,2.7120001316070557,-134.03414074986523,-115.25092747960997,0.3888002077445324,-0.44666865904915976,1,320.0,177.0,185.96585925013477,-0.44666865904915976
13.263100147247314,2.7120001316070557,-134.87433754151195,-115.77492449947587,0.39119835231945155,-0.4501177799636684,1,320.0,177.0,185.12566245848805,-0.4501177799636684
13.273495197296143,2.699000120162964,-134.81515727711866,-115.64003633025766,0.3915276676054416,-0.45061939106743054,1,320.0,177.0,185.18484272288134,-0.45061939106743054
13.283159732818604,2.699000120162964,-134.75597701272537,-115.54928721306382,0.39190956429695833,-0.45112075080300185,1,320.0,177.0,185.24402298727463,-0.45112075080300185
13.293935537338257,2.67900013923645,-134.69679674833208,-115.3897423870946,0.39220245898963124,-0.4516151243369678,1,320.0,176.0,185.30320325166792,-0.4516151243369678
13.303475141525269,2.6660001277923584,-135.57727559587104,-115.94825342234017,0.39478494800662794,-0.45517010726510077,1,320.0,176.0,184.42272440412896,-0.45517010726510077
13.313811302185059,2.6660001277923584,-135.52454109452745,-115.86226880935352,0.3951643328576506,-0.4556712856204447,1,320.0,176.0,184.47545890547255,-0.4556712856204447
13.323366165161133,2.6660001277923584,-135.47180659318386,-115.77628419636687,0.39554335958273285,-0.45617224433657366,1,320.0,176.0,184.52819340681614,-0.45617224433657366
13.335049152374268,2.6460001468658447,-135.41907209184026,-115.61967270302553,0.3958312007863477,-0.4566662124663403,1,320.0,175.0,184.58092790815974,-0.4566662124663403
13.343637228012085,2.6460001468658447,-136.3340449813725,-116.29432235697922,0.3986846382157896,-0.4603166363204222,1,320.0,175.0,183.6659550186275,-0.4603166363204222
13.353043556213379,2.632000207901001,-136.2879486191672,-116.16343680527376,0.39900152243628484,-0.4608173755869781,1,320.0,175.0,183.7120513808328,-0.4608173755869781
13.363544940948486,2.632000207901001,-136.2418522569619,-116.08266988117211,0.39937821948081226,-0.46131792678035216,1,320.0,175.0,183.7581477430381,-0.46131792678035216
13.373140573501587,2.6120002269744873,-136.1957558947566,-115.92931187782321,0.3996613850694437,-0.4618114801192441,1,320.0,173.0,183.8042441052434,-0.4618114801192441
13.384098291397095,2.6120002269744873,-137.24092306082176,-116.66651165659951,0.4026994744773346,-0.4658644594396725,1,320.0,173.0,182.75907693917824,-0.4658644594396725
13.393641471862793,2.5990002155303955,-137.20231235769427,-116.54353298007167,0.4030177829013858,-0.4663665929134976,1,320.0,173.0,182.79768764230573,-0.4663665929134976
13.403159141540527,2.5990002155303955,-137.16370165456678,-116.46837700118729,0.40339317812654296,-0.46686857204101606,1,320.0,173.0,182.83629834543322,-0.46686857204101606
13.413771390914917,2.579000234603882,-137.1250909514393,-116.31864409029149,0.4036726665492364,-0.46736354057421914,1,320.0,172.0,182.8749090485607,-0.46736354057421914
13.423428058624268,2.579000234603882,-138.1848782467463,-117.00976621134234,0.406540816081982,-0.4714411393257034,1,320.0,172.0,181.8151217532537,-0.4714411393257034
13.433926343917847,2.56600022315979,-138.15380210731612,-116.89072662380934,0.40685559583688785,-0.47194472017071326,1,320.0,172.0,181.84619789268388,-0.47194472017071326
13.443554639816284,2.56600022315979,-138.12272596788594,-116.82082700114742,0.40722906989257723,-0.47244817935261996,1,320.0,172.0,181.87727403211406,-0.47244817935261996
13.453871011734009,2.5460000038146973,-138.09164982845576,-116.6742810535188,0.4075041608528075,-0.4729446122132076,1,320.0,172.0,181.90835017154424,-0.4729446122132076
13.463669776916504,2.5460000038146973,-138.06057368902557,-116.60438143085688,0.40787095724095546,-0.4734409249645162,1,320.0,171.0,181.93942631097443,-0.4734409249645162
13.47317624092102,2.5330002307891846,-139.1601341179926,-117.32890873101394,0.4109280838208038,-0.4776194380009506,1,320.0,171.0,180.8398658820074,-0.4776194380009506
13.48418116569519,2.5330002307891846,-139.13681034265366,-117.26480254404953,0.4113005738198553,-0.47812469137646024,1,320.0,171.0,180.86318965734634,-0.47812469137646024
13.493847608566284,2.513000011444092,-139.1134865673147,-117.121894268233,0.4115720974572959,-0.4786228996129744,1,320.0,170.0,180.8865134326853,-0.4786228996129744
13.50347900390625,2.513000011444092,-140.18597480332727,-117.9162315987654,0.4147368613506601,-0.4826938701939225,1,320.0,170.0,179.81402519667273,-0.4826938701939225
13.513983726501465,2.5,-140.17016346546842,-117.80606735695261,0.41504643701307337,-0.4832005347014874,1,320.0,170.0,179.82983653453158,-0.4832005347014874
13.523444414138794,2.5,-140.15435212760957,-117.74784630647929,0.41541812617615465,-0.48370713991653536,1,320.0,170.0,179.84564787239043,-0.48370713991653536
13.534098625183105,2.4800000190734863,-140.13854078975072,-117.6085761149866,0.4156861536835969,-0.4842066789187091,1,320.0,170.0,179.86145921024928,-0.4842066789187091
13.543652057647705,2.4800000190734863,-140.12272945189187,-117.55035506451328,0.4160512247423728,-0.4847061594189321,1,320.0,169.0,179.87727054810813,-0.4847061594189321
13.553199768066406,2.4670000076293945,-141.22785710979792,-118.25971260179253,0.41902430391234224,-0.48885509032204305,1,320.0,169.0,178.77214289020208,-0.48885509032204305
13.563652753829956,2.4670000076293945,-141.21972852042234,-118.2071186600759,0.41939471579222276,-0.48936325937183456,1,320.0,169.0,178.78027147957766,-0.48936325937183456
13.573615312576294,2.448000192642212,-141.21159993104675,-118.07533507261297,0.4196640082570958,-0.48986469112434256,1,320.0,169.0,178.78840006895325,-0.48986469112434256
13.583364486694336,2.448000192642212,-141.20347134167116,-118.02274113089636,0.4200281379067702,-0.49036609345135307,1,320.0,168.0,178.79652865832884,-0.49036609345135307
13.593809366226196,2.434000015258789,-142.30466004743448,-118.77011133281206,0.42311659063321266,-0.49447763732438815,1,320.0,168.0,177.69533995256552,-0.49447763732438815
13.603310346603394,2.434000015258789,-142.30413130877363,-118.72340344986372,0.4234861645795714,-0.4949871631541656,1,320.0,168.0,177.69586869122637,-0.4949871631541656
13.613883018493652,2.4150002002716064,-142.3036025701128,-118.59518104143208,0.4237518282017656,-0.49548992773311273,1,320.0,168.0,177.6963974298872,-0.49548992773311273
13.623495817184448,2.4150002002716064,-142.30307383145194,-118.54847315848374,0.4241151440253804,-0.49599269044164673,1,320.0,166.0,177.69692616854806,-0.49599269044164673
13.633976459503174,2.4020001888275146,-143.50130700228934,-119.33634850101923,0.4273098695937294,-0.5003965701563089,1,320.0,166.0,176.49869299771066,-0.5003965701563089
13.643511295318604,2.4020001888275146,-143.50898835616474,-119.2957439554025,0.4276792757778688,-0.5009087868528939,1,320.0,166.0,176.49101164383526,-0.5009087868528939
13.654622554779053,2.383000135421753,-143.51666971004013,-119.17127023526541,0.42794194202088864,-0.5014142134116549,1,320.0,166.0,176.48333028995987,-0.5014142134116549
13.663421630859375,2.383000135421753,-143.52435106391553,-119.13066568964868,0.42830511088310275,-0.5019196665286998,1,320.0,165.0,176.47564893608447,-0.5019196665286998
13.673795461654663,2.371000051498413,-144.70553460186886,-119.95390844120679,0.4315890023644784,-0.5062436808153281,1,320.0,165.0,175.29446539813114,-0.5062436808153281
13.683233261108398,2.371000051498413,-144.72125134175295,-119.91958675606632,0.4319588407413554,-0.5067585730107951,1,320.0,165.0,175.27874865824705,-0.5067585730107951
13.694561004638672,2.3570001125335693,-144.73696808163703,-119.82185912422938,0.43224806327394,-0.5072684533035924,1,320.0,165.0,175.26303191836297,-0.5072684533035924
13.703057765960693,2.3570001125335693,-144.75268482152111,-119.78753743908891,0.43261325650623383,-0.5077783869154342,1,320.0,164.0,175.24731517847889,-0.5077783869154342
13.71350884437561,2.3490002155303955,-145.91638596750067,-120.55345112085857,0.4356577127459487,-0.5120248118332837,1,320.0,164.0,174.08361403249933,-0.5120248118332837
13.72396469116211,2.3490002155303955,-145.93996230889266,-120.5248587465272,0.4360298720478156,-0.512545286044477,1,320.0,164.0,174.06003769110734,-0.512545286044477
13.735302686691284,2.3390002250671387,-145.96353865028465,-120.450143198061,0.43634342031178514,-0.5130621906819083,1,320.0,164.0,174.03646134971535,-0.5130621906819083
13.743858814239502,2.3390002250671387,-145.98711499167663,-120.42155082372963,0.43671222067172727,-0.5135791742411555,1,320.0,165.0,174.01288500832337,-0.5135791742411555
13.753793478012085,2.3330001831054688,-146.92912597305985,-121.0256196510873,0.4391970258182812,-0.5170854951655816,1,320.0,165.0,173.07087402694015,-0.5170854951655816
13.763383865356445,2.3330001831054688,-146.9589898690092,-121.00154929215871,0.4395713791059731,-0.5176110727417318,1,320.0,165.0,173.0410101309908,-0.5176110727417318
13.774537324905396,2.327000141143799,-146.98885376495855,-120.9494466633313,0.439910105783364,-0.5181345449911026,1,320.0,165.0,173.01114623504145,-0.5181345449911026
13.783371925354004,2.327000141143799,-147.0187176609079,-120.92537630440272,0.44028239133120917,-0.5186581163139589,1,320.0,166.0,172.9812823390921,-0.5186581163139589
13.793983221054077,2.324000120162964,-147.7590060701768,-121.38813534792578,0.44226822297801316,-0.5214945717122376,1,320.0,166.0,172.2409939298232,-0.5214945717122376
13.803544044494629,2.324000120162964,-147.79373338930174,-121.36749407576423,0.44264517989326974,-0.5220254417971044,1,320.0,166.0,172.20626661069826,-0.5220254417971044
13.814247608184814,2.321000099182129,-147.82846070842666,-121.33273929782253,0.44300417556135585,-0.5225553181081988,1,320.0,166.0,172.17153929157334,-0.5225553181081988
13.823094367980957,2.321000099182129,-147.8631880275516,-121.31209802566097,0.4433800392685717,-0.523085309106273,1,320.0,167.0,172.1368119724484,-0.523085309106273
13.83457636833191,2.320000171661377,-148.42002529879232,-121.64324213680808,0.4449110021500165,-0.5253155964332934,1,320.0,167.0,171.57997470120768,-0.5253155964332934
13.843349695205688,2.320000171661377,-148.45832693943174,-121.62504142196923,0.44529052398109814,-0.5258514709446722,1,320.0,167.0,171.54167306056826,-0.5258514709446722
13.854712963104248,2.319000005722046,-148.49662858007116,-121.60212237712972,0.4456640041275689,-0.5263871005483065,1,320.0,167.0,171.50337141992884,-0.5263871005483065
13.863662004470825,2.319000005722046,-148.53493022071058,-121.58392166229086,0.446043086253183,-0.5269228564516014,1,320.0,168.0,171.46506977928942,-0.5269228564516014
13.873100757598877,2.319000005722046,-148.92506857380693,-121.79176266250926,0.4471583645598808,-0.5286047304912586,1,320.0,168.0,171.07493142619307,-0.5286047304912586
13.883591651916504,2.319000005722046,-148.96577897311366,-121.77510948356144,0.4475399341704075,-0.5291447976287215,1,320.0,168.0,171.03422102688634,-0.5291447976287215
13.89424729347229,2.319000005722046,-149.0064893724204,-121.75845630461362,0.44792144886707635,-0.5296849990087267,1,320.0,168.0,170.9935106275796,-0.5296849990087267
13.903842210769653,2.319000005722046,-149.04719977172712,-121.7418031256658,0.44830290864988737,-0.5302253346312742,1,320.0,170.0,170.95280022827288,-0.5302253346312742
13.913242816925049,2.320000171661377,-149.18457239957826,-121.73679676638204,0.4487128637212022,-0.5310810365936521,1,320.0,170.0,170.81542760042174,-0.5310810365936521
13.923835039138794,2.320000171661377,-149.22594461773838,-121.72019102483716,0.44909461351396696,-0.5316231289367236,1,320.0,170.0,170.77405538226162,-0.5316231289367236
13.933337450027466,2.321000099182129,-149.2673168358985,-121.70829812257678,0.44948228371598253,-0.5321657309493779,1,320.0,170.0,170.7326831641015,-0.5321657309493779
13.944063663482666,2.321000099182129,-149.30868905405862,-121.6916923810319,0.44986424367039113,-0.532708469593793,1,320.0,171.0,170.69131094594138,-0.532708469593793
13.953529357910156,2.322000026702881,-149.3187675040561,-121.59137832884763,0.4499641013592927,-0.5331497788981852,1,320.0,171.0,170.6812324959439,-0.5331497788981852
13.96322226524353,2.322000026702881,-149.35992544430897,-121.57416717076286,0.45034525060020636,-0.533692802990053,1,320.0,171.0,170.64007455569103,-0.533692802990053
13.974647283554077,2.324000120162964,-149.40108338456184,-121.56636103856101,0.4507382679331212,-0.5342367101492405,1,320.0,171.0,170.59891661543816,-0.5342367101492405
13.983266115188599,2.324000120162964,-149.44224132481472,-121.54914988047625,0.4511199422660381,-0.5347807535412227,1,320.0,173.0,170.55775867518528,-0.5347807535412227
13.99396562576294,2.325000047683716,-149.235967780568,-121.36283042223366,0.4509413127231021,-0.5345192487901622,1,320.0,173.0,170.764032219432,-0.5345192487901622
14.003490209579468,2.325000047683716,-149.2754313186241,-121.3444290622046,0.4513211845268012,-0.5350610799198675,1,320.0,173.0,170.7245686813759,-0.5350610799198675
14.013456106185913,2.327000141143799,-149.3148948566802,-121.33540669321086,0.4517128879385278,-0.535603788381909,1,320.0,173.0,170.6851051433198,-0.535603788381909
14.02320122718811,2.327000141143799,-149.35435839473632,-121.3170053331818,0.45209327551449363,-0.536146627764252,1,320.0,174.0,170.64564160526368,-0.536146627764252
14.033098220825195,2.3289999961853027,-149.0541599866526,-120.95666475247963,0.4513409638642599,-0.5355837518123276,1,320.0,174.0,170.9458400133474,-0.5355837518123276
14.043618440628052,2.3289999961853027,-149.09129729035084,-120.93585745421431,0.45171780449157983,-0.5361236724105908,1,320.0,174.0,170.90870270964916,-0.5361236724105908
14.053313493728638,2.3310000896453857,-149.12843459404908,-120.92439460236467,0.4521064250195004,-0.5366644620745621,1,320.0,174.0,170.87156540595092,-0.5366644620745621
14.063934326171875,2.3310000896453857,-149.16557189774733,-120.90358730409936,0.45248376297543247,-0.5372053753129198,1,320.0,177.0,170.83442810225267,-0.5372053753129198
14.07374882698059,2.3330001831054688,-148.57866226012968,-120.38227166448245,0.4512117362559721,-0.5357139161518181,1,320.0,177.0,171.42133773987032,-0.5357139161518181
14.083280086517334,2.3330001831054688,-148.61152521030806,-120.35797229312597,0.4515836700081067,-0.5362485996678245,1,320.0,177.0,171.38847478969194,-0.5362485996678245
14.09329867362976,2.3350000381469727,-148.64438816048644,-120.34298190324732,0.4519673262538312,-0.5367841358677,1,320.0,177.0,171.35561183951356,-0.5367841358677
14.104026794433594,2.3350000381469727,-148.67725111066483,-120.31868253189084,0.4523397306226281,-0.5373197817476749,1,320.0,179.0,171.32274888933517,-0.5373197817476749
14.113449335098267,2.3370001316070557,-147.93335481697872,-119.65274295006135,0.4506028450033405,-0.5353252977515167,1,320.0,179.0,172.06664518302128,-0.5353252977515167
14.123932123184204,2.3370001316070557,-147.96089684805418,-119.62398458719231,0.45096817817573887,-0.5358529075352036,1,320.0,179.0,172.03910315194582,-0.5358529075352036
14.133789539337158,2.3390002250671387,-147.98843887912963,-119.60450214957308,0.451345175388839,-0.5363813493549104,1,320.0,179.0,172.01156112087037,-0.5363813493549104
14.143772602081299,2.3390002250671387,-148.0159809102051,-119.57574378670404,0.4517109452230036,-0.5369098833715817,1,320.0,181.0,171.9840190897949,-0.5369098833715817
14.153826475143433,2.3410000801086426,-147.13160367000103,-118.78024873858811,0.44955968674861846,-0.5344676525965231,1,320.0,181.0,172.86839632999897,-0.5344676525965231
14.16355276107788,2.3410000801086426,-147.15289824501787,-118.7461741249713,0.4499168937848137,-0.5349865362073802,1,320.0,181.0,172.84710175498213,-0.5349865362073802
14.174236297607422,2.3430001735687256,-147.1741928200347,-118.72134145931658,0.4502857015414935,-0.5355062271136557,1,320.0,181.0,172.8258071799653,-0.5355062271136557
14.184192895889282,2.3430001735687256,-147.19548739505154,-118.68726684569977,0.4506433045550887,-0.5360259895164762,1,320.0,183.0,172.80451260494846,-0.5360259895164762
14.193161010742188,2.3450000286102295,-146.18583514809433,-117.87722104151025,0.44845365790805725,-0.5331868648402271,1,320.0,183.0,173.81416485190567,-0.5331868648402271
14.203981161117554,2.3450000286102295,-146.20006608357434,-117.83776658173949,0.4488025420548919,-0.5336955396954662,1,320.0,183.0,173.79993391642566,-0.5336955396954662
14.213564395904541,2.3470001220703125,-146.21429701905436,-117.8075202789876,0.4491629633520811,-0.534204993507875,1,320.0,183.0,173.78570298094564,-0.534204993507875
14.22390627861023,2.3470001220703125,-146.22852795453437,-117.76806581921683,0.4495122019979424,-0.5347144952429632,1,320.0,186.0,173.77147204546563,-0.5347144952429632
14.233339309692383,2.3480000495910645,-145.00650925853404,-116.73969141246077,0.4466292036650854,-0.531195400599753,1,320.0,186.0,174.99349074146596,-0.531195400599753
14.24407696723938,2.3480000495910645,-145.01226904680678,-116.69342907995906,0.44696694573655016,-0.5316910037103464,1,320.0,186.0,174.98773095319322,-0.5316910037103464
14.253990173339844,2.3500001430511475,-145.01802883507952,-116.65634968223866,0.4473161656811828,-0.5321873513554545,1,320.0,186.0,174.98197116492048,-0.5321873513554545
14.26401138305664,2.3500001430511475,-145.02378862335226,-116.61008734973694,0.44765420996868915,-0.5326837184398502,1,320.0,188.0,174.97621137664774,-0.5326837184398502
14.273001432418823,2.3510000705718994,-143.71314471498908,-115.39028312878624,0.44415808158755155,-0.5288899607744557,1,320.0,188.0,176.28685528501092,-0.5288899607744557
14.283504247665405,2.3510000705718994,-143.70988324943852,-115.33594714955912,0.4444824255943254,-0.5293714271718246,1,320.0,188.0,176.29011675056148,-0.5293714271718246
14.293258666992188,2.3530001640319824,-143.70662178388795,-115.29076898636407,0.4448181828718661,-0.5298536011202791,1,320.0,188.0,176.29337821611205,-0.5298536011202791
14.303869724273682,2.3530001640319824,-143.7033603183374,-115.23643300713695,0.4451427669786963,-0.5303357640368251,1,320.0,190.0,176.2966396816626,-0.5303357640368251
14.313169002532959,2.3540000915527344,-142.31521867369108,-113.94681283742243,0.44143169773250546,-0.5263043163849856,1,320.0,190.0,177.68478132630892,-0.5263043163849856
14.323871850967407,2.3540000915527344,-142.30246582572036,-113.88397940809507,0.44174179491367505,-0.5267707068468113,1,320.0,190.0,177.69753417427964,-0.5267707068468113
14.333722114562988,2.3560001850128174,-142.28971297774964,-113.83027877897347,0.44206323885643994,-0.5272377656220546,1,320.0,190.0,177.71028702225036,-0.5272377656220546
14.343584537506104,2.3560001850128174,-142.27696012977893,-113.76744534964611,0.4423735104336035,-0.5277047811651374,1,320.0,193.0,177.72303987022107,-0.5277047811651374
14.353036642074585,2.3570001125335693,-140.72049287824302,-112.41719941656962,0.43847797534663907,-0.523140154821086,1,320.0,193.0,179.27950712175698,-0.523140154821086
14.363552331924438,2.3570001125335693,-140.69715916375935,-112.34551060274919,0.438773080946381,-0.5235894695157516,1,320.0,193.0,179.30284083624065,-0.5235894695157516
14.374003648757935,2.3590002059936523,-140.67382544927568,-112.28292967566962,0.4390794651452825,-0.5240394084527799,1,320.0,193.0,179.32617455072432,-0.5240394084527799
14.384062051773071,2.3590002059936523,-140.650491734792,-112.2112408618492,0.4393746763173132,-0.5244892681135012,1,320.0,196.0,179.349508265208,-0.5244892681135012
14.393191814422607,2.3600001335144043,-138.94482606738842,-110.80880284940748,0.4353225819996712,-0.51945531522307,1,320.0,196.0,181.05517393261158,-0.51945531522307
14.403751134872437,2.3600001335144043,-138.90996046442288,-110.72796097335578,0.43560204685267806,-0.5198857704114566,1,320.0,196.0,181.09003953557712,-0.5198857704114566
14.413334608078003,2.3600001335144043,-138.87509486145734,-110.64711909730407,0.4358812368432793,-0.5203161070567814,1,320.0,196.0,181.12490513854266,-0.5203161070567814
14.423780679702759,2.3600001335144043,-138.8402292584918,-110.56627722125236,0.43616015197147495,-0.5207463251590446,1,320.0,199.0,181.1597707415082,-0.5207463251590446
14.43332290649414,2.3590002059936523,-137.00297736877505,-109.11029640994451,0.43196496989561145,-0.5153003707833707,1,320.0,199.0,182.99702263122495,-0.5153003707833707
14.44379210472107,2.3590002059936523,-136.95575603316226,-109.02005884259101,0.43222708052084857,-0.5157090124322881,1,320.0,199.0,183.04424396683774,-0.5157090124322881
14.45399808883667,2.3550000190734863,-136.90853469754947,-108.91158890346466,0.4324658546065007,-0.5161161244973689,1,320.0,199.0,183.09146530245053,-0.5161161244973689
14.463325500488281,2.3550000190734863,-136.86131336193668,-108.82135133611116,0.4327262018585166,-0.5165230766001732,1,320.0,201.0,183.13868663806332,-0.5165230766001732
14.473363876342773,2.3510000705718994,-135.0097015357732,-107.31425039242943,0.4284037031375604,-0.5110460454828589,1,320.0,201.0,184.9902984642268,-0.5110460454828589
14.4837806224823,2.3510000705718994,-134.95010989277148,-107.21442472011536,0.4286460290691915,-0.5114303295312289,1,320.0,201.0,185.04989010722852,-0.5114303295312289
14.494172096252441,2.3430001735687256,-134.89051824976977,-107.07780217473825,0.4288415957820041,-0.5118117145331824,1,320.0,201.0,185.10948175023023,-0.5118117145331824
14.5035982131958,2.3430001735687256,-134.83092660676806,-106.97797650242418,0.42908098357775415,-0.5121928994561686,1,320.0,203.0,185.16907339323194,-0.5121928994561686
14.513778924942017,2.3370001316070557,-132.97011600014682,-105.53151800329238,0.4249853097293511,-0.5066995811290624,1,320.0,203.0,187.02988399985318,-0.5066995811290624
14.52332067489624,2.3370001316070557,-132.89817502962632,-105.42265012170134,0.4252070435141596,-0.5070574641582002,1,320.0,203.0,187.10182497037368,-0.5070574641582002
14.533613443374634,2.325000047683716,-132.82623405910581,-105.25776901247878,0.4253578525554941,-0.5074111219097306,1,320.0,203.0,187.17376594089419,-0.5074111219097306
14.543354034423828,2.325000047683716,-132.7542930885853,-105.14890113088774,0.42557551684511563,-0.5077645413567874,1,320.0,204.0,187.2457069114147,-0.5077645413567874
14.553789854049683,2.31600022315979,-130.98996787760765,-103.55207695638917,0.4210266228227264,-0.502597168503319,1,320.0,204.0,189.01003212239235,-0.502597168503319
14.563387632369995,2.31600022315979,-130.90642310819484,-103.4332977701183,0.4212243834065704,-0.5029275969850823,1,320.0,204.0,189.09357689180516,-0.5029275969850823
14.573428392410278,2.302000045776367,-130.82287833878203,-103.24782440315077,0.42133788704645736,-0.5032531717457511,1,320.0,204.0,189.17712166121797,-0.5032531717457511
14.584117889404297,2.302000045776367,-130.73933356936922,-103.1290452168799,0.42153103707691547,-0.5035784745681859,1,320.0,206.0,189.26066643063078,-0.5035784745681859
14.593314170837402,2.2910001277923584,-128.96497692564415,-101.60375652587955,0.41724441520679045,-0.49838739860656706,1,320.0,206.0,191.03502307435585,-0.49838739860656706
14.603729486465454,2.2910001277923584,-128.86983854792007,-101.47569666761676,0.4174182562202894,-0.49868915999838304,1,320.0,206.0,191.13016145207993,-0.49868915999838304
14.61384129524231,2.2750000953674316,-128.77470017019598,-101.26953705344465,0.4174936613567853,-0.49898546333260896,1,320.0,206.0,191.22529982980402,-0.49898546333260896
14.623562812805176,2.2750000953674316,-128.6795617924719,-101.14147719518186,0.4176623780095436,-0.4992814634132331,1,320.0,208.0,191.3204382075281,-0.4992814634132331
14.633205652236938,2.263000011444092,-126.89969721431362,-99.58610872194103,0.41329630257861094,-0.4940805887635713,1,320.0,208.0,193.10030278568638,-0.4940805887635713
14.64368200302124,2.263000011444092,-126.79300642674468,-99.44866860899764,0.41344538361705707,-0.49435290873990856,1,320.0,208.0,193.20699357325532,-0.49435290873990856
14.653630495071411,2.244000196456909,-126.68631563917575,-99.21585339256912,0.4134745667101228,-0.4946188742986847,1,320.0,208.0,193.31368436082425,-0.4946188742986847
14.663522005081177,2.244000196456909,-126.57962485160681,-99.07841327962572,0.4136177724885519,-0.49488450804905904,1,320.0,209.0,193.4203751483932,-0.49488450804905904
14.673275470733643,2.2310001850128174,-124.89934263729978,-97.59852906110376,0.4095168812296158,-0.4900153112250717,1,320.0,209.0,195.10065736270022,-0.4900153112250717
14.683769702911377,2.2310001850128174,-124.78186106322566,-97.45233764911025,0.40964136114941363,-0.4902583495713204,1,320.0,209.0,195.21813893677432,-0.4902583495713204
14.693383693695068,2.2110002040863037,-124.66437948915154,-97.20255895913374,0.4096359075182848,-0.4904947931549406,1,320.0,209.0,195.33562051084846,-0.4904947931549406
14.703873872756958,2.2110002040863037,-124.54689791507742,-97.05636754714021,0.4097543160261613,-0.4907308810630353,1,320.0,210.0,195.4531020849226,-0.4907308810630353
14.713221073150635,2.197000026702881,-122.96015889966284,-95.64636994524615,0.4059001774599341,-0.48617204445715745,1,320.0,210.0,197.03984110033716,-0.48617204445715745
14.72376275062561,2.197000026702881,-122.83260163201841,-95.49201732254463,0.4060007141809048,-0.48638655230456795,1,320.0,210.0,197.1673983679816,-0.48638655230456795
14.733465671539307,2.1760001182556152,-122.70504436437398,-95.22516315289532,0.40596045118514734,-0.4865942364501023,1,320.0,210.0,197.29495563562602,-0.4865942364501023
14.743507146835327,2.1760001182556152,-122.57748709672954,-95.0708105301938,0.4060547362489709,-0.48680154557723204,1,320.0,212.0,197.42251290327044,-0.48680154557723204
14.753491163253784,2.1620001792907715,-120.97760202509514,-93.62981001538219,0.40210742174673886,-0.4822040001234698,1,320.0,212.0,199.02239797490486,-0.4822040001234698
14.764112949371338,2.1620001792907715,-120.83994767959767,-93.46715703093227,0.4021837602984683,-0.4823898550110458,1,320.0,212.0,199.16005232040231,-0.4823898550110458
14.772978067398071,2.1410000324249268,-120.7022933341002,-93.18801196155782,0.40211460502689333,-0.48256897309796876,1,320.0,212.0,199.2977066658998,-0.48256897309796876
14.783732891082764,2.1410000324249268,-120.56463898860274,-93.0253589771079,0.4021847762895765,-0.48274769852586,1,320.0,213.0,199.43536101139728,-0.48274769852586
14.793090105056763,2.126000165939331,-119.05696782932603,-91.65376770212038,0.3984838949819782,-0.4784549257702194,1,320.0,213.0,200.94303217067397,-0.4784549257702194
14.803602695465088,2.126000165939331,-118.90991777456743,-91.48340479376473,0.39853698531439763,-0.47861319717237405,1,320.0,213.0,201.09008222543258,-0.47861319717237405
14.813877820968628,2.1050000190734863,-118.76286771980884,-91.19222104486722,0.39843948333070545,-0.4787648195344028,1,320.0,213.0,201.23713228019116,-0.4787648195344028
14.823545694351196,2.1050000190734863,-118.61581766505024,-91.02185813651158,0.39848649572812106,-0.4789160356706482,1,320.0,214.0,201.38418233494974,-0.4789160356706482
14.833104133605957,2.0900001525878906,-117.19458976705158,-89.61897989289832,0.3946922474449332,-0.47490832049474835,1,320.0,214.0,202.80541023294842,-0.47490832049474835
14.843607664108276,2.0900001525878906,-117.03880105562591,-89.44076696405853,0.39472211805442137,-0.47504030481856097,1,320.0,214.0,202.96119894437408,-0.47504030481856097
14.853939056396484,2.068000078201294,-116.88301234420024,-89.1311190143081,0.39458852061991456,-0.4751654360306601,1,320.0,214.0,203.11698765579976,-0.4751654360306601
14.863553285598755,2.068000078201294,-116.72722363277457,-88.9529060854683,0.39461216938194554,-0.47529015128686936,1,320.0,215.0,203.27277636722545,-0.47529015128686936
14.873109579086304,2.05400013923645,-115.38700934580139,-87.63067132785879,0.3910779014275858,-0.4715489519241203,1,320.0,215.0,204.6129906541986,-0.4715489519241203
14.883564710617065,2.05400013923645,-115.22309734428181,-87.44519675537006,0.39108575006448865,-0.4716558704239071,1,320.0,215.0,204.77690265571817,-0.4716558704239071
14.893206119537354,2.0320000648498535,-115.05918534276223,-87.12321328383972,0.39092414780304935,-0.47175602873892186,1,320.0,215.0,204.94081465723775,-0.47175602873892186
14.903881788253784,2.0320000648498535,-114.89527334124266,-86.93773871135099,0.39092587769603293,-0.47185576416094616,1,320.0,216.0,205.10472665875733,-0.47185576416094616
14.913455247879028,2.017000198364258,-113.63096443637474,-85.6786820701727,0.3876192017803308,-0.46836336126105127,1,320.0,216.0,206.36903556362526,-0.46836336126105127
14.923813343048096,2.017000198364258,-113.45950530486354,-85.48649534422417,0.38760592716599895,-0.46844608115174113,1,320.0,216.0,206.54049469513646,-0.46844608115174113
14.933809518814087,1.996000051498413,-113.28804617335234,-85.15880204163555,0.3874247406309401,-0.4685224174434848,1,320.0,216.0,206.71195382664766,-0.4685224174434848
14.943668603897095,1.996000051498413,-113.11658704184114,-84.96661531568702,0.38740568344287707,-0.46859832680196883,1,320.0,217.0,206.88341295815886,-0.46859832680196883
14.953579187393188,1.9810000658035278,-111.92337830014361,-83.6708829627798,0.383988443991219,-0.4653386168880934,1,320.0,217.0,208.0766216998564,-0.4653386168880934
14.963546752929688,1.9810000658035278,-111.74491133020732,-83.4718043585566,0.3839542642800724,-0.4653985109375902,1,320.0,217.0,208.25508866979268,-0.4653985109375902
14.973308563232422,1.9600000381469727,-111.56644436027102,-83.13177737982662,0.38374574817923607,-0.4654521100507711,1,320.0,217.0,208.43355563972898,-0.4654521100507711
14.984119653701782,1.9600000381469727,-111.38797739033473,-82.93269877560341,0.38370589233913877,-0.4655052808432072,1,320.0,218.0,208.61202260966527,-0.4655052808432072
14.993173360824585,1.9450000524520874,-110.26134927347681,-81.70628948970298,0.3805247017336196,-0.462462856286433,1,320.0,218.0,209.7386507265232,-0.462462856286433
15.003788709640503,1.9450000524520874,-110.07637909264497,-81.50086911687286,0.38047074310019924,-0.4625009475294755,1,320.0,218.0,209.92362090735503,-0.4625009475294755
15.013060569763184,1.9240001440048218,-109.89140891181313,-81.14872404319458,0.38023562259353955,-0.4625328325066258,1,320.0,218.0,210.10859108818687,-0.4625328325066258
15.024271249771118,1.9240001440048218,-109.70643873098129,-80.94330367036446,0.3801760972067625,-0.4625642902025918,1,320.0,219.0,210.2935612690187,-0.4625642902025918
15.033914804458618,1.909000039100647,-108.6421410573053,-79.78103283615974,0.3772138988040094,-0.45972467165340075,1,320.0,219.0,211.3578589426947,-0.45972467165340075
15.043920993804932,1.909000039100647,-108.45113970775029,-79.56978321064088,0.37714122159351104,-0.45974192525952184,1,320.0,219.0,211.5488602922497,-0.45974192525952184
15.053126811981201,1.8880001306533813,-108.26013835819528,-79.20566913725632,0.37688012131680554,-0.4597530611825724,1,320.0,219.0,211.73986164180474,-0.4597530611825724
15.064027070999146,1.8880001306533813,-108.06913700864027,-78.99441951173746,0.3768019894033011,-0.45976377308256455,1,320.0,219.0,211.93086299135973,-0.45976377308256455
15.073237180709839,1.874000072479248,-107.16417099537999,-77.79788489956144,0.3737227223917714,-0.457442861713533,1,320.0,219.0,212.83582900462,-0.457442861713533
15.084031343460083,1.874000072479248,-106.96827262620444,-77.58059056114416,0.3736314827901043,-0.457441509365593,1,320.0,219.0,213.03172737379555,-0.457441509365593
15.09378170967102,1.8530000448226929,-106.77237425702889,-77.20408460984767,0.3733443133676302,-0.45743412342265,1,320.0,219.0,213.2276257429711,-0.45743412342265
15.103492498397827,1.8530000448226929,-106.57647588785333,-76.9867902714304,0.37324773450041016,-0.45742631972641284,1,320.0,220.0,213.42352411214665,-0.45742631972641284
15.114087104797363,1.8390001058578491,-105.71636978966546,-75.85503384533448,0.3703900103013235,-0.4552491989778662,1,320.0,220.0,214.28363021033454,-0.4552491989778662
15.123914003372192,1.8390001058578491,-105.5159156420088,-75.63221043211274,0.3702812607868544,-0.45522997366166157,1,320.0,220.0,214.4840843579912,-0.45522997366166157
15.133013248443604,1.818000078201294,-105.31546149435215,-75.24342554722219,0.36996859174494023,-0.45520479882381903,1,320.0,220.0,214.68453850564785,-0.45520479882381903
15.143545866012573,1.818000078201294,-105.11500734669549,-75.02060213400046,0.3698546207951049,-0.4551792140572053,1,320.0,221.0,214.8849926533045,-0.4551792140572053
15.152949810028076,1.8040001392364502,-104.29695197085026,-73.94855055941737,0.36720184763890373,-0.4531363442741457,1,320.0,221.0,215.70304802914973,-0.4531363442741457
15.163360357284546,1.8040001392364502,-104.09226168905423,-73.7206773199321,0.367076578338596,-0.453099941418219,1,320.0,221.0,215.90773831094577,-0.453099941418219
15.172948122024536,1.783000111579895,-103.88757140725819,-73.31965421920884,0.3667388738613147,-0.45305767303007294,1,320.0,221.0,216.11242859274182,-0.45305767303007294
15.183509826660156,1.783000111579895,-103.68288112546216,-73.09178097972357,0.36660850315558907,-0.4530150039606431,1,320.0,222.0,216.31711887453784,-0.4530150039606431
15.193273782730103,1.7690000534057617,-102.90423263682,-72.07463872768324,0.36414510196860256,-0.45109741711392626,1,320.0,222.0,217.09576736318002,-0.45109741711392626
15.203796863555908,1.7690000534057617,-102.69560554815287,-71.84216084157424,0.3640042450690817,-0.4510444969229034,1,320.0,222.0,217.30439445184714,-0.4510444969229034
15.213194608688354,1.7690000534057617,-102.48697845948574,-71.60968295546525,0.36386294123079366,-0.45099117564627467,1,320.0,222.0,217.51302154051427,-0.45099117564627467
15.223796844482422,1.7480000257492065,-102.27835137081861,-71.19638943312151,0.3635001262568042,-0.4509320836635215,1,320.0,222.0,217.7216486291814,-0.4509320836635215
15.233306169509888,1.7350001335144043,-101.63761987195292,-70.2384960159348,0.3612223113466958,-0.44946081394713533,1,320.0,222.0,218.36238012804708,-0.44946081394713533
15.243757009506226,1.7350001335144043,-101.4260289463585,-70.00182677626127,0.3610669366391546,-0.44939327519846556,1,320.0,222.0,218.57397105364151,-0.44939327519846556
15.253287076950073,1.7140001058578491,-101.21443802076408,-69.57639712809407,0.3606806149486406,-0.4493200338864051,1,320.0,222.0,218.78556197923592,-0.4493200338864051
15.263809442520142,1.7140001058578491,-101.00284709516966,-69.33972788842055,0.3605203832936636,-0.4492464148844866,1,320.0,222.0,218.99715290483033,-0.4492464148844866
15.273461818695068,1.7010000944137573,-100.48797460440142,-68.32747096191139,0.3580752238053913,-0.44818060183510056,1,320.0,222.0,219.51202539559858,-0.44818060183510056
15.283900022506714,1.7010000944137573,-100.27430344127474,-68.08630107195305,0.3579051411961406,-0.4480999271797976,1,320.0,222.0,219.72569655872525,-0.4480999271797976
15.293558120727539,1.7010000944137573,-100.06063227814806,-67.84513118199467,0.35773463593660076,-0.44801887806573076,1,320.0,222.0,219.93936772185194,-0.44801887806573076
15.303329706192017,1.6800000667572021,-99.84696111502139,-67.40672071011424,0.357180850317318,-0.4470036322133526,1,320.0,222.0,220.15303888497863,-0.4470036322133526
15.313774347305298,1.6670000553131104,-99.63328995189471,-67.04069478485059,0.3567730031018306,-0.446316836733264,1,320.0,223.0,220.3667100481053,-0.446316836733264
15.323354005813599,1.6670000553131104,-99.14746937544463,-66.21671238269975,0.35475603436119263,-0.445370833096113,1,320.0,223.0,220.85253062455536,-0.445370833096113
15.333974838256836,1.6670000553131104,-98.93193230181014,-65.97154661423737,0.3545799334589382,-0.44528427033005336,1,320.0,223.0,221.06806769818985,-0.44528427033005336
15.343637943267822,1.6470000743865967,-98.71639522817564,-65.53003215771014,0.3540859091829533,-0.4442957706595533,1,320.0,224.0,221.28360477182434,-0.4442957706595533
15.353341817855835,1.6470000743865967,-98.22744331809162,-64.7488942153665,0.35224110176714907,-0.4433563675225948,1,320.0,224.0,221.77255668190838,-0.4433563675225948
15.3638334274292,1.633000135421753,-98.01003193536314,-64.3594381596711,0.35186615231965696,-0.44265089961622983,1,320.0,224.0,221.98996806463686,-0.44265089961622983
15.37378191947937,1.633000135421753,-97.79262055263467,-64.11059820317755,0.35168567165861286,-0.44255932934528897,1,320.0,224.0,222.20737944736533,-0.44255932934528897
15.383661031723022,1.6130000352859497,-97.5752091699062,-63.656175606440996,0.3512394400152279,-0.441598084638014,1,320.0,224.0,222.4247908300938,-0.441598084638014
15.393299102783203,1.6130000352859497,-97.19917267937348,-62.92424659826773,0.3495996286016534,-0.44102589910669904,1,320.0,224.0,222.80082732062652,-0.44102589910669904
15.40370488166809,1.599000096321106,-96.98067373281681,-62.52478783406029,0.34925600347708,-0.4403352002479609,1,320.0,224.0,223.0193262671832,-0.4403352002479609
15.413329124450684,1.599000096321106,-96.76217478626015,-62.27263572739281,0.349072297241156,-0.44024021314682843,1,320.0,224.0,223.23782521373985,-0.44024021314682843
15.423884153366089,1.5790001153945923,-96.54367583970348,-61.80500260773318,0.34867573635918336,-0.4393065203128057,1,320.0,224.0,223.4563241602965,-0.4393065203128057
15.4334397315979,1.5790001153945923,-96.2704057805361,-61.01802239933111,0.3469288513067001,-0.43905475851499565,1,320.0,224.0,223.7295942194639,-0.43905475851499565
15.44380497932434,1.5660001039505005,-96.05153126782459,-60.61885266167555,0.3466324434910731,-0.43842534197423794,1,320.0,224.0,223.9484687321754,-0.43842534197423794
15.453294038772583,1.5660001039505005,-95.83265675511308,-60.363033232507206,0.34645028450283577,-0.438335770706068,1,320.0,224.0,224.16734324488692,-0.438335770706068
15.463828802108765,1.5450000762939453,-95.61378224240157,-59.86996316074103,0.3461002595895516,-0.437387071759755,1,320.0,224.0,224.38621775759844,-0.437387071759755
15.473912239074707,1.5450000762939453,-95.43383000195745,-59.135000661139024,0.34456250855961246,-0.4374119043192084,1,320.0,224.0,224.56616999804254,-0.4374119043192084
15.483412504196167,1.5320000648498535,-95.2152224056645,-58.725386417440376,0.34430121179317585,-0.4367989585304804,1,320.0,224.0,224.78477759433548,-0.4367989585304804
15.494087219238281,1.5320000648498535,-94.99661480937156,-58.466281179276436,0.34412151459235657,-0.4367158503991434,1,320.0,224.0,225.00338519062842,-0.4367158503991434
15.504330158233643,1.5120000839233398,-94.77800721307862,-57.969972266891766,0.34383240533665166,-0.4358298929589599,1,320.0,224.0,225.22199278692136,-0.4358298929589599
15.514492750167847,1.5120000839233398,-94.55939961678568,-57.710867028727826,0.3436567571144279,-0.43575050115259034,1,320.0,225.0,225.4406003832143,-0.43575050115259034
15.523978233337402,1.4980000257492065,-94.38624383235388,-56.870611768284874,0.34229961264035985,-0.43523830567011,1,320.0,225.0,225.6137561676461,-0.43523830567011
15.5334312915802,1.4980000257492065,-94.16794782706808,-56.608689727683156,0.34212312747168655,-0.4351616981729544,1,320.0,225.0,225.83205217293192,-0.4351616981729544
15.544106245040894,1.4780000448226929,-93.94965182178227,-56.097261846964855,0.34188453311342937,-0.4342972509728152,1,320.0,226.0,226.05034817821775,-0.4342972509728152
15.553490400314331,1.4780000448226929,-93.73641541247623,-55.45455311579224,0.34070095676331497,-0.434237790134954,1,320.0,226.0,226.26358458752378,-0.434237790134954
15.56402325630188,1.465000033378601,-93.51815408922107,-55.02374072231969,0.34050657904861,-0.433658220633801,1,320.0,226.0,226.48184591077893,-0.433658220633801
15.573486089706421,1.465000033378601,-93.29989276596591,-54.759208501829846,0.3403334442597603,-0.4335875482887234,1,320.0,226.0,226.70010723403408,-0.4335875482887234
15.584553718566895,1.4450000524520874,-93.08163144271074,-54.232291528790554,0.3401443328453672,-0.4327462232737227,1,320.0,226.0,226.91836855728926,-0.4327462232737227
15.59326171875,1.4450000524520874,-92.86337011945558,-53.967759308300714,0.33997530152209143,-0.4326792613669775,1,320.0,226.0,227.13662988054443,-0.4326792613669775
15.603664875030518,1.4310001134872437,-92.76207910628301,-53.196820581634924,0.3390006938970537,-0.4323745154383452,1,320.0,226.0,227.237920893717,-0.4323745154383452
15.613283634185791,1.4310001134872437,-92.5446194289461,-52.93011017789705,0.3388317816461724,-0.43231087738320917,1,320.0,226.0,227.4553805710539,-0.43231087738320917
15.623928308486938,1.4110000133514404,-92.3271597516092,-52.38667251143496,0.3386902411252844,-0.43148766452882986,1,320.0,226.0,227.6728402483908,-0.43148766452882986
15.633577823638916,1.4110000133514404,-92.27745384875399,-51.821867014126944,0.3377881657839978,-0.4318426306946327,1,320.0,226.0,227.722546151246,-0.4318426306946327
15.642998933792114,1.3980001211166382,-92.06114381821997,-51.36844877863473,0.3376578111345518,-0.43128988079256825,1,320.0,226.0,227.93885618178,-0.43128988079256825
15.65353798866272,1.3980001211166382,-91.84483378768596,-51.09969547558005,0.3374931201790715,-0.4312334016096315,1,320.0,226.0,228.15516621231404,-0.4312334016096315
15.66408896446228,1.378000020980835,-91.62852375715194,-50.539141110665284,0.3373985363633912,-0.43042557387897484,1,320.0,226.0,228.37147624284808,-0.43042557387897484
15.673230648040771,1.378000020980835,-91.41221372661792,-50.270387807610604,0.3372379765393819,-0.43037277198821755,1,320.0,227.0,228.58778627338208,-0.43037277198821755
15.684178590774536,1.3650000095367432,-91.35901091793268,-49.56713221660131,0.3365688342651951,-0.43022014065604,1,320.0,227.0,228.64098908206734,-0.43022014065604
15.693984746932983,1.3650000095367432,-91.14381858536524,-49.29673678516417,0.336408887319601,-0.4301707150141949,1,320.0,227.0,228.85618141463476,-0.4301707150141949
15.703734874725342,1.3450000286102295,-90.9286262527978,-48.71820222437654,0.33635914497491715,-0.4293783564298412,1,320.0,227.0,229.0713737472022,-0.4293783564298412
15.713567972183228,1.3450000286102295,-90.71343392023036,-48.4478067929394,0.3362033325378061,-0.4293325890535454,1,320.0,228.0,229.28656607976964,-0.4293325890535454
15.723923921585083,1.3320000171661377,-90.63007355736212,-47.76519147735539,0.33566207457643804,-0.429107120474312,1,320.0,228.0,229.36992644263788,-0.429107120474312
15.73338508605957,1.3320000171661377,-90.41578431187389,-47.49338290326794,0.33550716991248625,-0.42906445549485506,1,320.0,228.0,229.5842156881261,-0.42906445549485506
15.744219064712524,1.3130000829696655,-90.20149506638566,-46.91224733525685,0.3354937901239741,-0.42832551700166716,1,320.0,228.0,229.79850493361434,-0.42832551700166716
15.75400686264038,1.3130000829696655,-89.98720582089743,-46.640438761169406,0.3353427703888309,-0.42828628063603713,1,320.0,227.0,230.01279417910257,-0.42828628063603713
15.76357364654541,1.3000000715255737,-90.08096465460646,-45.9750672242122,0.33491544599663337,-0.42844496140330707,1,320.0,227.0,229.91903534539352,-0.42844496140330707
15.773099422454834,1.3000000715255737,-89.86878514038553,-45.70205343962421,0.334765588029595,-0.4284100209544647,1,320.0,227.0,230.1312148596145,-0.4284100209544647
15.785229444503784,1.28000009059906,-89.65660562616459,-45.08442850435912,0.3348024945909022,-0.4276425283932455,1,320.0,227.0,230.3433943738354,-0.4276425283932455
15.793860673904419,1.28000009059906,-89.44442611194366,-44.81141471977113,0.3346567609362685,-0.4276111949920979,1,320.0,229.0,230.55557388805636,-0.4276111949920979
15.803884983062744,1.2670000791549683,-89.39100347091694,-44.057250902536865,0.33412026607192924,-0.42743956597835336,1,320.0,229.0,230.60899652908307,-0.42743956597835336
15.813440561294556,1.2670000791549683,-89.17991107098143,-43.78252194884294,0.3339752227256232,-0.4274114279575003,1,320.0,229.0,230.82008892901857,-0.4274114279575003
15.824517488479614,1.2480000257492065,-88.96881867104592,-43.16073588602282,0.33404796378125867,-0.4266952527099312,1,320.0,229.0,231.03118132895406,-0.4266952527099312
15.833295822143555,1.2480000257492065,-88.75772627111041,-42.8860069323289,0.33390679552722,-0.42667049217875064,1,320.0,229.0,231.2422737288896,-0.42667049217875064
15.844051122665405,1.2360000610351562,-88.77510852623764,-42.171120491065494,0.3334830210330074,-0.4266724799564071,1,320.0,229.0,231.22489147376234,-0.4266724799564071
15.853633880615234,1.2360000610351562,-88.5655805067144,-41.89492181695978,0.3333425811747332,-0.4266511156920095,1,320.0,229.0,231.4344194932856,-0.4266511156920095
15.86470913887024,1.2170000076293945,-88.35605248719115,-41.25119532494435,0.3334588477057341,-0.42594592830984,1,320.0,229.0,231.64394751280884,-0.42594592830984
15.873437643051147,1.2170000076293945,-88.1465244676679,-40.974996650838634,0.33332227574926926,-0.4259279165049447,1,320.0,230.0,231.85347553233208,-0.4259279165049447
15.88457465171814,1.2040001153945923,-88.12559699403806,-40.257625521013864,0.3330232821980409,-0.4258077079050421,1,320.0,230.0,231.87440300596194,-0.4258077079050421
15.893173933029175,1.2040001153945923,-87.91736028594472,-39.980180720179206,0.3328879312973179,-0.4257929852789438,1,320.0,230.0,232.0826397140553,-0.4257929852789438
15.904096364974976,1.1850000619888306,-87.70912357785139,-39.31211718890332,0.3330475168521618,-0.42510059940933514,1,320.0,230.0,232.2908764221486,-0.42510059940933514
15.913808584213257,1.1850000619888306,-87.50088686975805,-39.03467238806867,0.3329160191549737,-0.42508920858168747,1,320.0,230.0,232.49911313024194,-0.42508920858168747
15.923338890075684,1.1730000972747803,-87.54665056224088,-38.35071295908449,0.33270175781065103,-0.4251186311620988,1,320.0,230.0,232.45334943775913,-0.4251186311620988
15.933899164199829,1.1730000972747803,-87.34015294989996,-38.07222566261883,0.33257144417153384,-0.4251106684783312,1,320.0,230.0,232.65984705010004,-0.4251106684783312
15.94391655921936,1.15500009059906,-87.13365533755903,-37.511406566961256,0.33282826770570356,-0.4244632292705533,1,320.0,230.0,232.86634466244095,-0.4244632292705533
15.953529834747314,1.15500009059906,-86.92715772521811,-37.23291927049559,0.3327017078801936,-0.4244583640523494,1,320.0,231.0,233.0728422747819,-0.4244583640523494
15.963200092315674,1.1420000791549683,-86.93112572254601,-36.82924777207969,0.3327812793528014,-0.42436366353289123,1,320.0,231.0,233.06887427745397,-0.42436366353289123
15.973694086074829,1.1420000791549683,-86.72606917888528,-36.54990333304822,0.33265676505583125,-0.4243621063193982,1,320.0,231.0,233.27393082111473,-0.4243621063193982
15.984070539474487,1.124000072479248,-86.52101263522455,-36.27055889401675,0.3331360118818261,-0.4237256175047638,1,320.0,231.0,233.47898736477543,-0.4237256175047638
15.993840217590332,1.124000072479248,-86.31595609156382,-35.99121445498528,0.33301568775330626,-0.4237271361407945,1,320.0,231.0,233.6840439084362,-0.4237271361407945
16.00326895713806,1.1120001077651978,-86.383191450487,-35.509864538064136,0.3329688711989591,-0.42376250721973335,1,320.0,231.0,233.616808549513,-0.42376250721973335
16.013757467269897,1.1120001077651978,-86.17999940878643,-35.22913687901799,0.3328499095466887,-0.4237674236674288,1,320.0,231.0,233.82000059121356,-0.4237674236674288
16.023905992507935,1.0940001010894775,-85.97680736708585,-34.94840921997185,0.333364730137887,-0.4231388167472629,1,320.0,231.0,234.02319263291415,-0.4231388167472629
16.033551692962646,1.0940001010894775,-85.77361532538528,-34.66768156092571,0.33324997940237633,-0.4231467810769403,1,320.0,232.0,234.22638467461474,-0.4231467810769403
16.04328155517578,1.0820000171661377,-85.79612274837014,-34.116518021181484,0.3331370950203139,-0.42309374585671866,1,320.0,232.0,234.20387725162988,-0.42309374585671866
16.053752183914185,1.0820000171661377,-85.59447628373164,-33.83393843264782,0.3330233846025855,-0.4231047793252632,1,320.0,232.0,234.40552371626836,-0.4231047793252632
16.063889026641846,1.0640000104904175,-85.39282981909314,-33.551358844114155,0.33357693425230783,-0.42248584824471547,1,320.0,232.0,234.60717018090685,-0.42248584824471547
16.073596477508545,1.0640000104904175,-85.19118335445464,-33.26877925558049,0.3334674625302938,-0.42249990641157564,1,320.0,233.0,234.80881664554536,-0.42249990641157564
16.083264350891113,1.0530000925064087,-85.17279255280808,-32.75634406079306,0.33342672510576876,-0.4224084312934735,1,320.0,233.0,234.82720744719194,-0.4224084312934735
16.093703269958496,1.0530000925064087,-84.97240112010968,-32.47219029920112,0.33331829633477117,-0.422425073414334,1,320.0,233.0,235.02759887989032,-0.422425073414334
16.10356116294861,1.0350000858306885,-84.77200968741128,-32.18803653760917,0.33390874886197236,-0.42181727998933993,1,320.0,233.0,235.2279903125887,-0.42181727998933993
16.113529920578003,1.0350000858306885,-84.57161825471289,-31.903882776017227,0.33380458239929556,-0.4218369279830285,1,320.0,233.0,235.4283817452871,-0.4218369279830285
16.123596906661987,1.0240000486373901,-84.61712370064315,-31.528202237920645,0.33400337804627694,-0.4218291147744365,1,320.0,233.0,235.38287629935684,-0.4218291147744365
16.13313317298889,1.0240000486373901,-84.4184164578117,-31.24342159374929,0.33390101810727085,-0.4218516197942149,1,320.0,233.0,235.5815835421883,-0.4218516197942149
16.14419722557068,1.0070000886917114,-84.21970921498026,-30.958640949577934,0.3344822502272373,-0.42128659886210046,1,320.0,233.0,235.78029078501976,-0.42128659886210046
16.153773307800293,1.0070000886917114,-84.02100197214881,-30.673860305406578,0.3343838772058429,-0.4213118857753194,1,320.0,234.0,235.9789980278512,-0.4213118857753194
16.16411018371582,0.9950000643730164,-84.02259868016695,-30.118445342425737,0.33441097290281413,-0.4211963702155888,1,320.0,234.0,235.97740131983306,-0.4211963702155888
16.173596620559692,0.9950000643730164,-83.82526348808277,-29.831810895482228,0.33431383654946883,-0.4212244271780362,1,320.0,234.0,236.17473651191722,-0.4212244271780362
16.184022188186646,0.9780000448226929,-83.62792829599859,-29.54517644853872,0.334847974484732,-0.42073777397595447,1,320.0,234.0,236.37207170400143,-0.42073777397595447
16.19355535507202,0.9780000448226929,-83.4305931039144,-29.25854200159521,0.33475427776320155,-0.42076819897341,1,320.0,235.0,236.56940689608558,-0.42076819897341
16.203118801116943,0.9670000672340393,-83.39204592546585,-28.743394860435544,0.33436227029617505,-0.4210053182174112,1,320.0,235.0,236.60795407453415,-0.4210053182174112
16.2136971950531,0.9670000672340393,-83.19579851522141,-28.455194980729033,0.33426661714638706,-0.4210359131582667,1,320.0,235.0,236.8042014847786,-0.4210359131582667
16.224342584609985,0.9500000476837158,-82.99955110497697,-28.166995101022522,0.33417053169677946,-0.4210662137280069,1,320.0,235.0,237.00044889502303,-0.4210662137280069
16.23404312133789,0.9500000476837158,-82.80330369473253,-27.87879522131601,0.33407401394735226,-0.42109621992663165,1,320.0,236.0,237.19669630526747,-0.42109621992663165
16.24326205253601,0.9390000700950623,-82.72809650442807,-27.29941870371362,0.3335974728019025,-0.4212837252849122,1,320.0,236.0,237.27190349557193,-0.4212837252849122
16.254019737243652,0.9390000700950623,-82.53267836639088,-27.009223911131635,0.3334986931373298,-0.4213137235962039,1,320.0,236.0,237.46732163360912,-0.4213137235962039
16.26366686820984,0.9220000505447388,-82.3372602283537,-26.71902911854965,0.33339947818056836,-0.42134342878028863,1,320.0,236.0,237.6627397716463,-0.42134342878028863
16.27429723739624,0.9220000505447388,-82.14184209031652,-26.428834325967664,0.3332998279316179,-0.42137284083716625,1,320.0,237.0,237.85815790968348,-0.42137284083716625
16.283880472183228,0.9110000729560852,-82.03319971041377,-25.893039116911588,0.3328795467676716,-0.4215150915697844,1,320.0,237.0,237.96680028958622,-0.4215150915697844
16.293368816375732,0.9110000729560852,-81.83837614967163,-25.601161499143984,0.33277784725339193,-0.4215443338248527,1,320.0,237.0,238.16162385032837,-0.4215443338248527
16.303048610687256,0.8940000534057617,-81.6435525889295,-25.30928388137638,0.3326757099226855,-0.42157328384457987,1,320.0,237.0,238.35644741107052,-0.42157328384457987
16.314062356948853,0.8940000534057617,-81.44872902818736,-25.017406263608777,0.3325731347755525,-0.4216019416289659,1,320.0,238.0,238.55127097181264,-0.4216019416289659
16.323902368545532,0.8840000629425049,-81.30963692765589,-24.319383703011745,0.33194058849752134,-0.42170297006688023,1,320.0,238.0,238.6903630723441,-0.42170297006688023
16.333378314971924,0.8840000629425049,-81.11519526850357,-24.024722964206646,0.3318351884273412,-0.4217313108633899,1,320.0,238.0,238.88480473149644,-0.4217313108633899
16.34298086166382,0.8670000433921814,-80.92075360935125,-23.730062225401547,0.3317293463660529,-0.4217593599974108,1,320.0,238.0,239.07924639064873,-0.4217593599974108
16.353822946548462,0.8670000433921814,-80.72631195019893,-23.435401486596447,0.33162306231365635,-0.421787117468943,1,320.0,239.0,239.27368804980108,-0.421787117468943
16.363213539123535,0.8570000529289246,-80.55953404317297,-22.692420671722004,0.330931781422923,-0.4218506534458446,1,320.0,239.0,239.44046595682704,-0.4218506534458446
16.37448740005493,0.8570000529289246,-80.3652819679474,-22.394687526828562,0.3308224615446644,-0.4218779603726882,1,320.0,239.0,239.6347180320526,-0.4218779603726882
16.38324809074402,0.8400000333786011,-80.17102989272182,-22.09695438193512,0.33071269506668843,-0.421904975921419,1,320.0,239.0,239.82897010727817,-0.421904975921419
16.39407753944397,0.8400000333786011,-79.97677781749624,-21.799221237041678,0.3306024819889951,-0.42193170009203695,1,320.0,240.0,240.02322218250376,-0.42193170009203695
16.403099536895752,0.8300000429153442,-79.78487262671483,-21.016468320062444,0.3298593812189572,-0.421961193102388,1,320.0,240.0,240.21512737328516,-0.421961193102388
16.413718938827515,0.8300000429153442,-79.5906366364308,-20.715410974565934,0.3297459468095808,-0.42198734578200625,1,320.0,240.0,240.40936336356918,-0.42198734578200625
16.42402935028076,0.8140000104904175,-79.39640064614677,-20.414353629069424,0.32963206081418606,-0.4220132071076392,1,320.0,240.0,240.6035993538532,-0.4220132071076392
16.433359622955322,0.8140000104904175,-79.20216465586275,-20.113296283572915,0.3295177232327731,-0.42203877707928666,1,320.0,241.0,240.79783534413724,-0.42203877707928666
16.443105697631836,0.8040000200271606,-78.98750005914488,-19.194494341437675,0.32859738545765776,-0.42203741647491544,1,320.0,241.0,241.01249994085512,-0.42203741647491544
16.453489303588867,0.8040000200271606,-78.79312404512721,-18.88920279107115,0.32847917931766846,-0.4220623056742546,1,320.0,241.0,241.20687595487277,-0.4220623056742546
16.463152647018433,0.7880000472068787,-78.59874803110955,-18.583911240704623,0.32833263937349255,-0.42196900518752617,1,320.0,241.0,241.40125196889045,-0.42196900518752617
16.474206924438477,0.7880000472068787,-78.40437201709189,-18.278619690338097,0.3281860994293166,-0.4218757047007977,1,320.0,242.0,241.59562798290813,-0.4218757047007977
16.48314666748047,0.7780000567436218,-78.16913875663948,-17.338944203607504,0.3272132250811081,-0.4217291844737073,1,320.0,242.0,241.83086124336052,-0.4217291844737073
16.493584156036377,0.7780000567436218,-77.97448267377122,-17.029304068952825,0.3270645978164739,-0.4216357495539305,1,320.0,242.0,242.0255173262288,-0.4216357495539305
16.503201484680176,0.7620000243186951,-77.77982659090296,-16.719663934298147,0.32691597055183963,-0.42154231463415376,1,320.0,242.0,242.22017340909704,-0.42154231463415376
16.513718843460083,0.7620000243186951,-77.5851705080347,-16.41002379964347,0.32676734328720536,-0.421448879714377,1,320.0,243.0,242.4148294919653,-0.421448879714377
16.523141860961914,0.7520000338554382,-77.3313946115298,-15.351748489321494,0.3256435173489402,-0.4212784332331379,1,320.0,243.0,242.6686053884702,-0.4212784332331379
16.535281658172607,0.7520000338554382,-77.1363332449039,-15.036976239755894,0.32549242666914874,-0.4211848037771575,1,320.0,243.0,242.86366675509612,-0.4211848037771575
16.54356050491333,0.737000048160553,-76.94127187827799,-14.722203990190295,0.3253413359893572,-0.42109117432117704,1,320.0,243.0,243.05872812172203,-0.42109117432117704
16.5534770488739,0.737000048160553,-76.74621051165208,-14.407431740624695,0.32519024530956575,-0.42099754486519664,1,320.0,245.0,243.25378948834793,-0.42099754486519664
16.563482999801636,0.7270000576972961,-76.37474178773459,-13.24331583800219,0.32393272439414783,-0.4206741115681068,1,320.0,245.0,243.6252582122654,-0.4206741115681068
16.574041604995728,0.7270000576972961,-76.17847101852861,-12.922720711085262,0.3237788387332277,-0.4205799015988879,1,320.0,245.0,243.82152898147137,-0.4205799015988879
16.58381676673889,0.7120000123977661,-75.98220024932263,-12.602125584168334,0.3236249530723076,-0.42048569162966903,1,320.0,245.0,244.01779975067737,-0.42048569162966903
16.593719005584717,0.7120000123977661,-75.78592948011665,-12.281530457251407,0.3234710674113875,-0.4203914816604502,1,320.0,246.0,244.21407051988336,-0.4203914816604502
16.603261709213257,0.7020000219345093,-75.40924912576455,-10.922323971313368,0.32196414404093343,-0.4200622454037332,1,320.0,246.0,244.59075087423545,-0.4200622454037332
16.613741397857666,0.7020000219345093,-75.21174144250332,-10.594607975586413,0.3218068403629845,-0.41996744171576783,1,320.0,246.0,244.78825855749668,-0.41996744171576783
16.62367296218872,0.687000036239624,-75.0142337592421,-10.266891979859459,0.3216495366850356,-0.41987263802780245,1,320.0,246.0,244.9857662407579,-0.41987263802780245
16.63349962234497,0.687000036239624,-74.81672607598088,-9.939175984132504,0.3214922330070866,-0.41977783433983706,1,320.0,248.0,245.18327392401912,-0.41977783433983706
16.64394783973694,0.6770000457763672,-74.33469373149411,-8.506466014190973,0.31989536341570485,-0.41931235713383513,1,320.0,248.0,245.6653062685059,-0.41931235713383513
16.653385162353516,0.6770000457763672,-74.13523520089416,-8.171173611748934,0.3197344230625327,-0.41921661703914714,1,320.0,248.0,245.86476479910584,-0.41921661703914714
16.663166999816895,0.6630000472068787,-73.9357766702942,-7.835881209306894,0.3195734827093605,-0.41912087694445915,1,320.0,248.0,246.06422332970578,-0.41912087694445915
16.67381525039673,0.6630000472068787,-73.73631813969425,-7.5005888068648545,0.3194125423561883,-0.41902513684977116,1,320.0,250.0,246.26368186030575,-0.41902513684977116
16.683236122131348,0.6530000567436218,-73.15945852961298,-5.902626703001495,0.3176065681384684,-0.4184377103262691,1,320.0,250.0,246.84054147038702,-0.4184377103262691
16.6937358379364,0.6530000567436218,-72.95741221642416,-5.558676363827246,0.31744147197566475,-0.4183407280959385,1,320.0,250.0,247.04258778357584,-0.4183407280959385
16.703507661819458,0.6390000581741333,-72.75536590323534,-5.214726024652997,0.3172763758128611,-0.4182437458656078,1,320.0,250.0,247.24463409676466,-0.4182437458656078
16.714229345321655,0.6390000581741333,-72.55331959004653,-4.870775685478748,0.3171112796500575,-0.4181467636352772,1,320.0,252.0,247.44668040995347,-0.4181467636352772
16.723469972610474,0.6300000548362732,-71.8913612987105,-3.125795667234808,0.3151208402156949,-0.4174505812257057,1,320.0,252.0,248.1086387012895,-0.4174505812257057
16.73402690887451,0.6300000548362732,-71.68616129860727,-2.7722382528471776,0.31495113265678887,-0.41735208522565614,1,320.0,252.0,248.31383870139274,-0.41735208522565614
16.74381446838379,0.6160000562667847,-71.48096129850404,-2.4186808384595473,0.3147814250978828,-0.41725358922560657,1,320.0,252.0,248.51903870149596,-0.41725358922560657
16.75351071357727,0.6160000562667847,-71.27576129840081,-2.065123424071917,0.31461171753897677,-0.41715509322555705,1,320.0,254.0,248.72423870159918,-0.41715509322555705
16.763962030410767,0.6070000529289246,-70.53769070731683,-0.18993514579048565,0.31245949070520257,-0.4163623248873884,1,320.0,254.0,249.4623092926832,-0.4163623248873884
16.773537397384644,0.6070000529289246,-70.32883658675986,0.17405673909880193,0.31228477460045573,-0.41626207490952105,1,320.0,254.0,249.67116341324015,-0.41626207490952105
16.784438610076904,0.593000054359436,-70.1199824662029,0.5380486239880895,0.31211005849570883,-0.4161618249316537,1,320.0,254.0,249.88001753379712,-0.4161618249316537
16.794039249420166,0.593000054359436,-69.91112834564593,0.9020405088773771,0.311935342390962,-0.4160615749537864,1,320.0,256.0,250.08887165435408,-0.4160615749537864
16.80364966392517,0.5840000510215759,-69.10523993705348,3.093957914557702,0.30937898503459677,-0.41518343688756815,1,320.0,256.0,250.89476006294652,-0.41518343688756815
16.8131206035614,0.5840000510215759,-68.8922915529124,3.47048510779398,0.30919825198184336,-0.41508122166318046,1,320.0,256.0,251.1077084470876,-0.41508122166318046
16.823092937469482,0.5710000395774841,-68.67934316877131,3.847012301030258,0.30901751892908996,-0.4149790064387927,1,320.0,256.0,251.3206568312287,-0.4149790064387927
16.833873748779297,0.5710000395774841,-68.46639478463022,4.223539494266536,0.30883678587633656,-0.414876791214405,1,320.0,258.0,251.5336052153698,-0.414876791214405
16.84394359588623,0.562000036239624,-67.60033810387698,6.597496610064484,0.3060535089593248,-0.4139236109719984,1,320.0,258.0,252.399661896123,-0.4139236109719984
16.853577613830566,0.562000036239624,-67.38291077777218,6.987721949146,0.30586620079656573,-0.4138192458554681,1,320.0,258.0,252.61708922222783,-0.4138192458554681
16.863985061645508,0.5490000247955322,-67.16548345166738,7.377947288227515,0.3056788926338066,-0.4137148807389378,1,320.0,258.0,252.8345165483326,-0.4137148807389378
16.87371325492859,0.5490000247955322,-66.94805612556259,7.768172627309031,0.30549158447104746,-0.41361051562240747,1,320.0,261.0,253.05194387443743,-0.41361051562240747
16.883512496948242,0.5400000214576721,-65.92788031162753,10.403798039464133,0.3023785890671901,-0.4124601939136334,1,320.0,261.0,254.07211968837248,-0.4124601939136334
16.893996000289917,0.5400000214576721,-65.7049476745387,10.809422505262507,0.3021838893236069,-0.4123531862478308,1,320.0,261.0,254.2950523254613,-0.4123531862478308
16.903884887695312,0.5270000100135803,-65.48201503744987,11.21504697106088,0.3019891895800237,-0.41224617858202817,1,320.0,261.0,254.51798496255014,-0.41224617858202817
16.913536310195923,0.5270000100135803,-65.25908240036104,11.620671436859254,0.30179448983644047,-0.41213917091622554,1,320.0,264.0,254.74091759963898,-0.41213917091622554
16.923308849334717,0.5190000534057617,-64.10099540758846,14.488573945844394,0.2983914677576607,-0.4108136669825061,1,320.0,264.0,255.89900459241153,-0.4108136669825061
16.933761596679688,0.5190000534057617,-63.871649252356384,14.911085318929992,0.2981886622985796,-0.41070358082799474,1,320.0,264.0,256.1283507476436,-0.41070358082799474
16.94324779510498,0.5060000419616699,-63.64230309712431,15.33359669201559,0.2979858568394985,-0.41059349467348333,1,320.0,264.0,256.35769690287566,-0.41059349467348333
16.95383381843567,0.5060000419616699,-63.41295694189224,15.756108065101188,0.29778305138041744,-0.4104834085189719,1,320.0,268.0,256.5870430581078,-0.4104834085189719
16.96334147453308,0.49800002574920654,-62.03092413099039,18.93020001820258,0.2939949167948505,-0.40887136342845853,1,320.0,268.0,257.9690758690096,-0.40887136342845853
16.97380542755127,0.49800002574920654,-61.793672397914314,19.371582811688832,0.2937830530539771,-0.408757482596582,1,320.0,268.0,258.2063276020857,-0.408757482596582
16.98350214958191,0.48500001430511475,-61.556420664838235,19.81296560517508,0.2935711893131037,-0.4086436017647055,1,320.0,268.0,258.44357933516176,-0.4086436017647055
16.994027614593506,0.48500001430511475,-61.31916893176216,20.25434839866133,0.2933593255722303,-0.40852972093282897,1,320.0,271.0,258.68083106823786,-0.40852972093282897
17.003520488739014,0.47700002789497375,-59.837709211394454,23.800971935964473,0.2891012632965799,-0.4067946091077802,1,320.0,271.0,260.16229078860556,-0.4067946091077802
17.013282299041748,0.47700002789497375,-59.59192405199111,24.263652087598597,0.28887917682379555,-0.4066766322312666,1,320.0,271.0,260.4080759480089,-0.4066766322312666
17.024009943008423,0.4650000333786011,-59.34613889258776,24.72633223923272,0.28865709035101117,-0.406558655354753,1,320.0,271.0,260.65386110741224,-0.406558655354753
17.033923387527466,0.4650000333786011,-59.10035373318441,25.189012390866843,0.2884350038782268,-0.4064406784782394,1,320.0,275.0,260.8996462668156,-0.4064406784782394
17.044002056121826,0.4570000171661377,-57.43046801642261,29.066517958241242,0.28376327782707195,-0.4044670476715444,1,320.0,275.0,262.5695319835774,-0.4044670476715444
17.053571939468384,0.4570000171661377,-57.17491547649718,29.55261913803216,0.2835299492607723,-0.4043443824523802,1,320.0,275.0,262.8250845235028,-0.4043443824523802
17.063083171844482,0.4440000355243683,-56.91936293657176,30.038720317823078,0.28329662069447265,-0.404221717233216,1,320.0,275.0,263.08063706342824,-0.404221717233216
17.07416343688965,0.4440000355243683,-56.66381039664633,30.524821497613996,0.283063292128173,-0.4040990520140518,1,320.0,280.0,263.33618960335366,-0.4040990520140518
17.083218097686768,0.43700000643730164,-54.7252564145682,34.79581808626884,0.27789806661642913,-0.40178335666457216,1,320.0,280.0,265.2747435854318,-0.40178335666457216
17.093854427337646,0.43700000643730164,-54.45816062932542,35.30787882563634,0.27765227746153276,-0.4016551506876556,1,320.0,280.0,265.54183937067455,-0.4016551506876556
17.103928804397583,0.42500001192092896,-54.19106484408264,35.819939565003835,0.27740648830663633,-0.4015269447107391,1,320.0,280.0,265.80893515591737,-0.4015269447107391
17.11403799057007,0.42500001192092896,-53.92396905883986,36.33200030437133,0.2771606991517399,-0.40139873873382254,1,320.0,285.0,266.0760309411601,-0.40139873873382254
17.12345290184021,0.41700002551078796,-51.74560230186149,41.052419132939,0.2714311807326217,-0.39878003828437975,1,320.0,285.0,268.2543976981385,-0.39878003828437975
17.13415288925171,0.41700002551078796,-51.46539747990127,41.59334418381821,0.27117153670819966,-0.39864553996983887,1,320.0,285.0,268.5346025200987,-0.39864553996983887
17.143470287322998,0.4050000309944153,-51.18519265794105,42.13426923469742,0.27091189268377763,-0.39851104165529794,1,320.0,285.0,268.81480734205894,-0.39851104165529794
17.154371976852417,0.4050000309944153,-50.90498783598083,42.67519428557663,0.2706522486593556,-0.39837654334075706,1,320.0,290.0,269.0950121640192,-0.39837654334075706
17.163681745529175,0.3970000147819519,-48.513433841602705,47.7938063356533,0.2644275818610612,-0.39549082024844573,1,320.0,290.0,271.4865661583973,-0.39549082024844573
17.173195123672485,0.3970000147819519,-48.21874754318407,48.36612916165132,0.2641528669045821,-0.39534937082520477,1,320.0,290.0,271.78125245681593,-0.39534937082520477
17.184555292129517,0.38600000739097595,-47.92406124476544,48.938451987649344,0.26387815194810305,-0.3952079214019638,1,320.0,290.0,272.0759387552346,-0.3952079214019638
17.193264722824097,0.38600000739097595,-47.62937494634681,49.51077481364737,0.26360343699162403,-0.3950664719787229,1,320.0,296.0,272.3706250536532,-0.3950664719787229
17.203015327453613,0.37800002098083496,-44.948181943699886,55.18238082729276,0.2566839914597664,-0.39181523369254023,1,320.0,296.0,275.05181805630014,-0.39181523369254023
17.21337580680847,0.37800002098083496,-44.63712676490698,55.78967927533502,0.25639248820470617,-0.39166592720671967,1,320.0,296.0,275.36287323509305,-0.39166592720671967
17.224304914474487,0.367000013589859,-44.326071586114075,56.396977723377276,0.25610098494964584,-0.39151662072089904,1,320.0,296.0,275.6739284138859,-0.39151662072089904
17.233971118927002,0.367000013589859,-44.01501640732117,57.004276171419534,0.25580948169458556,-0.3913673142350785,1,320.0,303.0,275.9849835926788,-0.3913673142350785
17.242960214614868,0.36000001430511475,-40.97551086691626,63.26700531123853,0.2481485169548247,-0.3876626269217545,1,320.0,303.0,279.02448913308376,-0.3876626269217545
17.25324511528015,0.36000001430511475,-40.645741316007275,63.913094215552846,0.24783839428075385,-0.3875043375373182,1,320.0,303.0,279.3542586839927,-0.3875043375373182
17.26307225227356,0.34800001978874207,-40.31597176509829,64.55918311986716,0.24752827160668298,-0.38734604815288187,1,320.0,303.0,279.6840282349017,-0.38734604815288187
17.27367925643921,0.34800001978874207,-39.986202214189305,65.20527202418148,0.2472181489326121,-0.3871877587684456,1,320.0,311.0,280.0137977858107,-0.3871877587684456
17.283620357513428,0.3410000205039978,-36.52689893409058,72.19348113597408,0.23864372768128786,-0.3829514323396921,1,320.0,311.0,283.4731010659094,-0.3829514323396921
17.29347515106201,0.3410000205039978,-36.17566387606238,72.88307071426894,0.23831272468370635,-0.38278283951183856,1,320.0,311.0,283.8243361239376,-0.38278283951183856
17.302915334701538,0.33000001311302185,-35.82442881803418,73.5726602925638,0.2379817216861248,-0.38261424668398497,1,320.0,311.0,284.17557118196584,-0.38261424668398497
17.31349492073059,0.33000001311302185,-35.47319376000598,74.26224987085864,0.23765071868854326,-0.38244565385613144,1,320.0,320.0,284.526806239994,-0.38244565385613144
17.32316780090332,0.3230000138282776,-31.539245260605487,81.8941988821239,0.22827323281159723,-0.3776084816898013,1,320.0,320.0,288.46075473939453,-0.3776084816898013
17.33363699913025,0.3230000138282776,-31.163436228522137,82.63140638001491,0.22791937321260952,-0.37742809335440136,1,320.0,320.0,288.83656377147787,-0.37742809335440136
17.343361854553223,0.3230000138282776,-30.787627196438788,83.36861387790591,0.22756551361362184,-0.37724770501900134,1,320.0,320.0,289.2123728035612,-0.37724770501900134
17.354050397872925,0.31200000643730164,-30.411818164355438,84.10582137579692,0.22721165401463417,-0.37706731668360133,1,320.0,330.0,289.58818183564455,-0.37706731668360133
17.363506078720093,0.3050000071525574,-25.954500943780708,92.81117410213022,0.21647460513467376,-0.37156836664306647,1,320.0,330.0,294.0454990562193,-0.37156836664306647
17.373976469039917,0.3050000071525574,-25.550696596908534,93.6030355964489,0.2160945116174008,-0.3713745405565678,1,320.0,330.0,294.44930340309145,-0.3713745405565678
17.38360095024109,0.2939999997615814,-25.14689225003636,94.39489709076759,0.2157144181001278,-0.3711807144700692,1,320.0,330.0,294.85310774996367,-0.3711807144700692
17.393274068832397,0.2939999997615814,-24.743087903164184,95.18675858508627,0.21533432458285484,-0.3709868883835705,1,320.0,,295.25691209683583,-0.3709868883835705
17.40395426750183,0.2939999997615814,-24.33928355629201,95.97862007940495,0.2149542310655819,-0.3707930622970719,1,320.0,,295.660716443708,-0.3707930622970719
17.413379669189453,0.28700000047683716,-23.935479209419835,96.77048157372363,0.21457413754830892,-0.3705992362105733,1,320.0,,296.06452079058016,-0.3705992362105733
17.423795223236084,0.2760000228881836,-23.53167486254766,97.56234306804231,0.21419404403103595,-0.37040541012407463,1,320.0,,296.4683251374523,-0.37040541012407463
17.433353662490845,0.2760000228881836,-23.127870515675486,98.35420456236099,0.21381395051376298,-0.370211584037576,1,320.0,,296.8721294843245,-0.370211584037576
17.44382333755493,0.2760000228881836,-22.72406616880331,99.14606605667967,0.21343385699649003,-0.37001775795107733,1,320.0,,297.2759338311967,-0.37001775795107733
17.453293800354004,0.26900002360343933,-22.320261821931137,99.93792755099835,0.21305376347921706,-0.3698239318645787,1,320.0,,297.6797381780689,-0.3698239318645787
17.463733911514282,0.26900002360343933,-21.916457475058962,100.72978904531703,0.2126736699619441,-0.36963010577808003,1,320.0,,298.08354252494104,-0.36963010577808003
17.473227739334106,0.2590000033378601,-21.512653128186788,101.52165053963571,0.21229357644467112,-0.3694362796915814,1,320.0,,298.4873468718132,-0.3694362796915814
17.48399782180786,0.2590000033378601,-21.108848781314613,102.3135120339544,0.21191348292739814,-0.36924245360508273,1,320.0,,298.89115121868537,-0.36924245360508273
17.493546724319458,0.25200000405311584,-20.70504443444244,103.10537352827308,0.21153338941012517,-0.36904862751858414,1,320.0,,299.2949555655576,-0.36904862751858414
17.503177404403687,0.25200000405311584,-20.301240087570264,103.89723502259176,0.21115329589285223,-0.3688548014320855,1,320.0,,299.69875991242975,-0.3688548014320855
17.513687133789062,0.2410000115633011,-19.89743574069809,104.68909651691044,0.21077320237557925,-0.36866097534558684,1,320.0,,300.1025642593019,-0.36866097534558684
17.52316641807556,0.2410000115633011,-19.493631393825915,105.48095801122912,0.21039310885830628,-0.3684671492590882,1,320.0,,300.5063686061741,-0.3684671492590882
17.533657789230347,0.23400001227855682,-19.08982704695374,106.2728195055478,0.21001301534103334,-0.36827332317258954,1,320.0,,300.91017295304624,-0.36827332317258954
17.543177604675293,0.23400001227855682,-18.686022700081566,107.06468099986648,0.20963292182376037,-0.3680794970860909,1,320.0,,301.3139772999184,-0.3680794970860909
17.553715467453003,0.2240000069141388,-18.28221835320939,107.85654249418516,0.2092528283064874,-0.36788567099959224,1,320.0,,301.7177816467906,-0.36788567099959224
17.56338143348694,0.2240000069141388,-17.878414006337216,108.64840398850384,0.20887273478921442,-0.3676918449130936,1,320.0,,302.1215859936628,-0.3676918449130936
17.573867797851562,0.21700000762939453,-17.47460965946504,109.44026548282253,0.20849264127194145,-0.36749801882659494,1,320.0,,302.52539034053495,-0.36749801882659494
17.58330774307251,0.21700000762939453,-17.070805312592867,110.2321269771412,0.20811254775466848,-0.3673041927400963,1,320.0,,302.9291946874071,-0.3673041927400963
17.593846082687378,0.20600001513957977,-16.667000965720693,111.02398847145989,0.20773245423739553,-0.36711036665359764,1,320.0,,303.3329990342793,-0.36711036665359764
17.603428602218628,0.20600001513957977,-16.263196618848518,111.81584996577857,0.20735236072012256,-0.36691654056709905,1,320.0,,303.7368033811515,-0.36691654056709905
17.613820791244507,0.1990000158548355,-15.859392271976343,112.60771146009725,0.20697226720284959,-0.3667227144806004,1,320.0,,304.14060772802367,-0.3667227144806004
