time,alt,pos_x_est,pos_y_est,vel_x_cmd,vel_y_cmd,target_visible,setpoint_x,raw_x,filtered_x,cmd_y
9.42360520362854,4.509000301361084,-108.26276153009512,-104.3309606656916,0.15071956736328684,-0.15454395198860374,1,320.0,220.0,211.73723846990487,-0.15454395198860374
9.433932781219482,4.5320000648498535,-108.34305261124459,-104.44090846652773,0.1513737092666228,-0.15518201654903935,1,320.0,220.0,211.6569473887554,-0.15518201654903935
9.443430662155151,4.5320000648498535,-107.5397597746326,-103.52099896152777,0.14873957710320831,-0.1529521736905292,1,320.0,220.0,212.4602402253674,-0.1529521736905292
9.453075647354126,4.547000408172607,-107.61403888827057,-103.6147145214451,0.14937010934771633,-0.1535793788213361,1,320.0,220.0,212.38596111172944,-0.1535793788213361
9.463610649108887,4.547000408172607,-107.68831800190854,-103.69122423480812,0.149980377124926,-0.1542069553477112,1,320.0,220.0,212.31168199809144,-0.1542069553477112
9.47337007522583,4.570000171661377,-107.76259711554651,-103.79388804755767,0.15062254314046325,-0.1548349032696545,1,320.0,220.0,212.2374028844535,-0.1548349032696545
9.483932495117188,4.570000171661377,-107.02075848176617,-102.94704764966694,0.14823694999456144,-0.15281449122101048,1,320.0,220.0,212.97924151823383,-0.15281449122101048
9.493289947509766,4.583000183105469,-107.08948656380241,-103.03193955877201,0.14885397998328137,-0.153432412352273,1,320.0,220.0,212.9105134361976,-0.153432412352273
9.50393009185791,4.583000183105469,-107.15821464583865,-103.10216887244609,0.1494537660040525,-0.15405067712394568,1,320.0,220.0,212.84178535416135,-0.15405067712394568
9.514236211776733,4.599000453948975,-107.2269427278749,-103.19032684764463,0.15007550720852897,-0.15466928553602857,1,320.0,,212.7730572721251,-0.15466928553602857
9.52366304397583,4.599000453948975,-107.29567080991114,-103.2605561613187,0.15067608516574446,-0.15528823758852162,1,320.0,,212.70432919008886,-0.15528823758852162
9.533146858215332,4.607000350952148,-107.36439889194739,-103.33970116014109,0.15128775767013203,-0.15590753328142481,1,320.0,,212.6356011080526,-0.15590753328142481
9.543593406677246,4.607000350952148,-107.43312697398363,-103.40993047381517,0.15188908249891,-0.15652717261473825,1,320.0,,212.56687302601637,-0.15652717261473825
9.55321979522705,4.616000175476074,-107.50185505601988,-103.49015160191841,0.1525027986106435,-0.15714715558846185,1,320.0,,212.49814494398012,-0.15714715558846185
9.563715934753418,4.616000175476074,-107.57058313805612,-103.56038091559249,0.15310487569163034,-0.15776748220259562,1,320.0,,212.42941686194388,-0.15776748220259562
9.573378324508667,4.619000434875488,-107.63931122009237,-103.6339322227169,0.1537113069212932,-0.15838815245713958,1,320.0,,212.36068877990763,-0.15838815245713958
9.583858013153076,4.619000434875488,-107.70803930212861,-103.70416153639097,0.15431410290538405,-0.15900916635209372,1,320.0,,212.2919606978714,-0.15900916635209372
9.594077110290527,4.621000289916992,-107.77676738416486,-103.77660267847375,0.15491991528927576,-0.15963052388745805,1,320.0,218.0,212.22323261583514,-0.15963052388745805
9.603566884994507,4.621000289916992,-107.12937072730347,-103.13920332969444,0.1532371558546754,-0.157938506423029,1,320.0,218.0,212.87062927269653,-0.157938506423029
9.61368203163147,4.62000036239624,-107.19326284824028,-103.20354838966662,0.1538303876685904,-0.1585511432823944,1,320.0,218.0,212.8067371517597,-0.1585511432823944
9.623354196548462,4.62000036239624,-107.2571549691771,-103.26899911589832,0.1544252735356479,-0.15916409960236444,1,320.0,218.0,212.7428450308229,-0.15916409960236444
9.633158922195435,4.61400032043457,-107.32104709011391,-103.3278048903995,0.15501247948950134,-0.1597773753829392,1,320.0,216.0,212.6789529098861,-0.1597773753829392
9.6435546875,4.61400032043457,-106.98599741620421,-103.00078403772821,0.15434257195797227,-0.15910469454392373,1,320.0,216.0,213.0140025837958,-0.15910469454392373
9.653740406036377,4.6080002784729,-107.04720436641634,-103.05693026364872,0.15492523208039513,-0.15971337890601037,1,320.0,216.0,212.95279563358366,-0.15971337890601037
9.663532733917236,4.6080002784729,-107.10841131662846,-103.11973936845206,0.1555162017030014,-0.16032236930284807,1,320.0,216.0,212.89158868337154,-0.16032236930284807
9.673274040222168,4.5970001220703125,-107.16961826684059,-103.17028630433698,0.156092709457585,-0.16093166573443682,1,320.0,215.0,212.8303817331594,-0.16093166573443682
9.68377137184143,4.5970001220703125,-106.97707985209917,-102.98414830545546,0.1558827271666013,-0.16072430085926798,1,320.0,215.0,213.02292014790083,-0.16072430085926798
9.694045782089233,4.588000297546387,-107.03658278838883,-103.03520796023986,0.15645917479214377,-0.1613308872967575,1,320.0,215.0,212.96341721161116,-0.1613308872967575
9.704164981842041,4.588000297546387,-107.09608572467849,-103.09634527359701,0.15704802129454035,-0.1619377712489285,1,320.0,215.0,212.9039142753215,-0.1619377712489285
9.714295148849487,4.572000026702881,-107.15558866096815,-103.13946457514412,0.15761546177927258,-0.16254495271578093,1,320.0,213.0,212.84441133903186,-0.16254495271578093
9.724013328552246,4.572000026702881,-107.19730446133732,-103.18621277649375,0.158158543037268,-0.16309521449342718,1,320.0,213.0,212.80269553866268,-0.16309521449342718
9.733328104019165,4.560000419616699,-107.25668811860997,-103.23365476964497,0.1587316417028977,-0.1637027583227474,1,320.0,213.0,212.74331188139,-0.1637027583227474
9.744531393051147,4.560000419616699,-107.31607177588262,-103.29469559084377,0.15932136416629047,-0.164310599070354,1,320.0,213.0,212.68392822411738,-0.164310599070354
9.753515243530273,4.5400004386901855,-107.37545543315527,-103.33290538805169,0.15988388044988025,-0.16491873673624696,1,320.0,,212.62454456684475,-0.16491873673624696
9.76418948173523,4.5400004386901855,-107.43483909042791,-103.39394620925049,0.16047409916636507,-0.16552717132042627,1,320.0,,212.56516090957209,-0.16552717132042627
9.773525476455688,4.527000427246094,-107.49422274770056,-103.44003469516043,0.1610466055229328,-0.16613590282289195,1,320.0,,212.50577725229942,-0.16613590282289195
9.784042596817017,4.527000427246094,-107.55360640497321,-103.50107551635924,0.16163735988595315,-0.16674493124364398,1,320.0,,212.4463935950268,-0.16674493124364398
9.79399299621582,4.504000186920166,-107.61299006224586,-103.53544271600643,0.1621962777391098,-0.1673542565826824,1,320.0,,212.38700993775416,-0.1673542565826824
9.803678750991821,4.504000186920166,-107.6723737195185,-103.59648353720523,0.1627875091422344,-0.16796387884000719,1,320.0,,212.3276262804815,-0.16796387884000719
9.813633680343628,4.48900032043457,-107.73175737679115,-103.63997615656551,0.16335790016624957,-0.1685737980156183,1,320.0,,212.26824262320883,-0.1685737980156183
9.823100566864014,4.48900032043457,-107.7911410340638,-103.70101697776431,0.16394965423657695,-0.1691840141095158,1,320.0,,212.2088589659362,-0.1691840141095158
9.833231210708618,4.465000152587891,-107.85052469133645,-103.7337258682745,0.16450757353453055,-0.16979452712169962,1,320.0,206.0,212.14947530866357,-0.16979452712169962
9.843986511230469,4.465000152587891,-108.72128410300888,-104.3431105320218,0.16685453043792745,-0.17300178946234757,1,320.0,206.0,211.27871589699112,-0.17300178946234757
9.853739261627197,4.449000358581543,-108.78606357570195,-104.38873422504034,0.16743122254067494,-0.17362345514745775,1,320.0,206.0,211.21393642429805,-0.17362345514745775
9.863182067871094,4.449000358581543,-108.850843048395,-104.45342164541994,0.16803111455335754,-0.1742454447299314,1,320.0,206.0,211.149156951605,-0.1742454447299314
9.873676538467407,4.424000263214111,-108.91562252108807,-104.48803507650337,0.16859509084604019,-0.17486775820976852,1,320.0,205.0,211.08437747891193,-0.17486775820976852
9.883152484893799,4.424000263214111,-109.750177616399,-105.22990217148457,0.17135816725342234,-0.17794880430748,1,320.0,205.0,210.24982238360099,-0.17794880430748
9.89407992362976,4.4070000648498535,-109.82005985274292,-105.27842583017409,0.17194278777300065,-0.17858176329035644,1,320.0,205.0,210.17994014725707,-0.17858176329035644
9.90363335609436,4.4070000648498535,-109.88994208908683,-105.34760220516218,0.17255253743401217,-0.17921507168441456,1,320.0,205.0,210.11005791091316,-0.17921507168441456
9.91335916519165,4.38100004196167,-109.95982432543074,-105.38487063865982,0.17312418390740264,-0.1798487294896544,1,320.0,203.0,210.04017567456924,-0.1798487294896544
9.923848390579224,4.38100004196167,-110.88935273988007,-106.23590187647885,0.17622840722528005,-0.18322481496518248,1,320.0,203.0,209.11064726011995,-0.18322481496518248
9.933891773223877,4.36400032043457,-110.96492232493895,-106.2891750265031,0.17682378088044168,-0.18387032307887785,1,320.0,203.0,209.03507767506105,-0.18387032307887785
9.943424224853516,4.36400032043457,-111.04049190999784,-106.3635240892349,0.17744481737616602,-0.1845162090404985,1,320.0,203.0,208.95950809000215,-0.1845162090404985
9.953696966171265,4.338000297546387,-111.11606149505673,-106.40530709306243,0.17802698351622437,-0.18516247285004447,1,320.0,,208.88393850494327,-0.18516247285004447
9.963222026824951,4.338000297546387,-111.19163108011561,-106.47965615579423,0.1786486006722815,-0.1858091145075157,1,320.0,,208.8083689198844,-0.1858091145075157
9.973423957824707,4.321000099182129,-111.2672006651745,-106.53249174794391,0.17924466584160084,-0.18645613401291222,1,320.0,,208.7327993348255,-0.18645613401291222
9.98392939567566,4.321000099182129,-111.34277025023339,-106.6068408106757,0.17986691892093237,-0.18710353136623406,1,320.0,,208.6572297497666,-0.18710353136623406
9.994315147399902,4.296000003814697,-111.41833983529227,-106.64923139530477,0.18045103377946375,-0.18775130656748118,1,320.0,198.0,208.58166016470773,-0.18775130656748118
10.003997325897217,4.296000003814697,-112.85236013220869,-107.75466247096404,0.18435479286676199,-0.19272207526829072,1,320.0,198.0,207.14763986779133,-0.19272207526829072
10.01362419128418,4.279000282287598,-112.93688199241373,-107.81385351667515,0.1849648913891987,-0.19338818591049883,1,320.0,198.0,207.06311800758627,-0.19338818591049883
10.023022890090942,4.279000282287598,-113.02140385261877,-107.89499747435413,0.1856017391257852,-0.19405471916200798,1,320.0,198.0,206.9785961473812,-0.19405471916200798
10.033795595169067,4.253000259399414,-113.10592571282382,-107.94221307596881,0.18619810891310268,-0.19472167502281817,1,320.0,197.0,206.89407428717618,-0.19472167502281817
10.043250799179077,4.253000259399414,-114.41321373260456,-109.22000736300252,0.19063937421844757,-0.1992758432904587,1,320.0,197.0,205.58678626739544,-0.1992758432904587
10.05367136001587,4.236000061035156,-114.50578011472707,-109.28660582898023,0.19126572540676573,-0.19995945184957936,1,320.0,197.0,205.4942198852729,-0.19995945184957936
10.063213109970093,4.236000061035156,-114.59834649684959,-109.3756224937395,0.19191942351694555,-0.20064352324061063,1,320.0,197.0,205.4016535031504,-0.20064352324061063
10.073497533798218,4.210999965667725,-114.6909128789721,-109.43132967298006,0.1925334287803991,-0.2013280574635525,1,320.0,195.0,205.30908712102791,-0.2013280574635525
10.083890199661255,4.210999965667725,-116.01721370177161,-110.73359554120246,0.19704293160247977,-0.20593322714416643,1,320.0,195.0,203.9827862982284,-0.20593322714416643
10.093446969985962,4.194000244140625,-116.11789182597661,-110.80770344651111,0.19768589960608268,-0.20663463035234234,1,320.0,195.0,203.8821081740234,-0.20663463035234234
10.103906393051147,4.194000244140625,-116.21856995018162,-110.90469716394541,0.19835681555282358,-0.20733653695113924,1,320.0,195.0,203.78143004981837,-0.20733653695113924
10.113398790359497,4.170000076293945,-116.31924807438662,-110.96905039220688,0.19898888467869838,-0.2080389469405572,1,320.0,193.0,203.68075192561338,-0.2080389469405572
10.123783111572266,4.170000076293945,-117.66381648931915,-112.17762471093893,0.2031932172599664,-0.21269495121671045,1,320.0,193.0,202.33618351068085,-0.21269495121671045
10.134004831314087,4.153000354766846,-117.77267529051011,-112.25857174709049,0.20385164656208365,-0.21341444515459215,1,320.0,193.0,202.2273247094899,-0.21341444515459215
10.143320083618164,4.153000354766846,-117.88153409170107,-112.3628759821089,0.20453862602401635,-0.21413448338647978,1,320.0,193.0,202.11846590829893,-0.21413448338647978
10.153342723846436,4.129000186920166,-117.99039289289203,-112.43386393802481,0.20518598089080556,-0.21485506591237344,1,320.0,190.0,202.00960710710797,-0.21485506591237344
10.163915395736694,4.129000186920166,-119.46603151963645,-113.79268530378798,0.20986306321207765,-0.21992240214404934,1,320.0,190.0,200.53396848036357,-0.21992240214404934
10.173595428466797,4.113000392913818,-119.58388778656736,-113.88281282691443,0.21054063030396394,-0.22066174910329928,1,320.0,190.0,200.41611221343265,-0.22066174910329928
10.183023929595947,4.113000392913818,-119.70174405349827,-113.99537550611896,0.21124568239653999,-0.22140168534388388,1,320.0,190.0,200.29825594650174,-0.22140168534388388
10.19443678855896,4.089000225067139,-119.81960032042919,-114.07394216747265,0.21191033210100177,-0.2221422108658031,1,320.0,189.0,200.18039967957083,-0.2221422108658031
10.203892469406128,4.089000225067139,-121.18527218005916,-115.45064518076944,0.2166398768307134,-0.22685490387051407,1,320.0,189.0,198.81472781994086,-0.22685490387051407
10.213569164276123,4.073000431060791,-121.31135498169759,-115.54864678369907,0.21733522198814748,-0.2276127600073887,1,320.0,189.0,198.6886450183024,-0.2276127600073887
10.222946166992188,4.073000431060791,-121.43743778333602,-115.66954362252977,0.21805864591285695,-0.22837124655827148,1,320.0,189.0,198.562562216664,-0.22837124655827148
10.233904361724854,4.049000263214111,-121.56352058497446,-115.75574368782134,0.21874086470964593,-0.2291303635231625,1,320.0,187.0,198.43647941502553,-0.2291303635231625
10.243436574935913,4.049000263214111,-122.94508788757436,-117.14867925709841,0.22351872997061598,-0.2338907659931062,1,320.0,187.0,197.05491211242565,-0.2338907659931062
10.253748416900635,4.034000396728516,-123.07946334343741,-117.25607464748198,0.2242338848123137,-0.23466741385685908,1,320.0,187.0,196.9205366565626,-0.23466741385685908
10.26342248916626,4.034000396728516,-123.21383879930046,-117.38537348358453,0.2249759702830547,-0.23544473359789125,1,320.0,187.0,196.78616120069955,-0.23544473359789125
10.27345061302185,4.011000156402588,-123.34821425516351,-117.48075497401237,0.22567783184643814,-0.2362227252162027,1,320.0,184.0,196.6517857448365,-0.2362227252162027
10.283987283706665,4.011000156402588,-124.85222493369452,-118.99643169348683,0.2308447202953698,-0.24137164550434606,1,320.0,184.0,195.14777506630548,-0.24137164550434606
10.293997526168823,3.995000123977661,-124.99566654405503,-119.11107308831656,0.23157784533460704,-0.24216875376949892,1,320.0,184.0,195.00433345594496,-0.24216875376949892
10.303383350372314,3.995000123977661,-125.13910815441554,-119.24954890517608,0.23234026405936437,-0.2429665792427036,1,320.0,184.0,194.86089184558446,-0.2429665792427036
10.314067602157593,3.9730002880096436,-125.28254976477605,-119.35492610079565,0.2330634913246118,-0.24376512192396013,1,320.0,182.0,194.71745023522396,-0.24376512192396013
10.323515176773071,3.9730002880096436,-126.78659279357919,-120.76390843319585,0.23788698346482814,-0.24891213072138724,1,320.0,182.0,193.2134072064208,-0.24891213072138724
10.333008527755737,3.9580001831054688,-126.93906181793601,-120.88802647601307,0.23864036524858886,-0.24972978885970512,1,320.0,182.0,193.06093818206398,-0.24972978885970512
10.343346118927002,3.9580001831054688,-127.09153084229283,-121.03493193886983,0.23942182646371135,-0.2505482093431448,1,320.0,182.0,192.90846915770717,-0.2505482093431448
10.353760242462158,3.936000108718872,-127.24399986664965,-121.14808848397303,0.24016335476025502,-0.25136739217170617,1,320.0,180.0,192.75600013335037,-0.25136739217170617
10.363356351852417,3.936000108718872,-128.7476923240617,-122.67477996804016,0.24536186721780726,-0.25651167897710614,1,320.0,180.0,191.2523076759383,-0.25651167897710614
10.373321294784546,3.9210002422332764,-128.90914840640147,-122.80762574604492,0.2461353202801432,-0.2573499720179459,1,320.0,180.0,191.09085159359853,-0.2573499720179459
10.38377571105957,3.9210002422332764,-129.07060448874125,-122.96370823815778,0.24693743781186941,-0.25818907233919736,1,320.0,180.0,190.92939551125875,-0.25818907233919736
10.393262147903442,3.8990001678466797,-129.23206057108104,-123.08537254373157,0.24769886184127665,-0.2590289799408605,1,320.0,177.0,190.76793942891896,-0.2590289799408605
10.40369200706482,3.8990001678466797,-130.83978311110855,-124.61027762910909,0.25288979350996005,-0.2645053475562724,1,320.0,177.0,189.16021688889145,-0.2645053475562724
10.413535594940186,3.884000301361084,-131.0108821989544,-124.75178695751046,0.25368336363882926,-0.2653657208726822,1,320.0,177.0,188.9891178010456,-0.2653657208726822
10.423890590667725,3.884000301361084,-131.18198128680024,-124.91699609688362,0.25450619958656145,-0.2662269496845312,1,320.0,177.0,188.81801871319976,-0.2662269496845312
10.433184146881104,3.8630001544952393,-131.35308037464608,-125.04870239996488,0.2552894906622588,-0.26708903399181944,1,320.0,175.0,188.64691962535392,-0.26708903399181944
10.443573236465454,3.8630001544952393,-132.94770067102644,-126.57101277933539,0.2604703465195441,-0.27252172898932453,1,320.0,175.0,187.05229932897356,-0.27252172898932453
10.453779458999634,3.8490002155303955,-133.1283144660006,-126.72274580196765,0.26128603987571264,-0.2734041071156236,1,320.0,175.0,186.8716855339994,-0.2734041071156236
10.463484525680542,3.8490002155303955,-133.30892826097477,-126.89702570246794,0.26212966088482537,-0.2742873883108974,1,320.0,175.0,186.69107173902523,-0.2742873883108974
10.473202228546143,3.827000141143799,-133.48954205594893,-127.03552668332115,0.2629310396952658,-0.2751715725751462,1,320.0,173.0,186.51045794405107,-0.2751715725751462
10.483776569366455,3.827000141143799,-135.07117968987023,-128.6579680410357,0.2684320672616012,-0.28056095500232275,1,320.0,173.0,184.92882031012977,-0.28056095500232275
10.493624448776245,3.813000202178955,-135.26118035607115,-128.81895802904074,0.2692693500373524,-0.2814652617035442,1,320.0,173.0,184.73881964392885,-0.2814652617035442
10.50321888923645,3.813000202178955,-135.45118102227207,-129.00294062319728,0.2701351438534562,-0.2823705184080967,1,320.0,173.0,184.54881897772793,-0.2823705184080967
10.514617681503296,3.7920002937316895,-135.64118168847298,-129.1521019550256,0.27095989796142533,-0.2832767251159801,1,320.0,169.0,184.35881831152702,-0.2832767251159801
10.523359060287476,3.7920002937316895,-137.4160795023346,-130.7591582134939,0.2764091850273417,-0.2892867275658034,1,320.0,169.0,182.5839204976654,-0.2892867275658034
10.53374171257019,3.7780001163482666,-137.61672365078778,-130.92925840842818,0.27726795155330497,-0.29021558416220117,1,320.0,169.0,182.38327634921222,-0.29021558416220117
10.543507814407349,3.7780001163482666,-137.81736779924094,-131.122797748467,0.27815581275009393,-0.29114544397934117,1,320.0,169.0,182.18263220075906,-0.29114544397934117
10.553365707397461,3.757000207901001,-138.0180119476941,-131.28083686864323,0.2790018638786486,-0.2920763070172234,1,320.0,168.0,181.9819880523059,-0.2920763070172234
10.564088106155396,3.757000207901001,-139.65559351981284,-132.87236022968423,0.2843987711817115,-0.2976410524909204,1,320.0,168.0,180.34440648018716,-0.2976410524909204
10.572978019714355,3.7430002689361572,-139.8659089003312,-133.05141063000747,0.28527888871524937,-0.2985927604920441,1,320.0,168.0,180.1340910996688,-0.2985927604920441
10.583747386932373,3.7430002689361572,-140.07622428084954,-133.2543590282752,0.28618869858831203,-0.29954552007007035,1,320.0,168.0,179.92377571915046,-0.29954552007007035
10.593883037567139,3.7220001220703125,-140.2865396613679,-133.421107787335,0.2870559026381205,-0.3004993312249992,1,320.0,166.0,179.7134603386321,-0.3004993312249992
10.603586435317993,3.7220001220703125,-141.9014294138176,-135.09921300665334,0.2927299031094324,-0.3059886702823853,1,320.0,166.0,178.0985705861824,-0.3059886702823853
10.613551378250122,3.7080001831054688,-142.12121800836053,-135.287739782689,0.29363257393958864,-0.30696302268587866,1,320.0,166.0,177.87878199163947,-0.30696302268587866
10.624145269393921,3.7080001831054688,-142.34100660290346,-135.5006374414337,0.2945655543172895,-0.3079384740323447,1,320.0,166.0,177.65899339709654,-0.3079384740323447
10.634385585784912,3.687000274658203,-142.5607951974464,-135.67661601295498,0.2954551116831798,-0.3089150243217834,1,320.0,166.0,177.4392048025536,-0.3089150243217834
10.644112825393677,3.687000274658203,-142.78058379198933,-135.8895136716997,0.29639003644203193,-0.3098926735541949,1,320.0,163.0,177.21941620801067,-0.3098926735541949
10.653766393661499,3.6740002632141113,-144.48601008706794,-137.52876833271998,0.30198331861168637,-0.31567354826077776,1,320.0,163.0,175.51398991293206,-0.31567354826077776
10.663316488265991,3.6740002632141113,-144.71583845861772,-137.75146110058057,0.30293930723862195,-0.31667292149893056,1,320.0,163.0,175.28416154138228,-0.31667292149893056
10.673386096954346,3.6530001163482666,-144.9456668301675,-137.93651430106723,0.3038510536507113,-0.3176734438789412,1,320.0,161.0,175.0543331698325,-0.3176734438789412
10.68393588066101,3.6530001163482666,-146.6027842785817,-139.5571306618097,0.30933107678672533,-0.3232921024909451,1,320.0,161.0,173.3972157214183,-0.3232921024909451
10.694051742553711,3.639000177383423,-146.84226966263986,-139.7639365529464,0.3102780635388541,-0.3243136963001281,1,320.0,161.0,173.15773033736014,-0.3243136963001281
10.70357871055603,3.639000177383423,-147.08175504669802,-139.99608764697305,0.31125662528992093,-0.32533648753623134,1,320.0,161.0,172.91824495330198,-0.32533648753623134
10.714712858200073,3.6180002689361572,-147.32124043075618,-140.18983614278184,0.3121900726656054,-0.3263604761992549,1,320.0,161.0,172.67875956924382,-0.3263604761992549
10.723130702972412,3.6180002689361572,-147.56072581481433,-140.4219872368085,0.3131707639146214,-0.32738566228919874,1,320.0,159.0,172.43927418518567,-0.32738566228919874
10.73312258720398,3.6050002574920654,-149.19456413159537,-142.10506566632094,0.3189002720424512,-0.33292766544747227,1,320.0,159.0,170.80543586840463,-0.33292766544747227
10.74339747428894,3.6050002574920654,-149.44350093017846,-142.34721438929452,0.31990258658196596,-0.3339736071104228,1,320.0,159.0,170.55649906982154,-0.3339736071104228
10.754070520401001,3.5840001106262207,-149.69243772876155,-142.55019596110853,0.3208589154479483,-0.3350207934573663,1,320.0,156.0,170.30756227123845,-0.3350207934573663
10.763664245605469,3.5840001106262207,-151.38576843104232,-144.2081696789302,0.3264517377066855,-0.3407500901823093,1,320.0,156.0,168.61423156895768,-0.3407500901823093
10.77307915687561,3.5840001106262207,-151.64450646642558,-144.4599257784003,0.3274761446549416,-0.3418187983571013,1,320.0,156.0,168.35549353357442,-0.3418187983571013
10.783462285995483,3.570000171661377,-151.90324450180884,-144.6853027366891,0.32847002351857163,-0.34288880022207024,1,320.0,156.0,168.09675549819116,-0.34288880022207024
10.794756889343262,3.5500001907348633,-152.1619825371921,-144.89899626351777,0.32945095073208364,-0.34396009577721615,1,320.0,154.0,167.8380174628079,-0.34396009577721615
10.803226947784424,3.5500001907348633,-153.81713355398702,-146.524289864439,0.3349347317887799,-0.349562815791717,1,320.0,154.0,166.18286644601298,-0.349562815791717
10.81371021270752,3.5360002517700195,-154.0853630997922,-146.75846994754463,0.33594954023824436,-0.35065511806218214,1,320.0,154.0,165.9146369002078,-0.35065511806218214
10.823219537734985,3.5360002517700195,-154.3535926455974,-147.0195620713023,0.33699794859711,-0.3517487614803763,1,320.0,154.0,165.6464073544026,-0.3517487614803763
10.834864139556885,3.5360002517700195,-154.62182219140257,-147.28065419505995,0.33804766241659456,-0.35284374604629953,1,320.0,154.0,165.37817780859743,-0.35284374604629953
10.843423843383789,3.516000270843506,-154.89005173720776,-147.50291091684431,0.33905188503732,-0.35394007175995185,1,320.0,152.0,165.10994826279224,-0.35394007175995185
10.853259563446045,3.505000114440918,-156.51154889866208,-149.18156658990554,0.3447508295828009,-0.3594317649174287,1,320.0,152.0,163.48845110133792,-0.3594317649174287
10.863618612289429,3.505000114440918,-156.78898957386474,-149.45245421334607,0.3458231570019963,-0.36054863867554116,1,320.0,152.0,163.21101042613526,-0.36054863867554116
10.873853206634521,3.505000114440918,-157.0664302490674,-149.7233418367866,0.34689683885930883,-0.3616668996370297,1,320.0,152.0,162.9335697509326,-0.3616668996370297
10.883419036865234,3.4900002479553223,-157.34387092427005,-149.96460368855222,0.3479361760998704,-0.3627865478018943,1,320.0,149.0,162.65612907572995,-0.3627865478018943
10.893305540084839,3.4810001850128174,-159.02600782401265,-151.49603684607195,0.3531438613880827,-0.3684707094875755,1,320.0,149.0,160.97399217598735,-0.3684707094875755
10.903816938400269,3.4810001850128174,-159.31301672377154,-151.77563275389568,0.35423825464124065,-0.369611685250905,1,320.0,149.0,160.68698327622846,-0.369611685250905
10.915004253387451,3.4810001850128174,-159.60002562353043,-152.0552286617194,0.3553340458739377,-0.37075409605873333,1,320.0,149.0,160.39997437646957,-0.37075409605873333
10.923415184020996,3.4710001945495605,-159.88703452328932,-152.3148170080402,0.3564071259745628,-0.3718979419110604,1,320.0,149.0,160.11296547671068,-0.3718979419110604
10.933626174926758,3.4650001525878906,-161.31375442899653,-153.71464627352785,0.3611710190749192,-0.37674726265409864,1,320.0,149.0,158.68624557100347,-0.37674726265409864
10.942975044250488,3.4650001525878906,-161.60853228903557,-154.00196059718624,0.3622858060662952,-0.37790903874759063,1,320.0,149.0,158.39146771096443,-0.37790903874759063
10.954251527786255,3.4650001525878906,-161.9033101490746,-154.28927492084463,0.36340202962928947,-0.3790722887303829,1,320.0,149.0,158.0966898509254,-0.3790722887303829
10.963778495788574,3.4580001831054688,-162.19808800911363,-154.56246072458646,0.36450266489740263,-0.38023701260247533,1,320.0,148.0,157.80191199088637,-0.38023701260247533
10.973081350326538,3.4580001831054688,-163.49560618310488,-155.9512269516797,0.36920301069006933,-0.3846635739423931,1,320.0,148.0,156.50439381689512,-0.3846635739423931
10.983495950698853,3.455000162124634,-163.79722424814463,-156.23998131715263,0.3703307158352226,-0.3858445017416815,1,320.0,148.0,156.20277575185537,-0.3858445017416815
10.994980096817017,3.451000213623047,-164.09884231318438,-156.52669411082226,0.3714574046581803,-0.3870269376312951,1,320.0,147.0,155.90115768681562,-0.3870269376312951
11.003417015075684,3.451000213623047,-165.2883532522509,-157.5984178067163,0.37512261484953846,-0.391099273770003,1,320.0,147.0,154.7116467477491,-0.391099273770003
11.013940572738647,3.449000120162964,-165.59603292144251,-157.89448433686763,0.37626736710740444,-0.3922964695376402,1,320.0,147.0,154.40396707855749,-0.3922964695376402
11.02320909500122,3.449000120162964,-165.90371259063414,-158.19461606003486,0.3774184982555052,-0.3934952037036233,1,320.0,147.0,154.09628740936586,-0.3934952037036233
11.035196542739868,3.449000120162964,-166.21139225982577,-158.4947477832021,0.3785711300622219,-0.3946954762679523,1,320.0,147.0,153.78860774017423,-0.3946954762679523
11.043930768966675,3.448000192642212,-166.5190719290174,-158.79284529780378,0.37972281130623303,-0.3958972872306274,1,320.0,146.0,153.4809280709826,-0.3958972872306274
11.054044246673584,3.448000192642212,-167.5916630673271,-159.75924243348732,0.38304736224566904,-0.39959069214822096,1,320.0,146.0,152.4083369326729,-0.39959069214822096
11.063656568527222,3.44700026512146,-167.90457052730633,-160.06189230433077,0.3842108515522028,-0.40080570395283255,1,320.0,146.0,152.09542947269367,-0.40080570395283255
11.074207067489624,3.44700026512146,-168.21747798728558,-160.3665776213795,0.38537830682076823,-0.40202228029474407,1,320.0,146.0,151.78252201271442,-0.40202228029474407
11.08385682106018,3.446000099182129,-168.53038544726482,-160.66922576768675,0.38654483072517537,-0.4032404211739555,1,320.0,146.0,151.46961455273518,-0.4032404211739555
11.093630313873291,3.446000099182129,-169.40146528940505,-161.54903288579987,0.3895881081111224,-0.4062777191665168,1,320.0,146.0,150.59853471059495,-0.4062777191665168
11.103087186813354,3.446000099182129,-169.71818939890278,-161.85765074844787,0.39076773780004226,-0.4075063790449086,1,320.0,146.0,150.28181060109722,-0.4075063790449086
11.114083766937256,3.446000099182129,-170.0349135084005,-162.16626861109586,0.3919489105782753,-0.40873662254384785,1,320.0,146.0,149.9650864915995,-0.40873662254384785
11.123829126358032,3.44700026512146,-170.35163761789823,-162.4769236444853,0.393134081236565,-0.40996844966333457,1,320.0,146.0,149.64836238210177,-0.40996844966333457
11.133222103118896,3.44700026512146,-171.04006634423476,-163.17575629110408,0.3955893857661763,-0.41241260315552164,1,320.0,146.0,148.95993365576524,-0.41241260315552164
11.143858432769775,3.44700026512146,-171.35933324936204,-163.48704357565944,0.39678036572552106,-0.4136525201079212,1,320.0,146.0,148.64066675063796,-0.4136525201079212
11.154025554656982,3.44700026512146,-171.67860015448932,-163.7983308602148,0.39797290212128855,-0.4148940333948463,1,320.0,146.0,148.32139984551068,-0.4148940333948463
11.163784265518188,3.448000192642212,-171.9978670596166,-164.11165359097544,0.3991694476661562,-0.41613714301629723,1,320.0,146.0,148.0021329403834,-0.41613714301629723
11.173290491104126,3.448000192642212,-172.52083535903125,-164.64650400348387,0.4010935132824496,-0.41804554228291296,1,320.0,146.0,147.47916464096875,-0.41804554228291296
11.183792114257812,3.448000192642212,-172.8414963745936,-164.95932133004345,0.40229369068097126,-0.41929454298346075,1,320.0,146.0,147.1585036254064,-0.41929454298346075
11.194991827011108,3.448000192642212,-173.16215739015593,-165.27213865660303,0.40349543216612577,-0.4205451469890863,1,320.0,146.0,146.83784260984407,-0.4205451469890863
11.203648567199707,3.449000120162964,-173.48281840571826,-165.58699019172815,0.40470118895923457,-0.4217973542997897,1,320.0,146.0,146.51718159428174,-0.4217973542997897
11.213324308395386,3.449000120162964,-173.85603769302068,-165.9733883477149,0.40614586941127884,-0.42322245282280424,1,320.0,146.0,146.14396230697932,-0.42322245282280424
11.223736763000488,3.450000047683716,-174.17705855921565,-166.28874243207244,0.4073557380246683,-0.42447856315503424,1,320.0,146.0,145.82294144078435,-0.42447856315503424
11.234127044677734,3.450000047683716,-174.49807942541062,-166.60206354437577,0.4085647336771542,-0.4257362785915953,1,320.0,146.0,145.50192057458938,-0.4257362785915953
11.243703842163086,3.451000213623047,-174.8191002916056,-166.91741687764076,0.4097777447614604,-0.4269955991324873,1,320.0,147.0,145.1808997083944,-0.4269955991324873
11.253241062164307,3.451000213623047,-174.95543562171397,-167.16958753841794,0.41079054609007154,-0.42765448851553756,1,320.0,147.0,145.04456437828603,-0.42765448851553756
11.263731241226196,3.451000213623047,-175.27519152060498,-167.48248981271456,0.412003441268291,-0.4289145715518098,1,320.0,147.0,144.72480847939502,-0.4289145715518098
11.273289442062378,3.451000213623047,-175.59494741949598,-167.79539208701118,0.4132179009578821,-0.4301762533675765,1,320.0,147.0,144.40505258050402,-0.4301762533675765
11.283935785293579,3.452000141143799,-175.91470331838698,-168.11032486342515,0.41443637191389593,-0.43143953396283763,1,320.0,147.0,144.08529668161302,-0.43143953396283763
11.293492317199707,3.452000141143799,-175.93878212629366,-168.2413198298342,0.4150608602979729,-0.43174035541368583,1,320.0,147.0,144.06121787370634,-0.43174035541368583
11.303863048553467,3.453000068664551,-176.2565121350871,-168.55500499919845,0.416280057526206,-0.4330029139849133,1,320.0,147.0,143.7434878649129,-0.4330029139849133
11.313713073730469,3.453000068664551,-176.57424214388053,-168.8666608995792,0.41749837791116073,-0.43426706120618486,1,320.0,147.0,143.42575785611947,-0.43426706120618486
11.323421001434326,3.454000234603882,-176.89197215267396,-169.18034532034247,0.41872070094267844,-0.43553279707750037,1,320.0,147.0,143.10802784732604,-0.43553279707750037
11.333910465240479,3.454000234603882,-176.81515554239434,-169.1007814432056,0.4186663164918413,-0.4355134406882447,1,320.0,147.0,143.18484445760566,-0.4355134406882447
11.343285322189331,3.454000234603882,-177.13018137707232,-169.40975597123472,0.4198841347053324,-0.4367771225967436,1,320.0,147.0,142.86981862292768,-0.4367771225967436
11.354095935821533,3.454000234603882,-177.4452072117503,-169.71873049926384,0.42110349779146367,-0.438042379634416,1,320.0,147.0,142.5547927882497,-0.438042379634416
11.363861083984375,3.455000162124634,-177.76023304642828,-170.029731833083,0.42232684805121207,-0.43930921180126176,1,320.0,147.0,142.23976695357172,-0.43930921180126176
11.37320065498352,3.455000162124634,-177.5929656252944,-169.96317286666334,0.42232441357198464,-0.43900449769704003,1,320.0,147.0,142.4070343747056,-0.43900449769704003
11.383636951446533,3.455000162124634,-177.90468493321578,-170.2695727960796,0.42354344135126454,-0.4402680842912118,1,320.0,147.0,142.09531506678422,-0.4402680842912118
11.393417596817017,3.455000162124634,-178.21640424113716,-170.57597272549583,0.4247640011301915,-0.4415332294819231,1,320.0,147.0,141.78359575886284,-0.4415332294819231
11.403530359268188,3.4560000896453857,-178.52812354905853,-170.88439823093339,0.42598853372787127,-0.44279993326917405,1,320.0,,141.47187645094147,-0.44279993326917405
11.413924932479858,3.4560000896453857,-178.8398428569799,-171.19079816034963,0.4272121676339725,-0.4440681956529646,1,320.0,,141.1601571430201,-0.4440681956529646
11.423203229904175,3.4560000896453857,-179.1515621649013,-171.49719808976587,0.4284373335397208,-0.44533801663329475,1,320.0,,140.8484378350987,-0.44533801663329475
11.433823347091675,3.4560000896453857,-179.46328147282267,-171.80359801918212,0.4296640314451162,-0.4466093962101645,1,320.0,,140.53671852717733,-0.4466093962101645
11.443790435791016,3.457000255584717,-179.77500078074405,-172.11202277850046,0.4308947012701907,-0.44788233438357394,1,320.0,148.0,140.22499921925595,-0.44788233438357394
11.453145027160645,3.457000255584717,-179.2252467419907,-171.66666900358655,0.4296756905955044,-0.44635064474069397,1,320.0,148.0,140.7747532580093,-0.44635064474069397
11.463926315307617,3.457000255584717,-179.53107234647845,-171.9679258680368,0.4308970384621849,-0.44761529082781165,1,320.0,148.0,140.46892765352155,-0.44761529082781165
11.473564147949219,3.457000255584717,-179.8368979509662,-172.26918273248702,0.4321198926131876,-0.4488814660429518,1,320.0,148.0,140.1631020490338,-0.4488814660429518
11.483770370483398,3.457000255584717,-180.14272355545395,-172.57043959693726,0.4333442530485126,-0.45014917038611435,1,320.0,149.0,139.85727644454605,-0.45014917038611435
11.493190288543701,3.457000255584717,-179.4493736079809,-172.08011611836312,0.4319944797126206,-0.4481672915768794,1,320.0,149.0,140.5506263920191,-0.4481672915768794
11.503913402557373,3.4580001831054688,-179.74837552666762,-172.3779901498861,0.43321381850119767,-0.44942483575693676,1,320.0,149.0,140.25162447333238,-0.44942483575693676
11.51360034942627,3.4580001831054688,-180.04737744535433,-172.67384106186236,0.4344322088008785,-0.4506838749465876,1,320.0,149.0,139.95262255464567,-0.4506838749465876
11.523822784423828,3.4580001831054688,-180.34637936404104,-172.96969197383862,0.43565207835511927,-0.4519444091458319,1,320.0,150.0,139.65362063595896,-0.4519444091458319
11.533328533172607,3.4580001831054688,-179.52791433021193,-172.33233114349687,0.4338393932158675,-0.4495733586193695,1,320.0,150.0,140.47208566978807,-0.4495733586193695
11.544109582901001,3.4580001831054688,-179.8192944753736,-172.62181700947792,0.43504988534009215,-0.4508221112659404,1,320.0,150.0,140.1807055246264,-0.4508221112659404
11.553704738616943,3.4580001831054688,-180.11067462053526,-172.91130287545897,0.43626182489364673,-0.452072320813237,1,320.0,150.0,139.88932537946474,-0.452072320813237
11.563936948776245,3.4580001831054688,-180.40205476569693,-173.20078874144002,0.43747521187653116,-0.45332398726125955,1,320.0,150.0,139.59794523430307,-0.45332398726125955
11.57330060005188,3.4580001831054688,-179.58124220145038,-172.43480929468018,0.4352604343818032,-0.450963169618337,1,320.0,150.0,140.41875779854962,-0.450963169618337
11.58396291732788,3.4580001831054688,-179.8650431840226,-172.71710257331094,0.4364627718290266,-0.45220305601334376,1,320.0,150.0,140.1349568159774,-0.45220305601334376
11.593648672103882,3.4580001831054688,-180.1488441665948,-172.9993958519417,0.43766652074264323,-0.4534443614132634,1,320.0,150.0,139.8511558334052,-0.4534443614132634
11.603803634643555,3.4580001831054688,-180.43264514916703,-173.28168913057246,0.43887168112265296,-0.4546870858180958,1,320.0,151.0,139.56735485083297,-0.4546870858180958
11.61334753036499,3.4580001831054688,-179.50458282917796,-172.50902565230075,0.4366514704530394,-0.45199477216469836,1,320.0,151.0,140.49541717082204,-0.45199477216469836
11.622941970825195,3.4580001831054688,-179.78012993913833,-172.784133732185,0.43784552081756145,-0.4532243293463465,1,320.0,151.0,140.21987006086167,-0.4532243293463465
11.633507251739502,3.4580001831054688,-180.0556770490987,-173.05924181206927,0.4390409467224829,-0.4544552642635443,1,320.0,151.0,139.9443229509013,-0.4544552642635443
11.644105911254883,3.4580001831054688,-180.33122415905908,-173.33434989195354,0.4402377481678038,-0.45568757691629214,1,320.0,153.0,139.66877584094092,-0.45568757691629214
11.653785943984985,3.4580001831054688,-179.20406761878542,-172.45151206186006,0.43767527026998915,-0.45236571398646774,1,320.0,153.0,140.79593238121458,-0.45236571398646774
11.663175106048584,3.4580001831054688,-179.4700637440138,-172.71873570820426,0.4388595323241432,-0.4535822596554619,1,320.0,153.0,140.5299362559862,-0.4535822596554619
11.673609733581543,3.4580001831054688,-179.73605986924218,-172.98595935454847,0.44004513049652905,-0.4548001353050822,1,320.0,153.0,140.26394013075782,-0.4548001353050822
11.683449029922485,3.4580001831054688,-180.00205599447057,-173.25318300089268,0.4412320647871465,-0.4560193409353286,1,320.0,154.0,139.99794400552943,-0.4560193409353286
11.694084167480469,3.4580001831054688,-178.80404315316855,-172.27368366365747,0.43837153879473856,-0.452485432846063,1,320.0,154.0,141.19595684683145,-0.452485432846063
11.703052043914795,3.4580001831054688,-179.06007156874537,-172.5324189926482,0.4395446832844907,-0.4536879673025989,1,320.0,154.0,140.93992843125463,-0.4536879673025989
11.713635444641113,3.4580001831054688,-179.3160999843222,-172.7911543216389,0.44071912145088776,-0.4548917819012127,1,320.0,154.0,140.6839000156778,-0.4548917819012127
11.723702669143677,3.4580001831054688,-179.57212839989901,-173.04988965062964,0.44189485329392975,-0.4560968766419044,1,320.0,155.0,140.42787160010099,-0.4560968766419044
11.733251333236694,3.4580001831054688,-178.31273811727516,-171.98575485752,0.4387755380908982,-0.45238156272372704,1,320.0,155.0,141.68726188272484,-0.45238156272372704
11.74347186088562,3.4580001831054688,-178.55844783528661,-172.2354825790921,0.4399363887696802,-0.45356920662451716,1,320.0,155.0,141.44155216471339,-0.45356920662451716
11.753926277160645,3.4580001831054688,-178.80415755329807,-172.4852103006642,0.44109848808707003,-0.4547580790738974,1,320.0,155.0,141.19584244670193,-0.4547580790738974
11.763108730316162,3.4580001831054688,-179.04986727130952,-172.7349380222363,0.44226183604306774,-0.4559481800718677,1,320.0,156.0,140.95013272869048,-0.4559481800718677
11.773497581481934,3.4580001831054688,-177.73765598850122,-171.59694989996848,0.43891887033872345,-0.4520790889284071,1,320.0,156.0,142.26234401149878,-0.4520790889284071
11.78378701210022,3.4580001831054688,-177.97275528689923,-171.83722640585017,0.44006638827781075,-0.45325107186291924,1,320.0,156.0,142.02724471310077,-0.45325107186291924
11.793273210525513,3.4580001831054688,-178.20785458529724,-172.07750291173187,0.4412151075994274,-0.4544242302939233,1,320.0,156.0,141.79214541470276,-0.4544242302939233
11.8040132522583,3.4580001831054688,-178.44295388369525,-172.31777941761356,0.4423650283035735,-0.4555985642214194,1,320.0,157.0,141.55704611630475,-0.4555985642214194
11.813641548156738,3.4580001831054688,-177.08568657313532,-171.11566334280693,0.43883007076759023,-0.4516007548014634,1,320.0,157.0,142.91431342686468,-0.4516007548014634
11.823535442352295,3.4580001831054688,-177.30993748126616,-171.34611319347886,0.439963341154364,-0.45275640557862673,1,320.0,157.0,142.69006251873384,-0.45275640557862673
11.833987712860107,3.4580001831054688,-177.534188389397,-171.5765630441508,0.441097763790391,-0.45391317761033073,1,320.0,157.0,142.465811610603,-0.45391317761033073
11.84357237815857,3.4580001831054688,-177.75843929752784,-171.80701289482272,0.44223333867567144,-0.4550710708965754,1,320.0,158.0,142.24156070247216,-0.4550710708965754
11.853237628936768,3.4580001831054688,-176.3631910749444,-170.54958327821114,0.4385350606222084,-0.4509673696924785,1,320.0,158.0,143.6368089250556,-0.4509673696924785
11.863730430603027,3.4580001831054688,-176.576404585434,-170.76989276078334,0.43965328146509897,-0.4521061079279932,1,320.0,158.0,143.423595414566,-0.4521061079279932
11.873266220092773,3.4580001831054688,-176.7896180959236,-170.99020224335553,0.4407726038554024,-0.45324591223106037,1,320.0,158.0,143.2103819040764,-0.45324591223106037
11.883435726165771,3.457000255584717,-177.0028316064132,-171.208488606381,0.4418905899340648,-0.4543867826016799,1,320.0,159.0,142.9971683935868,-0.4543867826016799
11.893966913223267,3.457000255584717,-175.57606756902558,-169.80128326464634,0.43772194039670165,-0.4501980446015591,1,320.0,159.0,144.42393243097442,-0.4501980446015591
11.903818130493164,3.457000255584717,-175.7780994078715,-170.01049604873987,0.43882304821785756,-0.45131937330521354,1,320.0,159.0,144.2219005921285,-0.45131937330521354
11.914257526397705,3.457000255584717,-175.98013124671743,-170.2197088328334,0.4399252021029339,-0.4524417121680623,1,320.0,159.0,144.01986875328257,-0.4524417121680623
11.923746585845947,3.457000255584717,-176.18216308556336,-170.4289216169269,0.4410284020519308,-0.4535650611901052,1,320.0,161.0,143.81783691443664,-0.4535650611901052
11.934000492095947,3.457000255584717,-174.62756634292796,-168.9919723150108,0.4367803641963346,-0.44897796892950825,1,320.0,161.0,145.37243365707204,-0.44897796892950825
11.943927526473999,3.457000255584717,-174.81761580177007,-169.18995623725473,0.4378638946842136,-0.4500801163591277,1,320.0,161.0,145.18238419822993,-0.4500801163591277
11.953588724136353,3.457000255584717,-175.00766526061219,-169.38794015949867,0.4389484150917039,-0.4511832140360413,1,320.0,161.0,144.99233473938781,-0.4511832140360413
11.963461637496948,3.457000255584717,-175.1977147194543,-169.5859240817426,0.44003392541880526,-0.4522872619602491,1,320.0,163.0,144.8022852805457,-0.4522872619602491
11.97373342514038,3.457000255584717,-173.53106931972175,-168.02302434313137,0.4353934827738982,-0.4473537093412594,1,320.0,163.0,146.46893068027825,-0.4473537093412594
11.983162879943848,3.4560000896453857,-173.70844800027749,-168.20696650853893,0.43645524820493,-0.44843510599792763,1,320.0,163.0,146.29155199972251,-0.44843510599792763
11.993677139282227,3.4560000896453857,-173.88582668083322,-168.39293350384858,0.4375203732668208,-0.4495173895479987,1,320.0,163.0,146.11417331916678,-0.4495173895479987
12.003927230834961,3.4560000896453857,-174.06320536138895,-168.57890049915824,0.4385864281636882,-0.4506005599914725,1,320.0,164.0,145.93679463861105,-0.4506005599914725
12.013479948043823,3.4560000896453857,-172.40075549169904,-167.00749546597012,0.43393623312495055,-0.44569918544583853,1,320.0,164.0,147.59924450830096,-0.44569918544583853
12.022951364517212,3.4560000896453857,-172.56557271065657,-167.18146397302564,0.43498090265328226,-0.44675979397214083,1,320.0,164.0,147.43442728934343,-0.44675979397214083
12.033568382263184,3.4560000896453857,-172.7303899296141,-167.35543248008116,0.4360264420241493,-0.447821226584538,1,320.0,164.0,147.2696100703859,-0.447821226584538
12.04341459274292,3.455000162124634,-172.89520714857161,-167.52737541111537,0.43707041041844596,-0.44888348328302985,1,320.0,165.0,147.10479285142839,-0.44888348328302985
12.053927421569824,3.455000162124634,-171.2399239830671,-165.8498204986238,0.4320924825799336,-0.44402362362002773,1,320.0,165.0,148.7600760169329,-0.44402362362002773
12.063634634017944,3.455000162124634,-171.39230880374356,-166.01114196885928,0.4331161240540604,-0.44506344694885824,1,320.0,165.0,148.60769119625644,-0.44506344694885824
12.073102235794067,3.455000162124634,-171.54469362442003,-166.17246343909474,0.43414057213553847,-0.44610403220179207,1,320.0,165.0,148.45530637557997,-0.44610403220179207
12.083767890930176,3.455000162124634,-171.6970784450965,-166.3337849093302,0.43516582682436766,-0.4471453793788293,1,320.0,167.0,148.3029215549035,-0.4471453793788293
12.093229055404663,3.455000162124634,-169.95009846504556,-164.66548159550035,0.43023630787405837,-0.44200489870166804,1,320.0,167.0,150.04990153495444,-0.44200489870166804
12.103343963623047,3.454000234603882,-170.08950376841062,-164.81227331867348,0.4312365193084595,-0.4430226325845481,1,320.0,167.0,149.91049623158938,-0.4430226325845481
12.113796949386597,3.454000234603882,-170.2289090717757,-164.96109184763662,0.4322399070024534,-0.4440410634939451,1,320.0,167.0,149.7710909282243,-0.4440410634939451
12.12321662902832,3.454000234603882,-170.36831437514076,-165.10991037659977,0.43324403878909223,-0.44506019142985886,1,320.0,169.0,149.63168562485924,-0.44506019142985886
12.133696556091309,3.454000234603882,-168.54215401470321,-163.351982561755,0.42804065609121067,-0.43968024542594597,1,320.0,169.0,151.45784598529679,-0.43968024542594597
12.143560886383057,3.454000234603882,-168.6681217702634,-163.48776565994189,0.42902103463733465,-0.4406747473414695,1,320.0,169.0,151.3318782297366,-0.4406747473414695
12.153043270111084,3.454000234603882,-168.7940895258236,-163.62354875812878,0.4300020920989496,-0.4416698790957708,1,320.0,169.0,151.2059104741764,-0.4416698790957708
12.164028882980347,3.453000068664551,-168.9200572813838,-163.75730333593313,0.43098138410899445,-0.44266564068885,1,320.0,170.0,151.0799427186162,-0.44266564068885
12.173421382904053,3.453000068664551,-167.12757031507698,-161.92209905919475,0.4255447591526823,-0.4374140881846286,1,320.0,170.0,152.87242968492302,-0.4374140881846286
12.183842658996582,3.453000068664551,-167.24041738398307,-162.0444021896499,0.4265017449201767,-0.4383857067542358,1,320.0,170.0,152.75958261601693,-0.4383857067542358
12.193248987197876,3.453000068664551,-167.35326445288916,-162.16670532010505,0.4274593422033234,-0.43935788955918764,1,320.0,170.0,152.64673554711084,-0.43935788955918764
12.20423150062561,3.452000141143799,-167.46611152179526,-162.2869791815767,0.4284151057329973,-0.4403306365994839,1,320.0,172.0,152.53388847820474,-0.4403306365994839
12.213849782943726,3.452000141143799,-165.60652232353212,-160.3858042615165,0.4227823893542662,-0.43487869111798827,1,320.0,172.0,154.39347767646788,-0.43487869111798827
12.223932981491089,3.452000141143799,-165.7058744889209,-160.4942632736518,0.42371501148519686,-0.4358264430888994,1,320.0,172.0,154.2941255110791,-0.4358264430888994
12.23335075378418,3.452000141143799,-165.80522665430968,-160.60272228578708,0.4246481759111881,-0.43677469182063744,1,320.0,172.0,154.19477334569032,-0.43677469182063744
12.243131399154663,3.452000141143799,-165.90457881969846,-160.71118129792237,0.42558188263224006,-0.4377234373132025,1,320.0,174.0,154.09542118030154,-0.4377234373132025
12.253631114959717,3.452000141143799,-163.98824307765935,-158.85565254970678,0.42011699924813845,-0.4321050959708407,1,320.0,174.0,156.01175692234065,-0.4321050959708407
12.263302326202393,3.451000213623047,-164.0737996441571,-158.9486393025614,0.4210233265480768,-0.43302813284885877,1,320.0,174.0,155.9262003558429,-0.43302813284885877
12.273829460144043,3.451000213623047,-164.15935621065486,-159.04365655753335,0.4219325655368308,-0.43395159750970935,1,320.0,174.0,155.84064378934514,-0.43395159750970935
12.283703088760376,3.451000213623047,-164.24491277715262,-159.13867381250532,0.42284227961185966,-0.43487548995339237,1,320.0,175.0,155.75508722284738,-0.43487548995339237
12.29315733909607,3.451000213623047,-162.382524964034,-157.3283942807639,0.4175433141487329,-0.4294516716971405,1,320.0,175.0,157.617475035966,-0.4294516716971405
12.303950548171997,3.451000213623047,-162.45474531218065,-157.41036729574773,0.41842873360319227,-0.43035060984147744,1,320.0,175.0,157.54525468781935,-0.43035060984147744
12.313552618026733,3.451000213623047,-162.5269656603273,-157.49234031073158,0.41931456292272656,-0.43124990908755506,1,320.0,175.0,157.4730343396727,-0.43124990908755506
12.324199199676514,3.450000047683716,-162.59918600847396,-157.57228110475376,0.4201983532810769,-0.4321495694353734,1,320.0,177.0,157.40081399152604,-0.4321495694353734
12.333751916885376,3.450000047683716,-160.68839219576742,-155.7056380741677,0.4147334915866559,-0.42658596988202047,1,320.0,177.0,159.31160780423258,-0.42658596988202047
12.343815565109253,3.450000047683716,-160.74703224745048,-155.7742663616579,0.41559471686345245,-0.4274600731052774,1,320.0,177.0,159.25296775254952,-0.4274600731052774
12.353270530700684,3.450000047683716,-160.80567229913353,-155.84289464914812,0.41645628528168643,-0.4283344695287927,1,320.0,177.0,159.19432770086647,-0.4283344695287927
12.363291263580322,3.449000120162964,-160.8643123508166,-155.9094899645841,0.41731574711003255,-0.4292091591525665,1,320.0,178.0,159.1356876491834,-0.4292091591525665
12.373812198638916,3.449000120162964,-159.01491492891742,-153.99582587263393,0.4117156362761891,-0.42386386067923426,1,320.0,178.0,160.98508507108258,-0.42386386067923426
12.38431167602539,3.449000120162964,-159.06048466012814,-154.05087518328125,0.4125519498248823,-0.4247138467799878,1,320.0,178.0,160.93951533987186,-0.4247138467799878
12.393940210342407,3.449000120162964,-159.10605439133886,-154.10592449392857,0.4133885386201287,-0.42556406072939734,1,320.0,178.0,160.89394560866114,-0.42556406072939734
12.403802871704102,3.448000192642212,-159.15162412254958,-154.15893959601036,0.41422295144060695,-0.42641450252746294,1,320.0,180.0,160.84837587745042,-0.42641450252746294
12.413374423980713,3.448000192642212,-157.26061314745252,-152.2067959748222,0.4085155522845001,-0.42095087772587003,1,320.0,180.0,162.73938685254748,-0.42095087772587003
12.423660039901733,3.448000192642212,-157.29291382967253,-152.24809241616765,0.40932634847619553,-0.4217761031136824,1,320.0,180.0,162.70708617032747,-0.4217761031136824
12.4331693649292,3.448000192642212,-157.32521451189254,-152.2893888575131,0.41013735115009764,-0.4226014900049059,1,320.0,180.0,162.67478548810746,-0.4226014900049059
12.443324089050293,3.44700026512146,-157.35751519411255,-152.32864985265329,0.4109461075935291,-0.4234270383995405,1,320.0,182.0,162.64248480588745,-0.4234270383995405
12.453874588012695,3.44700026512146,-155.43284070807573,-150.44692260597347,0.4054865635693585,-0.41787108357839636,1,320.0,182.0,164.56715929192427,-0.41787108357839636
12.463558912277222,3.44700026512146,-155.45172969149093,-150.47504002751498,0.40627267967534586,-0.41867100900695203,1,320.0,182.0,164.54827030850907,-0.41867100900695203
12.472931146621704,3.44700026512146,-155.47061867490612,-150.5031574490565,0.407058936368441,-0.41947102888042476,1,320.0,182.0,164.52938132509388,-0.41947102888042476
12.484264373779297,3.446000099182129,-155.48950765832132,-150.52923769985654,0.40784287885790027,-0.42027114319881465,1,320.0,184.0,164.51049234167868,-0.42027114319881465
12.494030714035034,3.446000099182129,-153.53842354775162,-148.6141881018374,0.40229199498470314,-0.4146465155365834,1,320.0,184.0,166.46157645224838,-0.4146465155365834
12.503722429275513,3.445000171661377,-153.5438091350092,-148.6269479472205,0.4030504415388989,-0.41542069728696757,1,320.0,184.0,166.4561908649908,-0.41542069728696757
12.5133376121521,3.445000171661377,-153.5491947222668,-148.64174571777505,0.4038114075921532,-0.416194905965288,1,320.0,184.0,166.4508052777332,-0.416194905965288
12.523473262786865,3.445000171661377,-153.5545803095244,-148.65654348832962,0.40457244763426037,-0.41696914157154474,1,320.0,185.0,166.4454196904756,-0.41696914157154474
12.53394365310669,3.445000171661377,-151.68475895159108,-146.81644108675846,0.3992833651862677,-0.4116269722742071,1,320.0,185.0,168.31524104840892,-0.4116269722742071
12.542954444885254,3.444000244140625,-151.67728851397342,-146.81648288520267,0.4000174977588268,-0.4123763941916358,1,320.0,185.0,168.32271148602658,-0.4123763941916358
12.553303241729736,3.444000244140625,-151.66981807635577,-146.8185638498521,0.40075408773565535,-0.4131257787568764,1,320.0,185.0,168.33018192364423,-0.4131257787568764
12.56348466873169,3.444000244140625,-151.6623476387381,-146.82064481450152,0.40149068811730715,-0.4138751259699289,1,320.0,187.0,168.3376523612619,-0.4138751259699289
12.573959350585938,3.444000244140625,-149.76899180967285,-144.85019313109308,0.39579280003208117,-0.40847258458748203,1,320.0,187.0,170.23100819032715,-0.40847258458748203
12.583006620407104,3.443000078201294,-149.74859017423313,-144.83670787727897,0.39650080126689063,-0.4091968455758255,1,320.0,187.0,170.25140982576687,-0.4091968455758255
12.593348503112793,3.443000078201294,-149.7281885387934,-144.82526351849242,0.39721119435393926,-0.4099210045559918,1,320.0,187.0,170.2718114612066,-0.4099210045559918
12.603837490081787,3.442000150680542,-149.70778690335368,-144.8117775077334,0.3979190700285671,-0.41064506152798086,1,320.0,188.0,170.29221309664632,-0.41064506152798086
12.613606691360474,3.442000150680542,-147.89812146839228,-143.03054858843242,0.3928557296028421,-0.4055318600616059,1,320.0,188.0,172.10187853160772,-0.4055318600616059
12.623385906219482,3.442000150680542,-147.86544952111333,-143.00696750142754,0.3935424671359433,-0.4062319809724768,1,320.0,188.0,172.13455047888667,-0.4062319809724768
12.63382625579834,3.442000150680542,-147.8327775738344,-142.98338641442265,0.39422908676360957,-0.4069319385236112,1,320.0,188.0,172.1672224261656,-0.4069319385236112
12.6434805393219,3.439000129699707,-147.80010562655545,-142.95367241246367,0.39490819832332114,-0.4076317327150093,1,320.0,190.0,172.19989437344455,-0.4076317327150093
12.653157711029053,3.439000129699707,-145.96896864611054,-141.14547548903363,0.3897721337029559,-0.4024637619268977,1,320.0,190.0,174.03103135388946,-0.4024637619268977
12.663854837417603,3.437000274658203,-145.92396186131558,-141.1055600269996,0.39042976294865006,-0.4031393735944503,1,320.0,190.0,174.07603813868442,-0.4031393735944503
12.673149108886719,3.437000274658203,-145.8789550765206,-141.06973908769572,0.39109212651692393,-0.403814760228079,1,320.0,190.0,174.1210449234794,-0.403814760228079
12.683780670166016,3.430000066757202,-145.83394829172565,-141.01954640745905,0.39173699303267717,-0.40448992182778365,1,320.0,191.0,174.16605170827435,-0.40448992182778365
12.69322681427002,3.430000066757202,-144.08818770264998,-139.19068707621813,0.3865486619723122,-0.39961569684067655,1,320.0,191.0,175.91181229735002,-0.39961569684067655
12.703660488128662,3.4250001907348633,-144.03151507379258,-139.13226459519666,0.38717421631806237,-0.4002678472614166,1,320.0,191.0,175.96848492620742,-0.4002678472614166
12.714160203933716,3.4250001907348633,-143.97484244493518,-139.08414481156527,0.3878118933017626,-0.4009197143190124,1,320.0,191.0,176.02515755506482,-0.4009197143190124
12.723145484924316,3.4150002002716064,-143.91816981607778,-139.0153241847214,0.3884243851704735,-0.4015712980134639,1,320.0,192.0,176.08183018392222,-0.4015712980134639
12.733632564544678,3.4150002002716064,-142.25333422541038,-137.27256379580206,0.3835319650382804,-0.3969752573846526,1,320.0,192.0,177.74666577458962,-0.3969752573846526
12.743739604949951,3.4070000648498535,-142.18562991458253,-137.19616633217314,0.38412626891358653,-0.3976049403612321,1,320.0,192.0,177.81437008541747,-0.3976049403612321
12.75332498550415,3.4070000648498535,-142.11792560375468,-137.13642164692683,0.3847402573995256,-0.39823428481625744,1,320.0,192.0,177.88207439624532,-0.39823428481625744
12.763859033584595,3.3940000534057617,-142.05022129292684,-137.04944091339783,0.3853211277238578,-0.3988632907497287,1,320.0,193.0,177.94977870707316,-0.3988632907497287
12.773271322250366,3.3940000534057617,-140.46208987138175,-135.48927778578877,0.3810383836057695,-0.39453066911826984,1,320.0,193.0,179.53791012861825,-0.39453066911826984
12.783914566040039,3.384000062942505,-140.38395497930404,-135.39813955406436,0.38160600842547054,-0.3951388270226731,1,320.0,193.0,179.61604502069596,-0.3951388270226731
12.793402671813965,3.384000062942505,-140.30582008722632,-135.3281015529718,0.3821986033319243,-0.39574659425261594,1,320.0,193.0,179.69417991277368,-0.39574659425261594
12.80335545539856,3.3680002689361572,-140.2276851951486,-135.2240299719257,0.38274983758452863,-0.3963539708080984,1,320.0,194.0,179.7723148048514,-0.3963539708080984
12.814049243927002,3.3680002689361572,-138.712254338436,-133.73142492212574,0.3786994233683555,-0.39227075453184557,1,320.0,194.0,181.287745661564,-0.39227075453184557
12.823237180709839,3.3570001125335693,-138.62425857795864,-133.6280307716861,0.3792434905416864,-0.3928582809121625,1,320.0,194.0,181.37574142204136,-0.3928582809121625
12.8339364528656,3.3570001125335693,-138.5362628174813,-133.5482329529901,0.3798154743240161,-0.3934453673136771,1,320.0,194.0,181.4637371825187,-0.3934453673136771
12.844081401824951,3.3380000591278076,-138.44826705700393,-133.42729355584018,0.38033748351521535,-0.3940320137363893,1,320.0,194.0,181.55173294299607,-0.3940320137363893
12.853865623474121,3.3380000591278076,-138.36027129652658,-133.3474957371442,0.3809084636114659,-0.39461822018029913,1,320.0,194.0,181.63972870347342,-0.39461822018029913
12.864131212234497,3.325000047683716,-136.99457933186724,-131.97088997127895,0.37730676303545063,-0.39103555433245607,1,320.0,194.0,183.00542066813276,-0.39103555433245607
12.873734951019287,3.325000047683716,-136.89782087676684,-131.88239339222685,0.3778599791075492,-0.39160393329071946,1,320.0,194.0,183.10217912323316,-0.39160393329071946
12.884141683578491,3.306000232696533,-136.80106242166644,-131.75191708892768,0.3783621671290348,-0.3921718284567074,1,320.0,194.0,183.19893757833356,-0.3921718284567074
12.894047260284424,3.306000232696533,-136.70430396656604,-131.66342050987558,0.3789142883367217,-0.3927392398304197,1,320.0,194.0,183.29569603343396,-0.3927392398304197
12.903584718704224,3.2920000553131104,-135.50477335261672,-130.34280370016822,0.375511770901644,-0.38970954924801693,1,320.0,194.0,184.49522664738328,-0.38970954924801693
12.914307355880737,3.2920000553131104,-135.4004556384749,-130.24607548350969,0.3760469274190713,-0.3902613702692391,1,320.0,194.0,184.5995443615251,-0.3902613702692391
12.924075603485107,3.2710001468658447,-135.2961379243331,-130.10193199012838,0.37652446488696445,-0.39081266970189066,1,320.0,194.0,184.7038620756669,-0.39081266970189066
12.933659315109253,3.2710001468658447,-134.25871189299295,-128.98401811707382,0.37372792866437243,-0.3883202140363577,1,320.0,194.0,185.74128810700705,-0.3883202140363577
12.94407868385315,3.25600004196167,-134.1479980522265,-128.84602777634436,0.37420657039437877,-0.38885809741769917,1,320.0,194.0,185.8520019477735,-0.38885809741769917
12.953538179397583,3.25600004196167,-134.03728421146008,-128.74229969413412,0.37472580819419715,-0.38939542722983667,1,320.0,194.0,185.96271578853992,-0.38939542722983667
12.964672803878784,3.2350001335144043,-133.92657037069364,-128.590043433995,0.3751860508992002,-0.38993220347277047,1,320.0,194.0,186.07342962930636,-0.38993220347277047
12.973076581954956,3.2350001335144043,-133.8158565299272,-128.48631535178475,0.37570400877730686,-0.39046842614650035,1,320.0,194.0,186.1841434700728,-0.39046842614650035
12.983075141906738,3.2200002670288086,-132.90159615129056,-127.35634944084745,0.37294674898348557,-0.38838353325564673,1,320.0,194.0,187.09840384870944,-0.38838353325564673
12.993335008621216,3.2200002670288086,-132.78537468246662,-127.24582775047753,0.373450352093794,-0.38890799436647033,1,320.0,194.0,187.21462531753338,-0.38890799436647033
13.004000186920166,3.198000192642212,-132.6691532136427,-127.08324205562644,0.37389066547025085,-0.3894318743699498,1,320.0,194.0,187.3308467863573,-0.3894318743699498
13.013511896133423,3.198000192642212,-132.55293174481875,-126.97272036525652,0.37439290304363315,-0.3899551732660852,1,320.0,194.0,187.44706825518125,-0.3899551732660852
13.02310299873352,3.183000087738037,-131.76476861049443,-125.9839637971904,0.37210487858230945,-0.38828695786813666,1,320.0,194.0,188.23523138950557,-0.38828695786813666
13.033369779586792,3.183000087738037,-131.6439429967378,-125.86767065215838,0.37259466516153184,-0.38880018684661244,1,320.0,194.0,188.3560570032622,-0.38880018684661244
13.04477310180664,3.1610002517700195,-131.52311738298116,-125.69802707617573,0.3730195830057335,-0.3893128116970194,1,320.0,194.0,188.47688261701884,-0.3893128116970194
13.053271055221558,3.1610002517700195,-131.40229176922452,-125.58173393114372,0.37350793990135084,-0.38982483241935756,1,320.0,193.0,188.59770823077548,-0.38982483241935756
13.063504934310913,3.1460001468658447,-130.83106850172535,-124.72138505087058,0.37164566558316736,-0.3888678847576265,1,320.0,193.0,189.16893149827465,-0.3888678847576265
13.072927474975586,3.1460001468658447,-130.70715743769125,-124.6002470305482,0.3721233011939332,-0.38937272726797406,1,320.0,193.0,189.29284256230875,-0.38937272726797406
13.08447551727295,3.1460001468658447,-130.58324637365715,-124.47910901022583,0.3726003311145975,-0.38987695022300145,1,320.0,193.0,189.41675362634285,-0.38987695022300145
13.093273639678955,3.124000072479248,-130.45933530962304,-124.30328465781838,0.3730108583149977,-0.3903805536227086,1,320.0,193.0,189.54066469037696,-0.3903805536227086
13.103365659713745,3.1090002059936523,-129.98218438956994,-123.55973149180546,0.37153499591371886,-0.38973202535137463,1,320.0,193.0,190.01781561043006,-0.38973202535137463
13.113775491714478,3.1090002059936523,-129.85585379857176,-123.43458881395135,0.3720019976443637,-0.3902297079111697,1,320.0,193.0,190.14414620142824,-0.3902297079111697
13.124083280563354,3.1090002059936523,-129.72952320757358,-123.30944613609724,0.3724683736616192,-0.3907267588180098,1,320.0,193.0,190.27047679242642,-0.3907267588180098
13.13395357131958,3.0860002040863037,-129.6031926165754,-123.12566245416497,0.3728634615555713,-0.3912231780718948,1,320.0,193.0,190.3968073834246,-0.3912231780718948
13.143378973007202,3.072000026702881,-129.21148535038674,-122.49090223493224,0.3717413700858749,-0.39085391905401823,1,320.0,193.0,190.78851464961326,-0.39085391905401823
13.153931379318237,3.072000026702881,-129.08333720030456,-122.3625167780188,0.37219912012146883,-0.39134555795992115,1,320.0,193.0,190.91666279969544,-0.39134555795992115
13.164965867996216,3.072000026702881,-128.95518905022237,-122.23413132110537,0.3726562282297782,-0.3918365561250736,1,320.0,193.0,191.04481094977763,-0.3918365561250736
13.17349886894226,3.0490002632141113,-128.8270409001402,-122.04559981642117,0.3730402184232393,-0.3923269135494757,1,320.0,193.0,191.1729590998598,-0.3923269135494757
13.183531522750854,3.0350000858306885,-128.51290363749868,-121.5074806951923,0.37223635371113584,-0.392210374931981,1,320.0,193.0,191.48709636250132,-0.392210374931981
13.194037199020386,3.0350000858306885,-128.38348169268147,-121.37654304104518,0.3726861112413645,-0.3926969860066638,1,320.0,193.0,191.61651830731853,-0.3926969860066638
13.204121112823486,3.0350000858306885,-128.25405974786426,-121.24560538689806,0.3731352140833225,-0.3931829499716225,1,320.0,193.0,191.74594025213574,-0.3931829499716225
13.213873863220215,3.013000249862671,-128.12463780304705,-121.05566087992366,0.37351255897935287,-0.393668266826857,1,320.0,192.0,191.87536219695295,-0.393668266826857
13.223353624343872,3.013000249862671,-127.98254339266073,-120.74508080204961,0.3733744877445466,-0.3941116288941687,1,320.0,192.0,192.01745660733928,-0.3941116288941687
13.233973264694214,2.998000144958496,-127.85303465665288,-120.57215576162785,0.3737692356577647,-0.3945948443654027,1,320.0,192.0,192.14696534334712,-0.3945948443654027
13.244745254516602,2.998000144958496,-127.72352592064503,-120.43998777232953,0.37421223185317654,-0.39507741294045345,1,320.0,192.0,192.27647407935495,-0.39507741294045345
13.253284692764282,2.9760000705718994,-127.59401718463718,-120.24725756736564,0.37457497708081783,-0.39555231692464754,1,320.0,191.0,192.40598281536282,-0.39555231692464754
13.263829231262207,2.9620001316070557,-127.60731246875676,-119.96841682371875,0.3746076475811648,-0.3964876063165751,1,320.0,191.0,192.39268753124324,-0.3964876063165751
13.273214340209961,2.9620001316070557,-127.47878180322004,-119.8355116153162,0.3750359545549829,-0.3969586529846186,1,320.0,191.0,192.52121819677996,-0.3969586529846186
13.284095287322998,2.940000057220459,-127.35025113768333,-119.64047175440311,0.3753821630270107,-0.39742206492220994,1,320.0,191.0,192.64974886231667,-0.39742206492220994
13.294045686721802,2.940000057220459,-127.22172047214661,-119.50756654600055,0.3758022884917715,-0.39788485348605496,1,320.0,190.0,192.77827952785339,-0.39788485348605496
13.303527116775513,2.940000057220459,-127.37512662806627,-119.33191481693133,0.3760824294594145,-0.39926604202175586,1,320.0,190.0,192.62487337193375,-0.39926604202175586
13.313897609710693,2.9260001182556152,-127.24852706841699,-119.15866227236913,0.37644827540000925,-0.3997268242456308,1,320.0,190.0,192.751472931583,-0.3997268242456308
13.324320554733276,2.9260001182556152,-127.12192750876771,-119.02546427476187,0.37686154544855216,-0.4001869968925886,1,320.0,190.0,192.87807249123227,-0.4001869968925886
13.333151578903198,2.9050002098083496,-126.99532794911843,-118.83141838955038,0.3771946250787081,-0.40063989273697886,1,320.0,190.0,193.00467205088157,-0.40063989273697886
13.34394383430481,2.9050002098083496,-127.17340947178498,-118.8152398514184,0.3779815407236518,-0.4020853664819243,1,320.0,190.0,192.82659052821504,-0.4020853664819243
13.353512287139893,2.8910000324249268,-127.0488969537638,-118.64175759163852,0.37833424093054785,-0.40253657513094665,1,320.0,190.0,192.9511030462362,-0.40253657513094665
13.365199565887451,2.8910000324249268,-126.92438443574262,-118.50936116819324,0.3787356182369428,-0.40298719514702996,1,320.0,190.0,193.07561556425736,-0.40298719514702996
13.37374997138977,2.870000123977661,-126.79987191772145,-118.31454110807957,0.3790549546811575,-0.4034305695659208,1,320.0,188.0,193.20012808227855,-0.4034305695659208
13.383156061172485,2.870000123977661,-127.20232723327616,-118.34097881707464,0.37996635148530333,-0.4055911830599472,1,320.0,188.0,192.79767276672385,-0.4055911830599472
13.393751382827759,2.8560001850128174,-127.08142470257539,-118.16751446579411,0.3803064915855442,-0.40603575789250546,1,320.0,188.0,192.9185752974246,-0.40603575789250546
13.40402340888977,2.8560001850128174,-126.96052217187462,-118.03620613381784,0.38069660963822916,-0.4064797717372653,1,320.0,188.0,193.03947782812537,-0.4064797717372653
13.413742780685425,2.8350000381469727,-126.83961964117384,-117.84083568243236,0.3810027599414979,-0.40691656546762467,1,320.0,188.0,193.16038035882616,-0.40691656546762467
13.423164367675781,2.8350000381469727,-127.2413726932671,-118.00677748773674,0.382354193467934,-0.4090566188713459,1,320.0,188.0,192.7586273067329,-0.4090566188713459
13.43375301361084,2.821000099182129,-127.1240509290058,-117.83423631966855,0.382683584456315,-0.40949456502760784,1,320.0,188.0,192.87594907099418,-0.40949456502760784
13.444253206253052,2.821000099182129,-127.00672916474451,-117.70496447854924,0.3830643101269461,-0.40993197707650875,1,320.0,188.0,192.9932708352555,-0.40993197707650875
13.453863143920898,2.8010001182556152,-126.88940740048322,-117.51308332262248,0.38336315543223554,-0.4103625105537293,1,320.0,186.0,193.1105925995168,-0.4103625105537293
13.463273048400879,2.8010001182556152,-127.49193171733869,-117.80462202583855,0.38510840226117216,-0.41313923115082263,1,320.0,186.0,192.50806828266133,-0.41313923115082263
13.473734140396118,2.7870001792907715,-127.37954214959946,-117.6338398747831,0.3854289929122729,-0.4135734318311838,1,320.0,186.0,192.62045785040056,-0.4135734318311838
13.483548402786255,2.7870001792907715,-127.26715258186023,-117.50745131712905,0.3858022912345173,-0.41400713041110077,1,320.0,186.0,192.73284741813978,-0.41400713041110077
13.493139743804932,2.767000198364258,-127.154763014121,-117.3168160194714,0.3860917759702728,-0.414433969158486,1,320.0,185.0,192.845236985879,-0.414433969158486
13.50364875793457,2.767000198364258,-127.83628265899452,-117.61994174170472,0.3878580715418223,-0.41744855992314994,1,320.0,185.0,192.16371734100548,-0.41744855992314994
13.514183759689331,2.753000020980835,-127.72933325908453,-117.45093334534037,0.3881699901877315,-0.41787999445296553,1,320.0,185.0,192.2706667409155,-0.41787999445296553
13.523998498916626,2.753000020980835,-127.62238385917453,-117.32748798286597,0.3885360434750012,-0.4183109602770305,1,320.0,185.0,192.37761614082547,-0.4183109602770305
13.53346300125122,2.7330000400543213,-127.51543445926454,-117.13809335701205,0.3888162707251755,-0.4187350816297021,1,320.0,184.0,192.48456554073545,-0.4187350816297021
13.543853759765625,2.7330000400543213,-128.26681009295356,-117.55198358224081,0.39092694375855097,-0.42195708286390393,1,320.0,184.0,191.73318990704644,-0.42195708286390393
13.553274631500244,2.7200000286102295,-128.16574280806427,-117.38880090565226,0.3912358963989353,-0.42238691482527857,1,320.0,184.0,191.83425719193573,-0.42238691482527857
13.563896179199219,2.7200000286102295,-128.06467552317497,-117.26903791245273,0.39159643767850716,-0.42281631219732096,1,320.0,184.0,191.93532447682503,-0.42281631219732096
13.573879480361938,2.699000120162964,-127.96360823828566,-117.0781965605841,0.39186471773132703,-0.42323855691988715,1,320.0,183.0,192.03639176171436,-0.42323855691988715
13.583361148834229,2.699000120162964,-128.7764378717311,-117.59123374725198,0.39428092540495785,-0.42663998493700195,1,320.0,183.0,191.2235621282689,-0.42663998493700195
13.593786716461182,2.686000108718872,-128.68163410183658,-117.43121436127697,0.3945838747422381,-0.427068613535843,1,320.0,183.0,191.31836589816342,-0.427068613535843
13.603664875030518,2.686000108718872,-128.58683033194205,-117.31578834890732,0.3949398496071712,-0.4274968425367683,1,320.0,183.0,191.41316966805795,-0.4274968425367683
13.614707469940186,2.6660001277923584,-128.49202656204753,-117.13085385380704,0.39520577825677305,-0.4279182473445765,1,320.0,182.0,191.50797343795247,-0.4279182473445765
13.623079061508179,2.6660001277923584,-129.35859014346866,-117.73233163243306,0.3978920532361579,-0.4314737312954692,1,320.0,182.0,190.64140985653134,-0.4314737312954692
13.633387088775635,2.6530001163482666,-129.27037580385385,-117.57604078664205,0.39819038724395894,-0.43190208395354174,1,320.0,182.0,190.72962419614615,-0.43190208395354174
13.644749402999878,2.6530001163482666,-129.18216146423904,-117.46552859575964,0.3985431989459893,-0.43233007206583024,1,320.0,182.0,190.81783853576096,-0.43233007206583024
13.653377294540405,2.633000135421753,-129.09394712462424,-117.28364802740263,0.39880375279673963,-0.43275124094113404,1,320.0,181.0,190.90605287537576,-0.43275124094113404
13.66385293006897,2.633000135421753,-130.00715605434394,-117.86261145260902,0.4013975462288007,-0.43643720978367423,1,320.0,181.0,189.99284394565606,-0.43643720978367423
13.673134565353394,2.620000123977661,-129.92580626095668,-117.70981364345538,0.40169091363955584,-0.4368657895872361,1,320.0,181.0,190.07419373904332,-0.4368657895872361
13.683960914611816,2.620000123977661,-129.84445646756942,-117.6040276631418,0.40204026681166594,-0.4372940399241096,1,320.0,181.0,190.15554353243058,-0.4372940399241096
13.69348406791687,2.6000001430511475,-129.76310667418215,-117.4249377489997,0.4022950587076858,-0.4377154726451485,1,320.0,179.0,190.23689332581785,-0.4377154726451485
13.704036951065063,2.6000001430511475,-130.81753325167347,-118.08314923482816,0.405128478950503,-0.4418398873950129,1,320.0,179.0,189.18246674832653,-0.4418398873950129
13.713769912719727,2.5870001316070557,-130.74396956720983,-117.93430518978386,0.40541777049109284,-0.44227033771593144,1,320.0,179.0,189.25603043279017,-0.44227033771593144
13.723933696746826,2.5870001316070557,-130.6704058827462,-117.83375665553913,0.40576461771829936,-0.44270049617290774,1,320.0,179.0,189.3295941172538,-0.44270049617290774
13.733495235443115,2.567000150680542,-130.59684219828256,-117.6578888091831,0.406014501126404,-0.44312383293005914,1,320.0,178.0,189.40315780171744,-0.44312383293005914
13.744061946868896,2.567000150680542,-131.67570444744595,-118.386261254102,0.4090572039072176,-0.4473045515042329,1,320.0,178.0,188.32429555255405,-0.4473045515042329
13.753612279891968,2.55400013923645,-131.61004157716033,-118.24176314808196,0.4093431754709828,-0.44773706111722966,1,320.0,178.0,188.38995842283967,-0.44773706111722966
13.763377904891968,2.55400013923645,-131.5443787068747,-118.14689753925006,0.4096883374784504,-0.44816931562995255,1,320.0,178.0,188.4556212931253,-0.44816931562995255
13.774173736572266,2.5340001583099365,-131.4787158365891,-117.97461296784549,0.40993402868018797,-0.4485947411128791,1,320.0,177.0,188.5212841634109,-0.4485947411128791
13.78392219543457,2.5340001583099365,-132.5772863699557,-118.76478219380854,0.4131581048529884,-0.4528161476598398,1,320.0,177.0,187.4227136300443,-0.4528161476598398
13.793243408203125,2.5210001468658447,-132.51960579287413,-118.6249588380425,0.4134413882756056,-0.4532508368170258,1,320.0,177.0,187.48039420712587,-0.4532508368170258
13.80414366722107,2.5210001468658447,-132.46192521579258,-118.53616126292705,0.41378556498219166,-0.45368530664379636,1,320.0,177.0,187.53807478420742,-0.45368530664379636
13.81385326385498,2.502000093460083,-132.40424463871102,-118.37176842515417,0.41403277959495827,-0.45411326792085316,1,320.0,176.0,187.59575536128898,-0.45411326792085316
13.823214292526245,2.502000093460083,-133.51821404966213,-119.21604175606065,0.41741289504770784,-0.4583614816106776,1,320.0,176.0,186.48178595033787,-0.4583614816106776
13.833762407302856,2.489000082015991,-133.468567104153,-119.08120831211362,0.4176943747373296,-0.4587987420444781,1,320.0,176.0,186.531432895847,-0.4587987420444781
13.843424558639526,2.489000082015991,-133.41892015864389,-118.99880850763488,0.41803846806102435,-0.459235817667514,1,320.0,176.0,186.58107984135611,-0.459235817667514
13.853941917419434,2.4690001010894775,-133.36927321313476,-118.8345888291207,0.4182778245043146,-0.4596660400224838,1,320.0,175.0,186.63072678686524,-0.4596660400224838
13.863478660583496,2.4690001010894775,-134.49471984107157,-119.72589754560771,0.4217901221353067,-0.4639278145617304,1,320.0,175.0,185.50528015892843,-0.4639278145617304
13.874109506607056,2.4570000171661377,-134.4531305845395,-119.6003982888821,0.4220751674831359,-0.46436765298781624,1,320.0,175.0,185.5468694154605,-0.46436765298781624
13.883898973464966,2.4570000171661377,-134.41154132800744,-119.52467526367741,0.4224196684876676,-0.4648073399250333,1,320.0,175.0,185.58845867199256,-0.4648073399250333
13.894474506378174,2.437000036239624,-134.36995207147538,-119.36482662847212,0.4226566682758984,-0.46524015688218534,1,320.0,174.0,185.63004792852462,-0.46524015688218534
13.903878688812256,2.437000036239624,-135.5033138851624,-120.29668190098232,0.42627987206534124,-0.46950412119479695,1,320.0,174.0,184.4966861148376,-0.46950412119479695
13.913766622543335,2.4250001907348633,-135.46978174352626,-120.17668037823913,0.42656399971920167,-0.4699464937868919,1,320.0,174.0,184.53021825647374,-0.4699464937868919
13.92332124710083,2.4250001907348633,-135.4362496018901,-120.1078667251071,0.42690930766792334,-0.4703887469207163,1,320.0,174.0,184.5637503981099,-0.4703887469207163
13.93351125717163,2.4050002098083496,-135.40271746025394,-119.95252288672935,0.4271442283614273,-0.4708241104668536,1,320.0,172.0,184.59728253974606,-0.4708241104668536
13.942853212356567,2.4050002098083496,-136.64178786373526,-120.91897485064905,0.4308585649432648,-0.47540909210750504,1,320.0,172.0,183.35821213626474,-0.47540909210750504
13.953089714050293,2.392000198364258,-136.61698286478222,-120.80018445321588,0.43113640116814833,-0.47585475327688065,1,320.0,172.0,183.38301713521778,-0.47585475327688065
13.9638512134552,2.392000198364258,-136.59217786582917,-120.73847035429233,0.43148251418614847,-0.47630032812484757,1,320.0,172.0,183.40782213417083,-0.47630032812484757
13.973683595657349,2.373000144958496,-136.56737286687613,-120.59213064165303,0.4317208390631109,-0.47673932968296107,1,320.0,171.0,183.43262713312387,-0.47673932968296107
13.983070611953735,2.373000144958496,-137.798483898986,-121.58773032821466,0.43550822207129364,-0.48127357324584497,1,320.0,171.0,182.201516101014,-0.48127357324584497
13.993160009384155,2.3610000610351562,-137.78229195662774,-121.47906650279452,0.4357911580231014,-0.48172294718442144,1,320.0,171.0,182.21770804337226,-0.48172294718442144
14.00380802154541,2.3610000610351562,-137.76610001426948,-121.42460344872396,0.436138949589979,-0.4821722660299115,1,320.0,171.0,182.23389998573052,-0.4821722660299115
14.013420343399048,2.3410000801086426,-137.74990807191122,-121.27848109677254,0.43637018889980284,-0.48261464229348006,1,320.0,170.0,182.25009192808878,-0.48261464229348006
14.023991823196411,2.3410000801086426,-138.97115073880877,-122.19723066168933,0.4398847097540326,-0.4870920180874754,1,320.0,170.0,181.02884926119123,-0.4870920180874754
14.03365182876587,2.3289999961853027,-138.96344540906063,-122.09363473223861,0.44016605073892523,-0.48754447773782394,1,320.0,170.0,181.03655459093937,-0.48754447773782394
14.04345965385437,2.3289999961853027,-138.95574007931248,-122.04584619528826,0.44051420181740475,-0.48799691178721455,1,320.0,170.0,181.04425992068752,-0.48799691178721455
14.053327560424805,2.309000015258789,-138.94803474956433,-121.90366107128563,0.4407425094041076,-0.48844237284053516,1,320.0,169.0,181.05196525043567,-0.48844237284053516
14.063883304595947,2.309000015258789,-140.15771693368507,-122.85174721262351,0.44433129075600086,-0.4928574733374681,1,320.0,169.0,179.84228306631493,-0.4928574733374681
14.073652982711792,2.2970001697540283,-140.1583609897435,-122.75330345392172,0.44461118588410276,-0.4933127097497286,1,320.0,169.0,179.8416390102565,-0.4933127097497286
14.083765745162964,2.2970001697540283,-140.15900504580193,-122.71234506908755,0.44495993065326556,-0.4937679482503411,1,320.0,169.0,179.84099495419807,-0.4937679482503411
14.094324588775635,2.2770001888275146,-140.15964910186037,-122.5741283540823,0.44518538855789314,-0.4942161808635339,1,320.0,168.0,179.84035089813963,-0.4942161808635339
14.104019165039062,2.2770001888275146,-141.35627876575637,-123.54667796904529,0.44883225457150056,-0.4985642641463969,1,320.0,168.0,178.64372123424363,-0.4985642641463969
14.113813638687134,2.265000104904175,-141.3651256474798,-123.45342828550734,0.44911077645058484,-0.4990219476513997,1,320.0,168.0,178.6348743525202,-0.4990219476513997
14.123198747634888,2.265000104904175,-141.37397252920323,-123.41942117949954,0.44946028187522374,-0.4994796591346682,1,320.0,168.0,178.62602747079677,-0.4994796591346682
14.133075475692749,2.246000051498413,-141.38281941092666,-123.29021974692691,0.4496892892065214,-0.4999306828934038,1,320.0,167.0,178.61718058907334,-0.4999306828934038
14.143398761749268,2.246000051498413,-142.5650889082541,-124.38378788655154,0.45370916849106063,-0.5042079758662177,1,320.0,167.0,177.4349110917459,-0.5042079758662177
14.153685569763184,2.2330000400543213,-142.58198405432992,-124.29137632339884,0.45398140279524024,-0.5046677590216336,1,320.0,167.0,177.41801594567008,-0.5046677590216336
14.16352653503418,2.2330000400543213,-142.59887920040575,-124.26510302406341,0.45433292202855285,-0.5051275942563391,1,320.0,167.0,177.40112079959425,-0.5051275942563391
14.17332410812378,2.2170000076293945,-142.61577434648157,-124.15628108145643,0.45458008118498283,-0.5055817769277995,1,320.0,166.0,177.38422565351843,-0.5055817769277995
14.183777809143066,2.2170000076293945,-143.782545770944,-125.05406533424244,0.457939313973615,-0.5097854383878171,1,320.0,166.0,176.217454229056,-0.5097854383878171
14.193172454833984,2.2080001831054688,-143.80732784152787,-124.9871306704041,0.4582364535688481,-0.5102494750684288,1,320.0,166.0,176.19267215847213,-0.5102494750684288
14.203808307647705,2.2080001831054688,-143.83210991211172,-124.9671954200324,0.4585899322557761,-0.5107135865909052,1,320.0,166.0,176.16789008788828,-0.5107135865909052
14.213617086410522,2.196000099182129,-143.85689198269557,-124.88394625329751,0.45886343628595716,-0.5111734572183041,1,320.0,166.0,176.14310801730443,-0.5111734572183041
14.223047733306885,2.196000099182129,-144.90617850805822,-125.70341829835642,0.4619499172116852,-0.5149740090316629,1,320.0,166.0,175.09382149194178,-0.5149740090316629
14.233198881149292,2.190000057220459,-144.93798770688625,-125.65730292315493,0.4622684092556152,-0.5154433706044181,1,320.0,166.0,175.06201229311375,-0.5154433706044181
14.243974924087524,2.190000057220459,-144.96979690571428,-125.64312521018249,0.46262518431552196,-0.5159128268095443,1,320.0,166.0,175.03020309428572,-0.5159128268095443
14.253520488739014,2.183000087738037,-145.0016061045423,-125.59144787644651,0.46293460824968125,-0.5163798401299975,1,320.0,167.0,174.9983938954577,-0.5163798401299975
14.264193773269653,2.183000087738037,-145.84128589571998,-126.2371920167961,0.4654407985697885,-0.5194811731063611,1,320.0,167.0,174.15871410428002,-0.5194811731063611
14.273725032806396,2.180000066757202,-145.87863639985443,-126.21138979653425,0.46578215952643787,-0.5199563357130481,1,320.0,167.0,174.12136360014557,-0.5199563357130481
14.28317642211914,2.180000066757202,-145.91598690398888,-126.20173858632383,0.4661428732240772,-0.5204316085037286,1,320.0,167.0,174.08401309601112,-0.5204316085037286
14.293383836746216,2.177000045776367,-145.95333740812333,-126.17588832107646,0.46648312547160475,-0.5209058968207164,1,320.0,168.0,174.04666259187667,-0.5209058968207164
14.303078174591064,2.177000045776367,-146.60142146732204,-126.6628531001194,0.4684621098302378,-0.5233717211850661,1,320.0,168.0,173.39857853267796,-0.5233717211850661
14.31391167640686,2.1750001907348633,-146.6429611341027,-126.64578298736768,0.4688136477428505,-0.5238523325534592,1,320.0,168.0,173.3570388658973,-0.5238523325534592
14.323870420455933,2.1750001907348633,-146.68450080088337,-126.63953818103741,0.4691781576790474,-0.5243330659446431,1,320.0,168.0,173.31549919911663,-0.5243330659446431
14.333786725997925,2.1740000247955322,-146.72604046766403,-126.62787136640506,0.4695358103117985,-0.524813554482648,1,320.0,,173.27395953233597,-0.524813554482648
14.3431715965271,2.1740000247955322,-146.7675801344447,-126.62162656007479,0.4698999510260052,-0.5252941649395773,1,320.0,,173.2324198655553,-0.5252941649395773
14.353556632995605,2.1740000247955322,-146.80911980122536,-126.61538175374451,0.47026407341170484,-0.5257748973154313,1,320.0,,173.19088019877464,-0.5257748973154313
14.364327192306519,2.1740000247955322,-146.85065946800603,-126.60913694741424,0.4706281774688975,-0.5262557516102098,1,320.0,,173.14934053199397,-0.5262557516102098
14.374030590057373,2.1760001182556152,-146.8921991347867,-126.61372948724984,0.47100593291882464,-0.5267374623192299,1,320.0,,173.1078008652133,-0.5267374623192299
14.383372068405151,2.1760001182556152,-146.93373880156736,-126.60748468091957,0.47137066519362036,-0.5272192951548826,1,320.0,,173.06626119843264,-0.5272192951548826
14.39407730102539,2.177000045776367,-146.97527846834802,-126.60664984314695,0.4717422034699457,-0.5277016175287326,1,320.0,,173.02472153165198,-0.5277016175287326
14.403703451156616,2.177000045776367,-147.0168181351287,-126.60040503681668,0.4721072314086585,-0.5281840621330567,1,320.0,,172.9831818648713,-0.5281840621330567
14.413902997970581,2.17900013923645,-147.05835780190935,-126.60496537833167,0.4724858719979992,-0.5286673642940044,1,320.0,,172.94164219809065,-0.5286673642940044
14.423343658447266,2.17900013923645,-147.09989746869002,-126.5987205720014,0.47285152800335667,-0.5291507888931344,1,320.0,,172.90010253130998,-0.5291507888931344
14.434022903442383,2.180999994277954,-147.14143713547068,-126.60325824258172,0.4732307693262032,-0.5296350715843088,1,320.0,,172.85856286452932,-0.5296350715843088
14.443678140640259,2.180999994277954,-147.18297680225135,-126.59701343625144,0.4735970532389664,-0.5301194769213486,1,320.0,,172.81702319774865,-0.5301194769213486
14.453685760498047,2.184000015258789,-147.224516469032,-126.60690367373672,0.4739836779636527,-0.5306051090958499,1,320.0,175.0,172.775483530968,-0.5306051090958499
14.463351011276245,2.184000015258789,-146.97583707448752,-126.40803301012812,0.47372803030820854,-0.53015238645269,1,320.0,175.0,173.02416292551248,-0.53015238645269
14.47341275215149,2.186000108718872,-147.015412221758,-126.41121487667122,0.47410665783452777,-0.5306357773666106,1,320.0,175.0,172.984587778242,-0.5306357773666106
14.483794212341309,2.186000108718872,-147.05498736902848,-126.40366616820212,0.47447238628890975,-0.5311192856208535,1,320.0,175.0,172.94501263097152,-0.5311192856208535
14.494105577468872,2.189000129699707,-147.09456251629896,-126.41217301883914,0.47485835473496163,-0.5316040144323531,1,320.0,177.0,172.90543748370104,-0.5316040144323531
14.503772497177124,2.189000129699707,-146.62058415947135,-126.12180080800069,0.47431313377130846,-0.5304330239697976,1,320.0,177.0,173.37941584052865,-0.5304330239697976
14.513762950897217,2.19100022315979,-146.65669915284744,-126.12302430710359,0.47469013334547033,-0.5309130323653962,1,320.0,177.0,173.34330084715256,-0.5309130323653962
14.523232221603394,2.19100022315979,-146.69281414622353,-126.11357002728634,0.4750542914348046,-0.5313931482934078,1,320.0,177.0,173.30718585377647,-0.5313931482934078
14.533743381500244,2.195000171661377,-146.72892913959961,-126.12540707100655,0.4754452955950206,-0.5318748390242328,1,320.0,179.0,173.27107086040039,-0.5318748390242328
14.543227910995483,2.195000171661377,-146.07010679795832,-125.51717396489829,0.4738841753286346,-0.530120704952231,1,320.0,179.0,173.92989320204168,-0.530120704952231
14.553795576095581,2.197000026702881,-146.10155535210515,-125.51431261449004,0.4742563432970225,-0.5305956521313517,1,320.0,179.0,173.89844464789485,-0.5305956521313517
14.563302516937256,2.197000026702881,-146.133003906252,-125.500837590839,0.4746157345335099,-0.5310706934202728,1,320.0,179.0,173.866996093748,-0.5310706934202728
14.573329210281372,2.200000047683716,-146.16445246039882,-125.50324531940201,0.4749951335587049,-0.5315469250600544,1,320.0,181.0,173.83554753960118,-0.5315469250600544
14.583872318267822,2.200000047683716,-145.35113572624834,-124.74840011489506,0.47297354221908006,-0.529309170303259,1,320.0,181.0,174.64886427375166,-0.529309170303259
14.593518733978271,2.202000141143799,-145.37692485339412,-124.74052134402194,0.473338933004687,-0.5297769749663159,1,320.0,181.0,174.62307514660588,-0.5297769749663159
14.603914737701416,2.202000141143799,-145.4027139805399,-124.72207957933944,0.4736915927802133,-0.530244857125709,1,320.0,181.0,174.5972860194601,-0.530244857125709
14.6134614944458,2.2060000896453857,-145.42850310768566,-124.72470059334665,0.4740707829972634,-0.5307142710477462,1,320.0,183.0,174.57149689231434,-0.5307142710477462
14.623906135559082,2.2060000896453857,-144.4841619879831,-123.84560297328724,0.47166194213149015,-0.5280696504358966,1,320.0,183.0,175.5158380120169,-0.5280696504358966
14.634080410003662,2.2080001831054688,-144.50346101163225,-123.83190464247087,0.4720194765432165,-0.528529209782679,1,320.0,183.0,175.49653898836775,-0.528529209782679
14.64369821548462,2.2080001831054688,-144.5227600352814,-123.80770515031364,0.47236433647885645,-0.5289888274125218,1,320.0,183.0,175.4772399647186,-0.5289888274125218
14.653870820999146,2.2110002040863037,-144.54205905893056,-123.79921837477855,0.4727289545450083,-0.5294495873984494,1,320.0,187.0,175.45794094106944,-0.5294495873984494
14.663696765899658,2.2110002040863037,-143.25982873489383,-122.81362728446479,0.469989883786177,-0.5257342656523263,1,320.0,187.0,176.74017126510617,-0.5257342656523263
14.673394680023193,2.2130000591278076,-143.27042654333678,-122.79344932920176,0.4703380413931034,-0.5261814506121287,1,320.0,187.0,176.72957345666322,-0.5261814506121287
14.683870792388916,2.2130000591278076,-143.28102435177973,-122.76282257114548,0.4706735675610296,-0.5266286677097867,1,320.0,187.0,176.71897564822027,-0.5266286677097867
14.693376779556274,2.2160000801086426,-143.2916221602227,-122.74783214511206,0.4710287324840936,-0.5270769916399826,1,320.0,189.0,176.7083778397773,-0.5270769916399826
14.703994035720825,2.2160000801086426,-141.94014351392346,-121.55940250266778,0.46765025563894613,-0.5231551554698795,1,320.0,189.0,178.05985648607654,-0.5231551554698795
14.713778495788574,2.2180001735687256,-141.94163612283555,-121.53143537955745,0.4679867583646796,-0.5235891589441596,1,320.0,189.0,178.05836387716445,-0.5235891589441596
14.723178386688232,2.2180001735687256,-141.94312873174763,-121.49306894856059,0.4683106650951503,-0.5240231669634344,1,320.0,189.0,178.05687126825237,-0.5240231669634344
14.733775854110718,2.2200000286102295,-141.94462134065972,-121.46508039565053,0.4686475473355528,-0.5244578891993706,1,320.0,192.0,178.05537865934028,-0.5244578891993706
14.743274688720703,2.2200000286102295,-140.42362273422182,-120.20992255112652,0.4650668654149519,-0.5200065537404113,1,320.0,192.0,179.57637726577818,-0.5200065537404113
14.753073692321777,2.2220001220703125,-140.41493391249853,-120.17377799236652,0.4653906228728807,-0.5204250948202972,1,320.0,192.0,179.58506608750147,-0.5204250948202972
14.763511896133423,2.2220001220703125,-140.40624509077523,-120.1272744521045,0.46570180748467743,-0.5208436093558302,1,320.0,192.0,179.59375490922477,-0.5208436093558302
14.773310661315918,2.2240002155303955,-140.39755626905193,-120.09110981686293,0.4660258887831354,-0.5212627993675955,1,320.0,195.0,179.60244373094807,-0.5212627993675955
14.783836126327515,2.2240002155303955,-138.7288065964658,-118.66998459131288,0.46192383926910235,-0.5163519039985223,1,320.0,195.0,181.2711934035342,-0.5163519039985223
14.793710708618164,2.2260000705718994,-138.70900808812615,-118.6245992775049,0.4622329613102472,-0.5167532889227772,1,320.0,195.0,181.29099191187385,-0.5167532889227772
14.80322527885437,2.2260000705718994,-138.6892095797865,-118.56889630570899,0.4625295314321882,-0.5171546131646005,1,320.0,195.0,181.3107904202135,-0.5171546131646005
14.813541173934937,2.2280001640319824,-138.66941107144686,-118.52349226304491,0.46283891375084296,-0.5175565701034478,1,320.0,197.0,181.33058892855314,-0.5175565701034478
14.823997497558594,2.2280001640319824,-136.97822707606713,-116.95721502751215,0.4582825685408852,-0.5125886115158276,1,320.0,197.0,183.02177292393287,-0.5125886115158276
14.833998680114746,2.2290000915527344,-136.94723169770594,-116.89653386993442,0.4585689157788628,-0.51297218746253,1,320.0,197.0,183.05276830229406,-0.51297218746253
14.843326091766357,2.2290000915527344,-136.91623631934476,-116.83071132738712,0.45884889111509986,-0.5133556681759255,1,320.0,197.0,183.08376368065524,-0.5133556681759255
14.853883266448975,2.2300000190734863,-136.88524094098358,-116.77002520264777,0.4591351355984788,-0.5137393958443128,1,320.0,200.0,183.11475905901642,-0.5137393958443128
14.863511800765991,2.2300000190734863,-135.06944112689,-115.18229997292651,0.4545216947426864,-0.5083844103868724,1,320.0,200.0,184.93055887311,-0.5083844103868724
14.873510122299194,2.2280001640319824,-135.02647453446738,-115.09599177374159,0.4547714696456084,-0.5087473818081577,1,320.0,200.0,184.97352546553262,-0.5087473818081577
14.883846759796143,2.2280001640319824,-134.98350794204475,-115.01996137733417,0.4550333444985153,-0.5091102213219867,1,320.0,200.0,185.01649205795525,-0.5091102213219867
14.894083023071289,2.2250001430511475,-134.94054134962212,-114.92847572084199,0.4552755302087214,-0.5094719168672213,1,320.0,202.0,185.05945865037788,-0.5094719168672213
14.903474569320679,2.2250001430511475,-133.12062454864738,-113.217973158543,0.4502763537580903,-0.504115315720272,1,320.0,202.0,186.87937545135262,-0.504115315720272
14.913737773895264,2.2210001945495605,-133.06572334640452,-113.11028849175962,0.45049240136858515,-0.5044556174628151,1,320.0,202.0,186.93427665359548,-0.5044556174628151
14.923122644424438,2.2210001945495605,-133.01082214416166,-113.02328041715501,0.45073299529750455,-0.5047957516194116,1,320.0,202.0,186.98917785583834,-0.5047957516194116
14.933922052383423,2.2130000591278076,-132.9559209419188,-112.89467620317551,0.4509210233630033,-0.5051330590266301,1,320.0,204.0,187.0440790580812,-0.5051330590266301
14.9432954788208,2.2130000591278076,-131.13395956233674,-111.28501486879267,0.4462545143950094,-0.49977882127453926,1,320.0,204.0,188.86604043766326,-0.49977882127453926
14.95364260673523,2.2060000896453857,-131.0671732005994,-111.15110282279586,0.4464289405397344,-0.5000938451970282,1,320.0,204.0,188.9328267994006,-0.5000938451970282
14.963288307189941,2.2060000896453857,-131.00038683886206,-111.05385345755533,0.44664706869450893,-0.5004086677586215,1,320.0,204.0,188.99961316113794,-0.5004086677586215
14.973206281661987,2.195000171661377,-130.9336004771247,-110.89848189435884,0.44679193208092505,-0.5007196883121527,1,320.0,206.0,189.0663995228753,-0.5007196883121527
14.98372483253479,2.195000171661377,-129.11170827327567,-109.38031450580635,0.4424255842701993,-0.4953725080979027,1,320.0,206.0,190.88829172672433,-0.4953725080979027
14.993511199951172,2.186000108718872,-129.0330998086933,-109.22546941006546,0.4425636237017982,-0.49566076111640744,1,320.0,206.0,190.9669001913067,-0.49566076111640744
15.003087043762207,2.186000108718872,-128.95449134411092,-109.11864897588829,0.44275897600465725,-0.4959487810607934,1,320.0,206.0,191.04550865588908,-0.4959487810607934
15.013998985290527,2.1710000038146973,-128.87588287952855,-108.93083219301167,0.4428524908774892,-0.4962317350516534,1,320.0,208.0,191.12411712047145,-0.4962317350516534
15.02334713935852,2.1710000038146973,-127.05618156108187,-107.28979838201755,0.4380925052361276,-0.49089654597179033,1,320.0,208.0,192.94381843891813,-0.49089654597179033
15.033736228942871,2.1600000858306885,-126.96582808159798,-107.112459875863,0.43819032518536605,-0.49115632272509024,1,320.0,208.0,193.03417191840202,-0.49115632272509024
15.043034315109253,2.1600000858306885,-126.87547460211408,-106.99528998850599,0.4383600076844629,-0.49141583745328016,1,320.0,208.0,193.12452539788592,-0.49141583745328016
15.053790807723999,2.142000198364258,-126.78512112263019,-106.77822164816348,0.4384043775518099,-0.49166938486157863,1,320.0,210.0,193.2148788773698,-0.49166938486157863
15.063608884811401,2.142000198364258,-124.96971187532593,-105.23475700024208,0.4339620289584656,-0.4863515545140116,1,320.0,210.0,195.0302881246741,-0.4863515545140116
15.073102951049805,2.130000114440918,-124.86770463637477,-105.04033759785689,0.43402546465936953,-0.4865818971285929,1,320.0,210.0,195.13229536362525,-0.4865818971285929
15.083909273147583,2.130000114440918,-124.76569739742361,-104.913532256169,0.43416967900798376,-0.48681195157269497,1,320.0,210.0,195.2343026025764,-0.48681195157269497
15.093867301940918,2.1110000610351562,-124.66369015847245,-104.67797072864708,0.43417774825462885,-0.48703579630439087,1,320.0,211.0,195.33630984152757,-0.48703579630439087
15.103362798690796,2.1110000610351562,-122.95707101567332,-103.12167222720223,0.4296953961807814,-0.48207274169203107,1,320.0,211.0,197.0429289843267,-0.48207274169203107
15.11350154876709,2.0970001220703125,-122.84420836030712,-102.90369536725937,0.42971603736479846,-0.48227420678450883,1,320.0,211.0,197.1557916396929,-0.48227420678450883
15.124074697494507,2.0970001220703125,-122.73134570494092,-102.76721931112996,0.429834105227766,-0.4824753623511198,1,320.0,211.0,197.2686542950591,-0.4824753623511198
15.134322881698608,2.077000141143799,-122.61848304957472,-102.51224813383826,0.4298041540792887,-0.4826700774735585,1,320.0,211.0,197.3815169504253,-0.4826700774735585
15.144058227539062,2.077000141143799,-122.50562039420852,-102.37577207770885,0.4299160296143769,-0.4828644887132577,1,320.0,213.0,197.4943796057915,-0.4828644887132577
15.15380048751831,2.063000202178955,-120.77223782949173,-100.70716686731137,0.42523951866623255,-0.4778123893899337,1,320.0,213.0,199.22776217050827,-0.4778123893899337
15.163216352462769,2.063000202178955,-120.64839853236307,-100.56088476437355,0.4253312207447967,-0.47798440541346043,1,320.0,213.0,199.35160146763693,-0.47798440541346043
15.173142910003662,2.0410001277923584,-120.52455923523442,-100.27938943667455,0.4252544034946042,-0.4781494634608211,1,320.0,214.0,199.47544076476558,-0.4781494634608211
15.184149503707886,2.0410001277923584,-118.92517010492963,-98.81494723173392,0.42107350361069096,-0.47353888147099193,1,320.0,214.0,201.07482989507037,-0.47353888147099193
15.193524599075317,2.0260000228881836,-118.79132808171212,-98.56571015445245,0.42102724017013937,-0.4736829708064578,1,320.0,214.0,201.20867191828788,-0.4736829708064578
15.203213930130005,2.0260000228881836,-118.65748605849461,-98.41049226761555,0.4210934016242327,-0.4738267168371265,1,320.0,214.0,201.3425139415054,-0.4738267168371265
15.214174509048462,2.0260000228881836,-118.5236440352771,-98.25527438077866,0.4211591649444373,-0.47397011956299795,1,320.0,215.0,201.4763559647229,-0.47397011956299795
15.223655939102173,2.004000186920166,-117.0178334810965,-96.73741598150957,0.41709200661723234,-0.46966287567729775,1,320.0,215.0,202.9821665189035,-0.46966287567729775
15.233762741088867,1.9890000820159912,-116.87467817108765,-96.47605714077073,0.4170169130794078,-0.46978006197102906,1,320.0,215.0,203.12532182891235,-0.46978006197102906
15.243035316467285,1.9890000820159912,-116.7315228610788,-96.3125441232425,0.41705883024346657,-0.4698968943132271,1,320.0,215.0,203.26847713892118,-0.4698968943132271
15.253352165222168,1.967000126838684,-116.58836755106995,-96.0025867732208,0.41691896770740683,-0.470006960356741,1,320.0,216.0,203.41163244893005,-0.470006960356741
15.264509439468384,1.967000126838684,-115.16955470382925,-94.60505589278183,0.4129544104750456,-0.46598167394029416,1,320.0,216.0,204.83044529617075,-0.46598167394029416
15.27389407157898,1.9510000944137573,-115.01772894903782,-94.3243903016592,0.41284186802590445,-0.46607293771226893,1,320.0,216.0,204.9822710509622,-0.46607293771226893
15.28332781791687,1.9510000944137573,-114.86590319424639,-94.15248985770278,0.41285943506001666,-0.4661638405184758,1,320.0,216.0,205.13409680575361,-0.4661638405184758
15.294148921966553,1.9290001392364502,-114.71407743945495,-93.82782542096312,0.41268775289312987,-0.46624807309751015,1,320.0,218.0,205.28592256054503,-0.46624807309751015
15.303835391998291,1.9290001392364502,-113.27501107154636,-92.41422938581408,0.40867124981293584,-0.4621564783562848,1,320.0,218.0,206.72498892845363,-0.4621564783562848
15.313220024108887,1.9130001068115234,-113.11442599558032,-92.12036964399164,0.4085288828910601,-0.46222195997266535,1,320.0,218.0,206.88557400441968,-0.46222195997266535
15.323627233505249,1.9130001068115234,-112.95384091961428,-91.94001980030879,0.4085223161983855,-0.46228707505356703,1,320.0,218.0,207.04615908038573,-0.46228707505356703
15.333959817886353,1.9130001068115234,-112.79325584364824,-91.75966995662594,0.40851533785714456,-0.4623518235989899,1,320.0,218.0,207.20674415635176,-0.4623518235989899
15.34409761428833,1.8910000324249268,-112.6326707676822,-91.41981749649972,0.40831115255587724,-0.46241001079109595,1,320.0,219.0,207.3673292323178,-0.46241001079109595
15.353410005569458,1.8760000467300415,-111.2679010836893,-89.87278391244746,0.4040861241935936,-0.45855558062808127,1,320.0,219.0,208.7320989163107,-0.45855558062808127
15.363877534866333,1.8760000467300415,-111.09911473019461,-89.68388270386896,0.4040558504568981,-0.45859634407812594,1,320.0,219.0,208.90088526980537,-0.45859634407812594
15.374006032943726,1.8760000467300415,-110.93032837669993,-89.49498149529049,0.40402516302653396,-0.4586367378860367,1,320.0,219.0,209.06967162330005,-0.4586367378860367
15.383829832077026,1.8530000448226929,-110.76154202320525,-89.13190910922339,0.4037795499694167,-0.4586703932626192,1,320.0,220.0,209.23845797679473,-0.4586703932626192
15.393304347991943,1.8380000591278076,-109.48309782630322,-87.67954634570728,0.3998753374570289,-0.4550975003923958,1,320.0,220.0,210.5169021736968,-0.4550975003923958
15.40303111076355,1.8380000591278076,-109.30675104967497,-87.48282825093305,0.39982255228141717,-0.45511488192004873,1,320.0,220.0,210.69324895032503,-0.45511488192004873
15.414993286132812,1.8380000591278076,-109.13040427304672,-87.28611015615883,0.3997693549813679,-0.4551318940011785,1,320.0,220.0,210.86959572695326,-0.4551318940011785
15.423429012298584,1.8160001039505005,-108.95405749641847,-86.91521452426583,0.399501587283313,-0.45514254417483185,1,320.0,222.0,211.04594250358153,-0.45514254417483185
15.433535814285278,1.8010001182556152,-107.65194818766415,-85.44599843818698,0.3955558346044599,-0.45149352336721044,1,320.0,222.0,212.34805181233585,-0.45149352336721044
15.443835735321045,1.8010001182556152,-107.4679278687186,-85.24143434670377,0.3954810536921601,-0.45148790354180457,1,320.0,222.0,212.53207213128138,-0.45148790354180457
15.454121351242065,1.8010001182556152,-107.28390754977306,-85.03687025522056,0.39540586314020654,-0.45148191521565567,1,320.0,222.0,212.71609245022694,-0.45148191521565567
15.464143991470337,1.7790000438690186,-107.09988723082752,-84.65013008190603,0.3951066310698474,-0.45146966787504894,1,320.0,222.0,212.9001127691725,-0.45146966787504894
15.47331690788269,1.7640000581741333,-105.98329009884674,-83.16671659519267,0.39112900979398124,-0.4484242532300482,1,320.0,222.0,214.01670990115326,-0.4484242532300482
15.483704805374146,1.7640000581741333,-105.79291002594744,-82.95429792526745,0.3910325501111727,-0.4483978616161046,1,320.0,222.0,214.20708997405256,-0.4483978616161046
15.49448299407959,1.7640000581741333,-105.60252995304813,-82.74187925534224,0.3909356847086737,-0.4483711063761941,1,320.0,222.0,214.39747004695187,-0.4483711063761941
15.503149271011353,1.7430000305175781,-105.41214988014883,-82.34750841326462,0.3906154002013409,-0.44833845336515965,1,320.0,223.0,214.58785011985117,-0.44833845336515965
15.513736009597778,1.7280000448226929,-104.36172615937389,-80.95469176130472,0.3869473638582456,-0.44550748331140066,1,320.0,223.0,215.6382738406261,-0.44550748331140066
15.523095607757568,1.7280000448226929,-104.16547808666748,-80.73512644501677,0.38683082341787683,-0.4454615668059432,1,320.0,223.0,215.83452191333254,-0.4454615668059432
15.534646272659302,1.7280000448226929,-103.96923001396107,-80.51556112872883,0.3867138833686079,-0.4454152931289713,1,320.0,223.0,216.03076998603893,-0.4454152931289713
15.543285608291626,1.7070001363754272,-103.77298194125466,-80.10553586531401,0.3863634396144632,-0.445363214222685,1,320.0,224.0,216.22701805874533,-0.445363214222685
15.553893327713013,1.693000078201294,-102.7836358443179,-78.80447862554432,0.3828338685095969,-0.44236332224009245,1,320.0,224.0,217.2163641556821,-0.44236332224009245
15.563283443450928,1.693000078201294,-102.58197385004553,-78.5784172794561,0.3827003144293343,-0.4423004627549056,1,320.0,224.0,217.41802614995447,-0.4423004627549056
15.574825048446655,1.693000078201294,-102.38031185577316,-78.35235593336789,0.38256636869774546,-0.4422372538902742,1,320.0,224.0,217.61968814422684,-0.4422372538902742
15.583783388137817,1.6710001230239868,-102.17864986150079,-77.91734678859511,0.38170726586064724,-0.4410292888236146,1,320.0,225.0,217.8213501384992,-0.4410292888236146
15.593213319778442,1.6710001230239868,-101.24577291813364,-76.72593687585378,0.37851073675527236,-0.43864475526259944,1,320.0,225.0,218.75422708186636,-0.43864475526259944
15.60366702079773,1.6570000648498535,-101.0391169897633,-76.3571173243999,0.3779495550407077,-0.43787746315017456,1,320.0,225.0,218.9608830102367,-0.43787746315017456
15.61436128616333,1.6570000648498535,-100.83246106139296,-76.12446299613946,0.37780540841063565,-0.4378039795612892,1,320.0,225.0,219.16753893860704,-0.4378039795612892
15.62391185760498,1.6360000371932983,-100.62580513302262,-75.68271813958278,0.3770467427697487,-0.43669667404031665,1,320.0,226.0,219.37419486697738,-0.43669667404031665
15.63341760635376,1.6360000371932983,-99.74520929020986,-74.47483951607293,0.3739005461334167,-0.4345471048520601,1,320.0,226.0,220.25479070979014,-0.4345471048520601
15.644042491912842,1.6230000257492065,-99.53394840716594,-74.10307654688455,0.37340808203019893,-0.43385479261806237,1,320.0,226.0,220.46605159283405,-0.43385479261806237
15.655138969421387,1.6230000257492065,-99.32268752412202,-73.8637586220928,0.3732543708033043,-0.4337722417331768,1,320.0,226.0,220.67731247587798,-0.4337722417331768
15.663719892501831,1.602000117301941,-99.1114266410781,-73.40544758654855,0.3725650686674873,-0.4327119423973006,1,320.0,227.0,220.88857335892192,-0.4327119423973006
15.673207521438599,1.602000117301941,-98.27928943251898,-72.28613020884092,0.369783053040949,-0.4307735301902193,1,320.0,227.0,221.72071056748104,-0.4307735301902193
15.683729887008667,1.5880000591278076,-98.06378424043481,-71.8912216139158,0.36930789043478834,-0.4300645117419838,1,320.0,227.0,221.9362157595652,-0.4300645117419838
15.69378113746643,1.5880000591278076,-97.84827904835065,-71.64588801501966,0.3691484362967058,-0.4299768144988264,1,320.0,227.0,222.15172095164934,-0.4299768144988264
15.703362226486206,1.568000078201294,-97.63277385626648,-71.18171711102482,0.3685532247414825,-0.429013665315765,1,320.0,228.0,222.36722614373352,-0.429013665315765
15.713834762573242,1.568000078201294,-96.84559316795166,-70.04258162926172,0.3658096109609219,-0.4272743460881511,1,320.0,228.0,223.15440683204832,-0.4272743460881511
15.723082304000854,1.5540000200271606,-96.6261783185482,-69.63421220218402,0.3653831062474304,-0.426600133325683,1,320.0,228.0,223.3738216814518,-0.426600133325683
15.734151124954224,1.5540000200271606,-96.40676346914474,-69.38276594130325,0.36522215603233826,-0.4265134802152212,1,320.0,228.0,223.59323653085528,-0.4265134802152212
15.743719577789307,1.534000039100647,-96.18734861974127,-68.90159760184248,0.3646975564568844,-0.4255998260454843,1,320.0,229.0,223.81265138025873,-0.4255998260454843
15.753195762634277,1.534000039100647,-95.44190512182122,-67.8477005537427,0.36229039838751437,-0.4240418754893348,1,320.0,229.0,224.5580948781788,-0.4240418754893348
15.763596057891846,1.5210000276565552,-95.21889133712702,-67.43782399891188,0.3619260942887611,-0.4234410563254741,1,320.0,229.0,224.78110866287298,-0.4234410563254741
15.773375988006592,1.5210000276565552,-94.99587755243282,-67.1808876027213,0.36176453355254856,-0.42335585306146206,1,320.0,229.0,225.00412244756717,-0.42335585306146206
15.783915519714355,1.5000001192092896,-94.77286376773861,-66.67062675493597,0.3612923962941978,-0.4224509110796295,1,320.0,230.0,225.2271362322614,-0.4224509110796295
15.793301343917847,1.5000001192092896,-94.06618949850257,-65.59403463282392,0.35891170664691363,-0.4210577589908651,1,320.0,230.0,225.93381050149742,-0.4210577589908651
15.80387282371521,1.4870001077651978,-93.83986540612484,-65.17064955902416,0.35859213469332607,-0.42048782929317097,1,320.0,230.0,226.16013459387517,-0.42048782929317097
15.813496828079224,1.4870001077651978,-93.61354131374712,-64.90810320970718,0.3584303635730714,-0.42040486770157487,1,320.0,230.0,226.38645868625287,-0.42040486770157487
15.824142217636108,1.467000126838684,-93.3872172213694,-64.39186550167481,0.35804231911067363,-0.41958544344332394,1,320.0,231.0,226.61278277863062,-0.41958544344332394
15.833749532699585,1.467000126838684,-92.7165691295164,-63.29638663135981,0.3556992840386991,-0.4183405662724044,1,320.0,231.0,227.28343087048358,-0.4183405662724044
15.843061447143555,1.4540001153945923,-92.48720290626686,-62.85903247614499,0.355425293416497,-0.4178006060953585,1,320.0,231.0,227.51279709373313,-0.4178006060953585
15.853812456130981,1.4540001153945923,-92.25783668301732,-62.5907833294566,0.35526326987459594,-0.41772017744693535,1,320.0,231.0,227.74216331698267,-0.41772017744693535
15.86358380317688,1.434000015258789,-92.02847045976777,-62.055632628632466,0.35494595307541377,-0.41694566298282754,1,320.0,232.0,227.9715295402322,-0.41694566298282754
15.873036623001099,1.434000015258789,-91.3913079597491,-61.04597756232573,0.3529088483609619,-0.41583549263649133,1,320.0,232.0,228.6086920402509,-0.41583549263649133
15.883759260177612,1.4210001230239868,-91.15914881353218,-60.594626940964396,0.35267876026090006,-0.41532484657334623,1,320.0,232.0,228.84085118646783,-0.41532484657334623
15.894643068313599,1.4210001230239868,-90.92698966731527,-60.32130003918355,0.3525175081007929,-0.4152474184556203,1,320.0,232.0,229.07301033268473,-0.4152474184556203
15.903693437576294,1.4010000228881836,-90.69483052109835,-59.766803816183234,0.3522677665071535,-0.41451653794989857,1,320.0,232.0,229.30516947890163,-0.41451653794989857
15.913168907165527,1.4010000228881836,-90.18998500153965,-58.73512408782371,0.35025608069698827,-0.4137761636883729,1,320.0,232.0,229.81001499846036,-0.4137761636883729
15.923762321472168,1.3880000114440918,-89.95595773810338,-58.26893126424636,0.35007114558168273,-0.4132913998509332,1,320.0,232.0,230.0440422618966,-0.4132913998509332
15.933349370956421,1.3880000114440918,-89.7219304746671,-57.99040904611611,0.3499108034623649,-0.41321816653403554,1,320.0,232.0,230.2780695253329,-0.41321816653403554
15.944886922836304,1.3690000772476196,-89.48790321123083,-57.43034036341409,0.34973141124265783,-0.4125559435552166,1,320.0,233.0,230.51209678876916,-0.4125559435552166
15.953487873077393,1.3690000772476196,-89.00220971967,-56.481437786501246,0.34799352775772235,-0.41189271842277125,1,320.0,233.0,230.99779028032998,-0.41189271842277125
15.964263677597046,1.3560000658035278,-88.76645789590215,-56.000529666841445,0.34785173979257855,-0.4114332288897883,1,320.0,233.0,231.23354210409786,-0.4114332288897883
15.974873542785645,1.3560000658035278,-88.5307060721343,-55.71741362067776,0.34769296855886345,-0.4113642213722379,1,320.0,233.0,231.4692939278657,-0.4113642213722379
15.984010696411133,1.3360000848770142,-88.29495424836644,-55.12146374888073,0.3475786682822096,-0.41070772082076407,1,320.0,235.0,231.70504575163358,-0.41070772082076407
15.99356985092163,1.3360000848770142,-87.72598639207072,-54.24887121506444,0.3460861170409018,-0.409886313847606,1,320.0,235.0,232.27401360792928,-0.409886313847606
16.003248929977417,1.3230000734329224,-87.4879506509434,-53.75260262484715,0.3459863400814519,-0.4094548203538032,1,320.0,235.0,232.5120493490566,-0.4094548203538032
16.014342546463013,1.3230000734329224,-87.24991490981608,-53.46544621011858,0.34583020850035867,-0.4093897917937405,1,320.0,235.0,232.75008509018392,-0.4093897917937405
16.02328634262085,1.3040000200271606,-87.01187916868876,-52.864114719765624,0.34577418461270903,-0.4088018487774001,1,320.0,235.0,232.98812083131122,-0.4088018487774001
16.033825874328613,1.3040000200271606,-86.57042760365034,-51.960720614794994,0.34427663835528144,-0.408296475983421,1,320.0,235.0,233.42957239634967,-0.408296475983421
16.043243646621704,1.2920000553131104,-86.33099732838735,-51.46548039970007,0.34421222016455744,-0.4079157903252954,1,320.0,235.0,233.66900267161265,-0.4079157903252954
16.05378770828247,1.2920000553131104,-86.09156705312436,-51.174099316122195,0.34405820747922067,-0.4078552988846232,1,320.0,235.0,233.90843294687562,-0.4078552988846232
16.063365936279297,1.2730000019073486,-85.85213677786138,-50.55094916715776,0.3440640922539874,-0.4073005501189982,1,320.0,236.0,234.14786322213862,-0.4073005501189982
16.073720932006836,1.2730000019073486,-85.42547456957377,-49.72203919782003,0.34278565704443953,-0.4068507804271397,1,320.0,236.0,234.57452543042623,-0.4068507804271397
16.083438873291016,1.2600001096725464,-85.18476047534425,-49.19337145100364,0.3427702376589037,-0.4064674071874227,1,320.0,236.0,234.81523952465574,-0.4064674071874227
16.093891620635986,1.2600001096725464,-84.94404638111473,-48.898304619127146,0.3426193342912455,-0.4064118805189802,1,320.0,236.0,235.05595361888527,-0.4064118805189802
16.10380792617798,1.2420001029968262,-84.70333228688521,-48.27052053831096,0.34267355564574203,-0.40591454605854443,1,320.0,237.0,235.2966677131148,-0.40591454605854443
16.11358141899109,1.2420001029968262,-84.29045318015358,-47.5101797525564,0.34158875080934675,-0.4055156060833976,1,320.0,237.0,235.70954681984642,-0.4055156060833976
16.123641967773438,1.2290000915527344,-84.04855838897099,-46.964657827333795,0.3416132176036015,-0.4051557195035031,1,320.0,237.0,235.951441611029,-0.4051557195035031
16.13322901725769,1.2290000915527344,-83.8066635977884,-46.666400175605446,0.3414657873484487,-0.40510508817398155,1,320.0,237.0,236.1933364022116,-0.40510508817398155
16.14389967918396,1.2110000848770142,-83.56476880660581,-46.0156784525345,0.34157431208164873,-0.4046384545699265,1,320.0,238.0,236.4352311933942,-0.4046384545699265
16.15326166152954,1.2110000848770142,-83.164732315109,-45.21734409209107,0.3404648444042311,-0.40428597427000607,1,320.0,238.0,236.835267684891,-0.40428597427000607
16.163554430007935,1.1990000009536743,-82.92175284659326,-44.673894118565954,0.3405144409954032,-0.4039714739867677,1,320.0,238.0,237.07824715340672,-0.4039714739867677
16.17309260368347,1.1990000009536743,-82.67877337807752,-44.37220649315131,0.3403701196546904,-0.40392564949811055,1,320.0,238.0,237.32122662192248,-0.40392564949811055
16.18391442298889,1.1810001134872437,-82.43579390956178,-43.69722476206767,0.3405348939597193,-0.4034890262991568,1,320.0,239.0,237.56420609043823,-0.4034890262991568
16.193309783935547,1.1810001134872437,-82.04772062133937,-42.96658745731926,0.3396008233053668,-0.40317836955050823,1,320.0,239.0,237.95227937866065,-0.40317836955050823
16.203402280807495,1.1690000295639038,-81.80374584975155,-42.40569194423908,0.33968748676562766,-0.4028852059402608,1,320.0,239.0,238.19625415024845,-0.4028852059402608
16.214071035385132,1.1690000295639038,-81.55977107816373,-42.10106184384878,0.33954684081222625,-0.4028443264674729,1,320.0,239.0,238.44022892183625,-0.4028443264674729
16.223276138305664,1.1510000228881836,-81.31579630657592,-41.60019720965826,0.3398961947856373,-0.40243728303548987,1,320.0,239.0,238.68420369342408,-0.40243728303548987
16.23375415802002,1.1510000228881836,-81.03991111691084,-40.931776286739336,0.33911626548183715,-0.40234361256100387,1,320.0,239.0,238.96008888308916,-0.40234361256100387
16.243802547454834,1.1390000581741333,-80.79571742627465,-40.62465042648526,0.3394111440152388,-0.40206886919854534,1,320.0,239.0,239.20428257372535,-0.40206886919854534
16.25339937210083,1.1390000581741333,-80.55152373563845,-40.317524566231185,0.339275366859519,-0.4020336567016265,1,320.0,239.0,239.44847626436155,-0.4020336567016265
16.264227390289307,1.121000051498413,-80.30733004500226,-40.01039870597711,0.33980100845491795,-0.4016514174526575,1,320.0,241.0,239.69266995499774,-0.4016514174526575
16.273672342300415,1.121000051498413,-79.93104151100925,-39.39909705856983,0.33915648874540355,-0.40139693488376266,1,320.0,241.0,240.06895848899075,-0.40139693488376266
16.283639192581177,1.1090000867843628,-79.68594151492698,-39.08988424196334,0.33948166088725257,-0.401143326025561,1,320.0,241.0,240.31405848507302,-0.401143326025561
16.293153047561646,1.1090000867843628,-79.4408415188447,-38.78067142535685,0.3393515212622424,-0.4011132213689544,1,320.0,241.0,240.5591584811553,-0.4011132213689544
16.303777933120728,1.0920000076293945,-79.19574152276243,-38.47145860875036,0.3398810605659618,-0.4007780950213005,1,320.0,241.0,240.80425847723757,-0.4007780950213005
16.31361436843872,1.0920000076293945,-78.93086436235717,-38.01357381754682,0.3395160360810873,-0.40071960023929354,1,320.0,241.0,241.06913563764283,-0.40071960023929354
16.32359004020691,1.0800000429153442,-78.6856286649417,-37.703340885779724,0.3398671904927972,-0.4004839293089706,1,320.0,241.0,241.3143713350583,-0.4004839293089706
16.33379602432251,1.0800000429153442,-78.44039296752624,-37.39310795401263,0.33974334504098946,-0.4004593531833965,1,320.0,241.0,241.55960703247376,-0.4004593531833965
16.343863487243652,1.0630000829696655,-78.19515727011077,-37.08287502224553,0.3403071137032032,-0.40014734392106677,1,320.0,242.0,241.80484272988923,-0.40014734392106677
16.353361129760742,1.0630000829696655,-77.93020413669986,-36.562201788078546,0.33986557138825685,-0.40009602718234044,1,320.0,242.0,242.06979586330016,-0.40009602718234044
16.363816261291504,1.0520000457763672,-77.6848331397744,-36.25052483134776,0.3402028304306665,-0.3998946470096142,1,320.0,242.0,242.3151668602256,-0.3998946470096142
16.373733043670654,1.0520000457763672,-77.43946214284894,-35.938847874616975,0.3400846930080956,-0.3998753614012934,1,320.0,242.0,242.56053785715108,-0.3998753614012934
16.38329553604126,1.0350000858306885,-77.19409114592348,-35.62717091788619,0.3406850515366112,-0.3995862355588445,1,320.0,243.0,242.8059088540765,-0.3995862355588445
16.393805027008057,1.0350000858306885,-76.92911096998385,-35.05006884562779,0.3401852629681206,-0.39954186699841354,1,320.0,243.0,243.07088903001613,-0.39954186699841354
16.40325403213501,1.0230000019073486,-76.68360541001445,-34.73657047600366,0.3405933060945868,-0.3993418590412284,1,320.0,243.0,243.31639458998555,-0.3993418590412284
16.414196014404297,1.0230000019073486,-76.43809985004505,-34.423072106379536,0.34048098105483504,-0.39932811678267116,1,320.0,243.0,243.56190014995497,-0.39932811678267116
16.42383337020874,1.00600004196167,-76.19259429007565,-34.10957373675541,0.3411206893119012,-0.3990621313861657,1,320.0,244.0,243.80740570992435,-0.3990621313861657
16.43327045440674,1.00600004196167,-75.92763120074797,-33.58294810930726,0.3407195739771315,-0.39902506029007134,1,320.0,244.0,244.07236879925205,-0.39902506029007134
16.443512201309204,0.9950000643730164,-75.68199211344911,-33.26798715350129,0.34111029945169113,-0.39885729578644447,1,320.0,244.0,244.3180078865509,-0.39885729578644447
16.45301055908203,0.9950000643730164,-75.43635302615026,-32.953026197695316,0.3410038232975888,-0.3988488589519582,1,320.0,244.0,244.56364697384976,-0.3988488589519582
16.46380877494812,0.9790000319480896,-75.1907139388514,-32.63806524188934,0.34158841027543274,-0.3986333386400081,1,320.0,245.0,244.8092860611486,-0.3986333386400081
16.473185777664185,0.9790000319480896,-74.92580761837657,-32.15761567438016,0.3412697472143901,-0.3986027053062907,1,320.0,245.0,245.07419238162345,-0.3986027053062907
16.4837965965271,0.968000054359436,-74.6800363059834,-31.841519021139604,0.3411657830993663,-0.39859675513080095,1,320.0,245.0,245.3199636940166,-0.39859675513080095
16.493316173553467,0.968000054359436,-74.43426499359025,-31.525422367899047,0.3410613448393626,-0.3985904362983426,1,320.0,245.0,245.56573500640974,-0.3985904362983426
16.50388193130493,0.9510000348091125,-74.18849368119709,-31.20932571465849,0.3409564324343792,-0.3985837488089157,1,320.0,247.0,245.8115063188029,-0.3985837488089157
16.513325214385986,0.9510000348091125,-73.82265417512957,-30.771056300703933,0.3406916056357822,-0.3984199989564882,1,320.0,247.0,246.17734582487043,-0.3984199989564882
16.523903608322144,0.9410000443458557,-73.57605885547993,-30.454121196927126,0.34058515796776473,-0.39841199729133964,1,320.0,247.0,246.4239411445201,-0.39841199729133964
16.533350467681885,0.9410000443458557,-73.32946353583029,-30.13718609315032,0.34047823489709156,-0.39840362573321153,1,320.0,247.0,246.67053646416971,-0.39840362573321153
16.544087648391724,0.9240000247955322,-73.08286821618064,-29.820250989373513,0.34037083642376276,-0.398394884282104,1,320.0,247.0,246.91713178381934,-0.398394884282104
16.553727626800537,0.9240000247955322,-72.82790118146855,-29.319426050295363,0.3400229772003206,-0.39837484743501245,1,320.0,247.0,247.17209881853145,-0.39837484743501245
16.56352972984314,0.9140000343322754,-72.58124840746721,-29.001228926587224,0.3399137444243306,-0.398365325976103,1,320.0,247.0,247.41875159253277,-0.398365325976103
16.572882413864136,0.9140000343322754,-72.33459563346588,-28.683031802879086,0.339804034352655,-0.3983554345380325,1,320.0,247.0,247.66540436653412,-0.3983554345380325
16.583497047424316,0.8980000615119934,-72.08794285946455,-28.364834679170947,0.3396938469852938,-0.3983451731208011,1,320.0,248.0,247.91205714053547,-0.3983451731208011
16.59413456916809,0.8980000615119934,-71.83240578506951,-27.908757102730966,0.3394032407831124,-0.3983229472260203,1,320.0,248.0,248.1675942149305,-0.3983229472260203
16.603405714035034,0.8880000710487366,-71.58569203850361,-27.589613711513287,0.3392914363758952,-0.39831190316572646,1,320.0,248.0,248.41430796149638,-0.39831190316572646
16.613829374313354,0.8880000710487366,-71.3389782919377,-27.27047032029561,0.33917915325359116,-0.39830048903481263,1,320.0,248.0,248.6610217080623,-0.39830048903481263
16.623400688171387,0.8720000386238098,-71.0922645453718,-26.95132692907793,0.3390663914162003,-0.3982887048332791,1,320.0,249.0,248.9077354546282,-0.3982887048332791
16.633837699890137,0.8720000386238098,-70.83622997472756,-26.43505499891834,0.3386958871742677,-0.39826438636813755,1,320.0,249.0,249.16377002527244,-0.39826438636813755
16.64342713356018,0.862000048160553,-70.58945225969337,-26.11455872188438,0.3385812207993742,-0.3982518172433107,1,320.0,249.0,249.41054774030664,-0.3982518172433107
16.653925895690918,0.862000048160553,-70.34267454465919,-25.794062444850418,0.33846607368006515,-0.3982388779519113,1,320.0,249.0,249.6573254553408,-0.3982388779519113
16.663705825805664,0.8460000157356262,-70.095896829625,-25.473566167816458,0.3383504458163406,-0.3982255684939393,1,320.0,251.0,249.90410317037498,-0.3982255684939393
16.67311930656433,0.8460000157356262,-69.73840923839767,-24.903184868039787,0.3379082241260465,-0.3980674066649234,1,320.0,251.0,250.26159076160235,-0.3980674066649234
16.683988571166992,0.8360000252723694,-69.4908717283711,-24.580973645641627,0.33779043419976384,-0.3980528249677032,1,320.0,251.0,250.5091282716289,-0.3980528249677032
16.693777084350586,0.8360000252723694,-69.24333421834454,-24.258762423243468,0.3376721609566476,-0.39803787196421797,1,320.0,251.0,250.75666578165544,-0.39803787196421797
16.703884840011597,0.8210000395774841,-68.99579670831798,-23.936551200845308,0.3375534043966977,-0.3980225476544677,1,320.0,252.0,251.00420329168202,-0.3980225476544677
16.713462352752686,0.8210000395774841,-68.6476622336054,-23.418706501115025,0.3371788537671358,-0.39787556833828275,1,320.0,252.0,251.3523377663946,-0.39787556833828275
16.723583936691284,0.8110000491142273,-68.3994343380649,-23.095152668438175,0.33705819065645354,-0.3978590180999304,1,320.0,252.0,251.6005656619351,-0.3978590180999304
16.73305058479309,0.8110000491142273,-68.15120644252441,-22.771598835761324,0.3369370422150223,-0.39784209551973465,1,320.0,252.0,251.84879355747557,-0.39784209551973465
16.743672847747803,0.796000063419342,-67.90297854698392,-22.448045003084474,0.3367817363753374,-0.39772294612987524,1,320.0,252.0,252.09702145301608,-0.39772294612987524
16.75318670272827,0.796000063419342,-67.66455185961802,-21.877187115993543,0.3363040604396075,-0.39761657298190994,1,320.0,252.0,252.33544814038197,-0.39761657298190994
16.763645887374878,0.7860000133514404,-67.41639122792726,-21.551936082067307,0.33614793994332287,-0.3974974558786984,1,320.0,252.0,252.58360877207275,-0.3974974558786984
16.773098707199097,0.7860000133514404,-67.16823059623651,-21.22668504814107,0.33599181944703826,-0.39737833877548684,1,320.0,252.0,252.83176940376347,-0.39737833877548684
16.78399133682251,0.7710000276565552,-66.92006996454576,-20.901434014214836,0.33583569895075366,-0.3972592216722753,1,320.0,253.0,253.07993003545425,-0.3972592216722753
16.79372787475586,0.7710000276565552,-66.67998390577432,-20.18205812773933,0.3351658263309616,-0.397150629987486,1,320.0,253.0,253.32001609422568,-0.397150629987486
16.80362892150879,0.7620000243186951,-66.43187868761208,-19.8541023255274,0.33500840754589983,-0.39703153948276815,1,320.0,253.0,253.56812131238792,-0.39703153948276815
16.813214778900146,0.7620000243186951,-66.18377346944985,-19.526146523315468,0.33485098876083813,-0.3969124489780503,1,320.0,253.0,253.81622653055015,-0.3969124489780503
16.823930263519287,0.7470000386238098,-65.93566825128761,-19.198190721103536,0.3346935699757764,-0.3967933584733324,1,320.0,255.0,254.0643317487124,-0.3967933584733324
16.83332371711731,0.7470000386238098,-65.59304184520845,-18.446133776724544,0.3339833296693051,-0.3965510583336613,1,320.0,255.0,254.40695815479154,-0.3965510583336613
16.843013763427734,0.7380000352859497,-65.34428796483994,-18.115267533069535,0.3338245138723507,-0.39643165647108436,1,320.0,255.0,254.65571203516006,-0.39643165647108436
16.853434562683105,0.7380000352859497,-65.09553408447142,-17.784401289414525,0.3336656980753963,-0.3963122546085075,1,320.0,255.0,254.9044659155286,-0.3963122546085075
16.863991498947144,0.7230000495910645,-64.84678020410291,-17.453535045759516,0.3335068822784419,-0.3961928527459306,1,320.0,256.0,255.1532197958971,-0.3961928527459306
16.873392820358276,0.7230000495910645,-64.51248506029954,-16.571755736659384,0.3326299518439037,-0.39596194793081374,1,320.0,256.0,255.48751493970047,-0.39596194793081374
16.883721113204956,0.7140000462532043,-64.2631441537136,-16.23710885661962,0.3324693213414846,-0.3958422642956525,1,320.0,256.0,255.7368558462864,-0.3958422642956525
16.893098831176758,0.7140000462532043,-64.01380324712765,-15.902461976579858,0.33230869083906556,-0.3957225806604912,1,320.0,256.0,255.98619675287233,-0.3957225806604912
16.904152631759644,0.7000000476837158,-63.76446234054171,-15.567815096540095,0.33214806033664646,-0.39560289702532997,1,320.0,257.0,256.23553765945826,-0.39560289702532997
16.91364049911499,0.7000000476837158,-63.437896297891214,-14.569694834518224,0.33112260322861753,-0.3953825516995807,1,320.0,257.0,256.5621037021088,-0.3953825516995807
16.92387342453003,0.6910000443458557,-63.188025444427964,-14.230494959626306,0.3309597872886694,-0.39526261368991833,1,320.0,257.0,256.811974555572,-0.39526261368991833
16.933331727981567,0.6910000443458557,-62.938154590964714,-13.891295084734388,0.3307969713487213,-0.39514267568025596,1,320.0,257.0,257.0618454090353,-0.39514267568025596
16.94342803955078,0.6770000457763672,-62.688283737501465,-13.55209520984247,0.33063415540877317,-0.39502273767059365,1,320.0,258.0,257.3117162624985,-0.39502273767059365
16.953877210617065,0.6770000457763672,-62.368883619111074,-12.449995385423613,0.3294769244545801,-0.39481217054892803,1,320.0,258.0,257.6311163808889,-0.39481217054892803
16.96365451812744,0.6680000424385071,-62.1185356401075,-12.105560318544427,0.32931159562247814,-0.3946920035190063,1,320.0,258.0,257.8814643598925,-0.3946920035190063
16.973074913024902,0.6680000424385071,-61.86818766110393,-11.761125251665241,0.3291462667903761,-0.39457183648908456,1,320.0,258.0,258.13181233889605,-0.39457183648908456
16.983399152755737,0.6540000438690186,-61.61783968210036,-11.416690184786056,0.3289809379582741,-0.3944516694591629,1,320.0,260.0,258.38216031789966,-0.3944516694591629
16.994035720825195,0.6540000438690186,-61.20406121769571,-10.222020216643799,0.327707370291157,-0.3941184789336427,1,320.0,260.0,258.7959387823043,-0.3941184789336427
17.003777027130127,0.6450000405311584,-60.95259176483709,-9.87175076574454,0.32753924095472536,-0.3939977735962706,1,320.0,260.0,259.0474082351629,-0.3939977735962706
17.013434171676636,0.6450000405311584,-60.701122311978466,-9.521481314845282,0.3273711116182937,-0.39387706825889846,1,320.0,260.0,259.29887768802155,-0.39387706825889846
17.024141311645508,0.6310000419616699,-60.449652859119844,-9.171211863946024,0.32720298228186206,-0.3937563629215263,1,320.0,262.0,259.55034714088015,-0.3937563629215263
17.03383779525757,0.6310000419616699,-59.950726542850155,-7.793475939349808,0.3256956194029161,-0.39331311418221415,1,320.0,262.0,260.04927345714987,-0.39331311418221415
17.04397964477539,0.6220000386238098,-59.69755905576235,-7.436156074824385,0.3255241058679439,-0.39319159378841206,1,320.0,262.0,260.3024409442377,-0.39319159378841206
17.053377628326416,0.6220000386238098,-59.44439156867454,-7.078836210298963,0.32535259233297165,-0.39307007339460986,1,320.0,262.0,260.5556084313255,-0.39307007339460986
17.063173532485962,0.609000027179718,-59.19122408158673,-6.721516345773541,0.32518107879799946,-0.3929485530008077,1,320.0,263.0,260.8087759184133,-0.3929485530008077
17.073530435562134,0.609000027179718,-58.71670684070316,-5.180130105265615,0.3234662350308524,-0.3925385219509759,1,320.0,263.0,261.2832931592968,-0.3925385219509759
17.08310842514038,0.6000000238418579,-58.46202049716362,-4.814685420975998,0.3232908215823934,-0.39241627250607686,1,320.0,263.0,261.5379795028364,-0.39241627250607686
17.093457460403442,0.6000000238418579,-58.20733415362408,-4.449240736686381,0.3231154081339344,-0.3922940230611779,1,320.0,263.0,261.79266584637594,-0.3922940230611779
17.103297233581543,0.5860000252723694,-57.95264781008454,-4.083796052396764,0.3229399946854754,-0.3921717736162789,1,320.0,265.0,262.04735218991544,-0.3921717736162789
17.11376953125,0.5860000252723694,-57.399697272795784,-2.3966807416887406,0.32104191874639904,-0.3916607672991338,1,320.0,265.0,262.6003027272042,-0.3916607672991338
17.123331308364868,0.5770000219345093,-57.14296434542919,-2.0221672191496545,0.3208621522555803,-0.39153753549399783,1,320.0,265.0,262.85703565457084,-0.39153753549399783
17.13369393348694,0.5770000219345093,-56.8862314180626,-1.6476536966105684,0.32068238576476155,-0.3914143036888619,1,320.0,265.0,263.1137685819374,-0.3914143036888619
17.14390277862549,0.5640000104904175,-56.62949849069601,-1.2731401740714823,0.32050261927394275,-0.3912910718837259,1,320.0,268.0,263.370501509304,-0.3912910718837259
17.153489589691162,0.5640000104904175,-55.905115948348836,0.5431771465210744,0.318443634184756,-0.39055831480533326,1,320.0,268.0,264.09488405165115,-0.39055831480533326
17.163714170455933,0.5550000071525574,-55.64517424216503,0.9275836088543485,0.31825911908283605,-0.390433542786365,1,320.0,268.0,264.354825757835,-0.390433542786365
17.173230409622192,0.5550000071525574,-55.38523253598122,1.3119900711876227,0.3180746039809161,-0.3903087707673968,1,320.0,268.0,264.61476746401877,-0.3903087707673968
17.183310985565186,0.5420000553131104,-55.12529082979741,1.6963965335208968,0.3178900888789961,-0.3901839987484286,1,320.0,268.0,264.8747091702026,-0.3901839987484286
17.193905353546143,0.5420000553131104,-54.8653491236136,2.080802995854171,0.31770557377707614,-0.3900592267294603,1,320.0,270.0,265.1346508763864,-0.3900592267294603
17.20310139656067,0.534000039100647,-54.10249320619632,4.214087986707881,0.31524225429651187,-0.38927915299116067,1,320.0,270.0,265.8975067938037,-0.38927915299116067
17.213698387145996,0.534000039100647,-53.83910230919635,4.610488971415773,0.3150519818238521,-0.3891527253606007,1,320.0,270.0,266.16089769080367,-0.3891527253606007
17.223634719848633,0.5210000276565552,-53.57571141219638,5.006889956123665,0.3148617093511923,-0.3890262977300407,1,320.0,272.0,266.42428858780363,-0.3890262977300407
17.233099222183228,0.5210000276565552,-52.75101899735305,7.315309104625657,0.3121803185554356,-0.3881685650719662,1,320.0,272.0,267.24898100264693,-0.3881685650719662
17.24341058731079,0.5120000243186951,-52.48377909786183,7.724821336037515,0.3119837526843579,-0.3880402899202104,1,320.0,272.0,267.5162209021382,-0.3880402899202104
17.25413489341736,0.5120000243186951,-52.216539198370604,8.134333567449373,0.3117871868132802,-0.3879120147684546,1,320.0,272.0,267.7834608016294,-0.3879120147684546
17.26367473602295,0.49900001287460327,-51.94929929887938,8.54384579886123,0.3115906209422025,-0.3877837396166988,1,320.0,272.0,268.0507007011206,-0.3877837396166988
17.273082494735718,0.49900001287460327,-51.68205939938816,8.953358030273089,0.31139405507112483,-0.38765546446494303,1,320.0,275.0,268.31794060061185,-0.38765546446494303
17.283557653427124,0.4910000264644623,-50.726135910459156,11.532033400020799,0.3083718292649131,-0.38663007577097963,1,320.0,275.0,269.27386408954084,-0.38663007577097963
17.292896509170532,0.4910000264644623,-50.454174799140624,11.95641614500543,0.3081681255473204,-0.38649953443754675,1,320.0,275.0,269.5458252008594,-0.38649953443754675
17.303235054016113,0.4780000150203705,-50.18221368782209,12.380798889990063,0.30796442182972783,-0.3863689931041139,1,320.0,278.0,269.81778631217793,-0.3863689931041139
17.313888549804688,0.4780000150203705,-49.08865518420976,15.27725975515937,0.30454062031781687,-0.3851682493652063,1,320.0,278.0,270.91134481579024,-0.3851682493652063
17.32332444190979,0.4700000286102295,-48.81106210908145,15.71858833594925,0.30432878259903773,-0.3850350046891447,1,320.0,278.0,271.18893789091857,-0.3850350046891447
17.333933115005493,0.4700000286102295,-48.53346903395313,16.159916916739128,0.3041169448802586,-0.3849017600130831,1,320.0,278.0,271.4665309660469,-0.3849017600130831
17.344032049179077,0.4580000340938568,-48.25587595882482,16.601245497529007,0.30390510716147945,-0.3847685153370215,1,320.0,281.0,271.74412404117516,-0.3847685153370215
17.35354208946228,0.4580000340938568,-47.0481161276472,19.796004516316096,0.3001061759764017,-0.3834234749870443,1,320.0,281.0,272.9518838723528,-0.3834234749870443
17.36396312713623,0.4490000307559967,-46.764145422260455,20.256211820906472,0.29988527647019836,-0.38328716904845866,1,320.0,281.0,273.23585457773953,-0.38328716904845866
17.373413562774658,0.4490000307559967,-46.48017471687371,20.716419125496852,0.29966437696399495,-0.383150863109873,1,320.0,281.0,273.5198252831263,-0.383150863109873
17.384502410888672,0.43700000643730164,-46.19620401148697,21.17662643008723,0.29944347745779154,-0.3830145571712874,1,320.0,281.0,273.803795988513,-0.3830145571712874
17.393048524856567,0.43700000643730164,-45.91223330610023,21.63683373467761,0.2992225779515882,-0.38287825123270175,1,320.0,286.0,274.08776669389977,-0.38287825123270175
17.403834581375122,0.42900002002716064,-44.4023325258529,25.118908366140815,0.29506538406225136,-0.3811450447204626,1,320.0,286.0,275.5976674741471,-0.3811450447204626
17.41331911087036,0.42900002002716064,-44.10995803598515,25.599830654616483,0.294834541363783,-0.38100470496532607,1,320.0,286.0,275.89004196401487,-0.38100470496532607
17.423829555511475,0.41700002551078796,-43.817583546117405,26.080752943092147,0.2946036986653147,-0.38086436521018957,1,320.0,290.0,276.1824164538826,-0.38086436521018957
17.433260917663574,0.41700002551078796,-42.13951453986671,30.063547248587362,0.28981143385603214,-0.37891906582913193,1,320.0,290.0,277.8604854601333,-0.37891906582913193
17.44407892227173,0.4090000092983246,-41.83764149784848,30.568473899918402,0.28956906906339325,-0.3787741667689632,1,320.0,290.0,278.1623585021515,-0.3787741667689632
17.453712463378906,0.4090000092983246,-41.53576845583025,31.073400551249442,0.28932670427075435,-0.3786292677087944,1,320.0,290.0,278.46423154416976,-0.3786292677087944
17.46394944190979,0.398000031709671,-41.23389541381202,31.578327202580482,0.2890843394781154,-0.37848436864862567,1,320.0,290.0,278.76610458618796,-0.37848436864862567
17.47377634048462,0.398000031709671,-40.93202237179379,32.08325385391152,0.28884197468547657,-0.37833946958845693,1,320.0,295.0,279.0679776282062,-0.37833946958845693
17.483079195022583,0.39000001549720764,-38.99343599564328,36.48340752388405,0.28352617191546536,-0.3760627914181827,1,320.0,295.0,281.00656400435673,-0.3760627914181827
17.493509531021118,0.39000001549720764,-38.68034498104404,37.015031916951955,0.28327099220679275,-0.37591250773117507,1,320.0,295.0,281.319655018956,-0.37591250773117507
17.50411891937256,0.39000001549720764,-38.36725396644479,37.54665631001987,0.28301581249812013,-0.3757622240441674,1,320.0,295.0,281.63274603355524,-0.3757622240441674
17.513851642608643,0.37800002098083496,-38.05416295184555,38.07828070308778,0.2827606327894476,-0.3756119403571598,1,320.0,301.0,281.94583704815443,-0.3756119403571598
17.5232355594635,0.3710000216960907,-35.78852978224764,43.0082335089041,0.2767779703938739,-0.37291906540848435,1,320.0,301.0,284.2114702177524,-0.37291906540848435
17.533620357513428,0.3710000216960907,-35.46206067575449,43.569993610711855,0.27650832554500615,-0.37276236023736764,1,320.0,301.0,284.5379393242455,-0.37276236023736764
17.5446035861969,0.36000001430511475,-35.135591569261344,44.13175371251961,0.27623868069613844,-0.37260565506625093,1,320.0,301.0,284.86440843073865,-0.37260565506625093
17.553192853927612,0.36000001430511475,-34.809122462768194,44.69351381432737,0.2759690358472707,-0.3724489498951342,1,320.0,307.0,285.1908775372318,-0.3724489498951342
17.563747882843018,0.35200002789497375,-32.252626968151574,50.19470873729661,0.2692682701839545,-0.36938876089627504,1,320.0,307.0,287.74737303184844,-0.36938876089627504
17.573277711868286,0.35200002789497375,-31.9108822686464,50.79030377327345,0.2689823845666856,-0.36922472344051255,1,320.0,307.0,288.0891177313536,-0.36922472344051255
17.584534883499146,0.3410000205039978,-31.569137569141226,51.38589880925031,0.2686964989494167,-0.36906068598475006,1,320.0,307.0,288.4308624308588,-0.36906068598475006
17.59310007095337,0.3410000205039978,-31.227392869636052,51.98149384522715,0.26841061333214783,-0.36889664852898757,1,320.0,315.0,288.77260713036395,-0.36889664852898757
17.60332465171814,0.3330000042915344,-28.208821410902253,58.09033922550552,0.26094724454753127,-0.36524775589589265,1,320.0,315.0,291.79117858909774,-0.36524775589589265
17.613811492919922,0.3330000042915344,-27.84874355862289,58.72369361983306,0.26064323443825405,-0.3650749185267985,1,320.0,315.0,292.1512564413771,-0.3650749185267985
17.624188661575317,0.3330000042915344,-27.488665706343525,59.3570480141606,0.2603392243289768,-0.36490208115770445,1,320.0,315.0,292.5113342936565,-0.36490208115770445
17.63385820388794,0.32200002670288086,-27.12858785406416,59.99040240848814,0.2600352142196996,-0.3647292437886103,1,320.0,324.0,292.87141214593584,-0.3647292437886103
17.64328646659851,0.32200002670288086,-23.59651690472217,66.84061518785091,0.25163823101415905,-0.36042717374182587,1,320.0,324.0,296.4034830952778,-0.36042717374182587
17.653813362121582,0.3150000274181366,-23.21471675251697,67.51654359110717,0.251313785380596,-0.36024390966876735,1,320.0,324.0,296.78528324748305,-0.36024390966876735
17.6654314994812,0.3150000274181366,-22.832916600311773,68.19247199436344,0.250989339747033,-0.3600606455957089,1,320.0,324.0,297.16708339968824,-0.3600606455957089
17.673985719680786,0.30400002002716064,-22.451116448106575,68.8684003976197,0.25066489411347004,-0.35987738152265036,1,320.0,334.0,297.5488835518934,-0.35987738152265036
17.68385887145996,0.30400002002716064,-18.360031034626417,76.57919764662269,0.24118288709379643,-0.3548655970857392,1,320.0,334.0,301.63996896537355,-0.3548655970857392
17.69319486618042,0.2970000207424164,-17.952830353767546,77.30329958604688,0.2408353181628728,-0.35467014075892694,1,320.0,334.0,302.0471696462325,-0.35467014075892694
17.704742193222046,0.2970000207424164,-17.545629672908674,78.02740152547108,0.24048774923194918,-0.3544746844321147,1,320.0,334.0,302.45437032709134,-0.3544746844321147
17.71342921257019,0.28600001335144043,-17.138428992049803,78.75150346489528,0.24014018030102557,-0.35427922810530244,1,320.0,345.0,302.8615710079502,-0.35427922810530244
17.724054098129272,0.28600001335144043,-12.448211076756191,87.53054918323761,0.22930723196796496,-0.34850843048231894,1,320.0,345.0,307.5517889232438,-0.34850843048231894
17.733546018600464,0.27900001406669617,-12.011681287366965,88.3098095092306,0.22893318701148832,-0.34829889618341214,1,320.0,345.0,307.98831871263303,-0.34829889618341214
17.745654106140137,0.27900001406669617,-11.575151497977739,89.0890698352236,0.22855914205501168,-0.3480893618845053,1,320.0,345.0,308.42484850202226,-0.3480893618845053
17.753066539764404,0.26900002360343933,-11.138621708588513,89.86833016121659,0.22818509709853504,-0.3478798275855985,1,320.0,,308.8613782914115,-0.3478798275855985
17.763643980026245,0.26900002360343933,-10.702091919199287,90.64759048720958,0.2278110521420584,-0.34767029328669163,1,320.0,,309.2979080808007,-0.34767029328669163
17.77302622795105,0.26200002431869507,-10.26556212981006,91.42685081320258,0.22743700718558177,-0.34746075898778483,1,320.0,,309.73443787018994,-0.34746075898778483
17.785101652145386,0.26200002431869507,-9.829032340420834,92.20611113919557,0.22706296222910513,-0.347251224688878,1,320.0,,310.17096765957916,-0.347251224688878
17.79377269744873,0.2510000169277191,-9.392502551031608,92.98537146518856,0.22668891727262852,-0.3470416903899712,1,320.0,,310.6074974489684,-0.3470416903899712
17.80308723449707,0.2510000169277191,-8.955972761642382,93.76463179118156,0.22631487231615188,-0.3468321560910643,1,320.0,,311.0440272383576,-0.3468321560910643
17.813838720321655,0.24400001764297485,-8.519442972253156,94.54389211717455,0.22594082735967524,-0.3466226217921575,1,320.0,,311.48055702774684,-0.3466226217921575
17.823611736297607,0.24400001764297485,-8.08291318286393,95.32315244316754,0.2255667824031986,-0.34641308749325067,1,320.0,,311.91708681713607,-0.34641308749325067
17.83316135406494,0.23400001227855682,-7.646383393474704,96.10241276916054,0.22519273744672197,-0.3462035531943438,1,320.0,,312.3536166065253,-0.3462035531943438
17.844207286834717,0.23400001227855682,-7.2098536040854775,96.88167309515353,0.22481869249024533,-0.345994018895437,1,320.0,,312.7901463959145,-0.345994018895437
17.85366916656494,0.22700001299381256,-6.773323814696251,97.66093342114652,0.2244446475337687,-0.34578448459653016,1,320.0,,313.22667618530375,-0.34578448459653016
17.863425254821777,0.22700001299381256,-6.336794025307025,98.44019374713952,0.22407060257729206,-0.34557495029762336,1,320.0,,313.66320597469297,-0.34557495029762336
17.87307381629944,0.2160000056028366,-5.900264235917799,99.21945407313251,0.22369655762081542,-0.3453654159987165,1,320.0,,314.0997357640822,-0.3453654159987165
17.883837461471558,0.2160000056028366,-5.463734446528573,99.9987143991255,0.22332251266433878,-0.3451558816998097,1,320.0,,314.5362655534714,-0.3451558816998097
17.893245697021484,0.20900000631809235,-5.027204657139347,100.7779747251185,0.22294846770786214,-0.34494634740090285,1,320.0,,314.97279534286065,-0.34494634740090285
17.9054057598114,0.20900000631809235,-4.590674867750121,101.55723505111149,0.2225744227513855,-0.34473681310199605,1,320.0,,315.4093251322499,-0.34473681310199605
17.91401982307434,0.1990000158548355,-4.154145078360894,102.33649537710448,0.22220037779490887,-0.3445272788030892,1,320.0,,315.8458549216391,-0.3445272788030892
